item_id,L1,GLMM_score,joined_text
1,es,-3.264098675,lapso [SEP] El eclipse solar fue visible durante un breve lapso de tiempo. [SEP] s___ [SEP] span
2,es,-1.871782482,fundamentalmente [SEP] Los métodos nuevos son fundamentalmente diferentes a los antiguos. [SEP] r________ [SEP] radically
3,es,2.733108688,supermercado [SEP] Vamos al supermercado y compramos todo lo que necesitamos durante un mes. [SEP] s__________ [SEP] supermarket
4,es,0.054736761,avión [SEP] El avión despegó tres horas tarde. [SEP] a_______ [SEP] airplane
5,es,-4.086776336,"difícil [SEP] Es un tiempo muy difícil, sin ninguna duda. [SEP] t_____ [SEP] trying"
6,es,-0.071781525,carreras [SEP] ¿Te puedes creer que se ha comprado un coche de carreras? [SEP] r_____ [SEP] racing
7,es,3.682799998,dormir [SEP] Es importante dormir bien si estás enfermo. [SEP] s____ [SEP] sleep
8,es,-0.086130207,ejército [SEP] El ejército no parecía nada contento con los cambios políticos que se habían producido. [SEP] m_______ [SEP] military
9,es,-1.726755593,cabida [SEP] La sala da cabida a dos mil personas. [SEP] c_______ [SEP] capacity
10,es,-0.837535429,bastón [SEP] Siempre veras a mi abuelo caminando con su bastón [SEP] c___ [SEP] cane
11,es,1.310178301,tocar [SEP] De repente oímos a alguien tocaba en la ventana. [SEP] k____ [SEP] knock
12,es,-2.641865975,salón [SEP] Pablo te está esperando en el pequeño salón de casa. [SEP] h______ [SEP] hallway
13,es,-0.756194133,expuesto [SEP] El vestido de novia expuesto en el escaparate era justo el que quería. [SEP] d________ [SEP] displayed
14,es,0.049204583,desafiante [SEP] La maratón es algo desafiante y sé que lograré acabarla a tiempo [SEP] c__________ [SEP] challenging
15,es,-2.800754376,predicador [SEP] Hace tiempo las iglesias enviaban un predicador para convertir a la población a su religión. [SEP] m_________ [SEP] missionary
16,es,2.933357109,alto [SEP] Mi hermano es mucho más alto que yo. [SEP] t___ [SEP] tall
17,es,-1.008161484,"desteñirse [SEP] Cuidado con esos colores fuertes, tienden a desteñirse al lavarlos. [SEP] f___ [SEP] fade"
18,es,3.10124216,calle [SEP] Siga por esta calle y después coja la primera a la izquierda. [SEP] s_____ [SEP] street
19,es,0.46347056,muñeca [SEP] Ella se puso la pulsera en la muñeca izquierda. [SEP] w____ [SEP] wrist
20,es,0.303316021,actual [SEP] La propuesta actual es mejor que la anterior. [SEP] p______ [SEP] present
21,es,1.343505823,softball [SEP] Jugaba softball en la universidad y era bastante buena [SEP] s_______ [SEP] softball
22,es,2.764279959,sentarse [SEP] El anfitrión convidó a sus invitados a sentarse a la mesa. [SEP] s__ [SEP] sit
23,es,-2.69899709,postura [SEP] El presidente tiene una postura clara sobre el tema. [SEP] s_____ [SEP] stance
24,es,1.493624216,"religioso [SEP] Lleva una vida religiosa, va a misa todos los días y reza mucho. [SEP] r________ [SEP] religious"
25,es,-1.183915521,conmocionar [SEP] La artista intentará conmocionar al público con su estilo provocativo. [SEP] s____ [SEP] shock
26,es,-0.837047643,asistir [SEP] ¿Vas a asistir a la boda de Isabel? [SEP] a_____ [SEP] attend
27,es,0.181859464,tablero [SEP] Los tableros solares que se pusieron en el techo deben ser revisados mensualmente [SEP] p____ [SEP] panel
28,es,0.169952677,"rebanada [SEP] ¿Quieres una rabanada de pan, o dos? [SEP] s____ [SEP] slice"
29,es,1.002699483,espermatozoide [SEP] Para procrear es necesario un óvulo y un espermatozoide [SEP] s____ [SEP] sperm
30,es,-0.780290806,de [SEP] Ví una película de Vietnam el otro día y me encantó. [SEP] v_________ [SEP] vietnamese
31,es,-2.058731555,asesino [SEP] El instinito asesino de los terroristas es espantoso. [SEP] m________ [SEP] murdering
32,es,2.264398255,sonrisa [SEP] La sonrisa del niño refleja su temperamento alegre. [SEP] s____ [SEP] smile
33,es,-0.501947669,cegadora [SEP] De repente se encendió una luz cegadora y no veíamos nada. [SEP] b_______ [SEP] blinding
34,es,-0.982438637,destacable [SEP] Mi hijo tiene un talento destacable para las matemáticas. [SEP] r_________ [SEP] remarkable
35,es,-0.169835057,gráfico [SEP] Este gráfico muestra las temperaturas de todo el año en la zona. [SEP] c____ [SEP] chart
36,es,-1.951160685,jersey [SEP] Me voy a comprar un jersey rojo de lana. [SEP] j_____ [SEP] jumper
37,es,-0.294589386,recordar [SEP] Tuve que recordar a la profesora que teníamos ensayo después de clase. [SEP] r_____ [SEP] remind
38,es,-0.21216982,tonterías [SEP] Esos rumores son tonterías y no me creo nada. [SEP] n_______ [SEP] nonsense
39,es,-1.422985739,impresionante [SEP] La vista desde las montañas es absolutamente impresionante. [SEP] s_______ [SEP] stunning
40,es,2.448579948,té [SEP] Me gusta tomarme un par de tazas de té por la mañana. [SEP] t__ [SEP] tea
41,es,-2.33323631,gestión [SEP] Mis problemas fueron excaerbados por mi mala gestión del hogar. [SEP] h___________ [SEP] housekeeping
42,es,-0.036468134,alcalde [SEP] El alcalde de Linares es primo de mi padre. [SEP] m____ [SEP] mayor
43,es,1.009297748,campo [SEP] Vivimos en el campo desde hace veinte años. [SEP] c__________ [SEP] countryside
44,es,1.208429874,encendedor [SEP] ¿Tienes un encendedor? Quiero fumar y no tengo fuego. [SEP] l______ [SEP] lighter
45,es,0.775809908,"teatro [SEP] Estudió teatro en la mejor escuela de ate dramático de la ciudad, ahora es un famoso actor a nivel mundial [SEP] d____ [SEP] drama"
46,es,2.293065389,empujar [SEP] ¿Me ayudas a empujar el coche? La batería se ha agotado. [SEP] p___ [SEP] push
47,es,-1.395004616,sin [SEP] La actriz uso un vestigo sin glamour para la ceremonia y fue duramente criticada. [SEP] u__________ [SEP] unglamorous
48,es,-2.385531556,delicado [SEP] Bebí un vino con un delicado carácter a roble. [SEP] s_____ [SEP] subtle
49,es,-1.197849876,tallo [SEP] Esta flor tiene un tallo corto. [SEP] s___ [SEP] stem
50,es,-1.871635119,afirmar [SEP] No voy a afirmar que es la mejor ciudad del mundo pero es muy bonita. [SEP] c____ [SEP] claim
51,es,-3.277554881,atractiva [SEP] Fue una sugerencia muy atractiva para mí. [SEP] i_______ [SEP] inviting
52,es,0.864127274,abordo [SEP] ¿Tu padre está abordo del barco ya? Entonces zarpamos. [SEP] a_____ [SEP] aboard
53,es,1.918608165,cuidadosamente [SEP] Abrió la caja muy cuidadosamente y vio que contenía un jarrón muy delicado. [SEP] c________ [SEP] carefully
54,es,-0.215249745,dividir [SEP] La profesora suele dividir a los alumnos en dos equipos. [SEP] s_______ [SEP] separate
55,es,-0.182415434,resaca [SEP] Tiene una resaca horrible después de beber demasiado vino en la cena de ayer. [SEP] h_______ [SEP] hangover
56,es,-2.034213673,representante [SEP] El representante enviado por la compañía fue de gran ayuda. [SEP] d_______ [SEP] delegate
57,es,1.044429061,cerradura [SEP] La llave maestra nos abrirá la cerradura. [SEP] l___ [SEP] lock
58,es,0.983870783,cada [SEP] Los niños descubren algo nuevo cada día. [SEP] e____ [SEP] every
59,es,-1.369881971,terrorista [SEP] La acción de violencia política ha cesado gracias al acuerdo. [SEP] t________ [SEP] terrorist
60,es,1.523509649,maravillarse [SEP] No tuvieron más más remedio que maravillarse de la belleza de las estrellas. [SEP] w_____ [SEP] wonder
61,es,-1.153702462,hipersensible [SEP] Es hipersensible a algunos medicamentos por eso debe ser cuidadoso con su salud [SEP] h_____________ [SEP] hypersensitive
62,es,0.461097397,dejar [SEP] Ten cuidado de no dejar caer la copa al suelo. [SEP] d___ [SEP] drop
63,es,-0.381883882,señalar [SEP] Señalar la importancia de trabajar bien en equipo es cosa de buenos jefes. [SEP] n___ [SEP] note
64,es,2.741506428,cielo [SEP] El cielo está muy despejado hoy. [SEP] s__ [SEP] sky
65,es,-0.386929922,suspiro [SEP] Soltó un suspiro y se levantó del sillón. [SEP] s___ [SEP] sigh
66,es,1.001782057,asustado [SEP] El niño estaba asustado tras escuchar los cuentos de fantasmas. [SEP] s_____ [SEP] scared
67,es,0.393861492,a [SEP] Es una cantante muy conocida a nivel mundial. [SEP] g_______ [SEP] globally
68,es,-0.670592659,exclusivo [SEP] Un grupo exclusivo de estudiantes recibirá una beca. [SEP] s_____ [SEP] select
69,es,2.857756826,romano [SEP] El emperador romano entregó a Barrabás a cambio de Jesús [SEP] r____ [SEP] roman
70,es,-1.003753842,étnica [SEP] Han jurado acabar con la discriminación étnica de una vez por todas. [SEP] r_____ [SEP] racial
71,es,1.736286015,vibrador [SEP] Decidieron comprar un vibrador para intentar mejorar su placer sexual. [SEP] v_______ [SEP] vibrator
72,es,1.198323849,listo [SEP] Tu perro es muy listo.  Parece entender todo lo que le dices. [SEP] c_____ [SEP] clever
73,es,-2.96343379,perspectiva [SEP] Mi hermano tiene una perspectiva muy positiva de la vida [SEP] o______ [SEP] outlook
74,es,0.470926673,educarse [SEP] Mi padre siempre quiso educarse en una universidad de España. [SEP] s____ [SEP] study
75,es,-3.737334371,persistente [SEP] Siguieron con las negociaciones a pesar del conflicto persistente. [SEP] c_________ [SEP] continuing
76,es,-1.94467681,encoger [SEP] El acero suele encoger cuando se enfría. [SEP] c_______ [SEP] contract
77,es,-2.308538313,insinuante [SEP] Siempre se viste de una forma un poco insinuante. [SEP] s_________ [SEP] suggestive
78,es,3.401814678,cocina [SEP] El piso tiene una cocina muy moderna. [SEP] k______ [SEP] kitchen
79,es,1.055442546,histórico [SEP] Los registros históricos que se encuentran en este museo datan de la época de la conquista [SEP] h_________ [SEP] historical
80,es,-1.46747467,invertir [SEP] El gobierno ha intentado invertir el declive económico. [SEP] r______ [SEP] reverse
81,es,0.818966439,fabricar [SEP] Vamos a fabricar piezas de bicicletas para una empresa grande. [SEP] m__________ [SEP] manufacture
82,es,-2.692319702,anticuada [SEP] Es una opinion anticuada pero que la tiene mucha gente. [SEP] u____________ [SEP] unfashionable
83,es,0.588386368,cortina [SEP] He puesto una cortina muy bonita en la ventana de la entrada.  ¿Te gusta? [SEP] c______ [SEP] curtain
84,es,-2.156203703,transformador [SEP] Espero que haya un transformador en la habitación porque aquí no nos valen los teléfonos. [SEP] c________ [SEP] converter
85,es,-0.556496099,pegajoso [SEP] Tengo el pelo pegajoso de sudor. [SEP] s_____ [SEP] sticky
86,es,1.366207304,concentrado [SEP] El jugo concentrado de naranja es buena fuente de vitamina C. [SEP] c___________ [SEP] concentrated
87,es,1.684056851,cono [SEP] ¿Quieres un cono de helado de chocolate? [SEP] c___ [SEP] cone
88,es,0.073823529,directamente [SEP] Volví directamente a casa tras el trabajo. [SEP] s_______ [SEP] straight
89,es,-0.17709205,difusión [SEP] La difusión por radio siempre me ha encantado. [SEP] b___________ [SEP] broadcasting
90,es,3.694585547,viajar [SEP] Me gusta mucho viajar a otros países. [SEP] t_____ [SEP] travel
91,es,-1.487966135,exposición [SEP] Ayer vimos una exposición muy bonita en el Museo del Prado. [SEP] e_________ [SEP] exhibition
92,es,-1.632178506,vacunación [SEP] Hay que ponerle una vacunación para que no contraiga la gripe. [SEP] i________ [SEP] injection
93,es,2.980439241,papi [SEP] ¡Hola papi!  ¿Qué tal? [SEP] d____ [SEP] daddy
94,es,3.341015245,adulto [SEP] Esta película debe ser vista en compañía de un adulto responsable [SEP] a____ [SEP] adult
95,es,-2.835345968,agitación [SEP] Este fue un período de agitación política en el país. [SEP] t_________ [SEP] turbulence
96,es,-2.244934019,veracidad [SEP] La declaración del sospechoso no tenía veracidad. [SEP] a___________ [SEP] authenticity
97,es,3.871074256,diez [SEP] Mi hijo tiene diez años. [SEP] t__ [SEP] ten
98,es,-3.545685872,valla [SEP] Detrás de la valla del campo de fútbol hay un jardín. [SEP] b______ [SEP] barrier
99,es,-0.78002606,observación [SEP] Mi profesora me hizo una breve observación sobre mi trabajo que me ayudó mucho. [SEP] c______ [SEP] comment
100,es,2.743766849,inglés [SEP] Kitty es inglesa pero vive en Escocia. [SEP] e______ [SEP] english
101,es,3.059914693,élite [SEP] Es un miembro de la élite intelectual del país. [SEP] e____ [SEP] elite
102,es,-3.245344184,partirse [SEP] La regla va a partirse si la sigues doblando así. [SEP] s___ [SEP] snap
103,es,2.504632028,vida [SEP] Tengo una vida muy tranquila aquí en el campo. [SEP] l___ [SEP] life
104,es,1.699386047,"seguro [SEP] Confío en mis hijos, estoy seguro de que ellos dicen la verdad. [SEP] s___ [SEP] sure"
105,es,0.048682143,comprometerse [SEP] Estoy dispuesta a prestarle dinero pero tiene que comprometerse a devolverlo. [SEP] p______ [SEP] promise
106,es,1.929429671,luchar [SEP] Está acostumbrado a luchar por lo que quiere. [SEP] f____ [SEP] fight
107,es,1.612115764,duda [SEP] No tengo ninguna duda al respecto. [SEP] d____ [SEP] doubt
108,es,-0.603431947,"vivo [SEP] Al atardecer, el cielo se tiñó de un naranja vivo. [SEP] v____ [SEP] vivid"
109,es,-2.073331976,impresionante [SEP] El futbolista metió un gol absolutamente impresionante. [SEP] s__________ [SEP] spectacular
110,es,-2.148353952,pasar [SEP] Debemos tener cuidado de no pasar por alto ningún detalle. [SEP] o_______ [SEP] overlook
111,es,1.4788916,licenciarse [SEP] Va a licenciarse en historia el año que viene y después se especializará en arqueología. [SEP] g_______ [SEP] graduate
112,es,-3.097456188,forzar [SEP] Tuve que forzar la vista para leer el letrero. [SEP] s_____ [SEP] strain
113,es,-2.006323063,relacionada [SEP] Su desaparición está relacionada con el crimen. [SEP] a_________ [SEP] associated
114,es,-1.828123166,tejer [SEP] Mi abuelo me va a tejer una manta de lana. [SEP] w____ [SEP] weave
115,es,-1.739399746,"grupo [SEP] Tiene monedas, sellos, llaveros, postales y no sé qué otro grupo de cosas en su habitación. [SEP] c_________ [SEP] collection"
116,es,-1.339016063,escopeta [SEP] Cogió su escopeta y se fue a cazar. [SEP] s______ [SEP] shotgun
117,es,-2.004265456,valorar [SEP] Hay que valorar la autenticidad del cuadro. [SEP] a_____ [SEP] assess
118,es,-0.509377477,de [SEP] Has evaluado el trabajo de este alumno de modoo subjetivo [SEP] s___________ [SEP] subjectively
119,es,0.29142477,necesidad [SEP] Todos los seres humanos tenemos la necesidad de tener copañía [SEP] n________ [SEP] necessity
120,es,-2.343137787,radicar [SEP] La fuerza verdadera nunca ha de radicar sólo en la fuerza física. [SEP] c______ [SEP] consist
121,es,1.320022866,vuelta [SEP] Estamos todos muy contentos por la noticia de tu vuelta a casa. [SEP] r_____ [SEP] return
122,es,-0.307210163,almacenar [SEP] Este disco puede almacenar muchos datos. [SEP] s____ [SEP] store
123,es,1.868910651,vaquero [SEP] El vaquero había viajado por todo el valle en busca del ganado perdido. [SEP] c_____ [SEP] cowboy
124,es,-0.996063687,existencias [SEP] Es imposible predecir cuándo nos quedaremos sin existencias. [SEP] s____ [SEP] stock
125,es,2.550661348,odio [SEP] Hay demasiado odio en el mundo. [SEP] h___ [SEP] hate
126,es,1.361973665,hervir [SEP] Primero hay que hervir el agua y después echar la pasta. [SEP] b___ [SEP] boil
127,es,-2.133232288,frío [SEP] De repente sentí frío así que me metí dentro de casa. [SEP] c____ [SEP] chill
128,es,-1.586853669,pasividad [SEP] La pasividad del gobierno es deplorable. [SEP] i_________ [SEP] inactivity
129,es,-0.861669251,transformada [SEP] Es increíble ver aquella niña pequeñita transformada en una mujer tan importante. [SEP] c________ [SEP] converted
130,es,-0.793132189,materializar [SEP] Mónica pudo materializar sus sueños cuando se fe a vivir sola [SEP] m__________ [SEP] materialize
131,es,-0.639011114,muchacho [SEP] Estos pantalones son para un muchacho de unos catorce años. [SEP] y________ [SEP] youngster
132,es,-1.906608567,presentar [SEP] Hay que presentar la solicitud antes de final de mes. [SEP] s_____ [SEP] submit
133,es,1.101407426,llanto [SEP] Todas las noches oíamos el llanto de un niño a la misma hora. [SEP] c_____ [SEP] crying
134,es,0.145397103,"cálidamente [SEP] Estaban cálidamente vestidos con bufanda, guantes y gorra. [SEP] w_____ [SEP] warmly"
135,es,2.141500537,cada [SEP] La tarifa de este hotel son cien euros cada noche. [SEP] p__ [SEP] per
136,es,1.619279334,quántum [SEP] En 1900 el físico Max Plank presentó su teoría del quántum a la Sociedad Alemana de Física. [SEP] q______ [SEP] quantum
137,es,-2.206661408,pila [SEP] Hay una gran pila de libros en mi escritorio. [SEP] s____ [SEP] stack
138,es,-0.022812886,fichero [SEP] Los informes están en el fichero oficial. [SEP] a______ [SEP] archive
139,es,-1.803893155,enojar [SEP] Deja de enojar a tu hermana con esos comentarios tan tontos. [SEP] i_______ [SEP] irritate
140,es,-1.154707515,desastre [SEP] Este último desastre natural es uno de muchos que ha ocurrido este año. [SEP] c__________ [SEP] catastrophe
141,es,3.116033143,cliquear [SEP] Para entrar a la página debes cliquear en el botón de inicio [SEP] c____ [SEP] click
142,es,-0.799698093,"negativo [SEP] Negativo voy a clase hoy, me encuentro mal. [SEP] n__ [SEP] not"
143,es,-0.442453734,"posiblemente [SEP] Posiblemente veré a mi amiga mañana, pero no estoy segura. [SEP] p_______ [SEP] probably"
144,es,2.015780094,juzgar [SEP] Intento entender a las personas antes de juzgarlas. [SEP] j____ [SEP] judge
145,es,-0.88347064,cronológicamente [SEP] Los periódicos deben ser organizados cronológicamente [SEP] c______________ [SEP] chronologically
146,es,-2.365412773,inmóvil [SEP] Los resultados nos proporciona un panorama inmóvil de la situación económica. [SEP] s_____ [SEP] static
147,es,-0.725374525,convenio [SEP] Hoy firme el convenio con la empresa en la que voy a trabajar [SEP] c_______ [SEP] contract
148,es,1.918857388,feminismo [SEP] Se dice que el objetivo del feminismo es la igualdad con los hombres pero va mucho mas allá que eso. [SEP] f_______ [SEP] feminism
149,es,-1.331425675,página [SEP] Nos han diseñado una nueva página web y es muy atractiva. [SEP] w______ [SEP] webpage
150,es,-0.727072472,cobrar [SEP] Fernando va a cobrar una buena cantidad de dinero por la venta de la casa. [SEP] r______ [SEP] receive
151,es,1.405461749,diminuto [SEP] Un ser humano se ve diminuto en comparación con un elefante. [SEP] t___ [SEP] tiny
152,es,-3.64182339,plan [SEP] El plan de acción actual del gobierno para la educación no me convence. [SEP] p_____ [SEP] policy
153,es,1.102100599,"en [SEP] En primer lugar, no quiero ir y en segundo lugar, ¡no me han invitado! [SEP] s_______ [SEP] secondly"
154,es,-0.740653607,místico [SEP] El mítico me recmendó tener cuidado con la personas que me rodean [SEP] m_____ [SEP] mystic
155,es,0.029489703,compromiso [SEP] El gobierno falló en su compromiso a no incrementar los impuestos. [SEP] p______ [SEP] promise
156,es,-1.516257756,muerte [SEP] En el fondo somos todos conscientes de nuestra propia muerte. [SEP] m________ [SEP] mortality
157,es,0.986218503,nailon [SEP] Encontré un delgado hilo de nailon en uno de los bolsillos de la víctima [SEP] n____ [SEP] nylon
158,es,-3.105227429,considerable [SEP] Pagué una suma considerable por este diamante. [SEP] s__________ [SEP] substantial
159,es,-1.31040027,inflexible [SEP] Este programa de estudios es inflexible y muy estrecho de miras. [SEP] r____ [SEP] rigid
160,es,-1.658593719,acto [SEP] Trato de realizar un acto bondadoso todos los días. [SEP] d___ [SEP] deed
161,es,-1.469433791,promotor [SEP] Un promotor está construyendo casa nuevas en el pueblo. [SEP] d________ [SEP] developer
162,es,-2.054181513,dispuesto [SEP] Siempre estaba dispuesto a escuchar a la gente y a las nuevas ideas. [SEP] r________ [SEP] receptive
163,es,0.663193884,fuertemente [SEP] El estilo del músico está fuertemente influenciado por el jazz. [SEP] s_______ [SEP] strongly
164,es,-1.094365169,"comparativamente [SEP] Para mí el examen fue comparativamente fácil, por lo menos más que el de ayer. [SEP] r_________ [SEP] relatively"
165,es,-1.189227951,llenar [SEP] La cama parecía llenar la habitación entera. [SEP] o_____ [SEP] occupy
166,es,1.50918796,"pesadilla [SEP] Anoche soñé que tenía que hacer un examen, ¡vaya pesadilla! [SEP] n________ [SEP] nightmare"
167,es,-3.555244208,movilización [SEP] Vamos a organizar una movilizacion para buscar resolver el problema de esta nevada tan tremenda. [SEP] m___________ [SEP] mobilization
168,es,3.18562666,mío [SEP] ¿De quién es este libro?  ¡Es mío! [SEP] m___ [SEP] mine
169,es,0.411411443,fénix [SEP] La mascota de Dumbledore era un fénix llamado Fawkes [SEP] p______ [SEP] phoenix
170,es,2.517623897,quizás [SEP] El paquete debería llegar en dos o quizás tres días. [SEP] m____ [SEP] maybe
171,es,-3.458840533,expresivamente [SEP] Protestaron expresivamente por el cierre del hospital local. [SEP] v______ [SEP] vocally
172,es,3.000411231,soñador [SEP] Pedro es un soñador. [SEP] d______ [SEP] dreamer
173,es,2.261599489,experimental [SEP] Es una obra de teatro experimental que no gusta a todo el público. [SEP] e___________ [SEP] experimental
174,es,2.508710411,puro [SEP] El collar estaba hecho de oro puro [SEP] p___ [SEP] pure
175,es,3.91302551,eléctrico [SEP] Tengo una nueva guitarra eléctrica [SEP] e_______ [SEP] electric
176,es,-1.174738417,tipo [SEP] Mi jefe es un tipo genial. [SEP] f_____ [SEP] fellow
177,es,-1.679493802,alentadora [SEP] La noticia fue bastante alentadora y nos pusimos contentos. [SEP] e__________ [SEP] encouraging
178,es,-2.03499195,inclinar [SEP] Para escuchar atentamente el hombre tuvo que inclinar la cabeza. [SEP] t___ [SEP] tilt
179,es,0.26535282,rabiosamente [SEP] ¡Tenías que habérmelo contado! - dijo rabiosamente. [SEP] f________ [SEP] furiously
180,es,-2.256233691,eficaz [SEP] Esta pastilla es muy eficaz contra el dolor de cabeza. [SEP] e________ [SEP] effective
181,es,-0.227041975,explícitamente [SEP] Esta petición se hace explícitamente para que la vote todo el mundo. [SEP] e_________ [SEP] explicitly
182,es,-2.139597972,unión [SEP] La unión de las dos empresas resultó en una pérdida considerable de empleos. [SEP] m_____ [SEP] merger
183,es,2.854313871,pronto [SEP] Llegaremos tan pronto como nos sea posible. [SEP] s___ [SEP] soon
184,es,0.523962892,regenerar [SEP] Usaremos el dinero para regenerar la zona. [SEP] r_________ [SEP] regenerate
185,es,2.291277374,mente [SEP] Tiene una mente brillantísima. [SEP] m___ [SEP] mind
186,es,3.926496539,tren [SEP] El tren sale del andén número siete. [SEP] t____ [SEP] train
187,es,-1.808073978,violencia [SEP] Hubo muchos casos de violencia policial. [SEP] b________ [SEP] brutality
188,es,-2.402510864,lugar [SEP] La compañía ha encontrado un lugar justo en el mercado para el nuevo producto. [SEP] n____ [SEP] niche
189,es,-0.855470489,aplicar [SEP] Voy a aplicar los cambios el mes que viene. [SEP] i________ [SEP] implement
190,es,2.312884109,mozzarella [SEP] El queso mozzarella generalmente se sirve con tomates y albahaca. [SEP] m_________ [SEP] mozzarella
191,es,-3.77080731,comprometerse [SEP] El grupo va a comprometerse a continuar con su campaña. [SEP] p_____ [SEP] pledge
192,es,-0.070901889,asistencia [SEP] Tenemos que confirmar nuestra asistencia a la conferencia. [SEP] p_______ [SEP] presence
193,es,2.284663354,cosa [SEP] ¿Qué es esa cosa ahí encima de la mesa? [SEP] t____ [SEP] thing
194,es,-3.247687997,variable [SEP] Hacer una vida tan variable como haces no es nada sano. [SEP] i________ [SEP] irregular
195,es,-1.718794498,escandalizado [SEP] Pepe está escandalizado por el comportamiento de su hijo. [SEP] s______ [SEP] shocked
196,es,2.997626587,menos [SEP] Yo soy menos inteligente que mi hermana. [SEP] l___ [SEP] less
197,es,0.733380048,malsano [SEP] Tiene un estilo de vida bastante malsano. [SEP] u________ [SEP] unhealthy
198,es,-2.807005927,cumplimiento [SEP] Hay que descalzarse antes de entrar en cumplimiento de la legislación vigente. [SEP] c_________ [SEP] compliance
199,es,4.07359129,clínica [SEP] Tuvimos que ir a la clínica más cercana para que atiendiera la urgencia [SEP] c_____ [SEP] clinic
200,es,-0.487687119,alquiler [SEP] No tenemos suficiente dinero para pagar el alquiler. [SEP] r_____ [SEP] rental
201,es,2.706161962,cuarto [SEP] Tenemos que estar en casa faltando un cuarto para las dos [SEP] q______ [SEP] quarter
202,es,1.249811386,embarazo [SEP] Tuvo un embarazo muy difícil pero todo salió bien al final. [SEP] p________ [SEP] pregnancy
203,es,-3.611517579,subrayar [SEP] No te olvides de subrayar las palabras más importantes. [SEP] u_________ [SEP] underscore
204,es,-0.811228688,pruebas [SEP] Fui al hospital para hacerme algunas pruebas. [SEP] t______ [SEP] testing
205,es,2.873807019,sociedad [SEP] Lamentablemente el racismo sigue existiendo en la sociedad parisina [SEP] s______ [SEP] society
206,es,1.557255675,capitalista [SEP] Los bancos fueron creados por capitalistas en el siglo XIX [SEP] c_________ [SEP] capitalist
207,es,0.12268323,sospechosa [SEP] El banco bloqueó una transacción sospechosa. [SEP] s_________ [SEP] suspicious
208,es,-0.926928461,grieta [SEP] Había una grieta enorme en el suelo después del terremoto. [SEP] c____ [SEP] crack
209,es,-1.314632797,querido [SEP] Es un cantante inmensamente querido en su país. [SEP] p______ [SEP] popular
210,es,1.649923106,"roedor [SEP] La policía le ha cogido al final, como un roedor en una trampa. [SEP] r__ [SEP] rat"
211,es,2.70097493,cabeza [SEP] Siempre tiene la cabeza llena de pájaros. [SEP] h___ [SEP] head
212,es,0.20719158,validación [SEP] El hotel nos ha mandado la validación de nuestra reserva. [SEP] c___________ [SEP] confirmation
213,es,-0.605728064,"razonablemente [SEP] Vamos a hablar de esto razonablemente, sin enfadarnos. [SEP] r_________ [SEP] reasonably"
214,es,1.556822844,emigrante [SEP] A pesar de ser una emigrante ella pud conseguir un buen trabajo [SEP] m______ [SEP] migrant
215,es,2.667202636,hembra [SEP] El cachorro es una hembra muy bonita. [SEP] f_____ [SEP] female
216,es,-0.826162603,fortalecer [SEP] El acuerdo va a  fortalecer el vínculo entre ambos países. [SEP] r________ [SEP] reinforce
217,es,1.334521511,cuero [SEP] Tengo una botas nuevas de cuero rojo. [SEP] l______ [SEP] leather
218,es,-0.724062201,aliviar [SEP] Me compré esta medicación para aliviar los síntomas del resfriado. [SEP] r______ [SEP] relieve
219,es,-0.219666937,estante [SEP] Mi hermano perforó la pared para colgar el estante. [SEP] s____ [SEP] shelf
220,es,-2.322112272,estrategia [SEP] La junta elaboró una nueva estrategia para la empresa. [SEP] t_____ [SEP] tactic
221,es,0.324625903,sarcástico [SEP] Mi hermano tiene un humor muy sarcástico. [SEP] i_____ [SEP] ironic
222,es,0.120079533,pedal [SEP] El piloto piso el acelerador al limite para poder ganar la carrera [SEP] a__________ [SEP] accelerator
223,es,-0.811050254,conservante [SEP] La sal era un conservante natural muy importante en el siglo diecinueve. [SEP] p___________ [SEP] preservative
224,es,-0.68996795,pulsar [SEP] Hay que pulsar el botón para que funcione el ascensor. [SEP] p____ [SEP] press
225,es,0.797417677,horrible [SEP] Este vino sabe a vinagre y está horrible. [SEP] a____ [SEP] awful
226,es,0.228619522,disparar [SEP] Hay que pensar siempre antes de disparar. [SEP] f___ [SEP] fire
227,es,1.477957679,digitalmente [SEP] El doctor tuvo que hacer la revisión digitalmente ya que el aparato se había deñado [SEP] d________ [SEP] digitally
228,es,0.961645587,metodología [SEP] Ha habido muchos cambios en la metodología de la enseñanza de los idiomas en los últimos años. [SEP] m__________ [SEP] methodology
229,es,-0.595318621,cobrar [SEP] Este restaurante tiene fama de cobrar de más por lo que debes mirar bien la cuenta. [SEP] o_________ [SEP] overcharge
230,es,1.046802168,camino [SEP] Este camino conduce a la casa de mi abuela. [SEP] p___ [SEP] path
231,es,2.549621221,empleo [SEP] Está permitido el empleo de calculadoras durante el examen. [SEP] u__ [SEP] use
232,es,0.340320356,asentar [SEP] Vamos a asentar la compañía en Alicante ya que muchos de nuestros clientes viven ahí. [SEP] b___ [SEP] base
233,es,0.053464955,perpetrar [SEP] Se le encontró culpable de perpetrar varios crímenes. [SEP] c_____ [SEP] commit
234,es,1.116778158,intercambiar [SEP] Intercambiar ideas en una clase de historia es fundamental. [SEP] e_______ [SEP] exchange
235,es,1.432057005,"ayudante [SEP] Menos mal que tengo un ayudante, que me quita mucho trabajo. [SEP] h_____ [SEP] helper"
236,es,2.791293883,vestido [SEP] Llevas un vestido muy bonito. [SEP] d____ [SEP] dress
237,es,-2.767275221,esporádico [SEP] El médico declaró que su muerte fue esporádica [SEP] a_________ [SEP] accidental
238,es,-2.759991777,planear [SEP] El helicóptero tuvo que planear por encima del lago antes de recoger agua. [SEP] h____ [SEP] hover
239,es,2.096974318,parrilla [SEP] Vamos a hacer las hamburguesas a la parrilla. [SEP] g____ [SEP] grill
240,es,1.130458084,Senado [SEP] El Senado de los Estados Unidos es la cámara alta del Congreso. [SEP] s_____ [SEP] senate
241,es,-1.350527012,selección [SEP] La selección de los mejores poemas es dfícil. [SEP] p___ [SEP] pick
242,es,-1.406950523,reparto [SEP] Una empresa se encargó del reparto de la publicidad. [SEP] d___________ [SEP] distribution
243,es,-0.297165696,solicitar [SEP] Llamé a recepción para solicitar una almohada adicional. [SEP] r______ [SEP] request
244,es,-1.166494346,odio [SEP] La ignorancia y el miedo pueden generar odio. [SEP] h_____ [SEP] hatred
245,es,0.701321912,creador [SEP] El creador de esta colección de abrigos ha estado inspirado este año. [SEP] d_______ [SEP] designer
246,es,0.366848378,bajo [SEP] Está el niño un poco bajo de peso así que le vamos a poner un régimen especial. [SEP] u__________ [SEP] underweight
247,es,-0.920558106,"derramarse [SEP] El derramarse el café sobre la americana del cliente, hizo que se enojara mucho. [SEP] s____ [SEP] spill"
248,es,2.244709342,célebre [SEP] Es un abogado muy célebre pero no es nada bueno. [SEP] f_____ [SEP] famous
249,es,1.081095422,cuento [SEP] A mi sobrina le encanta el cuento de la bruja. [SEP] s____ [SEP] story
250,es,2.175743489,querer [SEP] Los miembros no le van a querer como lider del partido. [SEP] w___ [SEP] want
251,es,3.801453569,estéreo [SEP] Me he comprado unos auriculares con sistema estéreo [SEP] s_____ [SEP] stereo
252,es,-2.925347147,"cuidado [SEP] ¡Cuidado con ese sillón, chicos! Lo vais a romper. [SEP] e___ [SEP] easy"
253,es,0.373067598,veloz [SEP] Estamos viendo un crecimiento veloz de las ventas de esta empresa. [SEP] r____ [SEP] rapid
254,es,1.003052338,ecológico [SEP] La tarea ecológica del mes es recolectar la mayor cantidad de botellas de plástico [SEP] e_________ [SEP] ecological
255,es,-0.329032919,validez [SEP] Puedo dar fe de la validez del documento. [SEP] v_______ [SEP] validity
256,es,-2.182188895,cómodo [SEP] Trabajar desde casa es mucho más cómodo para mí. [SEP] c_________ [SEP] convenient
257,es,0.660357989,Curva [SEP] Encontramos muy pocas curvas en la autopista mientras viajabamos [SEP] c____ [SEP] curve
258,es,-1.01407663,severo [SEP] El paciente tiene un dolor de oído muy agudo [SEP] a____ [SEP] acute
259,es,-3.067229652,abonar [SEP] Nos van a abonar la mitad del dinero en nuestra cuenta. [SEP] c_____ [SEP] credit
260,es,3.500565747,izquierda [SEP] Estaba sentada a mi izquierda. [SEP] l___ [SEP] left
261,es,0.029560182,"abanicar [SEP] Cuando hace mucho calor, es bueno abanicarse. [SEP] f__ [SEP] fan"
262,es,-3.139845463,creencias [SEP] Hay que tomar una decisión basada en las creencias de nuestra iglesia. [SEP] d_______ [SEP] doctrine
263,es,0.556761124,traicionar [SEP] Le castigaron por traicionar a sus compañeros. [SEP] b_____ [SEP] betray
264,es,-1.073325362,propósito [SEP] Carlos compro unas manzanas con el propósito de venderlas. [SEP] i_____ [SEP] intent
265,es,-0.767051838,consumo [SEP] El consumo del agua en esta zona ha sido muy alto este verano. [SEP] c__________ [SEP] consumption
266,es,-0.912341483,motociclista [SEP] El personaje principal de la película era un motociclista que viajaba por el mundo [SEP] m___________ [SEP] motorcyclist
267,es,0.213245336,incierto [SEP] El futuro del proyecto aún es incierto. [SEP] u________ [SEP] uncertain
268,es,1.526648609,dorado [SEP] Tiene el pelo dorado y los ojos azules. [SEP] g_____ [SEP] golden
269,es,-0.282126678,rabia [SEP] Tenía la cara retorcida de rabia. [SEP] r___ [SEP] rage
270,es,-0.590090988,juntarse [SEP] Los grupos de residentes locales van a juntarse para oponerse al plan. [SEP] u____ [SEP] unite
271,es,0.864977931,película [SEP] Vi una película de suspenso anoche en el cine cerca de mi casa. [SEP] t_______ [SEP] thriller
272,es,-1.616373533,"siempre [SEP] Iré, siempre y cuando las condiciones laborables me sean favorables. [SEP] p_______ [SEP] provided"
273,es,-1.408767027,interrumpir [SEP] Un grupo de manifestantes intentaron interrumpir el discurso del presidente. [SEP] d______ [SEP] disrupt
274,es,1.791015881,"compulsivo [SEP] Javier tiene un gran problema, es un comprador compulsivo [SEP] c_________ [SEP] compulsive"
275,es,-1.599053191,instituir [SEP] El año pasado decidieron instituir un comité que se ocupara de esta cuestión. [SEP] e________ [SEP] establish
276,es,-0.250129214,cosas [SEP] ¿Qué son todas estas cosas que están encima de mi mesa? [SEP] s____ [SEP] stuff
277,es,2.009878347,significar [SEP] Ser inteligente puede significar diferentes cosas para diferentes personas. [SEP] m___ [SEP] mean
278,es,2.346406539,dibujar [SEP] Me gustaría aprender a dibujar bien. [SEP] d___ [SEP] draw
279,es,-1.524940759,mecánica [SEP] hay una mecánica diferente de hacer la clase. [SEP] m_________ [SEP] mechanical
280,es,-0.641813949,apagón [SEP] Hubo un apagón en el pueblo anoche. [SEP] b_______ [SEP] blackout
281,es,-1.451072993,zona [SEP] Vivimos en una zona poco poblada. [SEP] r_____ [SEP] region
282,es,-0.543726099,"incuestionable [SEP] Su integridad es incuestionable, es muy honrado. [SEP] u_____________ [SEP] unquestionable"
283,es,-2.376487306,ofensivo [SEP] Tu comentario es realmente ofensivo. [SEP] i________ [SEP] insulting
284,es,0.285187751,motocicleta [SEP] Me llevó a la universidad en su motocicleta. [SEP] m________ [SEP] motorbike
285,es,-0.132410257,ingeniería [SEP] Juan estudia ingeniería en la politécnica de Alcalá de Henares. [SEP] e__________ [SEP] engineering
286,es,1.812912801,verdadero [SEP] Los políticos a veces parecen no estar conectados con el mundo verdadero. [SEP] r___ [SEP] real
287,es,-1.56262524,equilibrio [SEP] Estar otra vez con la familia le aportará mucho equilibrio emocional. [SEP] s________ [SEP] stability
288,es,1.649150351,vista [SEP] La vista sobre el valle es preciosa. [SEP] v___ [SEP] view
289,es,4.085771875,llave [SEP] Me dejé la llave de mi casa en clase y no pude entrar. [SEP] k__ [SEP] key
290,es,0.706675865,estación [SEP] No se puede comer en la estación de trabajo. [SEP] w__________ [SEP] workstation
291,es,3.06012981,sala [SEP] Todos los empleados pueden usar la sala de reuniones. [SEP] r___ [SEP] room
292,es,-2.294439277,colorante [SEP] Hay que buscar un colorante que represente lo mejor posible el tono del cielo. [SEP] p______ [SEP] pigment
293,es,3.557978254,inglés [SEP] ¿Hablas inglés? [SEP] e______ [SEP] english
294,es,1.313877828,multiplicar [SEP] Los niños están aprendiendo a multiplicar y a dividir por dos cifras [SEP] m_______ [SEP] multiply
295,es,-2.057755857,cariñosa [SEP] Gabriela siempre ha sido una hija muy cariñosa. [SEP] l_____ [SEP] loving
296,es,-0.461531096,pavor [SEP] Sólo nombrar al enemigo les daba pavor. [SEP] t_____ [SEP] terror
297,es,0.205751278,"esperar [SEP] No hay que esperar ningún cambio, porque no lo va a haber. [SEP] e_____ [SEP] expect"
298,es,-0.779598175,vencedor [SEP] El equipo vencedor va a celebrar esta noche. [SEP] v_________ [SEP] victorious
299,es,-1.329145072,reutilizar [SEP] En nuestra oficina hacemos todo lo que podemos para reutilizar materiales. [SEP] r______ [SEP] recycle
300,es,1.802369241,miedo [SEP] Muchos niños superan su miedo a la oscuridad cuando crecen. [SEP] f___ [SEP] fear
301,es,-2.328157453,aferrarse [SEP] Para no caerse tuvo que aferrarse a las rocas. [SEP] c____ [SEP] cling
302,es,-1.230323091,enderezar [SEP] Tienes de enderazar la corbata antes de entrar. [SEP] s_________ [SEP] straighten
303,es,-0.603113598,esquadrón [SEP] Mandaron un esquadrón de unos diez soldados para advinar la situación. [SEP] s____ [SEP] squad
304,es,-1.39624667,alojarse [SEP] Tuvieron que alojarse en un hostal en el pueblo. [SEP] a__________ [SEP] accommodate
305,es,-1.597259779,efigie [SEP] Hay una efigie muy grande de bronce en la entrada de la casa. [SEP] s_____ [SEP] statue
306,es,-1.931123537,inteligencia [SEP] Es una persona muy listan e inteligente [SEP] i___________ [SEP] intelligence
307,es,-0.990852623,tabla [SEP] Se me ha roto una tabla para la bota en la nieve y no puedo volver a telesilla. [SEP] s__ [SEP] ski
308,es,-3.111251048,coloración [SEP] El pájaro tiene una coloración distintiva en sus alas [SEP] m______ [SEP] marking
309,es,0.208507857,consejo [SEP] Muchas gracias por tu buen consejo. [SEP] a_____ [SEP] advice
310,es,-0.983202838,entendimiento [SEP] Esta situación es de locos y escapa al entendimiento de todos nosotros. [SEP] c____________ [SEP] comprehension
311,es,-0.945345077,asequible [SEP] El precio del viaje es asequible. [SEP] a_________ [SEP] affordable
312,es,-0.46529537,apartado [SEP] El juguete está apartado pero tenemos que ir a por él mañana. [SEP] r_______ [SEP] reserved
313,es,2.606608061,bajo [SEP] El avión volaba muy bajo sobre la ciudad. [SEP] l__ [SEP] low
314,es,-2.04221667,estatua [SEP] Había una estatua de Don Quijote en el jardín del hotel. [SEP] s________ [SEP] sculpture
315,es,1.761225279,reactivo [SEP] El componente reactivo debe aplicarse una hora después para evitar inconvenientes. [SEP] r_______ [SEP] reactive
316,es,-0.923199264,cepa [SEP] Es una cepa buenísima que luego es convertida en un vino excelente. [SEP] v___ [SEP] vine
317,es,0.237014426,cerilla [SEP] Dame una cerilla para encender las velas. [SEP] m____ [SEP] match
318,es,1.061006415,"invitado [SEP] Abre la puerta, ha llegado el primer invitado. [SEP] g____ [SEP] guest"
319,es,-0.477198195,"callejón [SEP] No camines en el callejón por la noche, puede ser peligroso [SEP] a____ [SEP] alley"
320,es,-0.607977803,desastroso [SEP] El efecto del terremoto ha sido desastroso para la economía. [SEP] c___________ [SEP] catastrophic
321,es,1.450561835,macho [SEP] El lobo mostró su sumisión al macho alfa. [SEP] m___ [SEP] male
322,es,-1.076676522,instalación [SEP] Han hecho una nueva instalación deportiva en el centro de la ciudad. [SEP] f_______ [SEP] facility
323,es,1.908220008,"injusticia [SEP] Pasó su vida luchando contra la pobreza, esto me parece una injusticia. [SEP] i________ [SEP] injustice"
324,es,2.086494125,bisexualidad [SEP] La bisexualidad no es aceptada en muchas culturas [SEP] b__________ [SEP] bisexuality
325,es,-1.31402847,proporción [SEP] Hay una proporción de dos mujeres por cada hombre en esta región. [SEP] r____ [SEP] ratio
326,es,0.159545228,reiniciar [SEP] Intentaron reiniciar el motor pero no lo consiguieron. [SEP] r______ [SEP] restart
327,es,-1.723746136,tener [SEP] Para tener éxito en la vida hay que trabajar mucho. [SEP] s______ [SEP] succeed
328,es,-1.112242004,instruido [SEP] Fernando es muy instruido en sociología y economía. [SEP] e_______ [SEP] educated
329,es,-0.067432951,comprar [SEP] Para invertir este dinero voy a comprar una casa. [SEP] p_______ [SEP] purchase
330,es,1.100260859,valor [SEP] No tengo suficiente valor para ser soldado. [SEP] c______ [SEP] courage
331,es,-1.917501877,superar [SEP] Pensamos que los resultados van a superar los del año pasado. [SEP] e_____ [SEP] exceed
332,es,1.998842118,viajes [SEP] La agencia de viajes local es muy buena. [SEP] t_____ [SEP] travel
333,es,2.243412426,"de [SEP] El marido de mi hija es de Cuba, en concreto de La Habana. [SEP] c____ [SEP] cuban"
334,es,-1.042675246,custodio [SEP] El custodio de los secretos del rey hablaba con el emisario al oído. [SEP] k_____ [SEP] keeper
335,es,1.898880541,"paso [SEP] No puedo dar ni un paso más, estoy muy cansado. [SEP] s___ [SEP] step"
336,es,-2.332321731,desencadenar [SEP] Los virus pueden desencadenar enfermedades. [SEP] t______ [SEP] trigger
337,es,1.096428198,alcoholismo [SEP] el alcoholismo es muy difícil de curar. [SEP] a_________ [SEP] alcoholism
338,es,1.112114037,incapaz [SEP] Fue incapaz de decirle dónde había estado esa noche. [SEP] u_____ [SEP] unable
339,es,0.161411441,"atraído [SEP] Estoy muy atraído por la historia, siempre me ha gustado. [SEP] i_________ [SEP] interested"
340,es,-2.253538632,camino [SEP] Recorrí el camino hasta la cima de la montaña. [SEP] t____ [SEP] trail
341,es,-1.95456276,giro [SEP] El giro del engranaje hace moverse las manecillas del reloj. [SEP] r_______ [SEP] rotation
342,es,3.451366835,hotel [SEP] Nos quedamos en un hotel cuatro estrellas en Londres. [SEP] h____ [SEP] hotel
343,es,-1.398633291,resguardo [SEP] He metido el resguardo del reloj que compré en el aeropuerto en mi bolso. [SEP] r______ [SEP] receipt
344,es,-1.010875212,periódicamente [SEP] Nos vemos periódicamente para hablar de los progresos del proyecto. [SEP] r________ [SEP] regularly
345,es,-0.254734101,impredecible [SEP] Tiene un carácter muy impredecible y nunca sabes lo que va a decir. [SEP] u____________ [SEP] unpredictable
346,es,-1.762045831,mecer [SEP] Me encanta mecer la cuna de mi nieta para que se duerma. [SEP] r___ [SEP] rock
347,es,-0.06190412,diaria [SEP] Hace una visita diaria a su padre en la residencia. [SEP] d____ [SEP] daily
348,es,-1.475680066,aportación [SEP] La aportación de experto ayudó al jurado a tomar su decisión. [SEP] i____ [SEP] input
349,es,0.309787055,cargar [SEP] Vamos a cargar las maletas en el coche. [SEP] l___ [SEP] load
350,es,3.605630025,"sí [SEP] ¿Me quieres? ¡Sí, te quiero mucho! [SEP] y__ [SEP] yes"
351,es,1.401905149,cabra [SEP] Este queso de cabra está buenísimo. [SEP] g___ [SEP] goat
352,es,-0.601316066,gestión [SEP] A Alba le gusta mucho el estudio de gestión de empresas. [SEP] a_____________ [SEP] administration
353,es,-0.215246105,predominante [SEP] Los sindicatos todavía ocupan un lugar predominante en el panorama nacional. [SEP] d_______ [SEP] dominant
354,es,-1.960324379,racimo [SEP] El científico estudió el racimo de células. [SEP] c______ [SEP] cluster
355,es,-3.821760394,próximas [SEP] Las próximas elecciones están a la vuelta de la esquina. [SEP] a__________ [SEP] approaching
356,es,0.965663513,sociólogo [SEP] El Profesor Medina es un experto sociólogo interesado en las relaciones de poder entre el bogierno y lass industrias [SEP] s__________ [SEP] sociologist
357,es,-0.441776182,didáctico [SEP] La escuela es una lugar didáctico. [SEP] e__________ [SEP] educational
358,es,-0.238876395,ciudad [SEP] Mi ciudad natal es Córdoba pero vivo en Sevilla. [SEP] h_______ [SEP] hometown
359,es,1.135782299,grabación [SEP] Hemos hecho una grabación del concierto de los niños el otro día. [SEP] r________ [SEP] recording
360,es,1.36475302,debatir [SEP] Creo que van a debatir la cuestión en el parlamento hoy. [SEP] d_____ [SEP] debate
361,es,0.913142635,multitud [SEP] La multitud se concentró en las puertas del edificio y nadie podía salir o entrar a el [SEP] c____ [SEP] crowd
362,es,0.446331847,urbano [SEP] El área urbana de Nueva York es enorme. [SEP] m___________ [SEP] metropolitan
363,es,-0.772424339,ofensa [SEP] Sus comentarios se interpretaron como una ofensa al presidente. [SEP] i_____ [SEP] insult
364,es,-0.204626692,imparcial [SEP] Se lo decimos al director que siempre es imparcial en estas discusiones. [SEP] n______ [SEP] neutral
365,es,-2.613553274,conflicto [SEP] La tecnología ha cambiado la forma de los conflictos en el mundo [SEP] w______ [SEP] warfare
366,es,0.123324197,"empeñarse [SEP] No tenía mucho interés en ir pero al empeñarse, me convenció. [SEP] i_____ [SEP] insist"
367,es,1.425671877,eclipse [SEP] El eclipse se pudo ver en varios paises del hemisferio norte [SEP] e______ [SEP] eclipse
368,es,-1.222299402,necesario [SEP] El editor hizo el cambio necesario en el documento. [SEP] r_______ [SEP] required
369,es,-2.930227362,exclusión [SEP] Las acciones del jugador resultaron en su exclusión del partido. [SEP] s_________ [SEP] suspension
370,es,-0.526360493,"evidentemente [SEP] Evidentemente, quieren que compremos su coche, pero no lo vamos a hacer. [SEP] c______ [SEP] clearly"
371,es,-0.047809517,adversario [SEP] Es su adversario político pero en el fondo son muy buenos amigos. [SEP] o_______ [SEP] opponent
372,es,-1.847084067,adelantar [SEP] Es peligroso adelantar en las curvas. [SEP] o_______ [SEP] overtake
373,es,-2.55828892,subrayar [SEP] El profesor tuvo que subrayar los aspectos importantes de la lección para el examen. [SEP] s_____ [SEP] stress
374,es,-2.35029397,radio [SEP] Mi abuelo escuchaba la radio durante todo el día. [SEP] w_______ [SEP] wireless
375,es,0.976280155,habitualmente [SEP] Los gerentes habitualmente supervisan los equipos de empleados. [SEP] n_______ [SEP] normally
376,es,-0.54797803,bastante [SEP] La verdad es que es una idea bastante tonta. [SEP] p_____ [SEP] pretty
377,es,0.382511623,rugir [SEP] Oíamos los leones rugir por la mañana en la selva. [SEP] r___ [SEP] roar
378,es,-0.531351876,soportar [SEP] No puedo soportar este calor. [SEP] b___ [SEP] bear
379,es,-0.86211794,apuntar [SEP] El proyecto pretende apuntar al envío de enseres a la población. [SEP] a__ [SEP] aim
380,es,-3.177680332,relatar [SEP] Tuvo que relatar varias veces a la policía lo que le había ocurrido. [SEP] r______ [SEP] recount
381,es,1.734979994,aumentar [SEP] El año que viene las ventas van a aumentar. [SEP] i_______ [SEP] increase
382,es,1.517008472,bastante [SEP] El servicio en este restaurante es bastante bueno. [SEP] q____ [SEP] quite
383,es,0.148491463,consentimiento [SEP] Necesitamos el consentimiento de tus padres para que puedas salir en el recreo. [SEP] p_________ [SEP] permission
384,es,-4.745245511,saliente [SEP] Me corté en el clavo saliente que alguien había dejado en la pared. [SEP] p_________ [SEP] projecting
385,es,-0.300893743,chuleta [SEP] Me gusta desayunar fuerte y como una chuleta de cordero con un huevo por la mañana. [SEP] c___ [SEP] chop
386,es,3.780960822,llamada [SEP] Recibí una llamada muy extraña el otro día. [SEP] c___ [SEP] call
387,es,-1.481558463,candidato [SEP] Todos los miembros tienen el derecho de asignar un candidato para el puesto [SEP] n______ [SEP] nominee
388,es,-2.636419902,del [SEP] A ver cuál de los dos llega a la línea del final de la carrera antes. [SEP] f________ [SEP] finishing
389,es,-0.789223693,cortafuegos [SEP] Hay que incluir un muro cortafuegos en un edificio de estas características. [SEP] f_______ [SEP] firewall
390,es,-0.176418233,ayuntamiento [SEP] Trabaja en el ayuntamiento de su ciudad. [SEP] c______ [SEP] council
391,es,-0.081842385,monedero [SEP] Yo guardo el cambio suelto en un monedero de cuero. [SEP] p____ [SEP] purse
392,es,1.958636703,equipo [SEP] Los ciclistas llevan un equipo de herramientas en caso de que haya un accidente con su bicicleta [SEP] k__ [SEP] kit
393,es,-1.676954421,tramitar [SEP] Dice el banco que van a tramitar el papeleo en cuestión de días. [SEP] p______ [SEP] process
394,es,3.28554797,peligroso [SEP] Conducir mientras se habla por teléfono es muy peligroso. [SEP] d________ [SEP] dangerous
395,es,0.619777502,"obvio [SEP] Era obvio que iba a llover todo el día, así que nos fuimos. [SEP] e______ [SEP] evident"
396,es,0.608883896,"autoestima [SEP] Tanto decirle lo maravilloso que es, su autoestima está por las nubes. [SEP] e__ [SEP] ego"
397,es,-0.694681965,"infeliz [SEP] Se sentía completamente infeliz, tenía frío y hambre y estaba empapado. [SEP] m________ [SEP] miserable"
398,es,-1.995755112,gravemente [SEP] Está gravemente enfermo y no creen los médicos que dure mucho más. [SEP] c_________ [SEP] critically
399,es,-0.589344578,significativa [SEP] El trabajador hizo una contribución significativa al proyecto. [SEP] m_________ [SEP] meaningful
400,es,-1.635441267,organizada [SEP] Tenía una vida muy tranquila y organizada. [SEP] o______ [SEP] ordered
401,es,3.598782141,"trabajar [SEP] Tengo que trabajar en el hospital esta noche, estoy de guardia. [SEP] w___ [SEP] work"
402,es,-0.313664085,preocupar [SEP] La sequía está empezando a preocupar a todo el mundo. [SEP] c______ [SEP] concern
403,es,-2.761547042,abarcar [SEP] El estudio tendrá que abarcar todos los aspectos de los que hemos hablado. [SEP] e________ [SEP] encompass
404,es,4.030257271,cuerpo [SEP] La chica tiene tatuajes por todo el cuerpo. [SEP] b___ [SEP] body
405,es,-1.426950718,"dinámico [SEP] No seas tan pasivo, tienes que ser un poco más dinámico en tu trabajo. [SEP] p________ [SEP] proactive"
406,es,1.818870493,democrático [SEP] Las refrmas democráticas han resultado un problema para la élite del país [SEP] d_________ [SEP] democratic
407,es,1.511732993,niñez [SEP] Tuvo una niñez muy feliz en Málaga. [SEP] c________ [SEP] childhood
408,es,-0.964897893,llanura [SEP] Hay una gran llanura antes de la montaña. [SEP] p____ [SEP] plain
409,es,-4.16368913,censurar [SEP] Su decisión fue tan decepcionante que escribimos una carta al periódico para censurar lo que había hecho [SEP] d_________ [SEP] disapprove
410,es,-2.446420547,gentileza [SEP] Este señor trata a todo el mundo con amabilidad y gentileza. [SEP] c_______ [SEP] courtesy
411,es,-2.654464621,erudito [SEP] Francisco es un erudito y sabe de todo. [SEP] i___________ [SEP] intellectual
412,es,-2.844057673,pronta [SEP] Te deseamos una pronta recuperación de tu enfermedad. [SEP] s_____ [SEP] speedy
413,es,0.198560414,esencial [SEP] Hizo un papel esencial en la fundación del hospital. [SEP] v____ [SEP] vital
414,es,-3.110959886,imprecisa [SEP] La razón del accidente es imprecisa y habrá una investigación. [SEP] u___________ [SEP] undetermined
415,es,2.009965409,uva [SEP] Esta uva es maravillosa y hace un vino magnífico. [SEP] g____ [SEP] grape
416,es,-0.954841722,recadero [SEP] Empezó trabajando de recadero en el Banco de España. [SEP] m________ [SEP] messenger
417,es,-0.266236404,barrio [SEP] Vive en un barrio céntrico de Madrid. [SEP] d_______ [SEP] district
418,es,0.337944648,"sensato [SEP] Es un chico sensato, no creo que haga ninguna locura. [SEP] s_______ [SEP] sensible"
419,es,2.021278609,leopardo [SEP] El hábitat natural del leopardo se encuentra en África y en ciertass zonas de Asia [SEP] l______ [SEP] leopard
420,es,-0.689791298,antecedentes [SEP] ¿Cuáles son sus antecedentes familiares y dónde estudió? [SEP] b_________ [SEP] background
421,es,-2.467341439,"elegante [SEP] La modelo era alta, bella y caminaba de forma elegante. [SEP] g_______ [SEP] graceful"
422,es,-2.95959759,zanjar [SEP] Habrá que zanjar este asunto de una vez por todas. [SEP] s_____ [SEP] settle
423,es,1.006634342,totalidad [SEP] El medio ambiente concierne a la sociedad en su totalidad. [SEP] w____ [SEP] whole
424,es,1.049236595,residencial [SEP] Es un barrio residencial muy tranquilo. [SEP] r__________ [SEP] residential
425,es,-1.939132779,compás [SEP] Me encanta el compás de la música colombiana. [SEP] r_____ [SEP] rhythm
426,es,0.914779857,estación [SEP] La primavera es mi estación favorita del año. [SEP] s_____ [SEP] season
427,es,-0.431120714,antiguo [SEP] Este jarrón es de época y es muy antiguo. [SEP] a______ [SEP] antique
428,es,0.901269006,culpa [SEP] Echaron la culpa de la caída de mi abuela en el hotel al suelo mojado. [SEP] b____ [SEP] blame
429,es,0.600664159,amnesia [SEP] La amnesia produce perdida de le memoria a corto y larg plazo [SEP] a______ [SEP] amnesia
430,es,0.783250556,pantalla [SEP] El doctor me mostró mi ritmo cardíaco en la pantalla. [SEP] m______ [SEP] monitor
431,es,0.01772919,náutica [SEP] Mi tío ha llevado una vida náutica muy interesante. [SEP] m_____ [SEP] marine
432,es,-1.52640544,galletas [SEP] La tabla de quesos estaba acompañada con las pequeñas galletas de sal que me gustan [SEP] c______ [SEP] cracker
433,es,-0.382914239,desaparecer [SEP] Elisa esperó hasta que vió desaparecer el tren en la distancia. [SEP] d________ [SEP] disappear
434,es,-2.582165202,reconocimiento [SEP] Ella busca la realización de sus sueños antes de tener 40 años. [SEP] r__________ [SEP] realization
435,es,-3.2302595,diálogo [SEP] En el diálogo público político es importante contemplar todas las opiniones posibles. [SEP] d________ [SEP] discourse
436,es,-1.35526988,idea [SEP] El diseñador tiene la idea de diseño para la habitación principal y la sala [SEP] c______ [SEP] concept
437,es,-0.905447444,divulgativo [SEP] Escribió un artículo divulgativo sobre sus planes para el gobierno local. [SEP] i__________ [SEP] informative
438,es,-1.982268473,resumen [SEP] El informe ofrece un resumen de las actividades de la empresa. [SEP] o_______ [SEP] overview
439,es,-3.979272788,implacabale [SEP] La policía fue implacable con la banda criminal. [SEP] u__________ [SEP] unforgiving
440,es,0.359461393,ama [SEP] Mi abuela fue ama de casa toda la vida. [SEP] h________ [SEP] housewife
441,es,-0.641928847,"aproximadamente [SEP] La película dura tres horas, aproximadamente [SEP] a____________ [SEP] approximately"
442,es,-1.602370226,colono [SEP] Mi bisabuelo fue un colono en Australia y tuvo una vida muy dura. [SEP] s______ [SEP] settler
443,es,0.913532684,cachorro [SEP] Le regalaron un cachorro a Violeta por su cumpleaños. [SEP] p____ [SEP] puppy
444,es,-0.847224309,voltear [SEP] Hay que voltear el solomillo después de cinco minutos. [SEP] f___ [SEP] flip
445,es,-2.313762361,arroyo [SEP] Los niños fueron al arroyo a pescar. [SEP] c____ [SEP] creek
446,es,-0.064001905,importar [SEP] Lo único que te debe importar son tus exámenes. [SEP] m_____ [SEP] matter
447,es,-0.478862686,validado [SEP] Nuestra reserva ha sido validada por el hotel. [SEP] c________ [SEP] confirmed
448,es,-0.472017156,correspondiente [SEP] El precio es de treinta mil libras o la correspondiente cantidad en euros. [SEP] e_________ [SEP] equivalent
449,es,-2.950661895,excursión [SEP] Estamos pensando en hacer una excursión de pesca al Cantábrico. [SEP] e_________ [SEP] expedition
450,es,-0.117955982,lavado [SEP] La secta le habia lavado el cerebro a la mujer. [SEP] b__________ [SEP] brainwashed
451,es,1.609035792,sorprender [SEP] Le vamos a sorprender con una visita a su trabajo esta tarde. [SEP] s_______ [SEP] surprise
452,es,-0.262206588,infringir [SEP] Hay empresas que no dudan en infringir la ley de la eliminación de desechos. [SEP] v______ [SEP] violate
453,es,-0.094296253,desclasificado [SEP] Es un documento desclasificado y ahora lo puede ver cualquiera. [SEP] u___________ [SEP] unclassified
454,es,-2.194147386,"estructura [SEP] La estructura básica del edificio es de acero, ¿lo ves? [SEP] f________ [SEP] framework"
455,es,-0.117776765,borrador [SEP] He terminado el primer borrador de la película.  ¿Qué os parece? [SEP] d____ [SEP] draft
456,es,-3.608993596,revitalización [SEP] La revitalización de la región tardó varios años. [SEP] r___________ [SEP] regeneration
457,es,1.912470248,salmón [SEP] El pescadero pesó el salmón en una balanza. [SEP] s_____ [SEP] salmon
458,es,1.262060089,anterior [SEP] El propietario anterior vendió la casa el año pasado. [SEP] p_______ [SEP] previous
459,es,0.325813397,llenar [SEP] El camarero se dispuso a llenar las copas de los comensales. [SEP] f___ [SEP] fill
460,es,0.811708002,de [SEP] Me gustan tus zapatos.  El color está muy de moda. [SEP] f__________ [SEP] fashionable
461,es,-2.079589739,angustia [SEP] La llamada de su hijo alivió su angustia.  Estaba a salvo. [SEP] d_______ [SEP] distress
462,es,0.122061494,espada [SEP] El herrero forjó una espada con hierro candente. [SEP] s____ [SEP] sword
463,es,2.675858086,"tradición [SEP] Los padres casi siempre crian a sus hijos según su tradición, costumbres y creencias. [SEP] t________ [SEP] tradition"
464,es,0.909475855,"fantasía [SEP] Me temo que esa chica sólo existe en tu fantasía, no en la realidad. [SEP] i__________ [SEP] imagination"
465,es,-1.402867377,sierva [SEP] Trató a su hija como a una sierva. [SEP] s____ [SEP] slave
466,es,3.082126235,romántico [SEP] Es una comedia romántica muy divertida y bastante tierna. [SEP] r_______ [SEP] romantic
467,es,1.849953887,sueldo [SEP] Creo que le pagan un sueldo de miseria por trabajar en la finca. [SEP] s_____ [SEP] salary
468,es,3.28998941,muñeca [SEP] Le voy a regalar una muñeca por su cumpleaños. [SEP] d___ [SEP] doll
469,es,1.104167117,"arreglar [SEP] Voy a arreglar el fregadero, que no traga. [SEP] f__ [SEP] fix"
470,es,3.208745743,economista [SEP] John Maynard Keynes fue un economista muy importante. [SEP] e________ [SEP] economist
471,es,3.227707354,exactamente [SEP] El corredor terminó la carrera en exactamente tres horas. [SEP] j___ [SEP] just
472,es,-0.886714753,modelo [SEP] El último modelo del producto tiene nuevas características. [SEP] v______ [SEP] version
473,es,0.573301489,falso [SEP] Se nota mucho que el cuadro es falso. [SEP] f___ [SEP] fake
474,es,-0.4819547,utilizar [SEP] Mi empresa quiere utilizar la tecnología para aumentar la productividad. [SEP] e_____ [SEP] employ
475,es,-2.981224353,caja [SEP] Había una cola larguísima esperando en la caja del supermercado. [SEP] c_______ [SEP] checkout
476,es,-1.317447672,retrospectiva [SEP] Voy a empezar con una pequeña retrospectiva a la década de los sesenta. [SEP] f________ [SEP] flashback
477,es,0.000124195,suma [SEP] Estas personas están viviendo en una situación de suma pobreza. [SEP] e______ [SEP] extreme
478,es,-0.667130448,entre [SEP] El equipo entre bastidores trabaja estupendamente. [SEP] b________ [SEP] backstage
479,es,-1.470062879,bastante [SEP] La obra fue bastante divertida. [SEP] f_____ [SEP] fairly
480,es,1.153546996,mordisco [SEP] Le dio un mordisco a la manzana. [SEP] b___ [SEP] bite
481,es,-1.232263914,otorgar [SEP] Me va a otorgar permiso para visitar la excavación. [SEP] g____ [SEP] grant
482,es,-0.322324285,incondicionalmente [SEP] Te apoyo incondicionalmente en este asunto. [SEP] u______________ [SEP] unconditionally
483,es,0.765722215,"ingresos [SEP] Gracias a mi ascenso, mis ingresos han mejorado. [SEP] i_____ [SEP] income"
484,es,-1.017310633,disminuir [SEP] La meditación es una buena manera de disminuir la tensión. [SEP] d_______ [SEP] decrease
485,es,-1.669083942,autorización [SEP] Hay que pedir la autorización de los padres antes de la excursión. [SEP] c______ [SEP] consent
486,es,-0.116072597,tecnológicamente [SEP] La India es un país muy desarrollado tecnológicamente [SEP] t______________ [SEP] technologically
487,es,-1.28443627,aplastar [SEP] Primero hay que aplastar los ajos y después freírlos. [SEP] c____ [SEP] crush
488,es,0.164951337,"sin [SEP] El equipo no jugó bien, sin embargo ganaron el partido. [SEP] n___________ [SEP] nevertheless"
489,es,-0.176100506,solicitante [SEP] Solamente había un solicitante para el puesto. [SEP] a________ [SEP] applicant
490,es,1.358960295,tristeza [SEP] Hay mucha tristeza en esa casa desde que falleció la madre. [SEP] s______ [SEP] sadness
491,es,-1.99607228,ayudante [SEP] Es ayudante a un general en el Ministerio de Defensa [SEP] a___ [SEP] aide
492,es,0.834945478,en [SEP] Ellos se veían en secreto para que nadie se enterara de su relación [SEP] s_______ [SEP] secretly
493,es,0.223656944,diplomaticamente [SEP] La relaciones entre los dos paises del norte se solucionaron diplomaticamente en la cumbre. [SEP] d_____________ [SEP] diplomatically
494,es,3.136526466,bomba [SEP] Había una bomba en el parqueadero y tuvimos que evacuar [SEP] b___ [SEP] bomb
495,es,2.461685877,perdido [SEP] El niño estaba perdido en el bosque. [SEP] l___ [SEP] lost
496,es,-0.089972108,mirar [SEP] No está bien mirar fijamente a personas que no conoces. [SEP] s____ [SEP] stare
497,es,2.284623012,alta [SEP] La casa tiene una muralla muy alta alrededor del jardín. [SEP] h___ [SEP] high
498,es,1.252172246,"bruja [SEP] En la obra, aparece la bruja y todos los niños se asustan. [SEP] w____ [SEP] witch"
499,es,2.792984886,hacia [SEP] Se fue hacia abajo sin echar la vista atrás. [SEP] d___ [SEP] down
500,es,0.467266233,ahumado [SEP] Me encanta el pescado ahumado para desyunar. [SEP] s_____ [SEP] smoked
501,es,-0.331631398,variación [SEP] Hay mucha variación entre lo que dijo y lo que salió en el periódico. [SEP] d_________ [SEP] difference
502,es,1.835676766,melocotón [SEP] El melocotón es una fruta muy rica del verano. [SEP] p____ [SEP] peach
503,es,1.213057435,fundar [SEP] Van a fundar un banco para extender microcréditos a las mujeres de la región. [SEP] f____ [SEP] found
504,es,-0.338185687,brujo [SEP] El brujo apareció de repente y les salvó la vida con un hechizo. [SEP] m_______ [SEP] magician
505,es,0.996003166,raíz [SEP] Este olivo tiene una raíz muy profunda. [SEP] r___ [SEP] root
506,es,0.522254887,bajo [SEP] El bajo es el sonido más grave. [SEP] b___ [SEP] bass
507,es,-0.259234952,circunstancia [SEP] La circunstancia política del país es más estable hoy en día [SEP] s________ [SEP] situation
508,es,1.133866268,atmosférico [SEP] La presion atmosférica puede afectar la salud de algunas personas [SEP] a__________ [SEP] atmospheric
509,es,1.599525625,especies [SEP] El Orígen de las especies es el trabajo más importante de Charles Darwin [SEP] s______ [SEP] species
510,es,-0.006973518,ejecución [SEP] ¡Es hora de  pasar de las palabras a la ejecución del plan! [SEP] a_____ [SEP] action
511,es,-3.498653574,sensibilidad [SEP] El partido fomentaba la sensibilidad nacionalista de sus miembros. [SEP] s________ [SEP] sentiment
512,es,1.903953055,estar [SEP] Tuve que estar de pie porque no había más asientos. [SEP] s____ [SEP] stand
513,es,-3.61391632,destacar [SEP] Uno de los objetivos de la revista es la de destacar los poemas de los alumnos. [SEP] f______ [SEP] feature
514,es,-0.39778059,ordenar [SEP] El oficial tuvo que ordenar a la tropa que entraran en la ciudad. [SEP] c______ [SEP] command
515,es,1.803119513,circulación [SEP] Las monedas de 500 salieron de circulación hace dos años [SEP] c__________ [SEP] circulation
516,es,1.249318412,ala [SEP] El pájaro se ha roto un ala y no puede volar. [SEP] w___ [SEP] wing
517,es,2.833461718,cruzar [SEP] Ten cuidado al cruzar la calle. [SEP] c____ [SEP] cross
518,es,1.454166141,"importe [SEP] Pone el importe en la etiqueta.  Vaya, es muy caro. [SEP] p____ [SEP] price"
519,es,-0.645082991,inclinarse [SEP] Los niños suelen inclinarse a protestar cuando llega la hora de acostarse. [SEP] t___ [SEP] tend
520,es,-0.665011238,"autorización [SEP] No se nos olvide sacar la autorización de embarque online, que mañana volamos. [SEP] p___ [SEP] pass"
521,es,-0.061970492,peñón [SEP] El faro estaba construido en un gran peñón a orillas del mar. [SEP] r___ [SEP] rock
522,es,0.798807873,tienda [SEP] En esta calle hay una pequeña tienda de moda muy original. [SEP] b_______ [SEP] boutique
523,es,-2.174162411,perspicacia [SEP] En un instante de perspicacia me di cuenta del significado del sueño. [SEP] i______ [SEP] insight
524,es,-0.630299418,visualización [SEP] Nuestra visualización del futuro nos permite prepararnos para él. [SEP] v____________ [SEP] visualization
525,es,3.402718684,blog [SEP] Hay una entrada semanal en el blog de la empresa [SEP] b___ [SEP] blog
526,es,-2.076616404,inútil [SEP] Es inútil intentar convencerla. [SEP] h_______ [SEP] hopeless
527,es,0.998711353,raro [SEP] La impresora hace un ruido raro. [SEP] s______ [SEP] strange
528,es,0.204102188,carpa [SEP] Las camas de los niños estaban organizadas dentro de la carpa. [SEP] t___ [SEP] tent
529,es,-2.225301904,colgar [SEP] Hay que colgar el ventilador del techo con un cable. [SEP] s______ [SEP] suspend
530,es,2.488032692,Unicornio [SEP] Y de repente se dio cuenta que había entrado un unicornio en el jardín. [SEP] u______ [SEP] unicorn
531,es,0.842826807,humor [SEP] Esperemos que esté de mejor humor mañana. [SEP] m___ [SEP] mood
532,es,0.190232477,colesterol [SEP] Tus niveles de colesterol están al límite. Debes tener cuidado de lo que comes [SEP] c__________ [SEP] cholesterol
533,es,1.762326709,presentar [SEP] ¿Me puedes presentar a aquella chica tan encantadora por favor? [SEP] i________ [SEP] introduce
534,es,-1.408021799,descubridor [SEP] Enrique el Navigante fue un descubridor portugués. [SEP] e_______ [SEP] explorer
535,es,1.777053514,pobre [SEP] Hay gente en nuestra ciudad que es tan pobre que no puede pagar un alquiler. [SEP] p___ [SEP] poor
536,es,-0.235996101,publicidad [SEP] Mi hermano se dedica a la publicidad. [SEP] a__________ [SEP] advertising
537,es,-2.093040901,apasionamiento [SEP] El concierto levantó gran apasionamiento sntre el público [SEP] e_________ [SEP] enthusiasm
538,es,0.200583856,obtener [SEP] Creemos que el partido va a obtener el treinta por ciento de los votos. [SEP] g___ [SEP] gain
539,es,2.057541492,recordar [SEP] Me cuesta mucho recordar aquellos tiempos. [SEP] r_______ [SEP] remember
540,es,-0.565903182,ortodoxo [SEP] Hilario es bastante ortodoxo en cuanto a sus ideas y sus puntos de vista. [SEP] o_______ [SEP] orthodox
541,es,0.181217085,"elegir [SEP] Después de graduarse, decidió elegir una carrera en el mundo de la canción. [SEP] o__ [SEP] opt"
542,es,1.131489803,ceguera [SEP] Su ceguera no le impidió a aprender a tocar el piano. [SEP] b________ [SEP] blindness
543,es,0.220885487,administrador [SEP] El administrador del edificio contrató un nuevo portero. [SEP] m______ [SEP] manager
544,es,0.302393353,particular [SEP] Las prendas de seda requieren un mantenimiento particular. [SEP] s______ [SEP] special
545,es,1.599586121,redondear [SEP] Vamos a redondear los números para hacer más fácil el cálculo. [SEP] r____ [SEP] round
546,es,0.457943945,valla [SEP] La valla está hecha de madera. [SEP] f____ [SEP] fence
547,es,1.192643599,reto [SEP] El entrenador me dio un reto: ¡meter tres goles en el primer tiempo! [SEP] c________ [SEP] challenge
548,es,0.407926433,recolector [SEP] Trabaja de recolector de impuestos de empresas pequeñas. [SEP] c________ [SEP] collector
549,es,1.027018688,truco [SEP] Nos hicieron un truco feo durante la campaña electoral. [SEP] t____ [SEP] trick
550,es,-2.008140634,escasa [SEP] Me temo que la evidencia es escasa. [SEP] i___________ [SEP] insufficient
551,es,-3.762545385,"mediana [SEP] Estos son alumnos de capacidad mediana, no son nada especiales. [SEP] m_______ [SEP] moderate"
552,es,-1.909343846,ahogarse [SEP] La contaminación estuvo tan intensa que ahogarse por no poder respirar bien ocurrió en varios casos. [SEP] c____ [SEP] choke
553,es,-1.287601986,ansiosamente [SEP] Me saludó ansiosamente antes de salir del salón con afán [SEP] n________ [SEP] nervously
554,es,2.974150026,nuboso [SEP] Vaya día más nuboso que hace.  Espero que salga el sol mañana. [SEP] c_____ [SEP] cloudy
555,es,0.893230667,matanza [SEP] La matanza de civiles ocurrió durante la noche. [SEP] k______ [SEP] killing
556,es,2.007645947,"arder [SEP] La casa, que era de madera, empezó a arder de repente. [SEP] b___ [SEP] burn"
557,es,-1.655828667,congreso [SEP] Vendrás al congreso de escritores en Berlín el mes que viene? [SEP] c_________ [SEP] conference
558,es,1.22208852,"mentalemente [SEP] Debes contar mentalmente hasta diez, eso te ayudará a relajarte un poco [SEP] m_______ [SEP] mentally"
559,es,-0.110819099,"extenderse [SEP] Si la enfermedad no se trata, puede extenderse. [SEP] s_____ [SEP] spread"
560,es,-1.415164449,compromiso [SEP] Me cogí un día libre del trabajo porque tenía un compromiso familiar. [SEP] o_________ [SEP] obligation
561,es,-1.367700017,carrera [SEP] La carrera corta con el que terminó la maratón fue impresionante. [SEP] s_____ [SEP] sprint
562,es,3.493031671,"abstracto [SEP] La obra de Picasso, se conocer por ser abstracta [SEP] a_______ [SEP] abstract"
563,es,0.40382285,únicamente [SEP] Este servicio es para clientes del hotel únicamente. [SEP] e__________ [SEP] exclusively
564,es,0.116795718,inquieto [SEP] Estoy muy inquieto por el futuro de nuestro planeta. [SEP] n______ [SEP] nervous
565,es,-0.76582408,"abrumar [SEP] Ten cuidado de no abrumar al niño de Eloísa, es muy tímido. [SEP] o________ [SEP] overwhelm"
566,es,-0.593888783,indisciplinado [SEP] Es un chico muy indisciplinado y tendrá que mejorar. [SEP] u____________ [SEP] undisciplined
567,es,-1.767459672,en [SEP] Esta moda en proceso de extensión de llevar el teléfono a todas partes tendrá que para algún día. [SEP] s________ [SEP] spreading
568,es,1.700037229,alta [SEP] Esa música está muy alta. Bájala por favor. [SEP] l___ [SEP] loud
569,es,0.463962878,sabrosa [SEP] El chef siempre prepara comida sabrosa. [SEP] t____ [SEP] tasty
570,es,-2.156995836,reclutar [SEP] El ejército nacional recluta mas de mil jóvenes al año. [SEP] e_____ [SEP] enlist
571,es,-1.425566449,empleado [SEP] El asesor fue empleado para ayudarles a tomar la decisión. [SEP] c_________ [SEP] contracted
572,es,-1.408884548,honradez [SEP] El juez es un hombre de gran honradez. [SEP] i________ [SEP] integrity
573,es,-2.010235209,inspector [SEP] Soy inspector de homicidios con la policía nacional. [SEP] i___________ [SEP] investigator
574,es,0.557975392,pingüino [SEP] El pingüino de la Antártida es blanco y negro y no puede volar. [SEP] p______ [SEP] penguin
575,es,-3.219415336,renunciar [SEP] Es duro tener que renunciar a una carrera para criar a unos hijos. [SEP] s________ [SEP] sacrifice
576,es,2.985390798,fin [SEP] Este fin de semana nos vamos de excursión. [SEP] w______ [SEP] weekend
577,es,0.015855091,explicar [SEP] No vale explicar tu mal comportamiento diciendo que estabas borracho. [SEP] j______ [SEP] justify
578,es,-0.133739781,cansancio [SEP] La falta de sueño puede causar cansancio. [SEP] f______ [SEP] fatigue
579,es,-1.479737581,determinado [SEP] Este libro está dirigido a un grupo determinado. [SEP] p_________ [SEP] particular
580,es,0.32759549,sin [SEP] Vendieron el cuadro a un marchante norteamericano sin identificar. [SEP] u___________ [SEP] unidentified
581,es,0.527906963,hacer [SEP] Ya sabéis que durante el examen no se puede hablar y que tomaremos en serio cualquier intento de hacer trampa. [SEP] c____ [SEP] cheat
582,es,0.589228129,durar [SEP] La presentación no debe durar más de media hora. [SEP] l___ [SEP] last
583,es,-1.967345276,lógica [SEP] La mujer tomó una decisión lógica basada en los hechos. [SEP] r_______ [SEP] rational
584,es,-2.635343241,impulso [SEP] Los libros a veces proporcionan a los niños un impulso para la imaginación. [SEP] s_______ [SEP] stimulus
585,es,0.813905789,superficie [SEP] Necesitaremos una superficie plana para jugar. [SEP] s______ [SEP] surface
586,es,2.668177932,generador [SEP] Se cortó la luz y tuvimos que usar el generador de  electricidad. [SEP] g________ [SEP] generator
587,es,-0.017827504,cajón [SEP] Guarda tus cosas en el cajón del armario. [SEP] d_____ [SEP] drawer
588,es,2.68458576,vaqueros [SEP] No te pongas los vaqueros para ir a trabajar por favor. [SEP] j____ [SEP] jeans
589,es,0.406793158,envejecido [SEP] Entre mas envejecido sea el whiskey será mucho mejor. [SEP] a___ [SEP] aged
590,es,2.867500153,Mexicano [SEP] Frida Khalo es una artista mexicana muy conocida [SEP] m______ [SEP] mexican
591,es,-0.834406232,"apuñalar [SEP] El actor tiene que apuñalar a su rival con una espada, pero fingiendo por supuesto. [SEP] s___ [SEP] stab"
592,es,-0.464526003,cobrar [SEP] Cuánto crees que habría que cobrar por nuestros servicios? [SEP] c_____ [SEP] charge
593,es,-1.256834375,montaje [SEP] El servicio incluye envío gratis y montaje. [SEP] i___________ [SEP] installation
594,es,2.496588181,moda [SEP] A mi hermana le encanta el mundo de la moda. [SEP] f______ [SEP] fashion
595,es,-0.411972409,"entretenido [SEP] Me encanta el circo, es muy entretenido. [SEP] e___________ [SEP] entertaining"
596,es,-1.398565099,adecuado [SEP] Sal de tu casa con el tiempo adecuado para llegar a la estación a la hora. [SEP] s_________ [SEP] sufficient
597,es,0.164727111,alfabeticamente [SEP] El profesor llamó a sus estudiantes alfabeticamente [SEP] a_____________ [SEP] alphabetically
598,es,-2.588493711,soportales [SEP] Han puesto tiendas en los soportales del edificio nuevo. [SEP] a_____ [SEP] arcade
599,es,-3.741863084,páramo [SEP] La zona al este de la ciudad es un páramo dónde no hay absolutamente nada. [SEP] w_________ [SEP] wilderness
600,es,1.966210251,compartir [SEP] Tienes que compartir el dinero con tu hermana. [SEP] s____ [SEP] share
601,es,1.640083097,delineador [SEP] Me he comprado un delineador de ojos azul.  Es muy original. [SEP] e_______ [SEP] eyeliner
602,es,-0.818666944,"desorientado [SEP] ¿Cómo? Esto es nuevo, ahora sí que estoy completamente desorientado. [SEP] c_______ [SEP] confused"
603,es,3.599231001,arte [SEP] Muchos dicen que la cocina es un arte tan interesante como la escultura [SEP] a__ [SEP] art
604,es,0.036217972,asesinato [SEP] El jurado llegó a un veredicto de asesinato. [SEP] h_______ [SEP] homicide
605,es,1.479929336,las [SEP] Esas botas cuestan cincuenta euros las dos. [SEP] p___ [SEP] pair
606,es,-1.362754914,latón [SEP] El trombón está hecho de latón. [SEP] b____ [SEP] brass
607,es,-0.914274349,retorcido [SEP] Tras el accidente el coche quedó completamente retorcido. [SEP] t______ [SEP] twisted
608,es,1.754175938,sin [SEP] Se le permitirá acceso sin límite a los archivos. [SEP] u________ [SEP] unlimited
609,es,2.05688413,bromear [SEP] Se puso a reír y bromear con los niños. [SEP] j___ [SEP] joke
610,es,-2.283065621,nublado [SEP] El cielo está nublado así que a lo mejor llueve esta tarde. [SEP] c______ [SEP] clouded
611,es,-4.545207716,fascinante [SEP] La historia es absolutamente fascinante. [SEP] c_________ [SEP] compelling
612,es,-1.647844386,ingresos [SEP] Los ingresos de la compañía se duplicaron el año pasado. [SEP] e_______ [SEP] earnings
613,es,-0.171780106,transmitir [SEP] Tuve que transmitir la información a la familia. [SEP] c__________ [SEP] communicate
614,es,-2.922769183,modificación [SEP] La modificaión de los salarios fue acogida con agrado. [SEP] a_________ [SEP] adjustment
615,es,-0.074283502,caja [SEP] Mi tío siempre guardaba la caja de herramientas en una caseta en el jardín. [SEP] t______ [SEP] toolbox
616,es,2.896490981,bello [SEP] ¡Qué cuento más bello! [SEP] b________ [SEP] beautiful
617,es,-0.142335409,inclinación [SEP] Mostró su acuerdo con una leve inclinación de cabeza. [SEP] n__ [SEP] nod
618,es,1.537863061,titanio [SEP] El titanio gris se utiliza en la producción de materiales ligeros y fuertes. [SEP] t_______ [SEP] titanium
619,es,-3.555949518,conjunto [SEP] El proyecto es el resultado del esfuerzo conjunto de todo el equipo. [SEP] c_________ [SEP] collective
620,es,-0.776502844,tenencia [SEP] En Europa la tenencia de armas sin permiso es ilegal. [SEP] p_________ [SEP] possession
621,es,2.488931502,lluvioso [SEP] El clima de Bogotá es bastante lluvioso. [SEP] r____ [SEP] rainy
622,es,0.506018925,piel [SEP] Mi abuela tiene un gorro hecho con piel de zorro. [SEP] f__ [SEP] fur
623,es,-0.75521507,ancha [SEP] No era muy alto pero tenía la espalda muy ancha. [SEP] b____ [SEP] broad
624,es,-0.160846206,en [SEP] El rinoceronte blanco es un especie en peligro. [SEP] e_________ [SEP] endangered
625,es,1.183878292,romper [SEP] Cuidado que es muy delicado y se puede romper. [SEP] b____ [SEP] break
626,es,1.907469775,principal [SEP] La principal razón por la que me voy es porque no te aguanto. [SEP] m___ [SEP] main
627,es,2.586711236,raya [SEP] Un raya recta es la distancia más corta entre dos puntos. [SEP] l___ [SEP] line
628,es,-2.856138576,capaz [SEP] Diane es una empleada muy capaz que realiza su trabajo de forma ejemplar. [SEP] c________ [SEP] competent
629,es,-0.430656922,desplegar [SEP] Tuvo que desplegar el mapa para ver dónde estaba el hotel. [SEP] u_____ [SEP] unfold
630,es,-5.094026144,asegurar [SEP] Esto último nos permite asegurar que la publicidad ha sido muy importante para el éxito del producto. [SEP] a_____ [SEP] affirm
631,es,-0.380462368,beca [SEP] A Luis le han dado una beca para estudiar afuera. [SEP] g____ [SEP] grant
632,es,-0.321764687,profundidad [SEP] La profundidad del río aumenta con estas lluvias tan fuertes. [SEP] d____ [SEP] depth
633,es,-1.811215234,título [SEP] Al final recibí un título por el curso universitario de dos años de historia contemporánea. [SEP] d______ [SEP] diploma
634,es,1.24448131,parecer [SEP] A veces Luis puede parecer enfadado pero casi nunca es verdad. [SEP] s___ [SEP] seem
635,es,-0.752383139,desmoronamiento [SEP] El abandono por parte de los dueños había dejado la casa en un estado de desmoronamiento terrible. [SEP] r___ [SEP] ruin
636,es,-1.955420233,muy [SEP] La situación social es muy preocupante. [SEP] a_______ [SEP] alarming
637,es,0.398688996,aviso [SEP] Recibirá aviso de nuestra decisión dentro de tres semanas. [SEP] n___________ [SEP] notification
638,es,0.360279092,retrasado [SEP] El desarrollo mental de este niño está bastante retrasado. [SEP] r_______ [SEP] retarded
639,es,-1.663322969,ampliación [SEP] La compañía planea una gran ampliación de su actividad el año que viene. [SEP] e________ [SEP] expansion
640,es,2.52134124,tocino [SEP] Me encanta el tocino con huevos fritos. [SEP] b____ [SEP] bacon
641,es,-4.341459994,variable [SEP] Se aplica el interés variable a este préstamo. [SEP] f_______ [SEP] floating
642,es,-0.501951089,de [SEP] Esta taza de café es de tamaño grande. [SEP] s____ [SEP] sized
643,es,2.174096455,gemelo [SEP] Es mi gemelo y mucha gente nos confunde. [SEP] t___ [SEP] twin
644,es,2.712280201,catedral [SEP] En Colombia puedes visitar una catedral hecha de sal [SEP] c________ [SEP] cathedral
645,es,-2.534302345,transmitir [SEP] Este tipo de música suele transmitir una sensación de tranquilidad. [SEP] c_____ [SEP] convey
646,es,0.275249073,diagnóstico [SEP] El diagnóstico es muy positivo. Hay que continuar con el tratamiento [SEP] d________ [SEP] diagnosis
647,es,2.707353639,triunfo [SEP] El equipo no ha tenido ni un triunfo en los partidos de esta temporada. [SEP] w__ [SEP] win
648,es,2.451382296,"aplicar [SEP] Voy a aplicar pintura a mi habitación, que hace mucha falta. [SEP] p____ [SEP] paint"
649,es,-1.432970914,cabina [SEP] Había que meterse en una cabina para votar. [SEP] b____ [SEP] booth
650,es,-0.811258679,intentar [SEP] Va a ser difícil pero vamos a intentar llegar a la cima. [SEP] a______ [SEP] attempt
651,es,-1.11693004,astronauta [SEP] Para ser astronauta hay que prepararse durante muchos años. [SEP] s_______ [SEP] spaceman
652,es,0.483213506,condado [SEP] Hay muchas casas señoriales en este condado pero muchas está en mal estado. [SEP] c_____ [SEP] county
653,es,1.838211536,lavable [SEP] Lo bueno de este traje es que es lavable. [SEP] w_______ [SEP] washable
654,es,3.222878823,oso [SEP] Una vez ví un oso en Asturias. [SEP] b___ [SEP] bear
655,es,0.973203333,arriba [SEP] La cláusula arriba mencionada no nos vale. [SEP] a____ [SEP] above
656,es,-0.846814982,espectador [SEP] Según un espectador el avión explotó poco después de despegar. [SEP] o_______ [SEP] observer
657,es,1.426515082,puerta [SEP] ¿Dónde está la puerta del museo por favor? [SEP] e_______ [SEP] entrance
658,es,-0.443060928,"atrayente [SEP] Tiene una personalidad bastante atrayente, por lo menos para mí. [SEP] a_________ [SEP] attractive"
659,es,-1.211830057,identificación [SEP] La miró brevemente pero no dio señal de identificación. [SEP] r__________ [SEP] recognition
660,es,-0.785439924,pensador [SEP] Aristóteles es el pensador que ha tenido más influencia sobre nuestra sociedad que ningún otro. [SEP] p__________ [SEP] philosopher
661,es,-2.167559918,opresión [SEP] Uno de los síntomas es una sensación de opresión en el pecho. [SEP] t________ [SEP] tightness
662,es,2.609228411,"luz [SEP] Enciende la luz por favor, no veo nada. [SEP] l____ [SEP] light"
663,es,-1.433243001,portavoz [SEP] Ha venido un portavoz de Naciones Unidas para hablarnos de los refugiados. [SEP] r_____________ [SEP] representative
664,es,-0.817832173,dirigir [SEP] El inspector jefe va a dirigir la investigación. [SEP] h___ [SEP] head
665,es,0.18601119,auditoría [SEP] La auditoría se realizó con el fin de encontrar las razones del desfalco. [SEP] a____ [SEP] audit
666,es,1.331034073,batalla [SEP] El país ha tenido varias batallas a lo largo de la historia [SEP] b_____ [SEP] battle
667,es,2.015940831,hambrienta [SEP] El hombre tenía que alimentar a su familia hambrienta. [SEP] h_____ [SEP] hungry
668,es,1.022482645,"pasta [SEP] Se me ha olvidado la pasta de dientes, ¿me prestas la tuya? [SEP] t_________ [SEP] toothpaste"
669,es,-0.360214504,instar [SEP] El supervisor va a instar a sus empleados a trabajar más rápido. [SEP] u___ [SEP] urge
670,es,-0.545458374,arranque [SEP] El pistoletazo de arranque lo dio el presidente del club. [SEP] s_______ [SEP] starting
671,es,-0.948717585,ternero [SEP] El ternero nació esta mañana en el establo. [SEP] c___ [SEP] calf
672,es,-0.468352972,banca [SEP] La banca es una de las industrias mas seguras del país [SEP] b______ [SEP] banking
673,es,-1.416698604,financiamiento [SEP] Tengo una idea genial para una empresa pero tengo que hablar con el banco para que me brinden financiamiento [SEP] f________ [SEP] financing
674,es,0.109607937,químicamente [SEP] Esta sustancia es químicamente pura. [SEP] c_________ [SEP] chemically
675,es,1.450830048,tribunal [SEP] El abogado planteó la acusación ante el tribunal. [SEP] c____ [SEP] court
676,es,-3.342501928,mejorado [SEP] El sistema sanitario fue mejorado hace unos años y ahora funciona bien. [SEP] r_______ [SEP] reformed
677,es,-2.288791802,golpear [SEP] Se cayó y al golpear la cabeza contra el suelo se hizo una brecha en la frente. [SEP] s_____ [SEP] strike
678,es,-2.184852302,compañero [SEP] Hay un sistema para que un profesor con dificultades pueda ver la clase de un compañero. [SEP] p___ [SEP] peer
679,es,1.131974364,historieta [SEP] La historieta que más me gustaba leer de pequeño era 'Superman'. [SEP] c____ [SEP] comic
680,es,-3.428315031,empujar [SEP] En la práctica de la esgrima hay que empujar la espada con fuerza hacia tu contrincante. [SEP] t_____ [SEP] thrust
681,es,2.305204072,"infierno [SEP] Algunas personas creen que si cometes pecados graves, vas al infierno. [SEP] h___ [SEP] hell"
682,es,-2.696581643,rígido [SEP] Nuestro jefe es algo formal y rígido. [SEP] s____ [SEP] stiff
683,es,-0.721991008,mago [SEP] Trabaja de mago en un programa de televisión para niños. [SEP] i__________ [SEP] illusionist
684,es,2.03997617,atar [SEP] Se agachó para atar los cordones de su hijo. [SEP] t__ [SEP] tie
685,es,-2.394872627,defecto [SEP] La impaciencia es un defecto que tengo desde que era pequeño. [SEP] f___ [SEP] flaw
686,es,0.309419312,puño [SEP] De repente dió con el puño encima de la mesa y todos se asustaron. [SEP] f___ [SEP] fist
687,es,0.261948676,"servicio [SEP] Tengo que ir al baño, voy a buscar el servicio. [SEP] r_______ [SEP] restroom"
688,es,1.71257421,poseer [SEP] Me gustaría poseer una casa en el campo. [SEP] o__ [SEP] own
689,es,-3.223315127,ampliado [SEP] El vocabulario del niño está ampliado desde que empezó a leer. [SEP] e_______ [SEP] expanded
690,es,-0.337893811,matemático [SEP] Baldor era un matemático cubano reconcido por su libro de ejercicios algebraícos [SEP] m____________ [SEP] mathematician
691,es,-1.126905343,anunciante [SEP] El anuciante de la marca ha logrado un nuevo  contrato [SEP] a_________ [SEP] advertiser
692,es,-0.518052405,valiosa [SEP] La esmeralda una piedra muy valiosa que se encuentra en Colombia y Brasil. [SEP] p_______ [SEP] precious
693,es,-0.654927948,longitud [SEP] El carpintero midió la longitud de la mesa. [SEP] l_____ [SEP] length
694,es,-0.466852202,suministrar [SEP] La central eléctrica se encarga de suministrar electricidad a la ciudad entera. [SEP] s_____ [SEP] supply
695,es,1.609413576,maratón [SEP] Cada año se realiza un maratón en la ciudad para recudar fondos para los niños del hospital [SEP] m_______ [SEP] marathon
696,es,-0.549505156,terreno [SEP] El terreno es fértil y apto para la agricultura. [SEP] t______ [SEP] terrain
697,es,-0.348782986,contagiada [SEP] La mitad de la clase está contagiada de gripe. [SEP] i_______ [SEP] infected
698,es,-1.641237088,deshonesto [SEP] Este gobierno es bastante deshonesto y no creo que vuelvan a ganar esta vez. [SEP] c______ [SEP] corrupt
699,es,0.007979583,bioquímica [SEP] Aurora ha obtenido unas notas muy buenas en bioquímica. [SEP] b___________ [SEP] biochemistry
700,es,2.331831152,detector [SEP] Todos los edificios deben poseer detectores de humo. Es una ley [SEP] d_______ [SEP] detector
701,es,1.434185368,brillar [SEP] Vimos una luz brillar en la distancia. [SEP] s____ [SEP] shine
702,es,2.220081694,secretaria [SEP] Póngase en contacto con mi secretaria de oficina para concertar una cita. [SEP] s________ [SEP] secretary
703,es,-2.823908224,caerse [SEP] La pila de libros cayó al suelo y produjo un estruendo en la biblioteca [SEP] t_____ [SEP] tumble
704,es,3.926015506,"ir [SEP] Tengo que ir al médico, no me encuentro bien. [SEP] g_ [SEP] go"
705,es,1.843257144,pimienta [SEP] Sazonar bien el pescado con sal y pimienta. [SEP] p_____ [SEP] pepper
706,es,-0.468347858,característico [SEP] Este tipo de pintura es característico del Renacimiento. [SEP] t______ [SEP] typical
707,es,0.396519248,evolucionar [SEP] Los animales tienen que evolucionar para adaptarse a su entorno. [SEP] e_____ [SEP] evolve
708,es,2.291070268,puerta [SEP] La puerta está indicada en la tarjeta de embarque. [SEP] g___ [SEP] gate
709,es,2.375068989,capitalismo [SEP] Dicen que el sistema económico basado en el capitalismo  está en crisis. [SEP] c_________ [SEP] capitalism
710,es,-0.141377971,rodar [SEP] Se me cayó la botella y empezó a rodar por el piso. [SEP] r___ [SEP] roll
711,es,-3.333895079,posibilidad [SEP] No hay posibilidad para la paz todavía lamentablemente. [SEP] p_______ [SEP] prospect
712,es,0.784387839,"visión [SEP] Ella tiene buena visión, así que no necesita gafas. [SEP] s____ [SEP] sight"
713,es,-1.036861704,"eliminar [SEP] Si deseas eliminar la palabra 'político' del título, no habría ningún problema. [SEP] o___ [SEP] omit"
714,es,0.456562361,eterno [SEP] Tuieron un amor eterno que les duró toda la vida. [SEP] e______ [SEP] eternal
715,es,-0.062548732,escrito [SEP] La traducción del escrito está en la página opuesta. [SEP] t___ [SEP] text
716,es,-2.249742006,sendero [SEP] Los excursionistas siguieron un estrecho sendero a través del bosque. [SEP] t____ [SEP] track
717,es,-4.120894909,auditivo [SEP] La discapacidad auditiva influye mucho en el equilibrio y la orientación [SEP] a_______ [SEP] auditory
718,es,-2.218095644,encima [SEP] La bandera está encima del palo. [SEP] a___ [SEP] atop
719,es,0.178792803,información [SEP] La copia de respaldo mantiene la información personal a salvo. [SEP] d___ [SEP] data
720,es,-1.054650518,agresión [SEP] La agresión no es una caraterística únicamente de los animales. [SEP] a_________ [SEP] aggression
721,es,2.128941121,ir [SEP] Me encanta ir de compras con mi amiga Catalina. [SEP] s___ [SEP] shop
722,es,0.605574382,latido [SEP] Estaba tan nervioso que casi se le oía el latido del corazón. [SEP] h________ [SEP] heartbeat
723,es,0.48278511,novedad [SEP] La última novedad en ingeniería cambiará los viajes espaciales. [SEP] i_________ [SEP] innovation
724,es,0.911424841,artista [SEP] Picasso era un artista que pintaba cuadros y hacía esculturas. [SEP] p______ [SEP] painter
725,es,0.690090765,disculpa [SEP] Estar enfermo es una disculpa aceptable por no haberse presentado al examen. [SEP] e_____ [SEP] excuse
726,es,1.391521037,esfuerzo [SEP] Tienes que hacer un esfuerzo y estudiar un poco más. [SEP] e_____ [SEP] effort
727,es,1.897113244,embarazada [SEP] Miriam está embarazada otra vez y estamos todos encantados. [SEP] p_______ [SEP] pregnant
728,es,2.350998112,socialismo [SEP] Muchas personas creen que el socialismo es un peligro para la sociedad. [SEP] s________ [SEP] socialism
729,es,-3.653436229,proteger [SEP] Una pequeña sombrilla en el carrito puede proteger al niño del sol. [SEP] s_____ [SEP] shield
730,es,-1.317802633,"enmienda [SEP] El documento de la Constitución tiene una enmienda muy interesante al respecto, que se añadió este año. [SEP] a________ [SEP] amendment"
731,es,-2.969696517,reseña [SEP] La reseña de la película fue el punto aimportante de la critica. [SEP] c_______ [SEP] critique
732,es,0.429211772,exposición [SEP] Realizó la exposición de forma interesante e informativa. [SEP] p___________ [SEP] presentation
733,es,2.619878781,imperio [SEP] El imperio chino duró muchísimos años y comprendió muchos países. [SEP] e_____ [SEP] empire
734,es,0.209766417,muestra [SEP] El vendedor le ofreció al cliente una muestra del producto. [SEP] s_____ [SEP] sample
735,es,1.111892074,cuidadoso [SEP] Jorge es muy cuidadoso y cuida muy bien de mi anciano padre. [SEP] c______ [SEP] careful
736,es,-0.210752315,destacar [SEP] El periodista va a destacar las noticias más importantes del día. [SEP] h________ [SEP] highlight
737,es,-1.346224862,estimación [SEP] Creo que había unas cincuenta personas pero sólo es una estimación. [SEP] g____ [SEP] guess
738,es,0.190418044,seguro [SEP] Este sistema de transporte es moderno y seguro. [SEP] s___ [SEP] safe
739,es,-0.492278835,concretamente [SEP] Mi jefe me dijo concretamentelo que tenía que hacer. [SEP] s___________ [SEP] specifically
740,es,-1.184977754,navegar [SEP] Voy a navegar por la página de la universidad. [SEP] b_____ [SEP] browse
741,es,-0.190991638,errónea [SEP] Su versión de lo que ocurrió es errónea. [SEP] i________ [SEP] incorrect
742,es,2.139409085,transformación [SEP] La forma de trabajo ha sufrido un gran transformación en el futuro. [SEP] t_____________ [SEP] transformation
743,es,-0.914907398,robo [SEP] El hombre informó del robo de su automóvil a la policía. [SEP] t____ [SEP] theft
744,es,-0.178518384,agresivo [SEP] El problema es su carácter conflictivo y hasta agresivo. [SEP] a_________ [SEP] aggressive
745,es,-1.903895153,aeronave [SEP] El aeronave despegó a las nueve horas en punto. [SEP] a_______ [SEP] aircraft
746,es,0.531392231,querido [SEP] Daniel fue un amigo muy querido. [SEP] b______ [SEP] beloved
747,es,-4.442134234,exhaustiva [SEP] La policía le hizo una serie de preguntas exhaustiva sobre sus movimientos. [SEP] s________ [SEP] searching
748,es,1.806263652,llevar [SEP] El padre tuvo que llevar a su hija en brazos porque no quería ir andando. [SEP] c____ [SEP] carry
749,es,-1.598153561,"suscitar [SEP] El anuncio va a suscitar una ola de protestas, seguro. [SEP] p______ [SEP] provoke"
750,es,-0.265330765,granja [SEP] La familia con la que viví en Texas tenían una granja con mucho ganado. [SEP] r____ [SEP] ranch
751,es,-2.144224357,petición [SEP] Los ciudadanos presentaron una petición para mejorar la seguridad vial. [SEP] p___ [SEP] plea
752,es,-0.043554571,santuario [SEP] Es un santuario dedicado a la diosa Diana. [SEP] t_____ [SEP] temple
753,es,-2.693143359,espléndido [SEP] La olimpiada ha sido un capítulo espléndido en la historia de este país y estamos todos muy orgullosos. [SEP] g_______ [SEP] glorious
754,es,0.314497852,deslizarse [SEP] Los niños empezaron a deslizarse por el hielo hacia abajo. [SEP] s____ [SEP] slide
755,es,-1.51702197,estimación [SEP] Hice una estimación aproximada de lo que te puede costar. [SEP] c__________ [SEP] calculation
756,es,-1.74220887,terreno [SEP] Mi abuela posee un terreno en las afueras de la ciudad [SEP] l__ [SEP] lot
757,es,-1.009486861,inhóspito [SEP] Un ambiente inhóspito en una empresa es muy malo para el negocio. [SEP] h______ [SEP] hostile
758,es,-1.373281659,aleación [SEP] La aleación del cobre y el zinc forman el latón. [SEP] f_____ [SEP] fusion
759,es,0.948200575,fiesta [SEP] Hicieron una fiesta en todo el país por el fin de la guerra. [SEP] c__________ [SEP] celebration
760,es,-2.573441456,manifestación [SEP] El discurso fue una clara manifestación de su política social. [SEP] e_________ [SEP] expression
761,es,3.110125304,"estacionamiento [SEP] Después de dar muchas vueltas, encontré una plaza de estacionamiento para mi coche. [SEP] p______ [SEP] parking"
762,es,-0.740679999,sofá [SEP] Ese sofá de cuero es muy antiguo. [SEP] c____ [SEP] couch
763,es,-1.929570578,emoción [SEP] Había mucha emoción en el estadio antes del concierto. [SEP] e_________ [SEP] excitement
764,es,-1.177622457,pasta [SEP] Me gusta mucho la pasta larga con salsa boloñesa que hace mi madre. [SEP] s________ [SEP] spaghetti
765,es,-2.287684422,posesiones [SEP] La casa forma parte de las posesiones de la familia [SEP] p_______ [SEP] property
766,es,1.046851453,despedido [SEP] ¡Estás despedido! dijo el director. ¡No vuelvas aquí nunca! [SEP] f____ [SEP] fired
767,es,2.326269024,liberal [SEP] La mayoría de los magistrados son liberales sin embargo el juez principal es demócrata [SEP] l______ [SEP] liberal
768,es,-1.874426541,honor [SEP] Tuve el honor de conocer a gente extraordinaria durante el viaje. [SEP] p________ [SEP] privilege
769,es,0.885254721,buzón [SEP] Fuimos con los niños a echar las cartas al buzón de correos. [SEP] m______ [SEP] mailbox
770,es,-1.270770563,mesero [SEP] El mesero estaba encargado de servir las bebidas a los invitados [SEP] s_____ [SEP] server
771,es,0.089949161,arrepentirse [SEP] Undía de estos va a arrepentirse de lo que ha hecho. [SEP] r_____ [SEP] regret
772,es,-1.325831679,"reiteradamente [SEP] Te lo he dicho reiteradamente, no voy a ir contigo. [SEP] r_________ [SEP] repeatedly"
773,es,-1.801348404,orden [SEP] Los eventos fueron presentados en orden cronológico. [SEP] s_______ [SEP] sequence
774,es,-0.963017218,negación [SEP] La empresa ha emitido una negación rotunda de las alegaciones del abogado. [SEP] d_____ [SEP] denial
775,es,-3.73923042,muestra [SEP] El mensajero entregó la muestra al laboratorio. [SEP] s_______ [SEP] specimen
776,es,-2.004080853,Iraquí [SEP] Farook es un iraquí muy interesante e inteligente [SEP] i____ [SEP] iraqi
777,es,-0.198860063,autómata [SEP] Los médicos han creado un brazo autómata para la niña después de accidente. [SEP] r______ [SEP] robotic
778,es,2.375277391,gramática [SEP] La gramática de una lengua es parte fundamental para su estudio [SEP] g______ [SEP] grammar
779,es,-2.135444455,pasar [SEP] Tuvieron que pasar por delante de la puerta a hurtadillas. [SEP] s____ [SEP] sneak
780,es,2.731507041,abrigo [SEP] Necesito un nuevo abrigo este invierno. [SEP] c___ [SEP] coat
781,es,3.202596065,monumento [SEP] El monumento de la plaza central se creó para conmemorar los cien años de independencia de la ciudad [SEP] m_______ [SEP] monument
782,es,0.458532648,susurrar [SEP] ¿No sabes que es de mala educación susurrar en compañía? [SEP] w______ [SEP] whisper
783,es,2.523165825,preparar [SEP] Hay que empezar a preparar todo antes para la boda en cuanto podamos. [SEP] p______ [SEP] prepare
784,es,-1.164912582,golpetear [SEP] Oí la lluvia golpetear la ventana y preferí quedarme en casa [SEP] t__ [SEP] tap
785,es,1.529718268,inspirado [SEP] Me siento inspirado por la película sobre García Lorca que vi ayer.  Voy a escribir un libro de poesía. [SEP] i_______ [SEP] inspired
786,es,2.425012586,conocida [SEP] Enviamos la carta a la última dirección conocida que teníamos. [SEP] k____ [SEP] known
787,es,0.749790611,patinar [SEP] Va a patinar todos los sábados a la pista que hay en el centro. [SEP] s____ [SEP] skate
788,es,-1.420939156,extraíble [SEP] El secador tiene un filtro extraíble. [SEP] r________ [SEP] removable
789,es,1.424117183,estratégico [SEP] Esta decisión fue tomada como un plan estratégico para reducir el desempleo. [SEP] s________ [SEP] strategic
790,es,2.942845062,cerrado [SEP] El bar está cerrado así que tendremos que buscar otro. [SEP] c_____ [SEP] closed
791,es,1.935181353,papa [SEP] Amo el puré de papa que hace mi mamá [SEP] p_____ [SEP] potato
792,es,-0.155506811,frente [SEP] Dicen que tener la frente ancha denota inteligencia. [SEP] f_______ [SEP] forehead
793,es,2.851695668,signo [SEP] Los arcoíris se consideran un signo que ha salido el sol. [SEP] s___ [SEP] sign
794,es,-0.204245766,tabaco [SEP] El gobierno va a prohibir la publicidad del tabaco [SEP] t______ [SEP] tobacco
795,es,-4.481143991,dispersión [SEP] La dispersión de sus ideas ocurrió de una forma rápida. [SEP] d________ [SEP] diffusion
796,es,-3.075295051,"obstáculo [SEP] Nuestros progresos están afectados por un obstáculo bastante grande, el mal tiempo . [SEP] c___________ [SEP] complication"
797,es,-2.480180205,meter [SEP] Decidí meter bien el dinero en el bolsillo de la blusa antes de que lo vieran. [SEP] t___ [SEP] tuck
798,es,-0.18822318,protección [SEP] El nuevo sistema de pago ofrece una mayor protección. [SEP] s_______ [SEP] security
799,es,0.799453457,"poco [SEP] Este objetivo es muy poco realista, por lo menos a corto plazo. [SEP] u__________ [SEP] unrealistic"
800,es,-0.201686306,protector [SEP] Sus padres eran muy protectores y no le permitían hacer muchas cosas [SEP] p_________ [SEP] protective
801,es,-2.594731623,mudo [SEP] Abrió la boca y emitió un chillido mudo. [SEP] s________ [SEP] soundless
802,es,2.211038818,depender [SEP] El depende de su trabajo por eso no puede viajar sin pedir permiso [SEP] d_____ [SEP] depend
803,es,2.423098193,"arco [SEP] Ha salido el sol, verás como habrá un arco iris por encima del valle. [SEP] r______ [SEP] rainbow"
804,es,-0.387919051,obtención [SEP] La tecnología moderna facilita la obtención de petróleo del mar. [SEP] e_________ [SEP] extraction
805,es,3.123576338,marrón [SEP] Tiene un perrito marrón muy gracioso. [SEP] b____ [SEP] brown
806,es,2.887284242,ADN [SEP] El ADN tiene mucha información y puede ayudar a curar enfermedades. [SEP] d__ [SEP] dna
807,es,2.524614292,lado [SEP] Estoy caminando hacia el lado este del parque. [SEP] s___ [SEP] side
808,es,0.275078309,doblar [SEP] Ayúdame a doblar las sábanas. [SEP] f___ [SEP] fold
809,es,-0.684652237,mango [SEP] La olla tiene un mango desmontable. [SEP] h_____ [SEP] handle
810,es,0.673274394,documental [SEP] Hay un documental interesante que lo presentaran por TV hoy. Hay que verlo [SEP] d__________ [SEP] documentary
811,es,-0.673275787,costal [SEP] Este costal de papas pesa demasiado para levantarla sin ayuda. [SEP] s___ [SEP] sack
812,es,0.084842588,exigencia [SEP] Mi jefe aceptó mi exigencia sin parpadear. [SEP] d_____ [SEP] demand
813,es,3.096324089,"minuto [SEP] Esperame un minuto, en seguida voy. [SEP] m_____ [SEP] minute"
814,es,1.356861107,hada [SEP] El hada buena convirtió a la rana en príncipe y todos vivieron felices. [SEP] f____ [SEP] fairy
815,es,0.338041797,"discoteca [SEP] En los años setenta, íbamos a una discoteca llamada 'Stone's'. [SEP] n________ [SEP] nightclub"
816,es,-1.427382809,iraquí [SEP] El ejército iraquí recuperó la ciudad durante el fin de semana. [SEP] i____ [SEP] iraqi
817,es,2.166795104,nadador [SEP] El estilo preferido del nadador es el mariposa. [SEP] s______ [SEP] swimmer
818,es,-2.320746455,prospección [SEP] La prospección espacial ha sido uno de los aspectos más interesantes del siglo veinte. [SEP] e__________ [SEP] exploration
819,es,0.721282069,cangrejo [SEP] Me encanta la ensalada de cangrejo. [SEP] c___ [SEP] crab
820,es,-0.798003766,aversión [SEP] Por desgracia hay todavía bastante aversión a la homosexualidad en el mundo. [SEP] h_________ [SEP] homophobia
821,es,-0.487315083,cruce [SEP] Hubo un accidente en el cruce del ferrocarril con la carretera. [SEP] c_______ [SEP] crossing
822,es,-1.528401834,célebre [SEP] Picasso fue un pintor célebre en el mundo . [SEP] c_________ [SEP] celebrated
823,es,-0.266281682,expresión [SEP] Es una expresión que oigo mucho pero no sé lo que significa. [SEP] p_____ [SEP] phrase
824,es,-1.757145441,ganador [SEP] El equipo ganador pasará a la siguiente ronda. [SEP] w______ [SEP] winning
825,es,3.078430029,triste [SEP] Está un poco triste porque le ha dejado su novia. [SEP] s__ [SEP] sad
826,es,-1.839166856,rondar [SEP] Mucha gente ha visto el fantasma del obispo rondar los muros del castillo. [SEP] h____ [SEP] haunt
827,es,-1.324069255,elogio [SEP] El profesionalismo de los dos equipos es digno de elogio. [SEP] p_____ [SEP] praise
828,es,2.219805636,traducir [SEP] Van a traducir el libro para que llegue a un público más amplio. [SEP] t________ [SEP] translate
829,es,1.331446802,homosexualidad [SEP] La homosexualidad se reconoce como un derecho en países del primer mundo [SEP] h____________ [SEP] homosexuality
830,es,-0.922719342,grueso [SEP] El grueso de los candidatos cumplía con los criterios de selección. [SEP] m_______ [SEP] majority
831,es,0.030667054,descuidado [SEP] Es un alumno muy descuidado y nunca hace los deberes. [SEP] c_______ [SEP] careless
832,es,3.03435988,de [SEP] Estos zapatos tan elegantes son de Italia. [SEP] i______ [SEP] italian
833,es,2.233733906,duramente [SEP] Ayer trabajé duramente todo el día así que estoy muy cansada. [SEP] h___ [SEP] hard
834,es,0.742103235,"palo [SEP] Si tiras el palo, el perro irá a buscarlo. [SEP] s____ [SEP] stick"
835,es,-1.059649378,linterna [SEP] El policía buscó el paquete por el jardín con una linterna pero no encontró nada. [SEP] f_________ [SEP] flashlight
836,es,-1.736207716,desilusionado [SEP] Me siento desilusionado por la falta de entusiasmo del equipo. [SEP] f_________ [SEP] frustrated
837,es,0.08483611,civilización [SEP] Los mayas fueron una civilización aborígen que vivió en México [SEP] c___________ [SEP] civilization
838,es,-1.549036861,bajo [SEP] Pasamos todo el día bajo el sol de la playa. [SEP] b______ [SEP] beneath
839,es,-0.370593472,gotear [SEP] Como siga la lluvia así el agua va gotear a través de las grietas del tejado. [SEP] l___ [SEP] leak
840,es,1.262370348,pizarra [SEP] La profesora escribió la frase en la pizarra. [SEP] b_________ [SEP] blackboard
841,es,-2.812414289,enriquecimiento [SEP] El país ha experimentado un período de enriquecimiento durante los últimos años. [SEP] p_________ [SEP] prosperity
842,es,-0.35308789,peor [SEP] El tiempo es peor hoy que ayer. [SEP] w____ [SEP] worse
843,es,1.303866359,dormido [SEP] Estaba dormido cuando llamaste. [SEP] a_____ [SEP] asleep
844,es,1.204160659,niño [SEP] El niño paga la mitad del precio. [SEP] i_____ [SEP] infant
845,es,-2.913794939,"pronto [SEP] Pronto estaré en casa, en solo diez minutos. [SEP] s______ [SEP] shortly"
846,es,-0.782706911,miembro [SEP] Es miembro del grupo superior de políticos elegidos por la cámara alta del congreso. [SEP] s______ [SEP] senator
847,es,2.343268273,jefe [SEP] El nuevo jefe parece muy amable. [SEP] b___ [SEP] boss
848,es,-3.331113178,corriente [SEP] La corriente alrededor de un vehículo puede ser peligrosa para los ciclistas. [SEP] a______ [SEP] airflow
849,es,3.709044437,otra [SEP] Esta opción es mucho mejor que cualquier otra. [SEP] o____ [SEP] other
850,es,-3.296580024,que [SEP] Esta sonata de Mozart es algo que me anima a practicar el piano. [SEP] i________ [SEP] inspiring
851,es,0.134122574,afición [SEP] Fui a Francia para estudiar el vino francés dada mi gran afición por él. [SEP] i_______ [SEP] interest
852,es,0.51224896,destello [SEP] Un destello de repente iluminó el cielo oscuro. [SEP] f____ [SEP] flash
853,es,-1.759464985,socavar [SEP] Los obstáculos no van a socavar la confianza del equipo. [SEP] u________ [SEP] undermine
854,es,1.679564608,lata [SEP] Abrimos una lata de atún y hacemos una tortilla muy rica. [SEP] c__ [SEP] can
855,es,0.838566613,cortar [SEP] No paró de cortar al entrevistado durante todo el programa. [SEP] i________ [SEP] interrupt
856,es,-5.121634957,"intensa [SEP] Tiene una ambición intensa que estoy seguro, le va a llevar a la cima de su profesión. [SEP] d______ [SEP] driving"
857,es,1.326074793,sombra [SEP] La sombra del árbol se iba alargando según bajaba el sol. [SEP] s_____ [SEP] shadow
858,es,1.299190821,salchicha [SEP] La salchicha estaba demasiado picante para mi gusto. [SEP] s______ [SEP] sausage
859,es,-0.57019893,cuantificable [SEP] Hay que poner en práctica una reducción cuantificable del uso de los plásticos. [SEP] m_________ [SEP] measurable
860,es,-0.849675903,fruncir [SEP] Deja de fruncir el ceño. ¡Te van a salir arrugas! [SEP] f____ [SEP] frown
861,es,2.108901177,"ocurrir [SEP] Sabía que iba a ocurrir, para mí no ha sido una sorpresa. [SEP] h_____ [SEP] happen"
862,es,1.319977265,hoja [SEP] Este árbol tiene una hoja muy delicada y bonita. [SEP] l___ [SEP] leaf
863,es,-1.904898619,añoranza [SEP] Estrella está llena de añoranza por sus días de estudiante. [SEP] n________ [SEP] nostalgia
864,es,1.953209437,idealismo [SEP] El idealismo es la falta de practicidad en las situaciones cotidianas de la vida [SEP] i_______ [SEP] idealism
865,es,-1.223013419,impresión [SEP] La impresión de la realidad que tenemos no es necesariamente correcta. [SEP] p_________ [SEP] perception
866,es,2.534120987,anillo [SEP] El anillo es de oro puro. [SEP] r___ [SEP] ring
867,es,-1.696286657,"asistencia [SEP] Por favor, confirmen su asistencia tan pronto como les sea posible. [SEP] a_________ [SEP] attendance"
868,es,-0.536731742,sofisticado [SEP] Mark es un hombre sofisticado que sabe mucho de arte. [SEP] s____________ [SEP] sophisticated
869,es,-3.444452247,coherente [SEP] La ley debe ser aplicada de forma coherente. [SEP] c_________ [SEP] consistent
870,es,2.65513191,socialista [SEP] Su política socialista es algo nuevo para los ciudadanos del país [SEP] s________ [SEP] socialist
871,es,-0.176188149,tronco [SEP] Las ramas de un árbol crecen del tronco. [SEP] t____ [SEP] trunk
872,es,0.293312855,cola [SEP] El perro movía la cola de felicidad. [SEP] t___ [SEP] tail
873,es,1.25679052,entrenador [SEP] Tenemos un nuevo entrenador. ¡A ver si ganamos algún partido ahora! [SEP] c____ [SEP] coach
874,es,0.264965845,obligatorio [SEP] Es obligatorio usar guantes para trabajar con estos pacientes. [SEP] m________ [SEP] mandatory
875,es,-1.264146615,especialidad [SEP] La especialidad de Andrés es la torta de zanahoria [SEP] s________ [SEP] specialty
876,es,-3.724696697,reconsiderar [SEP] Las partes decidieron reconsiderar los términos del acuerdo. [SEP] r_____ [SEP] revise
877,es,-1.975355859,torcido [SEP] ¡Qué curioso!  Este perro tiene el rabo torcido. [SEP] c_____ [SEP] curved
878,es,2.042644593,pequeño [SEP] Tengo un hermano pequeño al que quiero mucho. [SEP] l_____ [SEP] little
879,es,-1.548919288,vergüenza [SEP] Es muy tímida y siente mucha vergüenza cuando le preguntan algo. [SEP] e____________ [SEP] embarrassment
880,es,0.528203454,latido [SEP] El médico le tomó la muñeca para comprobar el latido pero estaba perfectamente. [SEP] p____ [SEP] pulse
881,es,1.981070852,diplomacia [SEP] La diplomacia es importante a la hora de tratar con personas de otros paises [SEP] d________ [SEP] diplomacy
882,es,1.413324525,documentación [SEP] Al llegar al aeropuerto nos pidieron la documentación necesaria para poder entrar al país [SEP] d____________ [SEP] documentation
883,es,-1.472260996,parte [SEP] ¿En cuánto quedó tu parte de las ganancias? [SEP] s____ [SEP] share
884,es,-3.026481303,fácilmente [SEP] Todos los ingredientes se pueden obtener fácilmente en tu supermercado local. [SEP] r______ [SEP] readily
885,es,0.538781969,auricular [SEP] Se me estropeó el auricular izquierdo y no oía bien. [SEP] e_______ [SEP] earphone
886,es,0.848944922,adictivo [SEP] Dicen que el azúcar es una sustancia adctiva [SEP] a________ [SEP] addictive
887,es,1.740613313,"salud [SEP] ¡Salud! - dijimos todos, levantando nuestras copas en un brindis. [SEP] c_____ [SEP] cheers"
888,es,2.795687466,tierra [SEP] El explorador trazó un mapa de la tierra descubierta. [SEP] l___ [SEP] land
889,es,-2.464265605,interior [SEP] Pablo tiene una vida espiritual interior que le mantiene muy equilibrado. [SEP] i_______ [SEP] internal
890,es,-0.195870629,logro [SEP] Terminar sus estudios sería un gran logro [SEP] a__________ [SEP] achievement
891,es,-3.236478196,indemne [SEP] Mi pensamiento político salió indemne de aquellos interrogatorios. [SEP] i_____ [SEP] intact
892,es,-0.377164694,faceta [SEP] Es una faceta muy interesante de la cuestión. [SEP] a_____ [SEP] aspect
893,es,0.661539746,investigar [SEP] Tenemos que investigar exactamente cómo se va a utilizar el producto. [SEP] r_______ [SEP] research
894,es,2.459491456,vampiro [SEP] Drácula es el vampiro más famoso del mundo. [SEP] v______ [SEP] vampire
895,es,0.943412077,anual [SEP] El congreso se realiza de manuera anual [SEP] a_____ [SEP] annual
896,es,1.554297287,geólogo [SEP] Jesús Martínez-Frías es un geólogo profesional que ha sido portada de la revista 'Nature Geoscience.' [SEP] g________ [SEP] geologist
897,es,-1.894199585,"dentro [SEP] Vamos dentro, ahí podremos hablar mejor. [SEP] i______ [SEP] indoors"
898,es,-4.65263486,llamativo [SEP] Lleva un vestido rojo muy llamativo. [SEP] a________ [SEP] arresting
899,es,-1.658082281,particular [SEP] Las especias añaden un sabor particular a los platos. [SEP] p_______ [SEP] peculiar
900,es,-0.202032362,sudorosa [SEP] Tenía la mano sudorosa cuando me saludó. [SEP] s_____ [SEP] sweaty
901,es,-0.096931013,de [SEP] La tarea iba más allá del cometido del grupo de trabajo. [SEP] w______ [SEP] working
902,es,2.915344346,dragón [SEP] En la mitología nórdica siempre hay un dragón asesino [SEP] d_____ [SEP] dragon
903,es,1.638335644,mecánico [SEP] Mauricio es mecánico y trabaja en un taller. [SEP] m_______ [SEP] mechanic
904,es,0.954718856,aminorar [SEP] El conductor tuvo que aminorar la velocidad porque la carretera era peligrosa. [SEP] r_____ [SEP] reduce
905,es,-0.010107689,escupir [SEP] Está prohibido escupir por la calle. [SEP] s___ [SEP] spit
906,es,1.300245673,erótica [SEP] Venden lencería erótica en esa tienda. [SEP] s___ [SEP] sexy
907,es,1.606597952,base [SEP] La base de datos de la compañía se encuentra protegida por un podersoso sistema de seguridad [SEP] d_______ [SEP] database
908,es,0.197996139,huérfano [SEP] El niño es huérfano de madre pero su padre vive. [SEP] m_________ [SEP] motherless
909,es,-0.658245156,manejo [SEP] El nuevo sistema ha mejorado el manejo de los documentos. [SEP] h_______ [SEP] handling
910,es,1.65716382,empacar [SEP] Su padre le empacaba su almuerzo todas las mañanas antes de salir a trabajar [SEP] p___ [SEP] pack
911,es,2.742859405,correr [SEP] Soy fanática de correr en las mañanas [SEP] r______ [SEP] running
912,es,-2.559306541,asiduidad [SEP] Pasaban los aviones por encima con una asiduidad monótona. [SEP] r_________ [SEP] regularity
913,es,-2.902220173,tratamiento [SEP] En esta sala los pacientes reciben su tratamiento. [SEP] t______ [SEP] therapy
914,es,1.49449274,gran [SEP] Hoy hemos logrado una gran victoria para nuestro equipo. [SEP] g____ [SEP] great
915,es,3.173320442,feo [SEP] ¡Qué perro más feo! [SEP] u___ [SEP] ugly
916,es,0.463800888,"pruebas [SEP] Sin pruebas, la policía no puede hacer nada. [SEP] e_______ [SEP] evidence"
917,es,2.276995244,constitución [SEP] La política y las leyes de un país deben regirse por la constitución política del mismo [SEP] c___________ [SEP] constitution
918,es,-1.605430667,recreo [SEP] Los chicos tienen media hora de recreo por la mañana para salir a jugar. [SEP] p_______ [SEP] playtime
919,es,1.262536511,casco [SEP] No te olvides de ponerte el casco si sales con la bicicleta. [SEP] h_____ [SEP] helmet
920,es,-2.284536406,atraer [SEP] Intentó atraer a su mascota para que entrara en la casa pero se escapó de nuevo. [SEP] l___ [SEP] lure
921,es,0.93698986,ubicar [SEP] Tuvimos que hacer un esfuerzo grande para ubicar todos los documentos. [SEP] l_____ [SEP] locate
922,es,0.117873478,abarrotado [SEP] El tren siempre está abarrotado en las horas de la mañana [SEP] c______ [SEP] crowded
923,es,-2.492871102,colección [SEP] Había una colección impresionante de flores tropicales en la sala. [SEP] a____ [SEP] array
924,es,-0.527918253,freno [SEP] Ten cuidado de no confundir el freno con el acelerador. [SEP] b____ [SEP] brake
925,es,0.228545226,distraer [SEP] Ten cuidado de no distraerte de la carretera mientras conduces. [SEP] d_______ [SEP] distract
926,es,-0.019091277,"relacionarse [SEP] Hay que hablar y relacionarse con los clientes, no sólo venderles los productos. [SEP] i_______ [SEP] interact"
927,es,1.921446775,microbiología [SEP] Javier se ha especializado en microbiología [SEP] m___________ [SEP] microbiology
928,es,-0.382708092,bandeja [SEP] Había una bandeja de pasteles en la mesa. [SEP] t___ [SEP] tray
929,es,-0.477559848,multimillonario [SEP] La colección fue adquirido por un multimillonario saudí y posteriormente por una fundación. [SEP] m_______________ [SEP] multimillionaire
930,es,-0.002771517,"mecánicamente [SEP] Cuando llevas muchos años conduciendo, tu cuerpo lo hace mecánicamente. [SEP] a____________ [SEP] automatically"
931,es,-0.342348272,aumentar [SEP] No hay que aumentar la velocidad en las curvas. [SEP] a_________ [SEP] accelerate
932,es,-1.489368293,"tontamente [SEP] Pensé, tontamente, que me había perdonado pero no fue así. [SEP] s_______ [SEP] stupidly"
933,es,1.137813622,cruz [SEP] He marcado el lugar en el mapa con una cruz. [SEP] c____ [SEP] cross
934,es,-1.237207297,mercado [SEP] Las compañias tienen que saber sobrevivir en el mercado. [SEP] m__________ [SEP] marketplace
935,es,0.597895103,alumna [SEP] Malena es una alumna excelente que pone interés en todo lo que hace. [SEP] p____ [SEP] pupil
936,es,-1.584171455,llorar [SEP] La niña dejó de llorar cuando encontró a su madre. [SEP] w___ [SEP] weep
937,es,-0.907385238,rara [SEP] Eloísa rara vez te cuenta cosas personales. [SEP] s_____ [SEP] seldom
938,es,2.667342342,largo [SEP] Su discurso fue largo y aburrido. [SEP] l___ [SEP] long
939,es,-0.430338248,impartida [SEP] La clase magistral será impartida por un profesor invitado. [SEP] t_____ [SEP] taught
940,es,-0.304536024,parte [SEP] Sólo una parte pequeña del presupuesto se gasta en libros. [SEP] p______ [SEP] portion
941,es,-0.073577966,en [SEP] La mayor parte de nuestra ropa se hace en factorías ubicadas en ultramar. [SEP] o_______ [SEP] overseas
942,es,-1.950098627,religiosa [SEP] La mantis religiosa es un insecto que tiene un aspecto muy extraño. [SEP] p______ [SEP] praying
943,es,2.055471087,geografía [SEP] Joaquín se ha titulado en geografía y ahora va a hacer un master en geología. [SEP] g________ [SEP] geography
944,es,0.623520963,obras [SEP] Las obras del artista han duplicado su valor tras su fallecimiento. [SEP] w____ [SEP] works
945,es,2.533654158,heróico [SEP] Fue un acto heróico salvar al ese niño del incendio. [SEP] h_____ [SEP] heroic
946,es,-0.332646779,regular [SEP] Aprender un idioma requiere un estudio regular de la gramática y del vocabulario. [SEP] c_______ [SEP] constant
947,es,1.866375538,viuda [SEP] Es viuda desde hace muchos años y no ha vuelto a pensar en casarse. [SEP] w____ [SEP] widow
948,es,1.792748421,"comenzar [SEP] El sendero debe comenzar en la base de la montaña, creo. [SEP] s____ [SEP] start"
949,es,-0.232636828,electricista [SEP] El electricista nos reparó la máquina en seguida. [SEP] e__________ [SEP] electrician
950,es,-0.419129374,brisa [SEP] Había una brisa suave en la playa. [SEP] b_____ [SEP] breeze
951,es,1.547400773,rebajas [SEP] Compro casi toda mi ropa en las rebajas de verano. [SEP] s____ [SEP] sales
952,es,-1.182102864,forma [SEP] El proveedor decide la forma de transporte que prefiera. [SEP] m___ [SEP] mode
953,es,1.610715982,lechoso [SEP] El café está bueno pero está un poco lechoso para mi gusto. [SEP] m____ [SEP] milky
954,es,0.76206933,apremiante [SEP] Tiene que hacer una llamada apremiante ahora mismo. [SEP] u_____ [SEP] urgent
955,es,-0.757835026,grupo [SEP] Había un grupo de gente joven esperando en la puerta. [SEP] b____ [SEP] bunch
956,es,2.005388997,cubrir [SEP] Hacía mucho frío así que intentamos cubrir el perrito con una manta. [SEP] c____ [SEP] cover
957,es,-0.500001472,"salvedad [SEP] La novela tuvo mucho éxito, con la salvedad del mercado más jóven. [SEP] e________ [SEP] exception"
958,es,-0.497056184,juego [SEP] A Fernando le gusta el juego y va al casino muy a menudo. [SEP] g_______ [SEP] gambling
959,es,3.821477476,dinero [SEP] El dinero no trae la felicidad necesariamente. [SEP] m____ [SEP] money
960,es,0.588943027,esquiador [SEP] El esquiador se lanzó por la pendiente a toda velocidad. [SEP] s____ [SEP] skier
961,es,1.370157765,llevar [SEP] No se te olvide de llevar las zapatillas de deporte al partido. [SEP] t___ [SEP] take
962,es,-1.058184453,cuchara [SEP] Dame esa cuchara grande que voy a servir las patatas. [SEP] t_________ [SEP] tablespoon
963,es,0.074597824,"mayormente [SEP] Mayormente, las películas basadas en hechos reales son veridicas pero en algunas ocasiones hay cosas que nunca ocurrieron en verdad [SEP] g________ [SEP] generally"
964,es,1.521010396,motor [SEP] El motor es una parte importante del tren porque tira de él.. [SEP] e_____ [SEP] engine
965,es,-2.14508345,trituradas [SEP] Tengo una receta fabulosa para un bizcocho que contiene almendras trituradas. [SEP] c______ [SEP] crushed
966,es,2.226552395,macho [SEP] El macho de la especie tiene la cola blanca. [SEP] m___ [SEP] male
967,es,-1.280835675,variar [SEP] Las temperaturas pueden variar entre los 25 y los 30 grados Celsius [SEP] r____ [SEP] range
968,es,2.798688397,transporte [SEP] Esta nueva política de transporte que el  gobierno implanto es muy buena. [SEP] t________ [SEP] transport
969,es,2.009674637,hombro [SEP] Me hice daño en un hombro mientras jugaba al rugby. [SEP] s_______ [SEP] shoulder
970,es,0.100655236,discapacidad [SEP] Aquí hay un centro para gente con discapacidad intelectual. [SEP] d_________ [SEP] disability
971,es,-3.234729737,asesora [SEP] Ana es asesora financiera en un bufete de abogados. [SEP] a______ [SEP] adviser
972,es,1.464178646,mezclado [SEP] El tiempo ha sido bastante mezclado últimamente. [SEP] m____ [SEP] mixed
973,es,2.468270905,invisible [SEP] Me gustaría ser invisible y poder viajar a escondidas en los aviones [SEP] i________ [SEP] invisible
974,es,-3.149980422,idear [SEP] Tengo que idear un plan para resolver este problema. [SEP] d_____ [SEP] devise
975,es,-0.16571108,proyector [SEP] Voy a necesitar un proyector digital para poder ver las fotos bien. [SEP] p________ [SEP] projector
976,es,0.303482914,consagrar [SEP] Dice que va a consagrar su vida al cuidado de los niños. [SEP] d_______ [SEP] dedicate
977,es,-2.920382533,exterior [SEP] No podemos regular la temperatura exterior. [SEP] o______ [SEP] outdoor
978,es,0.26519472,inexplicado [SEP] El crimen de momento está inexplicado pero estamos trabajando en ello. [SEP] u__________ [SEP] unexplained
979,es,-1.531142702,nombrar [SEP] El director va a nombrar su sucesor esta tarde. [SEP] d________ [SEP] designate
980,es,2.997844505,llegar [SEP] No tardaré mucho en llegar. [SEP] a_____ [SEP] arrive
981,es,-3.019096691,alimentar [SEP] Tienes que alimentar tu cuerpo antes de hacer ejercico. [SEP] f___ [SEP] fuel
982,es,1.381914972,equilibrada [SEP] Siempre tiene una opinión muy equilibrada sobre las cosas. [SEP] b_______ [SEP] balanced
983,es,0.614482619,esteroide [SEP] A veces los deportistas usan esteroides para el hinchazón para mejorar su rendimiento. [SEP] s_______ [SEP] steroids
984,es,-2.356700398,silicio [SEP] Se utiliza el silicio para hacer chips informáticos. [SEP] s______ [SEP] silicon
985,es,-2.289208561,pleito [SEP] El pleito se resolvió de forma amistosa al final. [SEP] l_________ [SEP] litigation
986,es,2.061323704,de [SEP] Colombia es un país de América. [SEP] a_______ [SEP] american
987,es,-2.646904882,conducir [SEP] El capitán debe conducir el barco de manera segura al puerto [SEP] s____ [SEP] steer
988,es,-1.582313575,"mecenas [SEP] Hazte mecenas de nuestro periódico online, cuesta muy poco. [SEP] p_____ [SEP] patron"
989,es,0.933597204,cuenta [SEP] La cuenta atrás para las vacaciones ya ha empezado. [SEP] c________ [SEP] countdown
990,es,-2.264562098,secundaria [SEP] Ganó un premio por la mejor actriz secundaria de la temporada. [SEP] s_________ [SEP] supporting
991,es,-3.58200124,"ordinaria [SEP] Dicho de manera ordinaria, ¡eres completamente tonto! [SEP] c____ [SEP] crude"
992,es,-1.168521631,tirantez [SEP] Había bastante tirantez en el despacho durante la reunión. [SEP] t______ [SEP] tension
993,es,3.523687329,bolso [SEP] Pusieron las compras en un bolso de papel grande. [SEP] b__ [SEP] bag
994,es,0.504511221,alumbrada [SEP] La fuente está alumbrada.  Debe ser por las fiestas. [SEP] i__________ [SEP] illuminated
995,es,1.14541519,lanzar [SEP] Hay que ponerse el guante antes de lanzar la pelota. [SEP] t____ [SEP] throw
996,es,1.772357266,que [SEP] No quiero pasar lo que queda del día aquí metido en el colegio. [SEP] r___ [SEP] rest
997,es,-3.371477374,combinar [SEP] Lisa siempre combina el color de su ropa con sus accesorios [SEP] c_________ [SEP] coordinate
998,es,4.09613352,hielo [SEP] Me gusta tomar el whisky  dos cubitos de hielo. [SEP] i__ [SEP] ice
999,es,-3.771850935,movilizar [SEP] El político tendrá que movilizar a los votantes a favor de su causa. [SEP] r____ [SEP] rally
1000,es,0.324008397,fragancia [SEP] Me encanta la fragancia de la rosaleda en primavera. [SEP] p______ [SEP] perfume
1001,es,3.663825032,club [SEP] Soy miembro del club de tenis de la ciudad [SEP] c___ [SEP] club
1002,es,1.57217142,correlación [SEP] El estudio mostró una correlación clara entre el clima y la vegetación. [SEP] c__________ [SEP] correlation
1003,es,-1.044164155,sugerencia [SEP] Su sugerencia de cambiar el sistema de pagos fue acogida de buen grado por todos. [SEP] p_______ [SEP] proposal
1004,es,-3.022472701,encuestado [SEP] Sólo un encuestado respondió de forma negativa sobre el curso que había hecho. [SEP] r_________ [SEP] respondent
1005,es,3.563132797,cochera [SEP] Nuestra nueva casa tiene una cochera para tres automóviles. [SEP] g_____ [SEP] garage
1006,es,2.243337671,tortuga [SEP] Había una tortuga muy grande en la playa. [SEP] t_____ [SEP] turtle
1007,es,0.136027599,cuota [SEP] La cuota mensual del gimnasio son cincuenta euros. [SEP] f__ [SEP] fee
1008,es,0.921559922,aliento [SEP] Hace tanto frío que veo mi propio aliento. [SEP] b_____ [SEP] breath
1009,es,1.809253276,animación [SEP] Me encanta la animación de la fiesta. [SEP] a________ [SEP] animation
1010,es,-1.671118517,reflexionar [SEP] El jurado se retiró durante unas horas para reflexionar sobre el caso. [SEP] d_________ [SEP] deliberate
1011,es,3.111391678,casada [SEP] Pilar está casada con un primo de mi padre. [SEP] m______ [SEP] married
1012,es,-2.381433085,destrozado [SEP] Estaba destrozado al oír que se habían muerto sus padres en el accidente. [SEP] h__________ [SEP] heartbroken
1013,es,-0.128784803,tiro [SEP] Oí el tiro desde mi casa y cuando me asomé vi a una persona salir corriendo. [SEP] g______ [SEP] gunshot
1014,es,2.281856304,beber [SEP] Beber durante el embarazo no es aconsejable. [SEP] d_______ [SEP] drinking
1015,es,1.769669548,metro [SEP] El metro de Nueva York es fenomenal para viajar por la ciudad. [SEP] s_____ [SEP] subway
1016,es,3.283728679,secar [SEP] Te tienes que secar antes de sentarte en la mesa. [SEP] d__ [SEP] dry
1017,es,-2.061331865,objetivo [SEP] El objetivo de la estrategia es mejorar las ventas. [SEP] i________ [SEP] intention
1018,es,-1.342554162,producir [SEP] El nuevo método de tratamiento va a producir buenos resultados. [SEP] y____ [SEP] yield
1019,es,3.092457679,superhombre [SEP] Dicen que es el superhombrede las finanzas. [SEP] s_______ [SEP] superman
1020,es,0.094014697,procreación [SEP] Están estudiando el proceso de procreación en los crustáceos. [SEP] r___________ [SEP] reproduction
1021,es,1.08884857,campeonato [SEP] Se celebró el campeonato de baloncesto en mi colegio. [SEP] c___________ [SEP] championship
1022,es,1.591737519,aterrizar [SEP] El avión dio varias vueltas al aeropuerto antes de aterrizar. [SEP] l___ [SEP] land
1023,es,1.902834744,catolico [SEP] Los católicos se reúnen en la iglesia para la misa en la mañama [SEP] c_______ [SEP] catholic
1024,es,-1.844910612,desviar [SEP] Hubo que desviar el tráfico por las obras. [SEP] r_______ [SEP] redirect
1025,es,-4.519660138,precursora [SEP] El país estableció la situación como precursora en la lucha contra el cambio climático. [SEP] p________ [SEP] precedent
1026,es,-3.434659568,permanencia [SEP] El director logró muchos avances durante su permanencia en la empresa. [SEP] t_____ [SEP] tenure
1027,es,0.757198316,hacer [SEP] Su voz no tardó en hacer eco por todo el valle. [SEP] e___ [SEP] echo
1028,es,-3.311965232,tradicionalmente [SEP] Siempre ha vivido ya ha pensado tradicionalmente. [SEP] c_____________ [SEP] conventionally
1029,es,0.528930498,actual [SEP] Este sistema de transportes es actual y segura. [SEP] m_____ [SEP] modern
1030,es,0.413390941,soplar [SEP] El soplar del viento del norte señala el principio del invierno. [SEP] b______ [SEP] blowing
1031,es,2.319983358,gastar [SEP] No hay que gastar tanto dinero en cosas que no necesitamos. [SEP] s____ [SEP] spend
1032,es,0.26698607,crecimiento [SEP] La falta de agua va a afectar el crecimiento de los árboles. [SEP] g_____ [SEP] growth
1033,es,-2.127727795,"posteriormente [SEP] El profesor habló con el niño primero, y posteriormente, con sus padres. [SEP] s___________ [SEP] subsequently"
1034,es,-0.409194053,cabaña [SEP] Hay una pequeña cabaña en mi jardín donde escribe mi hermano. [SEP] h__ [SEP] hut
1035,es,1.257698487,judía [SEP] Esta sopa de judía verde con coliflor está buenísima. [SEP] b___ [SEP] bean
1036,es,0.064947523,voluntad [SEP] Mi hermana cumplió sus objetivos debido a su gran voluntad. [SEP] w___ [SEP] will
1037,es,-1.221369517,básico [SEP] La prevención puede ser un factor básico en la asistencia médica. [SEP] e_________ [SEP] elementary
1038,es,-1.767570515,"por [SEP] Oímos cómo pasaba la tormenta por arriba, pero no llegó a llover. [SEP] o_______ [SEP] overhead"
1039,es,-0.661775275,papel [SEP] El papel de colgadura está otra vez de moda. [SEP] w________ [SEP] wallpaper
1040,es,-0.026949291,"corriente [SEP] Si te vas a bañar hoy, ten cuidado con el mar, hay mucha corriente. [SEP] c______ [SEP] current"
1041,es,-1.364540584,incómodo [SEP] Un silencio incómodo siguió a sus palabras en el que todos se miraron. [SEP] a______ [SEP] awkward
1042,es,-1.157167502,proveedor [SEP] Puedes vendernos tu producto si eres un proveedor certificado. [SEP] v_____ [SEP] vendor
1043,es,-1.463952621,ridículo [SEP] Lo que dices es ridículo. [SEP] a_____ [SEP] absurd
1044,es,0.754765219,telemercadeo [SEP] Trabaja en una empresa de telemercadeo [SEP] t____________ [SEP] telemarketing
1045,es,2.646024423,abeja [SEP] La abeja reina es la más importante de la colmena. [SEP] b__ [SEP] bee
1046,es,1.176056905,habilidad [SEP] Hablar más de dos idiomas es una habilidad muy útil. [SEP] s____ [SEP] skill
1047,es,2.809320766,selva [SEP] Hicimos una viaje a la selva por el Amazonas en barco. [SEP] j_____ [SEP] jungle
1048,es,-0.665654605,catalejo [SEP] Hacía una noche muy buena así que sacamos el catalejo para ver las estrellas. [SEP] t________ [SEP] telescope
1049,es,1.708323487,demográfico [SEP] El estudio demográfico presentó un analisis interesante de la población seleccionada [SEP] d__________ [SEP] demographic
1050,es,3.38664348,"cocinar [SEP] Me gusta mucho cocinar, sobre todo cuando tengo invitados. [SEP] c___ [SEP] cook"
1051,es,-1.780457205,adorada [SEP] Nunca me olvidaré de mi adorada Katy. Estuvimos juntos durante cincuenta años. [SEP] d______ [SEP] darling
1052,es,-0.160566116,delante [SEP] Tenemos unos cuantos problemas delante de nosotros. [SEP] a____ [SEP] ahead
1053,es,-0.411564918,gatillo [SEP] El vendedor nos enseñó cómo apretar el gatillo de la pistola. [SEP] t______ [SEP] trigger
1054,es,-1.415142203,sinfonía [SEP] Vamos a oír la novena sinfonía de Beethoven esta noche. [SEP] s_______ [SEP] symphony
1055,es,2.871754535,hijo [SEP] Mi hijo trabaja en la Universidad de Sao Paulo en Brasil. [SEP] s__ [SEP] son
1056,es,1.967960549,doce [SEP] El carruaje se volvió a convertir en calabaza a las doce de la noche. [SEP] m_______ [SEP] midnight
1057,es,1.605101676,escuela [SEP] Daniel estudia en una escuela de arte en Málaga. [SEP] c______ [SEP] college
1058,es,2.170500919,mucho [SEP] Me siento mucho mejor ahora que he tomado ese té. [SEP] m___ [SEP] much
1059,es,2.844410938,"limpio [SEP] Qué limpio está todo, parece todo recién pulido. [SEP] c____ [SEP] clean"
1060,es,1.460450153,"robada [SEP] Esta mercancía está robada, estoy seguro. [SEP] s_____ [SEP] stolen"
1061,es,-1.911832625,heredero [SEP] Creen que va a ser el heredero a la presidencia del partido. [SEP] s________ [SEP] successor
1062,es,2.365598365,loco [SEP] Hay que estar loco para ir por esa carretera tan peligrosa. [SEP] c____ [SEP] crazy
1063,es,-0.419374814,solicitud [SEP] La secretaria envió mi solicitud al departamento correspondiente. [SEP] r______ [SEP] request
1064,es,0.398399678,herida [SEP] El caballo tenía una herida en el lomo y no pude montarlo. [SEP] w____ [SEP] wound
1065,es,-0.479394641,"inventiva [SEP] Para escribir una obra tan fantástica, habría que tener mucha inventiva. [SEP] c_________ [SEP] creativity"
1066,es,-3.073402993,conjunto [SEP] Se consiguió con el esfuerzo conjunto de todas la partes. [SEP] c_______ [SEP] combined
1067,es,3.975792632,experto [SEP] Andrés Pineda es un experto en la medicina natural. [SEP] e_____ [SEP] expert
1068,es,2.341384619,por [SEP] La policía estuvo buscando el ladrón por todas partes. [SEP] e_________ [SEP] everywhere
1069,es,-0.636186948,marcador [SEP] No olvide poner un marcador para poder volver a la página rápidamente. [SEP] b_______ [SEP] bookmark
1070,es,-0.644353822,pincel [SEP] Entró en la tienda y se compró un pincel fino para terminar el cuadro. [SEP] p_________ [SEP] paintbrush
1071,es,0.225393498,herido [SEP] Apenas podía mover su brazo herido. [SEP] w______ [SEP] wounded
1072,es,-1.384205808,suplencia [SEP] Tengo que hacer una suplencia en la academia esta mañana. [SEP] s___________ [SEP] substitution
1073,es,-0.944449373,sembraddo [SEP] Hay un sembrado de café en la parte de atrás de la casa de mis abuelos [SEP] p_________ [SEP] plantation
1074,es,1.569412451,no [SEP] Lamentablemente el tumor no era detectable entonces. [SEP] u___________ [SEP] undetectable
1075,es,-2.314702044,oponerse [SEP] Nos quieren cambiar las condiciones de trabajo pero habrá que oponerse. [SEP] r_____ [SEP] resist
1076,es,2.070945347,contraseña [SEP] Tienes que poner tu nombre de perfil y contraseña para entrar en la página. [SEP] p_______ [SEP] password
1077,es,-0.857541868,añadidura [SEP] El informe quedó terminado con la añadidura de las conclusiones. [SEP] a_______ [SEP] addition
1078,es,1.944002189,entierro [SEP] Fuimos al entierro de la madre de Nicolás esta mañana. [SEP] f______ [SEP] funeral
1079,es,1.446208652,blanda [SEP] Me gusta dormir con la cabeza sobre una almohada blanda. [SEP] s___ [SEP] soft
1080,es,-0.292157524,fiel [SEP] Siempre es fiel a sus principios. [SEP] f_______ [SEP] faithful
1081,es,-1.274707096,bienestar [SEP] Mis padres siempre se preocupan de mi bienestar. [SEP] w______ [SEP] welfare
1082,es,-0.933130666,óptica [SEP] Tuvo que llevar sus anteojos a la óptica para el exámen visual [SEP] o_____ [SEP] optics
1083,es,0.239902569,público [SEP] Había muchísimo público en el concierto. [SEP] a_______ [SEP] audience
1084,es,-4.004018566,asumir [SEP] Será necesario asumir medidas para afrontar la crisis. [SEP] a____ [SEP] adopt
1085,es,-0.262896268,de [SEP] La mujer fue reconocida en el mundo profesional de forma parecida a su marido. [SEP] s________ [SEP] similarly
1086,es,2.515640529,torre [SEP] Puedo ver toda la ciudad desde la torre. [SEP] t____ [SEP] tower
1087,es,-2.733150248,profesionalidad [SEP] Nos impresionó mucho el nivel de profesionalidad del abogado del caso [SEP] p______________ [SEP] professionalism
1088,es,-1.76663819,trasladar [SEP] El enfermero va a trasladar al paciente a otra habitación. [SEP] t_______ [SEP] transfer
1089,es,-1.451844178,hincapié [SEP] El profesor nos hizo mucho hincapié en la importancia del estudio. [SEP] e_______ [SEP] emphasis
1090,es,1.576071058,más [SEP] Esta edición del libro es más completo. [SEP] m___ [SEP] more
1091,es,2.02754431,panda [SEP] El oso panda que se encuentra en el zoológico fue traído de la china cuand era solo un bebé [SEP] p____ [SEP] panda
1092,es,0.4995704,cielo [SEP] Este lugar es tan maravilloso que parece que estamos en el cielo. [SEP] p_______ [SEP] paradise
1093,es,-0.03116097,tapa [SEP] La tapa protege el lente de la cámara. [SEP] c____ [SEP] cover
1094,es,0.732777953,pulsera [SEP] ¿Te gusta mi nueva pulsera?   Es de plata. [SEP] b_______ [SEP] bracelet
1095,es,-0.340975326,soberana [SEP] La familia soberana de España pasa las vacaciones en Mallorca. [SEP] r____ [SEP] royal
1096,es,3.107129768,conductor [SEP] Charles Lindbergh fue un famoso conductor de aviones. [SEP] p____ [SEP] pilot
1097,es,1.236798674,tarea [SEP] Nuestra primera tarea es establecer un sistema de comunicación. [SEP] t___ [SEP] task
1098,es,-0.057912269,defensor [SEP] Siempre he sido defensor de los derechos de los animales. [SEP] d_______ [SEP] defender
1099,es,0.859884988,individual [SEP] La habitacion tiene una cama y un baño individual [SEP] s_____ [SEP] single
1100,es,-2.70342828,recorrido [SEP] Nuestro recorrido de la ciudad incluía visitas a los monumentos. [SEP] c______ [SEP] circuit
1101,es,-1.803383642,alcance [SEP] No nos dimos cuenta del alcance del problema. [SEP] m________ [SEP] magnitude
1102,es,3.253127079,amigo [SEP] Kiko es amigo mío así que no hables mal de él. [SEP] f_____ [SEP] friend
1103,es,-0.718988501,proteger [SEP] Las leonas hacen todo para proteger a sus crías. [SEP] d_____ [SEP] defend
1104,es,0.968640817,harina [SEP] Para hace la masa se necesitan doscientos gramos de harina y cien gramos de mantequilla. [SEP] f____ [SEP] flour
1105,es,1.958900627,póquer [SEP] Jugaron al póquer durante toda la noche. [SEP] p____ [SEP] poker
1106,es,3.110700661,actuar [SEP] El sujeto actúa de manera extraña y es preocupante [SEP] a__ [SEP] act
1107,es,-3.58895106,detallada [SEP] Nos dio información detallada sobre el accidente. [SEP] g______ [SEP] graphic
1108,es,0.417379819,esperar [SEP] Se pusieron un poco nerviosos al esperar el nacimiento de su primer hijo. [SEP] a____ [SEP] await
1109,es,-0.790089173,parecerse [SEP] A mi hija pequeña le encanta parecerse a su hermana mayor. [SEP] r_______ [SEP] resemble
1110,es,-1.106299457,devolución [SEP] El se comprometió con la devolución del dinero que le habían pestado [SEP] p______ [SEP] payback
1111,es,-0.89058522,alborotador [SEP] Es un alborotador y siempre está causando problemas. [SEP] t___________ [SEP] troublemaker
1112,es,1.296638084,mirar [SEP] Tienes que mirar la pantalla para entender lo que te estoy explando. [SEP] w____ [SEP] watch
1113,es,-2.116888397,"escasez [SEP] Si hay una sequía, significa que hay escasez de agua. [SEP] s_______ [SEP] shortage"
1114,es,-2.101109122,pergamino [SEP] Los historiadores datan el pergamino en el año 600. [SEP] s_____ [SEP] scroll
1115,es,-1.396923041,pertinente [SEP] Este folleto ofrece más información pertinente. [SEP] r_______ [SEP] relevant
1116,es,2.647175181,propietario [SEP] Fernando es propietario de dos restaurantes. [SEP] o____ [SEP] owner
1117,es,-0.811305086,"anomadr [SEP] Cuando estuvo en el colegio, Carlos fue animador. Hacía grandes malabares [SEP] c__________ [SEP] cheerleader"
1118,es,-2.010805472,desechar [SEP] Tendremos que desechar la idea porque no va a funcionar. [SEP] d______ [SEP] discard
1119,es,-1.276291984,pérdida [SEP] La pérdida de valores es un problema para la sociedad occidental. [SEP] l___ [SEP] loss
1120,es,2.841594362,español [SEP] El cantante español es actulmente un de los más reconocidos mundialmente [SEP] s______ [SEP] spanish
1121,es,1.664812127,sobrevivir [SEP] Los niños tuvieron que pedir y robar para poder sobrevivir. [SEP] s______ [SEP] survive
1122,es,-1.193332773,adicional [SEP] Hay un servicio adicional de belleza que ofrecemos aquí en la peluquería. [SEP] c____________ [SEP] complementary
1123,es,3.099046221,dar [SEP] Estaban en la puerta esperando a dar la bienvenida a sus invitados. [SEP] w______ [SEP] welcome
1124,es,1.928899071,valorar [SEP] La directora quiere valorar las opiniones de los empleados. [SEP] v____ [SEP] value
1125,es,0.615779942,jefe [SEP] El jefe de la tribu es viejo y muy sabio. [SEP] c____ [SEP] chief
1126,es,0.686991672,muy [SEP] El elefante es un animal muy grande. [SEP] e_______ [SEP] enormous
1127,es,-0.906376189,zapatillas [SEP] Me gusta vestir jeans o vaqueros y unas zapatillas de deporte. [SEP] s_______ [SEP] sneakers
1128,es,2.901136764,"arena [SEP] La arena de muchas playas de las Islas Canarias es negra, no blanca. [SEP] s___ [SEP] sand"
1129,es,0.177932663,bromear [SEP] No hay que bromear cuando alguien está enfadado. [SEP] k__ [SEP] kid
1130,es,2.886893836,castillo [SEP] El castillo de Edimburgo esta localizado en la parte mas alta de la ciudad [SEP] c_____ [SEP] castle
1131,es,0.381246389,"debería [SEP] Debería haberte pedido perdón antes, es un poco tarde ahora. [SEP] o____ [SEP] ought"
1132,es,0.085019313,selva [SEP] Mi hija ha hecho una excursión a la selva tropical de las Amazonas. [SEP] r_________ [SEP] rainforest
1133,es,-1.078891884,completo [SEP] Esto es un desastre completo. [SEP] a_______ [SEP] absolute
1134,es,1.600271841,de [SEP] El príncipe oyó una voz de mujer llamándole. [SEP] f_____ [SEP] female
1135,es,-1.657399796,presumir [SEP] Al actor le gusta presumir delante de las cámaras. [SEP] b____ [SEP] boast
1136,es,0.750523599,carne [SEP] La carne de res en Argentina es muy buena [SEP] b___ [SEP] beef
1137,es,3.577335792,hoorizonte [SEP] Un barco apareció en el horizonte cuando estabamos viendo al atardecer desde la playa [SEP] h______ [SEP] horizon
1138,es,-1.904470486,incitación [SEP] Cualquier incitación a la violencia será condenada de inmediato. [SEP] p__________ [SEP] provocation
1139,es,1.498433159,tostadora [SEP] Me he comprado una  tostadora nueva. [SEP] t______ [SEP] toaster
1140,es,0.850041241,pulmón [SEP] Tiene una mancha en un pulmón y se tiene que hacer más pruebas. [SEP] l___ [SEP] lung
1141,es,0.950159704,depredador [SEP] El tigre es un depredador perfectamente preparado para la caza. [SEP] p_______ [SEP] predator
1142,es,-1.007668928,pomelo [SEP] A María le gusta mucho el pomelo o toronja y lo toma para desayunar. [SEP] g_________ [SEP] grapefruit
1143,es,-0.885014889,reproducción [SEP] Vendieron una reproducción del cuadro por mucho dinero. [SEP] i________ [SEP] imitation
1144,es,1.698938624,verbo [SEP] Correr es un verbo el cual expresamos una acción. [SEP] v___ [SEP] verb
1145,es,-3.004844784,completo [SEP] Un experto nos hizo un análisis completo. [SEP] c____________ [SEP] comprehensive
1146,es,-0.167004767,sobre [SEP] Me encanta andar sobre todo por la mañana. [SEP] e_________ [SEP] especially
1147,es,-0.370845773,"positiva [SEP] La crítica positiva, la que me ayuda a mejorar, nunca molesta. [SEP] c___________ [SEP] constructive"
1148,es,1.292953559,"apodo [SEP] Mi apodo en clase es 'la preguntas', por razones obvias. [SEP] n_______ [SEP] nickname"
1149,es,0.108011281,conservación [SEP] La conservación ambiental es de primordial importancia para nuestro planeta. [SEP] p___________ [SEP] preservation
1150,es,2.168276409,liberar [SEP] Van a liberar a los rehénes mañana. [SEP] f___ [SEP] free
1151,es,0.419603073,mínimo [SEP] Deber pagar el mínimo estipulado por el gobiero para evitar sanciones [SEP] m______ [SEP] minimum
1152,es,-1.67434961,categóricamente [SEP] Fernando negó categóricamente que había estado ahí. [SEP] f_____ [SEP] firmly
1153,es,-2.893886177,posiblemente [SEP] Es una situación posiblemente peligrosa para nuestro país. [SEP] p__________ [SEP] potentially
1154,es,-1.120697717,despertar [SEP] Hay que despertar el interés por la lectura en los niños. [SEP] a_____ [SEP] awaken
1155,es,-1.436354465,borde [SEP] Había hecho unos cuantos apuntes en el borde de las páginas. [SEP] m_____ [SEP] margin
1156,es,1.992009522,agencia [SEP] Clara fue a una agencia de empleo de profesores para buscar trabajo. [SEP] a_____ [SEP] agency
1157,es,2.35652256,cuidado [SEP] Las personas mayores a veces necesitan un cuidado especial. [SEP] c___ [SEP] care
1158,es,-0.782209882,recién [SEP] Compré un ramo de gladiolos recién cortados. [SEP] f______ [SEP] freshly
1159,es,1.865918047,recargar [SEP] Tengo que recargar mi teléfono antes de salir. [SEP] r_______ [SEP] recharge
1160,es,2.569907528,más [SEP] Me ha llamado Berta para decirme que llega un poco más tarde. [SEP] l____ [SEP] later
1161,es,-1.076422991,parte [SEP] Desarmó la maquina teniendo cuidado de no revolver las partes [SEP] u___ [SEP] unit
1162,es,-0.964360039,lejana [SEP] Tardamos varios días en llegar a la aldea lejana. [SEP] r_____ [SEP] remote
1163,es,-2.197337292,gastada [SEP] Voy a llevar esta pila gastada a la tienda para su desecho. [SEP] s____ [SEP] spent
1164,es,-1.160648042,potencia [SEP] La potencia de ese color rojo es tremenda. [SEP] i________ [SEP] intensity
1165,es,-2.392818183,interconexión [SEP] La nueva interconexión del sistema operativo es muy intuitiva. [SEP] i________ [SEP] interface
1166,es,-1.691598988,correspondiente [SEP] Necesito encontrar la llave correspondiente a esta cerradura. [SEP] m_______ [SEP] matching
1167,es,-1.506323048,prepotencia [SEP] No me gusta su prepotencia ya que siempre quiere tener razón. [SEP] a________ [SEP] arrogance
1168,es,3.161123114,hermano [SEP] Tiene un hermano mayor que trabaja en Francia. [SEP] b______ [SEP] brother
1169,es,0.372696662,farmacéutico [SEP] El farmacéutico vende medicinas a la clínica local. [SEP] c______ [SEP] chemist
1170,es,1.120225446,frigorífico [SEP] Este plato aguanta unos días en el frigorífico. [SEP] f_____ [SEP] fridge
1171,es,1.5504825,sensación [SEP] La amabilidad de la enfermera me dio una sensación de seguridad. [SEP] s____ [SEP] sense
1172,es,-1.25377121,"asimismo [SEP] Asimismo, ir en tren es más barato que en avión. [SEP] l_______ [SEP] likewise"
1173,es,1.156788608,caramelo [SEP] Me encantan las manzanas bañadas en caramelo de leche [SEP] c______ [SEP] caramel
1174,es,0.494313726,heredar [SEP] Me ha dicho mi abuela que cuando muera voy a heredar su casita del pueblo. [SEP] i______ [SEP] inherit
1175,es,0.817918795,prueba [SEP] Eli contestó todas las preguntas de la prueba y ganó el premio principal [SEP] q___ [SEP] quiz
1176,es,-1.921183556,revelado [SEP] Ese negocio turbio ya está revelado y lo sabemos todo. [SEP] e______ [SEP] exposed
1177,es,0.00937821,destino [SEP] Nuestro destino depende de nuestras decisiones. [SEP] f___ [SEP] fate
1178,es,-2.602863429,inculto [SEP] Es inculto pero es inteligente y trabajador. [SEP] u_________ [SEP] uneducated
1179,es,3.342176831,escribir [SEP] Tardé mucho en escribir la carta a mis padres. [SEP] w____ [SEP] write
1180,es,-0.048032414,núcleo [SEP] El núcleo de la Tierra es su parte más caliente. [SEP] c___ [SEP] core
1181,es,1.668316488,entrevistar [SEP] Un periodista va a entrevistar a mi hijo sobre su última novela. [SEP] i________ [SEP] interview
1182,es,-2.991384039,finalización [SEP] Recibiremos nuestros honorarios después de la finalización del proyecto. [SEP] c_________ [SEP] completion
1183,es,4.317006041,cambio [SEP] Quiero hacer un cambio en el guión. No sé si te va a gustar. [SEP] c_____ [SEP] change
1184,es,0.436469329,gamberrismo [SEP] El gamberrismo ha aumentado mucho en el barrio y hacen muchos destrozos. [SEP] v________ [SEP] vandalism
1185,es,-1.962260249,molestos [SEP] Sus comentarios me resultan bastante molestos y me ponen de mal humor. [SEP] i_________ [SEP] irritating
1186,es,-1.857789022,rendimiento [SEP] La máquina ha mejorado el rendimiento general del departamento. [SEP] e_________ [SEP] efficiency
1187,es,1.373152983,casino [SEP] El casino estuvo abierto toda la noche y pudimos quedarnos allí hasta el amanecer [SEP] c_____ [SEP] casino
1188,es,0.058666491,condenar [SEP] El juez le puede condenar a más de diez años de prisión. [SEP] s_______ [SEP] sentence
1189,es,1.585985508,señal [SEP] El ciclista hizo una señal y giró a la derecha. [SEP] s_____ [SEP] signal
1190,es,0.449545008,abajo [SEP] Abajo podíamos ver el mar. [SEP] b____ [SEP] below
1191,es,0.959471305,estrecha [SEP] La cama era un poco estrecha pero muy cómoda. [SEP] n_____ [SEP] narrow
1192,es,0.63631589,asegurar [SEP] Queremos asegurar nuestra plaza en el curso. [SEP] e_____ [SEP] ensure
1193,es,-2.532940215,"transmisible [SEP] Este billete no es transmisible, sólo vale para hoy y para usted. [SEP] t___________ [SEP] transferable"
1194,es,-0.02383448,fotógrafo [SEP] El fotógrafo de los famosos le persiguió en moto hasta el hotel. [SEP] p________ [SEP] paparazzi
1195,es,2.092681708,gorila [SEP] King kong es una película acerca de un gorila gigante que vive en en una isla secreta [SEP] g______ [SEP] gorilla
1196,es,2.171950765,"tristemente [SEP] Tristemente, fallecieron mis padres en un accidente hace varios años. [SEP] s____ [SEP] sadly"
1197,es,-2.951029642,instrucción [SEP] La profesora ofrece instrucción para alumnos particulares. [SEP] t______ [SEP] tuition
1198,es,1.084696875,Acción [SEP] Acción de gracias es una fiesta de agradecimiento por los bienes que recibimos. [SEP] t___________ [SEP] thanksgiving
1199,es,3.175505649,de [SEP] Es de Arabia pero no sé exactamente de dónde. [SEP] a___ [SEP] arab
1200,es,-0.26856625,titular [SEP] El periodista escribió un titular muy llamativo. [SEP] h_______ [SEP] headline
1201,es,-2.392801969,considerar [SEP] No sé si va a considerar la situación digna de su atención. [SEP] d___ [SEP] deem
1202,es,2.105847139,jabón [SEP] Me regaló un jabón y una crema corporal por mi cumpleaños. [SEP] s___ [SEP] soap
1203,es,-2.550045135,conjetura [SEP] Hubo bastante conjetura sobre si la ausencia del presidente significara que iba a dimitir. [SEP] s__________ [SEP] speculation
1204,es,-3.664704434,"renovar [SEP] Dormir una noche sin interrupciones te va a renovar, ya verás. [SEP] r______ [SEP] refresh"
1205,es,-2.61910001,inevitablemente [SEP] Es inevitablemente necesario pensar en las necesidades de los más pobres de la ciudad [SEP] n__________ [SEP] necessarily
1206,es,-2.505932631,"pedazo [SEP] Su comida consistió en queso, jamón y un pedazo de pan. [SEP] c____ [SEP] chunk"
1207,es,-1.747671823,preocupado [SEP] Parecía preocupado así que le pregunté qué le pasaba. [SEP] t_______ [SEP] troubled
1208,es,-0.631726617,modelo [SEP] Es una modelo muy famosa y gana muchísimo dinero. [SEP] s_________ [SEP] supermodel
1209,es,0.524267457,normal [SEP] Era un día absolutamente normal hasta que llegó ella. [SEP] o_______ [SEP] ordinary
1210,es,-0.535049159,talón [SEP] Me duele mucho el talón izquierdo después de terminar la maratón. [SEP] h___ [SEP] heel
1211,es,2.03402815,camarero [SEP] Nos trajo el camarero la comida en seguida. [SEP] w_____ [SEP] waiter
1212,es,0.987128587,"quitando [SEP] Seis quitando dos, son cuatro. [SEP] m____ [SEP] minus"
1213,es,2.279097359,subtítulo [SEP] Menos mal que la película tenía  subtítulos en la pantalla. [SEP] s_______ [SEP] subtitle
1214,es,-2.961968284,motivado [SEP] Pablo es investigador científico y es una persona muy motivada. [SEP] d_____ [SEP] driven
1215,es,0.053327545,marisco [SEP] El marisco es una de mis alimentos favoritos. [SEP] s______ [SEP] seafood
1216,es,1.835751468,balcón [SEP] La habitación tiene un balcon que da al patio trasero [SEP] b______ [SEP] balcony
1217,es,-1.787167963,ingresos [SEP] El país depende de los impuestos como una fuente de ingresos públicos. [SEP] r______ [SEP] revenue
1218,es,-0.170014431,designar [SEP] Le van a designar como candidato para la presidencia. [SEP] n_______ [SEP] nominate
1219,es,-0.588766259,listado [SEP] El informe incluía un listado completo de todas las líneas aéreas. [SEP] l______ [SEP] listing
1220,es,-0.261168342,anuncio [SEP] Esta marca saca un nuevo anuncio en la televisión todos los años. [SEP] a____________ [SEP] advertisement
1221,es,-0.137349092,amigo [SEP] Es mi amigo desde hace treinta años. [SEP] p__ [SEP] pal
1222,es,-2.049049496,lavavajillas [SEP] Compra un líquido lavavajillas por favor. [SEP] d__________ [SEP] dishwashing
1223,es,-1.595252916,recopilar [SEP] Hay que recopilar una lista de todas las personas que tienen acceso al edificio. [SEP] c______ [SEP] compile
1224,es,-1.694887702,sumar [SEP] La importaciones van a sumar un billón y medio este año. [SEP] t____ [SEP] total
1225,es,2.620880399,píxel [SEP] La foto que me enviaste tiene muy mala resolución puedo ver los píxeles en todas partes [SEP] p____ [SEP] pixel
1226,es,-1.198695817,renuncia [SEP] Los padres de Clara hicieron una renuncia personal muy grande para que pudiera estudiar fuera. [SEP] s________ [SEP] sacrifice
1227,es,-0.553836315,circunstancia [SEP] La circunstancia actual del país no permite un alza en el salario mínimo [SEP] c___________ [SEP] circumstance
1228,es,2.504129271,pronto [SEP] Pronto será la hora de irse a casa. [SEP] s___ [SEP] soon
1229,es,1.727748688,liga [SEP] La liga europea de fútbol es una de las más importantes del mundo. [SEP] l_____ [SEP] league
1230,es,-0.880537088,exhibicionista [SEP] Esta chica es una persona exhibicionista y por eso siempre es el primero en salir a bailar. [SEP] e____________ [SEP] exhibitionist
1231,es,0.520116114,alfabético [SEP] Los documentos están organizados en orden alfabético [SEP] a___________ [SEP] alphabetical
1232,es,-1.199398611,certeza [SEP] No lo puedo decir con certeza pero creo que es la persona que me atacó. [SEP] c________ [SEP] certainty
1233,es,2.585460015,gimnasio [SEP] Ella se levanta a las 5 de la mañana para ir al gimnasio antes de ir a trabajar [SEP] g__ [SEP] gym
1234,es,1.103232912,seguidor [SEP] Es seguidor del equipo de fútbol local. [SEP] f_______ [SEP] follower
1235,es,0.152282842,"operar [SEP] A pesar de los cortes de luz, el colegio pudo operar de forma normal. [SEP] f_______ [SEP] function"
1236,es,-0.036711381,chimenea [SEP] El fuego chispea en la chimenea.  ¡Feliz Navidad! [SEP] f________ [SEP] fireplace
1237,es,3.361660304,justicia [SEP] La justicia debe ser cumplida de manera legpitima en todos los casos [SEP] j______ [SEP] justice
1238,es,0.275799396,bendición [SEP] Ha sido una bendición que no muriera nadie en el accidente. [SEP] b_______ [SEP] blessing
1239,es,0.535695785,mundial [SEP] La explosión de la burbuja financiera produjo una crisis económica mundial. [SEP] w________ [SEP] worldwide
1240,es,-0.451616947,ilícitamente [SEP] Entró el país ilícitamente y le echaron a los pocos días. [SEP] i________ [SEP] illegally
1241,es,1.542268421,vivo [SEP] ¡Así no se puede tratar a un animal vivo por favor! [SEP] l___ [SEP] live
1242,es,3.121192578,comprador [SEP] Queremos vender la casa y estamos buscando un comprador. [SEP] b____ [SEP] buyer
1243,es,-0.567811169,corriente [SEP] No había agua corriente en la cabaña. [SEP] r______ [SEP] running
1244,es,1.708304624,"individualista [SEP] Como artista, es una persona individualista que hace las cosas completamente a su manera. [SEP] i____________ [SEP] individualist"
1245,es,1.631294632,matrimonio [SEP] El matrimonio de mis padres duró casi setenta años. [SEP] m_______ [SEP] marriage
1246,es,2.136740929,despierto [SEP] El niño está despierto ya que le he oído llorar. [SEP] a____ [SEP] awake
1247,es,1.305705836,ascensor [SEP] Cogimos el ascensor al piso treinta y uno. [SEP] l___ [SEP] lift
1248,es,-0.477666594,avergonzado [SEP] Después me sentí avergonzado de lo que había dicho. [SEP] e__________ [SEP] embarrassed
1249,es,-0.074892489,"guerilla [SEP] Durante la revolución cubana, la guerrilla se levantó contra el gobierno. [SEP] g________ [SEP] guerrilla"
1250,es,-0.39168586,bandido [SEP] El bandido entró en el club y se lió a tiros con todo el mundo. [SEP] g_______ [SEP] gangster
1251,es,-2.667161185,condena [SEP] La acción de la policía provocó reacciones tanto de aprobación como de condena. [SEP] d__________ [SEP] disapproval
1252,es,-1.076951278,cumbre [SEP] Llegamos a la cumbre sobre el mediodía. [SEP] s_____ [SEP] summit
1253,es,4.04532477,fruta [SEP] La naranja es la fruta con más vitamina c que podrás encontrar en este supermercado. [SEP] f____ [SEP] fruit
1254,es,3.579466092,hotel [SEP] Se pararon a dormir en un hotel de carretera. [SEP] m____ [SEP] motel
1255,es,-1.587743471,"novato [SEP] No te metas con Pedro, es novato en la universidad. [SEP] f_______ [SEP] freshman"
1256,es,-2.960495069,sorber [SEP] Todos estábamos constipados y no hacíamos más que sorber y resoplar. [SEP] s____ [SEP] sniff
1257,es,-3.74848227,anular [SEP] No me gusta nada cómo intenta anular todas mis ideas. [SEP] f________ [SEP] frustrate
1258,es,-1.564591474,"magnánimamente [SEP] Siempre se comporta magnánimamente con nosotros en navidades, haciendo unos regalos maravillosos. [SEP] g_________ [SEP] generously"
1259,es,-0.155925456,corredor [SEP] El corredor me ofreció un paquete de acciones de una empresa nueva. [SEP] b_____ [SEP] broker
1260,es,-1.046752704,trampas [SEP] No me gustan las trampas en absoluto. Prefiero ser una persona honrada. [SEP] c_______ [SEP] cheating
1261,es,-0.720364523,hilo [SEP] Mi madre compró hilo blanco para coser una camisa. [SEP] t_____ [SEP] thread
1262,es,-2.239897806,rondar [SEP] Los lobos suelen rondar el bosque cuando tienen hambre. [SEP] c_____ [SEP] circle
1263,es,-2.981685207,mesura [SEP] Nuestra estrategia va a ser actuar con mesura en todo momento. [SEP] m_________ [SEP] moderation
1264,es,-0.309811756,de [SEP] Las estadísticas del crimen están creciendo muy de prisa. [SEP] r______ [SEP] rapidly
1265,es,2.59495887,piel [SEP] Tiene la piel tostada por el sol y está muy guapa. [SEP] s___ [SEP] skin
1266,es,2.831866181,Dios [SEP] Tenemos que agradecerle a Dios todo lo que tenemos. [SEP] g__ [SEP] god
1267,es,0.065927036,colocar [SEP] Hay que colocar al bebé con mucho cuidado encima de la cama. [SEP] l__ [SEP] lay
1268,es,-0.966506887,crujido [SEP] Me encanta oír el crujido de la nieve bajo mis pies en invierno. [SEP] c_____ [SEP] crunch
1269,es,-3.526062279,perpetuidad [SEP] Algunas religiones incluyen una doctrina de perpetuidad personal. [SEP] i__________ [SEP] immortality
1270,es,-2.708844913,rectilínea [SEP] Los estudiantes no siempre progresan en sus estudios de forma rectilínea. [SEP] l_____ [SEP] linear
1271,es,-0.708434172,inquieto [SEP] Me siento un poco inquieto por el examen de mañana. [SEP] a______ [SEP] anxious
1272,es,0.288646849,reconstruir [SEP] Después de terremoto la gente se puso a reconstruir sus casas con sus propias manos. [SEP] r______ [SEP] rebuild
1273,es,1.344191059,impopular [SEP] Fue una decisión muy impopular. [SEP] u________ [SEP] unpopular
1274,es,1.028875511,empatía [SEP] Tiene una gran empatia con los demás por lo que tiene muchos amigos. [SEP] e______ [SEP] empathy
1275,es,-1.57905621,manifestar [SEP] El presidente va a manifestar su opinión en público. [SEP] d______ [SEP] declare
1276,es,0.904268155,momento [SEP] Todo puede cambiar en un momento. [SEP] i______ [SEP] instant
1277,es,0.08290942,parecido [SEP] El parecido entre ellos es sorprendente. [SEP] s_________ [SEP] similarity
1278,es,-0.254540828,agricultura [SEP] Trabajar en la agricultura sostenible es apostar por el futuro. [SEP] f______ [SEP] farming
1279,es,2.19360698,Indio [SEP] Mi hermana está casada con indio nacido en Calcuta y son vegetarianos poor respeto a su religión [SEP] i_____ [SEP] indian
1280,es,-2.029156717,articulado [SEP] El curso está articulado de forma muy clara para que vean los alumnos exactamente cómo van a ir progresando. [SEP] s_________ [SEP] structured
1281,es,1.158420878,frente [SEP] Los resultados de los chicos frente a los de las chicas son bastante interesantes. [SEP] v_____ [SEP] versus
1282,es,-3.55992323,desconocido [SEP] Es una situación desconocida para mí y no sé reaccionar. [SEP] u_________ [SEP] unfamiliar
1283,es,0.445038556,albóndiga [SEP] Hay que meter una aceituna dentro de cada albóndiga. [SEP] m_______ [SEP] meatball
1284,es,-3.338864661,incentiva [SEP] Me gusta mucho la incentiva de tener que usar mi imaginación a diario. [SEP] s__________ [SEP] stimulation
1285,es,1.875481924,quedarse [SEP] Los niños no pueden quedarse quietos justo antes del recreo. [SEP] s___ [SEP] stay
1286,es,2.402320642,debe [SEP] Le ha dicho el médico que debe hacer más ejercicio si quiere recuperarse pronto. [SEP] m___ [SEP] must
1287,es,2.404202021,activista [SEP] Un activista político dio una charla en la universidad. [SEP] a_______ [SEP] activist
1288,es,2.514932526,alcohólico [SEP] El es alcohólico pero asiste a un programa para dejarlas. [SEP] a________ [SEP] alcoholic
1289,es,1.944274068,cepillar [SEP] Hay que cepillar bien el perro todas las semanas. [SEP] b____ [SEP] brush
1290,es,-1.726709756,corredor [SEP] Un corredor largo y oscuro les condujo a una sala grandísima. [SEP] p______ [SEP] passage
1291,es,0.502396477,compañero [SEP] Ese chico era mi compañero de equipo cuando jugábamos al baloncesto en el colegio. [SEP] t_______ [SEP] teammate
1292,es,3.250432769,"amarillo [SEP] Me encanta el amarillo, es muy alegre. [SEP] y_____ [SEP] yellow"
1293,es,-2.374228691,agenda [SEP] Hay que apuntar tus citas médicas en la agenda. [SEP] p______ [SEP] planner
1294,es,3.254717532,oír [SEP] Me encanta oír cantar a las aves. [SEP] h___ [SEP] hear
1295,es,-2.637695475,indudablemente [SEP] Indudablemente voy a ver ese grupo de música.  Son maravillosos. [SEP] d_________ [SEP] definitely
1296,es,-0.344893036,consecuencia [SEP] Cometió un error grave y como consecuencia perdió su trabajo. [SEP] r_____ [SEP] result
1297,es,0.198580539,jaula [SEP] Siempre me da pena ver un pájaro en una jaula. [SEP] c___ [SEP] cage
1298,es,2.314690334,soldado [SEP] El centinela vio al enemigo y alertó al soldado. [SEP] s______ [SEP] soldier
1299,es,1.75397821,cuadrado [SEP] El salón de mi casa es cuadrado. [SEP] s_____ [SEP] square
1300,es,-0.805812589,simple [SEP] Hace unos años el director era un simple empleado. [SEP] m___ [SEP] mere
1301,es,1.888818569,gigante [SEP] David derrotó al gigante con una piedra y con la ayuda de Dios. [SEP] g____ [SEP] giant
1302,es,1.319172355,champiñón [SEP] Es la época del champiñón así que saldremos a buscarlos por el campo mañana. [SEP] m_______ [SEP] mushroom
1303,es,-0.831077226,amenazante [SEP] Este comportamiento amenazante no es admisible en este colegio. [SEP] t__________ [SEP] threatening
1304,es,3.154987856,niño [SEP] Qué niño mas gracioso y cómo juega al fútbol. [SEP] k__ [SEP] kid
1305,es,-1.516255592,origen [SEP] Dr del Barrio nos habló del origen de las células malignas. [SEP] g______ [SEP] genesis
1306,es,-1.169872971,de [SEP] Es un punto de conversación que sin duda saldrá esta noche. [SEP] t______ [SEP] talking
1307,es,-2.332805073,diferencia [SEP] Hay una diferencia muy notable entre su vida antes y después del accidente. [SEP] c_______ [SEP] contrast
1308,es,-1.289013706,duende [SEP] El duende de la mitología escandinava vivía en el monte y salía sólo de vez en cuando. [SEP] t____ [SEP] troll
1309,es,3.065466284,nieve [SEP] Hay una manta de nieve por el monte. [SEP] s___ [SEP] snow
1310,es,-0.09944376,"suavemente [SEP] Salió, cerrando la puerta suavemente detrás de sí. [SEP] s_____ [SEP] softly"
1311,es,-0.48323673,amenazar [SEP] No está bien amenazar a un niño de esa manera. [SEP] t_______ [SEP] threaten
1312,es,-3.722427162,ola [SEP] Fueron a la playa porque habían visto una ola grande perfecta para surfear y pensaban que habría más. [SEP] b______ [SEP] breaker
1313,es,-1.926314446,captar [SEP] Un buen guión tiene que captar a los espectadores. [SEP] e_____ [SEP] engage
1314,es,1.734700366,mal [SEP] He dormido muy mal y estoy cansadísimo. [SEP] b____ [SEP] badly
1315,es,2.283149976,quemadura [SEP] Tengo una quemadura muy dolorosa en el brazo. [SEP] b___ [SEP] burn
1316,es,1.934271756,mi [SEP] Me encanta hablar de mi mismo pero procuro no hacerlo. [SEP] m_____ [SEP] myself
1317,es,-3.492406069,principalmente [SEP] Nuestra atmósfera está compuesta principalmente de nitrógeno. [SEP] m_____ [SEP] mostly
1318,es,3.189477978,vitamina [SEP] Hay mucha vitamina C en las naranjas. [SEP] v______ [SEP] vitamin
1319,es,-0.143810153,recetar [SEP] El médico me tendrá que recetar un antihistamínico para la alergia. [SEP] p________ [SEP] prescribe
1320,es,-0.155615254,carga [SEP] El brazo de la grúa se rompió por el peso de la carga. [SEP] l___ [SEP] load
1321,es,0.107487465,distintos [SEP] Ella es experta en distintos temas relacionados con la danza. [SEP] v______ [SEP] various
1322,es,-0.021415039,medición [SEP] El señor de la agencia tardó dos horas en hacer la medición de la casa. [SEP] m__________ [SEP] measurement
1323,es,2.602763439,electrón [SEP] Es posible que un núcleo absorba un electrón. [SEP] e_______ [SEP] electron
1324,es,-2.258073199,golpecito [SEP] Oímos un golpecito en la puerta pero cuando abrimos no había nadie. [SEP] r__ [SEP] rap
1325,es,-0.621082979,al [SEP] Me encantan todas las actividades al aire libre. [SEP] o_______ [SEP] outdoors
1326,es,1.977507943,hace [SEP] Fue a vivir a Estados Unidos hace muchos años. [SEP] a__ [SEP] ago
1327,es,0.989780155,transplante [SEP] El primer transplante se llevó a cabo en los años sesenta. [SEP] t_________ [SEP] transplant
1328,es,0.881128399,en [SEP] Hay gente que piensa en voz alta. [SEP] a____ [SEP] aloud
1329,es,1.562147215,motociclista [SEP] Es un motociclista entusiasta y sale con la moto todos los domingos. [SEP] b____ [SEP] biker
1330,es,0.648036387,horario [SEP] El horario oficial del evento aparecerá en el sitio web. [SEP] s_______ [SEP] schedule
1331,es,0.219669254,"legendario [SEP] Es un poema legendario de guerras, monstruos, peleas y viajes. [SEP] e___ [SEP] epic"
1332,es,1.964874404,jardinero [SEP] Tengo que contratar un jardinero para podar los árboles. [SEP] g_______ [SEP] gardener
1333,es,1.068977083,tratar [SEP] Hay que tratar bien a los empleados. [SEP] t____ [SEP] treat
1334,es,-0.854941645,contagiar [SEP] ¿Me voy a contagiar? ¿Cuáles son los síntomas? [SEP] i_____ [SEP] infect
1335,es,-0.442932422,entrenamiento [SEP] Hago un entrenamiento de veinte minutos todas las mañanas. [SEP] w______ [SEP] workout
1336,es,1.262796498,equivalente [SEP] El nuevo empleado tendrá que tener un doctorado o algo equivalente para poder trabajar [SEP] e_________ [SEP] equivalent
1337,es,2.157787636,anteriormente [SEP] Ya le habíamos conocido anteriormente. [SEP] b_____ [SEP] before
1338,es,-1.821290953,engañar [SEP] A mí no me va a engañar con sus mentiras otra vez. [SEP] f___ [SEP] fool
1339,es,-0.925242461,crisis [SEP] Dicen que estamos saliendo de la crisis económica pero no estoy tan seguro. [SEP] r________ [SEP] recession
1340,es,3.721013879,dar [SEP] Le voy a dar un consejo pero no creo que me haga mucho caso. [SEP] g___ [SEP] give
1341,es,-2.207373085,demanda [SEP] El incumplimiento del contrato podría llevar a una demanda. [SEP] l______ [SEP] lawsuit
1342,es,-1.939808428,limitar [SEP] El médico me dijo que debo limitar el consumo de sal. [SEP] r_______ [SEP] restrict
1343,es,0.773330797,en [SEP] Se veían los edificios en llamas desde una distancia de varios kilómetros. [SEP] b______ [SEP] burning
1344,es,-2.292589712,"oponerse [SEP] Si nadie dice oponerse, aplazaremos la reunión. [SEP] o_____ [SEP] object"
1345,es,2.208429434,nadar [SEP] Vamos al río a nadar. [SEP] s___ [SEP] swim
1346,es,-1.528687487,dinamicamente [SEP] Ellos se movian dinámicamente por todo el parque por eso terminaron rendidos [SEP] d__________ [SEP] dynamically
1347,es,3.953734019,tres [SEP] Mi nieta tiene tres años. [SEP] t____ [SEP] three
1348,es,0.346859422,ocupar [SEP] Los romanos empezaron a ocupar España en el año 206 antes de Cristo. [SEP] i_____ [SEP] invade
1349,es,2.048080342,estar [SEP] Tendremos todos que estar de acuerdo. [SEP] a____ [SEP] agree
1350,es,2.586874994,en [SEP] Todos somos en parte responsables de la contaminación del agua [SEP] p___ [SEP] part
1351,es,-1.812487905,evaluaddor [SEP] Las traducciones serán leídas por un evaluador que decidirá quienes van a aprobar. [SEP] e_______ [SEP] examiner
1352,es,-0.844359948,nevada [SEP] Hace cinco años hubo una gran nevada y no pudimos salir. [SEP] s_______ [SEP] snowfall
1353,es,1.413513282,separar [SEP] Hay que separar la clase en grupos de cuatro. [SEP] d_____ [SEP] divide
1354,es,0.024212826,ligereza [SEP] La ligereza del paquete me hizo pensar que no contenía el libro. [SEP] l________ [SEP] lightness
1355,es,0.15646778,director [SEP] Pedro Moreno es el director del Colegio Cardenal Wiseman [SEP] p________ [SEP] principal
1356,es,3.131266949,fechar [SEP] Hay que fechar el documento y después firmarlo si queremos que sea útil. [SEP] d___ [SEP] date
1357,es,2.083122806,bombardear [SEP] El enemigo bombardeó el puesto de mando en las horas de la noche [SEP] b___ [SEP] bomb
1358,es,1.638728786,cálido [SEP] Sentí el cálido sol sobre mi piel. [SEP] w___ [SEP] warm
1359,es,0.837784087,"oriental [SEP] La zona oriental de España tiene un clima bastante húmedo, sobre todo en la costa. [SEP] e______ [SEP] eastern"
1360,es,-0.498267693,Ropa [SEP] A ella siempre se le usando ropa muy cara [SEP] c_______ [SEP] clothing
1361,es,2.228499365,ninguna [SEP] Ninguna de las llaves entró en la cerradura. [SEP] n___ [SEP] none
1362,es,-0.545261616,historia [SEP] El libro describía una historia maravillosa sobre unos personajes de la revolución francesa. [SEP] n________ [SEP] narrative
1363,es,-2.034495733,gorjeo [SEP] El gorjeo del canario de mi abuela a veces es demasiado fuerte. [SEP] t______ [SEP] twitter
1364,es,0.183982376,instrumentalmente [SEP] Actuó instrumentalmente y de forma determinante en la resolución del problema. [SEP] i_____________ [SEP] instrumentally
1365,es,-0.062431003,múltiples [SEP] Ha llegado tarde en múltiples ocasiones. [SEP] n_______ [SEP] numerous
1366,es,0.300949777,síndrome [SEP] He sufrido toda la vida con el síndrome premenstrual. [SEP] s_______ [SEP] syndrome
1367,es,2.927790428,esperar [SEP] Nos hizo esperar mucho y estábamos muy enfadados. [SEP] w___ [SEP] wait
1368,es,-2.417473282,corrector [SEP] Debemos buscar nuevos mecanismos correctores para mejorar nuestros procesos [SEP] c_________ [SEP] correcting
1369,es,1.381904044,delta [SEP] Este fin de semana mis hermanos irán a pescar al delta a dos horas de acá [SEP] d____ [SEP] delta
1370,es,-1.885500482,esbozo [SEP] El esbozo de la presentación estará listo mañana. [SEP] o______ [SEP] outline
1371,es,-0.897007871,peluquero [SEP] Para mí es el mejor peluquero del salón. [SEP] s______ [SEP] stylist
1372,es,1.56794947,inspirar [SEP] El atleta queria inspirar algo a mucha gente en el campo de deporte [SEP] i______ [SEP] inspire
1373,es,-1.599252481,estructura [SEP] Los científicos están estudiando la estructura de la sustancia. [SEP] c__________ [SEP] composition
1374,es,0.554850681,cuerda [SEP] Habrá que poner una cuerda corta en el cuadro para colgarlo. [SEP] c___ [SEP] cord
1375,es,-2.992967188,conseguir [SEP] No todos los atletas son capaces de conseguir esta forma física. [SEP] a_____ [SEP] attain
1376,es,-1.906826887,humildad [SEP] Aceptó el premio con su humildad característica. [SEP] m______ [SEP] modesty
1377,es,-1.451614444,encrucijada [SEP] La investigación se volvió una encrucijada que nadie podía resolver [SEP] c_________ [SEP] crossroads
1378,es,-1.400762015,comportamiento [SEP] El comportamiento de su hijo en clase es generalmente bueno. [SEP] c______ [SEP] conduct
1379,es,-0.907557079,preferencia [SEP] Nuestra primera preferencia en la vida de nuestros hijos es su educación. [SEP] p_______ [SEP] priority
1380,es,2.091208342,espiritual [SEP] Ella es una persona espiritual que cree en el poder de la oración [SEP] s________ [SEP] spiritual
1381,es,1.720818175,mágico [SEP] Antiguamente la gente creía que los diamantes tenían un poder mágico [SEP] m______ [SEP] magical
1382,es,3.03975635,Nazi [SEP] El movimiento Nazi gobernó el país durante los años 1933 a 1945. [SEP] n___ [SEP] nazi
1383,es,-0.13729746,ciclón [SEP] El ciclón se va acercando a la costa de Flórida. [SEP] h________ [SEP] hurricane
1384,es,-2.303545455,risible [SEP] Eso sí que es una idea risible. [SEP] r_________ [SEP] ridiculous
1385,es,0.815010865,casera [SEP] ¿Quieres un poco de empanada casera? [SEP] h_______ [SEP] homemade
1386,es,4.020913518,"mesa [SEP] Pon la mesa por favor, que vamos a comer en seguida. [SEP] t____ [SEP] table"
1387,es,1.157032509,desarmado [SEP] Entró en el campamento solo y desarmado. [SEP] u______ [SEP] unarmed
1388,es,2.699825772,preguntar [SEP] No dejan de preguntar por qué ha venido a vivir aquí. [SEP] q_______ [SEP] question
1389,es,3.412576064,karma [SEP] Según las creencias del budismo el karma es la suma de tus acciones define la próxima fase de tu existencia. [SEP] k____ [SEP] karma
1390,es,3.41271422,bosque [SEP] Fueron de excursión por el bosque y todavía no han vuelto. [SEP] f_____ [SEP] forest
1391,es,0.507583358,"inmediatamente [SEP] Cuando fue llamada a declarar, ella se dirigió inmediatamente al juez [SEP] d_______ [SEP] directly"
1392,es,0.408731196,factible [SEP] Es factible llegar ahí en autobús. [SEP] p_______ [SEP] possible
1393,es,0.355889794,estratégicamente [SEP] Habían puesto el micrófonos estratégicamente alrededor de la casa [SEP] s____________ [SEP] strategically
1394,es,-0.828403143,"encoger [SEP] No se puede lavar el jersey con agua caliente, va a encoger. [SEP] s_____ [SEP] shrink"
1395,es,0.713224281,limonada [SEP] Cuando hace calor mi mamá hace una limonada deliciosa con hielo y miel [SEP] l_______ [SEP] lemonade
1396,es,0.855314675,"borrado [SEP] Entre toda la confusión, el archivo ha quedado borrado. [SEP] e_____ [SEP] erased"
1397,es,-2.585262805,inviabilidad [SEP] La inviabilidad de poder proporcionar suficiente ayuda humanitaria si hizo evidente en seguida. [SEP] i____________ [SEP] impossibility
1398,es,2.268144637,liberalismo [SEP] El liberalismo es uno de los principales partidos políticos del país [SEP] l_________ [SEP] liberalism
1399,es,1.082154323,"eco [SEP] Si hablas fuerte aquí, oirás el eco de tu propia voz. [SEP] e___ [SEP] echo"
1400,es,1.049908946,burbuja [SEP] Una burbuja gigante cayó en el suelo sin romperse. [SEP] b_____ [SEP] bubble
1401,es,1.088616319,obispo [SEP] El obispo de Madrid es una persona muy importante en la vida de la ciudad. [SEP] b_____ [SEP] bishop
1402,es,-3.536072963,prestigioso [SEP] Todos escuchan las opiniones de este prestigioso pensador. [SEP] i__________ [SEP] influential
1403,es,2.356569498,humanidad [SEP] El agua es un recurso necesario para toda la humanidad [SEP] h_______ [SEP] humanity
1404,es,1.005276782,conocida [SEP] Su cara me resulta conocida pero no sé de qué. [SEP] f_______ [SEP] familiar
1405,es,-0.577797072,crepúsculo [SEP] Se veía la sombra de los árboles crecer en el crepúsculo. [SEP] t_______ [SEP] twilight
1406,es,0.07261679,"gritar [SEP] Deja de gritar, te oigo perfectamente. [SEP] y___ [SEP] yell"
1407,es,-2.525112579,miembro [SEP] Me han llamado para ser miembro de un jurado en un caso de asesinato. [SEP] j____ [SEP] juror
1408,es,-3.034770514,pender [SEP] Su situación en la escuela va a pender de un hilo la próxima vez que cometa un error. [SEP] d_____ [SEP] dangle
1409,es,4.017287723,clase [SEP] Cuando el profesor llegó la clase entera lo estaba esperando para saludarlo [SEP] c____ [SEP] class
1410,es,2.852262076,león [SEP] El león hace parte de la familia de los felinos. [SEP] l___ [SEP] lion
1411,es,-2.945367134,mechón [SEP] Tenía un mechón de pelo tapándole los ojos por culpa del viento y no veía bien. [SEP] s_____ [SEP] strand
1412,es,-1.700676451,caída [SEP] La caída del régimen era de esperar. [SEP] c_______ [SEP] collapse
1413,es,2.534492115,prisión [SEP] Esta prisión alberga tres mil presos de diferentes partes del país. [SEP] j___ [SEP] jail
1414,es,-2.044606025,concebir [SEP] El ayuntamiento tiene que concebir una nueva política para proteger las áreas naturales. [SEP] d_____ [SEP] design
1415,es,-0.885746582,condicionamiento [SEP] El condicionamento es un procedimiento que involucra estimulos con el fin de controlar el comportamiento [SEP] c___________ [SEP] conditioning
1416,es,-2.318591536,conjunto [SEP] Toca en un conjunto de cuerda. [SEP] e_______ [SEP] ensemble
1417,es,-1.445077341,anuncio [SEP] Hoy el presidente va a hacer un anuncio muy importante. [SEP] d__________ [SEP] declaration
1418,es,0.108061593,ocasión [SEP] Es una ocasión maravillosa de subir en la empresa y debes aprovecharla. [SEP] o__________ [SEP] opportunity
1419,es,1.290798516,rueda [SEP] La rueda estaba suelta y casi me caí de la bicicleta. [SEP] w____ [SEP] wheel
1420,es,0.994342491,recoger [SEP] Hay que recoger las uvas cuando están totalmente maduras. [SEP] p___ [SEP] pick
1421,es,-3.008369074,fieles [SEP] La iglesia estaba llena de fieles para la visita del arzobispo. [SEP] c___________ [SEP] congregation
1422,es,0.627324992,"inflación [SEP] Con la inflación del dinero y los precios tan altos, no sé cómo vamos a llegar a fin de mes. [SEP] i________ [SEP] inflation"
1423,es,0.79874366,olor [SEP] El queso tenía un olor horrible. [SEP] s____ [SEP] smell
1424,es,-1.780533192,derivar [SEP] Estas medidas pueden derivar en la falta de motivación por parte de los empleados. [SEP] r_____ [SEP] result
1425,es,0.800017276,"infanta [SEP] La infanta heredó el trono cuando falleció su padre, el rey. [SEP] p_______ [SEP] princess"
1426,es,-0.99520504,declarar [SEP] El presidente quiso declarar que no había tenido nada que ver con la corrupción. [SEP] s____ [SEP] state
1427,es,0.099616052,tranquilizarse [SEP] Se dio un paseo largo por el monte y empezó a tranquilizarse. [SEP] r____ [SEP] relax
1428,es,1.128121578,"evidentemente [SEP] Evidentemente, mi amigo estaba cansado después de correr la maratón. [SEP] o________ [SEP] obviously"
1429,es,-1.43433337,laica [SEP] Vivimos en una sociedad básicamente laica. [SEP] s______ [SEP] secular
1430,es,3.609205539,teléfono [SEP] Mañana te llamo por teléfono para cuadrar la reunión del fin de semana [SEP] t________ [SEP] telephone
1431,es,-2.606587965,cresta [SEP] El camino sigue la cresta de la montaña. [SEP] r____ [SEP] ridge
1432,es,2.018055363,electrónico [SEP] El tablero electrónico esta siendo reparado [SEP] e_________ [SEP] electronic
1433,es,2.624119861,pintura [SEP] Se está empezando a caer la pintura del banco del jardín. [SEP] p____ [SEP] paint
1434,es,0.557413466,etiquetar [SEP] Tenemos que etiquetar los paquetes antes de enviarlos. [SEP] l____ [SEP] label
1435,es,-0.649073927,repercusión [SEP] Este proyecto tendrá una gran repercusión sobre la comunidad. [SEP] i_____ [SEP] impact
1436,es,-1.897700985,anónimamente [SEP] Los votos y los comentarios se recibirán anónimamente [SEP] a__________ [SEP] anonymously
1437,es,-1.611235456,ingrávido [SEP] Los astronautas trabajan en un ambiente ingrávido. [SEP] w_________ [SEP] weightless
1438,es,-0.81146955,transformación [SEP] La oruga sufre una transformación muy grande y se convierte en mariposa. [SEP] m____________ [SEP] metamorphosis
1439,es,-3.001547323,"horrible [SEP] Es horrible la situación de desempleo en el país, la verdad es bastante deprimente. [SEP] g___ [SEP] grim"
1440,es,-1.045200003,playa [SEP] Vamos a la playa a pasar el fin de semana. [SEP] s______ [SEP] seaside
1441,es,0.380900333,"clínico [SEP] Los resultados clínicos salieron negativos, puedes estar tranquilo ahora [SEP] c_______ [SEP] clinical"
1442,es,0.883654006,piso [SEP] Las habaitaciones están en el piso de arriba. [SEP] u_______ [SEP] upstairs
1443,es,-0.423688393,objetos [SEP] No deje dinero en metálico ni objetos valiosos en el vestuario. [SEP] v________ [SEP] valuables
1444,es,1.835080886,acercarse [SEP] Al acercarse a las ruinas vió que eran antiguas. [SEP] n___ [SEP] near
1445,es,0.581580514,rectificar [SEP] Quiero volver a leer mi ensayo para rectificar mis errores. [SEP] c______ [SEP] correct
1446,es,-1.805610499,suavidad [SEP] Me gusta mucho la suavidad de su piel y de su pelo. [SEP] s_________ [SEP] smoothness
1447,es,2.372396652,casarse [SEP] Luis va a casarse el año que viene. [SEP] m____ [SEP] marry
1448,es,-0.60729756,ministerio [SEP] El ministerio nacional de defensa se ha visto involucrado en corrupción [SEP] m_______ [SEP] ministry
1449,es,-0.379044254,"páramo [SEP] Como no llueva, el sur de España se va a convertir en un páramo. [SEP] d_____ [SEP] desert"
1450,es,-3.223918268,inmutable [SEP] Es una ley aparentemente inmutable que nos está perjudicando mucho. [SEP] u_________ [SEP] unchanging
1451,es,0.688416678,agregar [SEP] Habrá que agregar todos los importes para obtener el total. [SEP] s__ [SEP] sum
1452,es,0.899719075,sartén [SEP] Necesitamos una sartén para hacer tortitas. [SEP] p__ [SEP] pan
1453,es,-0.265616495,lejano [SEP] Recibí una pequeña cantidad de dinero cuando falleció un familiar lejano el año pasado. [SEP] d______ [SEP] distant
1454,es,-1.080405263,tolerante [SEP] Es muy tolerante con los niños pequeños así que será buena profesora. [SEP] p______ [SEP] patient
1455,es,3.366411787,todavía [SEP] Estoy trabajando con rapidez pero todavía no he terminado. [SEP] y__ [SEP] yet
1456,es,-0.371984303,flujo [SEP] Una válvula controla el flujo en la tubería. [SEP] f___ [SEP] flow
1457,es,-3.183268502,repartidor [SEP] Trabaja de repartidor en una fábrica de leche. [SEP] d__________ [SEP] distributor
1458,es,-0.835497589,anunciar [SEP] Tendremos que anunciar el evento en el periódico local. [SEP] a________ [SEP] advertise
1459,es,0.038616781,dermatólogo [SEP] Tuve que ir al dermatólogo despues de mis vacaciones en la playa. [SEP] d____________ [SEP] dermatologist
1460,es,2.489119439,soltero [SEP] Creo que podremos terminar soltero. [SEP] s_____ [SEP] single
1461,es,0.40785795,riqueza [SEP] A pesar de su riqueza nunca está contento. [SEP] w_____ [SEP] wealth
1462,es,-3.825377346,indicativo [SEP] Este ejemplo es indicativo de lo que piensa la mayoría de la gente. [SEP] i___________ [SEP] illustrative
1463,es,0.312414707,especia [SEP] Me encanta la comida que tenga alguna especia. [SEP] s____ [SEP] spice
1464,es,2.046429047,astronauta [SEP] El astronauta salio de la nave y logró llegar a la base a pesar de la falta de gravedad [SEP] a________ [SEP] astronaut
1465,es,-1.609153434,a [SEP] Trabajo entre semana y a veces los sábados. [SEP] o___________ [SEP] occasionally
1466,es,1.163273062,compartido [SEP] La zona residencial tiene un jardín compartido. [SEP] s_____ [SEP] shared
1467,es,2.204874816,"bolsa [SEP] En caso de colisión,el coche tiene una bolsa de aire para todos los ocupantes del vehículo. [SEP] a_____ [SEP] airbag"
1468,es,-0.938521272,anteceder [SEP] Dicen que la calma suele anteceder a las tormentas. [SEP] p______ [SEP] precede
1469,es,-2.114399032,favorecida [SEP] Esta empresa es la favorecida ya que nos ha dado muy buen servicio hasta ahora. [SEP] p________ [SEP] preferred
1470,es,1.160403295,deprimido [SEP] Antonio está un poco deprimido después de la muerte de su perro. [SEP] d________ [SEP] depressed
1471,es,1.056731006,etiqueta [SEP] La etiqueta contiene las instrucciones de lavado. [SEP] l____ [SEP] label
1472,es,2.306468803,furgoneta [SEP] Tiene un furgoneta que usa para trasladar las herramientas. [SEP] v__ [SEP] van
1473,es,1.361744157,occidental [SEP] Un río marca la frontera occidental de la reserva natural. [SEP] w______ [SEP] western
1474,es,-3.390532032,trozo [SEP] Escribió su teléfono en un trozo de papel que tenía en el bolso. [SEP] s____ [SEP] scrap
1475,es,-1.027729439,clave [SEP] Se me ha olvidado la clave de mi teléfono. [SEP] c___ [SEP] code
1476,es,-1.171232312,laboralmente [SEP] Necesitas un cambio completo hablando tanto personal como laboralmente. [SEP] p_____________ [SEP] professionally
1477,es,-0.003429477,desnudo [SEP] Se baña desnudo en el río todas las noches. [SEP] n___ [SEP] nude
1478,es,-0.129083417,rechazado [SEP] Se sintió muy rechazado cuando le dijo Marta que su sugerencia era ridícula. [SEP] r_______ [SEP] rejected
1479,es,-2.307053562,correa [SEP] La correa del reloj está hecha de cuero. [SEP] s____ [SEP] strap
1480,es,1.91108608,muerte [SEP] La muerte de Shakespeare ocurrió en el año 1616. [SEP] d____ [SEP] death
1481,es,-2.407664478,amoldable [SEP] Tiene un carácter amoldable y amable. [SEP] a________ [SEP] adaptable
1482,es,-2.692324814,líder [SEP] Es el cocinero líder del país ahora mismo. [SEP] p______ [SEP] premier
1483,es,1.91499903,"dictador [SEP] Históricamente, la mayoría de dictadores en el mundo han hecho mucho daño al pueblo. [SEP] d_______ [SEP] dictator"
1484,es,1.081206618,asesino [SEP] Menos mal que han cogido al asesino por fin. [SEP] m_______ [SEP] murderer
1485,es,2.425264803,amante [SEP] Maura tiene un amante secreto en Londres. [SEP] l____ [SEP] lover
1486,es,0.949927502,superior [SEP] Utilicé una escalera para alcanzar el estante superior. [SEP] t__ [SEP] top
1487,es,-2.307356958,categorización [SEP] La categorización de estos insectos va a ser complicadísima. [SEP] c_____________ [SEP] classification
1488,es,-2.848599869,acusación [SEP] El abogado del demandante preparó a fondo la acusación del presidente. [SEP] i_________ [SEP] indictment
1489,es,-1.627285834,contador [SEP] El taxista quitó el contador mientras bajaba a buscar ayuda. [SEP] m____ [SEP] meter
1490,es,-2.107003557,competente [SEP] Es una chica muy competente que realiza su trabajo muy bien. [SEP] c______ [SEP] capable
1491,es,-0.333484509,humedad [SEP] Esta crema protege la humedad natural de la piel. [SEP] m_______ [SEP] moisture
1492,es,-0.008314413,legislador [SEP] los legisladores del partido central estuvieron en contra de la nueva ley pronunciada por el presidente [SEP] l_________ [SEP] legislator
1493,es,-0.738233592,"revelada [SEP] La radioactividad, revelada en 1896, tuvo un efecto nocivo en los científicos que trabajaban con ella. [SEP] d_________ [SEP] discovered"
1494,es,-1.444354279,acontecimiento [SEP] La boda fue el acontecimiento del año en nuestra familia. [SEP] h________ [SEP] happening
1495,es,-1.681099701,que [SEP] El alma es la parte del ser humano que no muere nunca. [SEP] i_______ [SEP] immortal
1496,es,1.969946674,tomate [SEP] A mucha gente le gusta comer una buena ensalada de lechuga y tomate. [SEP] t_____ [SEP] tomato
1497,es,-1.574687819,turnar [SEP] Maria y Carlos se van a turnar la guardia del campamento esta noche. [SEP] a________ [SEP] alternate
1498,es,-0.615529822,por [SEP] He trabajado mucho y por consiguiente tengo que descansar. [SEP] c___________ [SEP] consequently
1499,es,2.229764917,nacer [SEP] El niño va a nacer el mes que viene. [SEP] b___ [SEP] born
1500,es,2.722775425,fuerte [SEP] Mi abuelo está muy fuerte a pesar de sus ochenta años. [SEP] s_____ [SEP] strong
1501,es,0.627114664,estudio [SEP] Saqué diversas conclusiones después de un estudio exhaustivo del caso. [SEP] i____________ [SEP] investigation
1502,es,0.594888942,desempleo [SEP] El desempleo es un problema muy grande para los jóvenes. [SEP] u___________ [SEP] unemployment
1503,es,0.425369558,examinar [SEP] Han llamado a la policía para examinar el caso del asesinato. [SEP] i__________ [SEP] investigate
1504,es,0.399068857,esbelta [SEP] Tenía una figura esbelta muy atractiva. [SEP] s___ [SEP] slim
1505,es,2.81478784,pierna [SEP] Me duele mucho la pierna derecha hoy. [SEP] l__ [SEP] leg
1506,es,-1.29655705,descubrir [SEP] Nos costó mucho descubrir la verdad. [SEP] u______ [SEP] uncover
1507,es,1.960830433,ducha [SEP] Me gusta tomar una ducha por la mañana. [SEP] b___ [SEP] bath
1508,es,1.935041011,envejecer [SEP] Todos tenemos que envejecer. [SEP] a__ [SEP] age
1509,es,-2.768686225,estilo [SEP] Nuestro estilo de trabajo es mucho mas flexible de lo que la gente cree [SEP] m_____ [SEP] method
1510,es,-1.549985351,grvilla [SEP] Hemos decidido poner gravilla en el camino de la entrada a nuestra casa. [SEP] g_____ [SEP] gravel
1511,es,-0.499031978,florecer [SEP] No hay nada tan bonito como ver florecer los cerezos. [SEP] b____ [SEP] bloom
1512,es,0.756347535,preciso [SEP] El método científico tiene que ser preciso para que el resultado sea fiable. [SEP] e____ [SEP] exact
1513,es,2.108706137,significado [SEP] No entiendo el significado de esa palabra. [SEP] m______ [SEP] meaning
1514,es,2.509785305,oscuro [SEP] Vaya día oscuro que hace con todas estas nubes negras. [SEP] d___ [SEP] dark
1515,es,0.907569275,telegráfico [SEP] Tendrás que organizar una transferencia telegráfica [SEP] t__________ [SEP] telegraphic
1516,es,-0.973670367,manejo [SEP] Estos anuncios son un claro manejo de los sentimientos de la gente mayor. [SEP] m___________ [SEP] manipulation
1517,es,-4.418257758,plagiar [SEP] He plagiado la ultima película de Marvel [SEP] p_____ [SEP] pirate
1518,es,-1.806804502,frecuencia [SEP] Es un área con mayor frecuencia de alcoholismo que en el resto de la ciudad. [SEP] i________ [SEP] incidence
1519,es,-0.074845942,cruelmente [SEP] Fue cruelmente asesinado mientras iba hacia su casa. [SEP] b_______ [SEP] brutally
1520,es,0.264283724,papel [SEP] El papel de los sindicatos durante los años cuarenta fue muy importante. [SEP] r___ [SEP] role
1521,es,-0.455235823,comprometido [SEP] Miguel está muy comprometido con el feminismo. [SEP] e______ [SEP] engaged
1522,es,-1.778771904,mención [SEP] El escritor hizo mención de su familia en su discurso. [SEP] r________ [SEP] reference
1523,es,0.18535307,experto [SEP] Quiero aprender a hacer fotos como un experto. [SEP] p__ [SEP] pro
1524,es,3.759803894,deporte [SEP] El tenis es mi deporte favorito. [SEP] s____ [SEP] sport
1525,es,-0.437355669,"segura [SEP] Como nos les rescaten ya, se van a encontrar una muerte segura. [SEP] c______ [SEP] certain"
1526,es,2.682368711,artístico [SEP] Mi hija tiene una habilidad artística impresionante [SEP] a_______ [SEP] artistic
1527,es,2.857694622,niña [SEP] La pareja tiene una niña y tres niños. [SEP] g___ [SEP] girl
1528,es,-2.335469652,unidad [SEP] La primera unidad del curso contiene una presentación general de los temas. [SEP] m_____ [SEP] module
1529,es,-0.667287579,contribuyente [SEP] La fundación recibe fondos de un contribuyente muy famoso. [SEP] c__________ [SEP] contributor
1530,es,-0.777605134,"adecuadamente [SEP] Si sigo la receta adecuadamente, mi postre será delicioso. [SEP] p_______ [SEP] properly"
1531,es,1.188981861,jinete [SEP] Es un jinete especializado en cabalgatas de larga duración [SEP] r____ [SEP] rider
1532,es,1.782787021,ejemplo [SEP] Hay un claro ejemplo de este estilo de pintar en el museo. [SEP] e______ [SEP] example
1533,es,-2.107778931,accionista [SEP] Mi padre fue accionista de la empresa de sellos que quebró el año pasado. [SEP] s__________ [SEP] shareholder
1534,es,1.599646369,suicidio [SEP] La causa de la muerte del hombre fue un suicidio. [SEP] s______ [SEP] suicide
1535,es,2.443740307,dos [SEP] He visto esa película dos veces. [SEP] t____ [SEP] twice
1536,es,3.578658736,feliz [SEP] Ser feliz es deseable pero no es siempre lo más importante. [SEP] h____ [SEP] happy
1537,es,0.886571968,dólar [SEP] Camilo gana en dólares pero nunca tiene efectivo. [SEP] d_____ [SEP] dollar
1538,es,3.953092428,gato [SEP] Tengo un gato muy viejo que tiene veinte años. [SEP] c__ [SEP] cat
1539,es,-2.532801692,detestar [SEP] Para mí no es normal detestar a nadie pero Paloma me cae muy mal. [SEP] d______ [SEP] dislike
1540,es,1.169994153,dar [SEP] De repente se enfadó e intentó darme un puñetazo. [SEP] p____ [SEP] punch
1541,es,-1.872609378,traslúcida [SEP] Puedo ver a través de la ventana porque es traslúcida. [SEP] t__________ [SEP] transparent
1542,es,0.438896542,adelantar [SEP] Consiguió adelantar unos cuantos pasos. [SEP] a______ [SEP] advance
1543,es,-0.378738189,técnico [SEP] Necesitamos un técnico en sistemas informáticos de este tipo. [SEP] t_________ [SEP] technician
1544,es,-2.607660463,jarrón [SEP] Hay un jarrón de agua en la mesa. [SEP] p______ [SEP] pitcher
1545,es,0.94066172,Reverendo [SEP] Reverendo es un título utilizado por los clérigos. [SEP] r_______ [SEP] reverend
1546,es,-3.26732329,desvanecientes [SEP] El centro de experimentos se estableció para reintroducir animales desvanecientes y en peligro de extinción. [SEP] d___________ [SEP] disappearing
1547,es,-0.212467669,"negocio [SEP] Compramos esa casa como negocio, no para vivir. [SEP] i_________ [SEP] investment"
1548,es,2.732472352,geología [SEP] Desde pequeño a Pedro le ha gustado la geología y tiene muchas muestras de minerales en su habitación. [SEP] g______ [SEP] geology
1549,es,-0.069209107,gancho [SEP] Hay un gancho en la pared para que cuelgues el abrigo. [SEP] h___ [SEP] hook
1550,es,-1.257504855,soberana [SEP] La soberana más longeva de Europa es la Reina de Inglaterra. [SEP] m______ [SEP] monarch
1551,es,-4.294771203,constar [SEP] Este tipo de acuerdo suele constar de tres partes. [SEP] c_______ [SEP] comprise
1552,es,-0.303455463,depósito [SEP] El depósito almacena agua para la ciudad. [SEP] t___ [SEP] tank
1553,es,1.003013668,fotografía [SEP] La fotografía se ha vuelto muy accesible con el uso de los móviles. [SEP] p__________ [SEP] photography
1554,es,-1.854744163,"masa [SEP] Cuando se mezcla con agua, el polvo se convierte en una masa homogénea. [SEP] p____ [SEP] paste"
1555,es,-0.912972109,"declaración [SEP] Según la declaración del testigo, el sospechoso estaba en el trabajo. [SEP] s________ [SEP] statement"
1556,es,1.223463974,tipo [SEP] El tipo de moneda se muestra en la factura. [SEP] t___ [SEP] type
1557,es,-0.177940205,completa [SEP] Mi madre me regaló su colección completa de cucharas de plata. [SEP] e_____ [SEP] entire
1558,es,1.474524007,ministro [SEP] Los ministros se presentarron ante el presidente en la mañana del lunes [SEP] m_______ [SEP] minister
1559,es,-1.068086005,tela [SEP] La tela de tu vestido es muy original. [SEP] m_______ [SEP] material
1560,es,-0.551565819,botar [SEP] La pelota ha de botar primero y después entrar en el aro. [SEP] b_____ [SEP] bounce
1561,es,1.002862608,tienda [SEP] Mi abuela abrió una tienda de comestibles en los años sesenta. [SEP] s___ [SEP] shop
1562,es,2.457186649,"conocer [SEP] Acabo de conocer a Santi, es un chico estupendo. [SEP] m___ [SEP] meet"
1563,es,1.299130871,poco [SEP] Estoy un poco molesto por lo que me ha dicho. [SEP] l_____ [SEP] little
1564,es,5.143117795,bailar [SEP] Me encanta bailar y voy a clases de ballet todas las semanas. [SEP] d____ [SEP] dance
1565,es,-1.339082196,estructura [SEP] Me encanta la estructura tan suave del terciopelo. [SEP] t______ [SEP] texture
1566,es,-1.508269148,alzado [SEP] El alzado más grande de la región se ve desde bastante lejos. [SEP] e________ [SEP] elevation
1567,es,-1.731247128,interno [SEP] El mercado interno es también muy importante para nosotros. [SEP] d_______ [SEP] domestic
1568,es,-0.268577821,inútil [SEP] Una máquina defectuosa es inútil. [SEP] u______ [SEP] useless
1569,es,0.790010328,olvidada [SEP] Esta su primera novela está bastante olvidada pero es muy buena. [SEP] f________ [SEP] forgotten
1570,es,1.190805672,consecutivo [SEP] Para poder adelgazar debes ir al gimnasio durante 30 días consecutivos [SEP] c__________ [SEP] consecutive
1571,es,0.717179837,"robar [SEP] Si te veo robar otra vez, voy a llamar a la policía. [SEP] s____ [SEP] steal"
1572,es,-2.063475063,remolcador [SEP] Se veía a lo lejos un granjero conduciendo un remolcador. [SEP] t______ [SEP] tractor
1573,es,1.049500672,vago [SEP] Mi hijo es un poco vago pero en general es buen estudiante. [SEP] l___ [SEP] lazy
1574,es,-0.373232623,procesador [SEP] Mi madre quiere comprar un procesador alimentos para que cocinar no sea tanto trabajo. [SEP] p________ [SEP] processor
1575,es,2.125962466,autocar [SEP] El autocar llevó el equipo al estadio para la final. [SEP] b__ [SEP] bus
1576,es,0.116960923,adversa [SEP] La experiencia fue más positiva que adversa. [SEP] n_______ [SEP] negative
1577,es,-0.152220482,desenfocada [SEP] Tenía la mirada algo desenfocada. [SEP] u________ [SEP] unfocused
1578,es,2.396382015,costa [SEP] Hawai esta localizado en la costa pacífica de los Estados Unidos [SEP] c____ [SEP] coast
1579,es,-1.225820034,cartera [SEP] La empresa ha ampliado su cartera de inversiones. [SEP] p________ [SEP] portfolio
1580,es,-2.927535235,explicativo [SEP] El manual explicativo es muy fácil de seguir. [SEP] i____________ [SEP] instructional
1581,es,2.653286611,"oral [SEP] Mañana tengo un examen de francés, el escrito por la mañana y la parte hablada por la tarde. [SEP] o___ [SEP] oral"
1582,es,0.265413278,microbiólogo [SEP] Sandra es una microbiólga estudia las distintas causas de la propagación de las bacterias [SEP] m_____________ [SEP] microbiologist
1583,es,0.484642948,creciente [SEP] Hay una demanda creciente de nuestros productos. [SEP] i_________ [SEP] increasing
1584,es,1.049227683,secuestrar [SEP] Los ladrones han amenazado con secuestrar al director del banco. [SEP] k_____ [SEP] kidnap
1585,es,0.646428064,otoño [SEP] El otoño es mi estación del año preferida. [SEP] a_____ [SEP] autumn
1586,es,2.076433601,felicidades [SEP] ¡Felicidades por tu aniversario de boda! [SEP] c______________ [SEP] congratulations
1587,es,0.851462065,globo [SEP] Le compré un globo muy bonito a mi nieta cuando fuimos al parque. [SEP] b______ [SEP] balloon
1588,es,1.825255356,coche [SEP] Mi padre tiene un auto de los años 1930. [SEP] a___ [SEP] auto
1589,es,-1.072427047,mitología [SEP] Muchos superhéroes como Thor se basan en la mitología nórdica [SEP] m________ [SEP] mythology
1590,es,-3.779655631,astil [SEP] El astil de un martillo suele ser de madera. [SEP] s____ [SEP] shaft
1591,es,1.150920491,diálogo [SEP] Mantuvimos un diálogo largo y al final llegamos a un acuerdo. [SEP] c___________ [SEP] conversation
1592,es,0.168790694,tierra [SEP] No permiten que entren tropas de la ONU en su tierra nacional. [SEP] t________ [SEP] territory
1593,es,-3.385466973,reducción [SEP] La reducción repentina del mercado les causó muchos problemas. [SEP] c__________ [SEP] contraction
1594,es,-0.885908788,etiqueta [SEP] Los asistentes a la ceremonia deben seguir la etiqueta descrita en este documento. [SEP] p_______ [SEP] protocol
1595,es,-1.065408761,mirador [SEP] Pudieron ver las estrellas perfectamente desde el mirador del colegio. [SEP] o__________ [SEP] observatory
1596,es,1.635015076,nombre [SEP] ¿Cuál es el nombre de su nuevo libro? [SEP] t____ [SEP] title
1597,es,0.644535123,"técnicamente [SEP] Técnicamente, los dos países siguen en guerra. [SEP] t__________ [SEP] technically"
1598,es,-1.858206921,imperar [SEP] Hay que tener fe en que la justicia va a imperar. [SEP] p______ [SEP] prevail
1599,es,1.362213945,bocadillo [SEP] Voy a pedir un bocadillo de jamón y queso. [SEP] s_______ [SEP] sandwich
1600,es,-1.026079863,salto [SEP] La rana pegó un gran salto por encima del seto. [SEP] l___ [SEP] leap
1601,es,-2.28075913,"retirarse [SEP] Cuando el ejército perdió la batalla, los soldados no dudaron en retirarse. [SEP] r______ [SEP] retreat"
1602,es,0.628822934,noción [SEP] La noción de la felicidad es subjetiva y personal. [SEP] i___ [SEP] idea
1603,es,-2.799937348,"expuesta [SEP] Me remito a mi declaración, ya expuesta desde ayer, sobre este caso. [SEP] s_____ [SEP] stated"
1604,es,-0.508215273,abertura [SEP] Hay una abertura en la valla que tendremos que reparar. [SEP] o______ [SEP] opening
1605,es,1.183392753,"orgullosamente [SEP] Dijo, muy orgullosamente, que su hija había entrado en la empresa. [SEP] p______ [SEP] proudly"
1606,es,2.31519715,panorámico [SEP] El efecto panorámico de la camara de mi celular no está funcionando bien [SEP] p________ [SEP] panoramic
1607,es,0.514479633,solucionado [SEP] Ese problema está solucionado desde hace tiempo. [SEP] r_______ [SEP] resolved
1608,es,3.214776845,federación [SEP] La federación de conumidores del país ayuda al buen desarrollo de los procesos de venta y consumo. [SEP] f_________ [SEP] federation
1609,es,2.817515927,helicóptero [SEP] Hicimos una excursión en helicóptero por todo Nueva York. [SEP] h_________ [SEP] helicopter
1610,es,-1.643379438,emocionar [SEP] El cantante va a  emocionar al público con su actuación. [SEP] t_____ [SEP] thrill
1611,es,0.247799591,susurro [SEP] Su voz no era más que un susurro. [SEP] w______ [SEP] whisper
1612,es,0.133767766,"adulta [SEP] Ya tendrías que comportarte de una forma adulta, tienes dieciocho años. [SEP] m_____ [SEP] mature"
1613,es,2.821679682,"preposición [SEP] A', 'hacia', 'dentro de' y 'antes' son todas un ejemplo de preposiciones de lugar, tiempo, posición etc. [SEP] p__________ [SEP] preposition"
1614,es,1.587281428,cuarto [SEP] Quiero una casa que tenga un cuarto de juegos para los niños. [SEP] p_______ [SEP] playroom
1615,es,-1.156101477,argumento [SEP] Coincido contigo referente a algún argumento que has explicado hoy. [SEP] p____ [SEP] point
1616,es,-1.211620689,injuriar [SEP] Un entrevistador de televisión debe tener cuidado de no injuriar a nadie. [SEP] o_____ [SEP] offend
1617,es,1.343690507,exquisito [SEP] Este pescado está exquisito.  Tiene un sabor maravilloso. [SEP] d________ [SEP] delicious
1618,es,0.631295349,cultivar [SEP] En la granja cultivamos nuestro propio alimento [SEP] c________ [SEP] cultivate
1619,es,-0.639910618,buscador [SEP] Este buscador no funciona bien con este ordenador. [SEP] b______ [SEP] browser
1620,es,1.550128565,desperdiciar [SEP] La gente no debe desperdiciar los recursos naturales. [SEP] w____ [SEP] waste
1621,es,-1.778799754,redención [SEP] La iglesia del medievo creía en la redención a través de la oración y las buenas obras. [SEP] s________ [SEP] salvation
1622,es,0.879628233,desarrollado [SEP] En el mundo desarrollado habría que disminuir la cantidad de papel que se usa. [SEP] d________ [SEP] developed
1623,es,-2.939089463,autenticidad [SEP] La autenticidad de su argumento fue observada por todos como dudosa [SEP] l_________ [SEP] legitimacy
1624,es,-1.441345973,regalo [SEP] Llevamos a los niños al zoo el otro día como regalo. [SEP] t____ [SEP] treat
1625,es,0.384400279,articulación [SEP] El tobillo es la articulación que une el pie con la pierna. [SEP] j____ [SEP] joint
1626,es,2.310543128,avión [SEP] Vamos a coger un avión para ir a las islas. [SEP] p____ [SEP] plane
1627,es,0.618775828,prohibir [SEP] No se puede prohibir la entrada al club simplemente por capricho. [SEP] f_____ [SEP] forbid
1628,es,-2.685362567,"estratégico [SEP] Se trata de un problema político de tipo estratégico, más que nada. [SEP] l_______ [SEP] logistic"
1629,es,-1.838755872,perceptible [SEP] Menos mal que la enfermedad es perceptible a través de esta prueba. [SEP] d_________ [SEP] detectable
1630,es,-2.794303431,reproducción [SEP] Oímos la reproducción de la música que ya habían grabado la semana anterior. [SEP] p_______ [SEP] playback
1631,es,-0.367472519,conmovedor [SEP] El poema que dedicó a mi padre es muy conmovedor. [SEP] m_____ [SEP] moving
1632,es,0.347949314,ocupación [SEP] La ocupación de Polonia por los alemanes fue lo que desencadenó las segunda guerra mindial. [SEP] i_______ [SEP] invasion
1633,es,-0.827513785,"pesar [SEP] A pesar de lo que dice, le gusta su trabajo. [SEP] s____ [SEP] spite"
1634,es,-0.293883148,neurocientífico [SEP] Dr Piñeiro es un neurocientífico encargado de la investigación del cerebro de las mujeres despues de los 40 años [SEP] n_____________ [SEP] neuroscientist
1635,es,-0.495315703,dinámico [SEP] Necesitamos personas dinámicas que se encarguen de promocionar el producto. [SEP] d______ [SEP] dynamic
1636,es,-2.01335959,velatorio [SEP] El velatorio tuvo lugar antes del entierro. [SEP] w___ [SEP] wake
1637,es,-2.324165935,apariencia [SEP] Ya no es capaz de distinguir entre la verdad y la apariencia. [SEP] i_______ [SEP] illusion
1638,es,3.543157751,nivel [SEP] Tiene un nivel muy bajo de alemán. [SEP] l____ [SEP] level
1639,es,-2.122022458,crear [SEP] Mi madre me ayudó a crear mi propia empresa. [SEP] f___ [SEP] form
1640,es,-4.11828895,"fuera [SEP] Hay que mantenerse fuera del césped, no lo piséis. [SEP] o__ [SEP] off"
1641,es,0.906627977,archivar [SEP] Hay que archivar el documento en cuanto lo recibas. [SEP] f___ [SEP] file
1642,es,2.000927219,"bicicleta [SEP] ¡Préstame tu bicicleta, por favor! [SEP] b___ [SEP] bike"
1643,es,2.401659683,forma [SEP] Mi origen étnico influye en mi forma de cocinar. [SEP] w__ [SEP] way
1644,es,-3.041896359,diablo [SEP] la pelicula se trataba de una niña que hablaba con un diablo [SEP] d____ [SEP] demon
1645,es,0.314977369,israelí [SEP] Vive en un asentamiento israelí cerca a la frontera con Palestina [SEP] i______ [SEP] israeli
1646,es,-0.389747016,ineficiente [SEP] Este gobierno es tan ineficiente que va a dejar la economía hecha una pena. [SEP] i__________ [SEP] inefficient
1647,es,0.249603274,sobrecalentado [SEP] No es sano dormir en un dormitorio sobrecalentado. [SEP] o_________ [SEP] overheated
1648,es,3.933622487,seis [SEP] Mi sobrino tiene seis años. [SEP] s__ [SEP] six
1649,es,-0.954786033,práctica [SEP] La oficina es grande y práctica pero no muy bonita. [SEP] f_________ [SEP] functional
1650,es,-0.181260892,estado [SEP] No compraremos el coche al final.  Está en un estado lamentable. [SEP] c________ [SEP] condition
1651,es,-3.15744256,magnitud [SEP] Ahora entiendo la magnitud del problema [SEP] s____ [SEP] scale
1652,es,0.887739321,desperdiciado [SEP] El talento que tiene está desperdiciado en el puesto que ocupa. [SEP] w_____ [SEP] wasted
1653,es,-0.601818499,alfombra [SEP] Hay una alfombra muy bonito en el salón. [SEP] r__ [SEP] rug
1654,es,-1.79930637,atar [SEP] Los ladrones intentaron atarle las manos con cuerda. [SEP] b___ [SEP] bind
1655,es,-0.250744673,"humorista [SEP] La vida del humorista es dura ya que hay que divertir al público siempre, cosa bastante difícil. [SEP] c_______ [SEP] comedian"
1656,es,-0.466462979,globo [SEP] El globo ocular es un órgano muy complejo que nos permite ver. [SEP] e______ [SEP] eyeball
1657,es,1.039330875,carpeta [SEP] Me dejé la carpeta en el autobús. [SEP] f_____ [SEP] folder
1658,es,1.178181399,japonés [SEP] El japonés Akira Toriyama es mas conocido por ser el creador de Dragon Ball [SEP] j_______ [SEP] japanese
1659,es,-0.355989446,atornillar [SEP] Tendrás que atornillar el estante a la pared [SEP] s____ [SEP] screw
1660,es,0.696374511,"gritar [SEP] No es necesario gritar, te oigo perfectamente. [SEP] s____ [SEP] shout"
1661,es,2.481744153,gravedad [SEP] Isaac Newton es mundialmente conocido por sus estudios acerca de la gravedad y sus efectos en los cuerpos [SEP] g______ [SEP] gravity
1662,es,0.823886279,atraccion [SEP] La atracción de los cuerpos se debe a la fuerza de gravedad [SEP] a_________ [SEP] attraction
1663,es,-0.091062982,oficial [SEP] Ella es oficial de la policía y ha sido condecorada varias veces por su buen desempeño [SEP] o______ [SEP] officer
1664,es,1.337896022,apoyo [SEP] Muchas gracias por tu apoyo durante todo esto. [SEP] s______ [SEP] support
1665,es,0.055269672,olla [SEP] El agua de la olla ya está hirviendo. [SEP] p__ [SEP] pot
1666,es,2.785830151,sopa [SEP] La sopa de pollo en este restaurante es muy buena. [SEP] s___ [SEP] soup
1667,es,-1.288963703,riesgo [SEP] Los niveles de contaminación constituyen un riesgo para la salud. [SEP] h_____ [SEP] hazard
1668,es,-2.478470301,otorgamiento [SEP] El otorgamiento de las becas estimulará la investigación sin duda. [SEP] c_________ [SEP] concession
1669,es,-0.233624249,infraestructura [SEP] Es importante establecer y mejorar la infraestructura de la compañía antes que nada. [SEP] i_____________ [SEP] infrastructure
1670,es,2.798383714,"sal [SEP] No eches tanta sal a la comida, es malo para la salud. [SEP] s___ [SEP] salt"
1671,es,-2.506644781,armónicamente [SEP] Usa su voz armonicamente cuando tiene que hablar en público [SEP] m________ [SEP] musically
1672,es,-3.89719622,respuesta [SEP] La respuesta de los vecinos a las noticias fue muy negativa. [SEP] r_______ [SEP] reaction
1673,es,1.776545335,jefe [SEP] Me gustaría trabajar en el Hotel Palace como jefe de cocina. [SEP] c___ [SEP] chef
1674,es,-0.489458745,proponer [SEP] No creo que necesiten nada pero creo que debo proponer echarles una mano. [SEP] o____ [SEP] offer
1675,es,-3.208297055,escandaloso [SEP] El comportamiento de su hijo ha sido bastante escandaloso. [SEP] s_______ [SEP] shocking
1676,es,-0.65758986,fundamento [SEP] Dicen que el fundamento del socialismo es la igualdad. [SEP] b____ [SEP] basis
1677,es,-2.697404041,incrementar [SEP] La tensión empezó a incrementar hasta que al final hubo violencia. [SEP] m____ [SEP] mount
1678,es,1.246390139,ropa [SEP] Venden ropa interior italiana aquí. [SEP] u________ [SEP] underwear
1679,es,-0.736200391,pulida [SEP] La piedra pulida tiene una superficie muy suave. [SEP] p_______ [SEP] polished
1680,es,0.167948605,vecino [SEP] Soy vecino de Madrid desde hace cuarenta años. [SEP] r_______ [SEP] resident
1681,es,2.615181808,"diversión [SEP] Toco el piano por diversión, no de forma profesional. [SEP] f__ [SEP] fun"
1682,es,1.592979499,salida [SEP] ¿A qué hora es la salida del tren? [SEP] d________ [SEP] departure
1683,es,-1.34123992,dimisión [SEP] Muchos de sus adversarios pidieron su dimisión. [SEP] r__________ [SEP] resignation
1684,es,0.241045554,alergia [SEP] Las alergias han aumentado en los ultimos años debido a la contaminación. [SEP] a______ [SEP] allergy
1685,es,0.398052477,hermano [SEP] Sólo tengo un hermano y es mucho más pequeño que yo. [SEP] s______ [SEP] sibling
1686,es,1.043145115,"gasolina [SEP] El carro enciende con gasolina, la verdad es que contamina mucho. [SEP] d_____ [SEP] diesel"
1687,es,-0.289470101,acallada [SEP] La noticia estuvo completamente acallada durante unos días. [SEP] s_______ [SEP] silenced
1688,es,-0.142952691,señalar [SEP] Encendió su linterna para señalar que estaba preparado. [SEP] s_____ [SEP] signal
1689,es,1.806224853,"utilizada [SEP] Esta toalla está ya utlizada, dame una limpia por favor. [SEP] u___ [SEP] used"
1690,es,1.332769839,"sugerencia [SEP] Si tienes alguna sugerencia, por favor dímelo. [SEP] s_________ [SEP] suggestion"
1691,es,2.887039561,industria [SEP] La industria de automoviles sufrió una caída muy grande en Europa en los años setente y ochenta. [SEP] i_______ [SEP] industry
1692,es,0.388591049,revisor [SEP] El revisor pasó por todo el tren inspeccionando los billetes. [SEP] i________ [SEP] inspector
1693,es,-1.438109272,flota [SEP] La flota está amarrada en el puerto. [SEP] f____ [SEP] fleet
1694,es,2.531458505,lo [SEP] Las gemelas siempre visten lo mismo. [SEP] s___ [SEP] same
1695,es,3.377026756,cáncer [SEP] El cáncer es una enfermedad que se da debido a tumores en el cuerpo [SEP] c_____ [SEP] cancer
1696,es,-2.6245247,obligar [SEP] Nos quieren obligar a pagar tres meses por adelantado. [SEP] c_____ [SEP] compel
1697,es,-2.712772916,supervisor [SEP] Es supervisor de los parques del centro de la ciudad. [SEP] s_____________ [SEP] superintendent
1698,es,2.5621875,canción [SEP] Esta canción me recuerda a mi juventud. [SEP] s___ [SEP] song
1699,es,0.105736863,"moneda [SEP] El tipo de moneda se muestra en la factura, en este caso euros. [SEP] c_______ [SEP] currency"
1700,es,-0.543521365,defecto [SEP] El ordenador siempre se abre en la página web de la empresa por defecto. [SEP] d______ [SEP] default
1701,es,1.204077379,gorra [SEP] Necesito una gorra con visera ya que hace mucho sol hoy. [SEP] c__ [SEP] cap
1702,es,-1.999359304,irreflexivo [SEP] Tiene un carácter muy irreflexivo y actúa siempre antes de pensar. [SEP] i________ [SEP] impulsive
1703,es,2.801058047,caballo [SEP] Mi nieta monta un caballo pequeño todos los sábados. [SEP] p___ [SEP] pony
1704,es,0.339096338,maquinaria [SEP] Hay que engrasar toda la maquimaria mensualmente [SEP] m________ [SEP] machinery
1705,es,2.46475956,hispánico [SEP] Sergio tiene alguna conexión con México por lo que se le considera de origen hispánico. [SEP] h_______ [SEP] hispanic
1706,es,-1.34939523,desconcertante [SEP] El argumento de la novela es muy desconcertante ya que tiene demasiados personajes. [SEP] c________ [SEP] confusing
1707,es,-4.640164219,versión [SEP] Este juego es una versión del béisbol. [SEP] v______ [SEP] variant
1708,es,2.749808403,"último [SEP] El último que salga, que apague la luz. [SEP] l___ [SEP] last"
1709,es,-1.553026172,sonámbulo [SEP] Algunas personas creen que no hay que despertar a un sonámbulo. [SEP] s__________ [SEP] sleepwalker
1710,es,-0.721663736,cobre [SEP] Ese jarrón es de cobre. [SEP] c_____ [SEP] copper
1711,es,-1.30512893,calcular [SEP] Habrá que calcular más o menos lo que nos va a costar. [SEP] e_______ [SEP] estimate
1712,es,2.817199832,legendario [SEP] La Odisea de Homero es una obra legendaria en la historia de la literatura universal [SEP] l________ [SEP] legendary
1713,es,3.588878554,ahora [SEP] Ahora te voy a contar lo que me pasó la semana pasada. [SEP] n__ [SEP] now
1714,es,-3.901327814,que [SEP] Es un escritor que va más allá y a que todo el mundo admira mucho. [SEP] t___________ [SEP] transcendent
1715,es,-2.47667905,grandísima [SEP] La película trataba de una lucha grandísima entre el bien y el mal. [SEP] t______ [SEP] titanic
1716,es,0.791120687,visualizar [SEP] Puedo visualizar toda la ciudad desde la torre. [SEP] v___ [SEP] view
1717,es,-1.730328169,recorte [SEP] Le voy a enseñar este recorte del periódico sobre las fiestas del pueblo. [SEP] c______ [SEP] cutting
1718,es,2.069646213,cuchillo [SEP] Usé un cuchillo especial para cortar la carne. [SEP] k____ [SEP] knife
1719,es,-0.37805369,debilitar [SEP] El sufrimiento puede debilitar el sistema inmune. [SEP] w_____ [SEP] weaken
1720,es,-2.597951243,recuperar [SEP] El aristócrata quiso recuperar su fortuna pero no fue posible. [SEP] r_____ [SEP] regain
1721,es,-0.528237293,ganas [SEP] Tiene unas ganas tremendas de alistar en el ejército. [SEP] d_____ [SEP] desire
1722,es,1.510370737,zoólogo [SEP] David es un experto zoólogo y hace investigación del comportamiento animal. [SEP] z________ [SEP] zoologist
1723,es,0.637100044,escopeta [SEP] Cogió su escopeta y se fue a cazar. [SEP] r____ [SEP] rifle
1724,es,0.049851104,agradable [SEP] Pasamos una tarde muy agradable juntos. [SEP] p_______ [SEP] pleasant
1725,es,1.980316329,"indígena [SEP] En Panamá la mujer indígena es muy virtuosa, confecciona telas con motivos naturales de muchos colores. [SEP] n_____ [SEP] native"
1726,es,1.181575282,pantalla [SEP] Tenemos una nueva televisión con una pantalla grandísima. [SEP] s_____ [SEP] screen
1727,es,-1.167664959,"muy [SEP] Como no tenía ningún síntoma muy grave, no fui al hospital. [SEP] s_____ [SEP] severe"
1728,es,-1.969359689,desleal [SEP] Me has engañado así que eres un amigo desleal. [SEP] f________ [SEP] faithless
1729,es,-2.146877816,volver [SEP] Vamos a volver a computar el balance de las operaciones de este mes. [SEP] r__________ [SEP] recalculate
1730,es,0.187616424,campaña [SEP] Hicieron una campaña que surtió un efecto político inesperado. [SEP] c_______ [SEP] campaign
1731,es,1.01303183,"sobrino [SEP] Mi sobrino se parece mucho a su madre, mi hermana. [SEP] n_____ [SEP] nephew"
1732,es,-1.339916018,figurar [SEP] Conseguir una visa no es tan fácil como te podrías figurar. [SEP] s______ [SEP] suppose
1733,es,-2.235955459,caminar [SEP] El día que nació su hija Tomás no paraba de caminar de un lado a otro en la sal de espera del hospital [SEP] p___ [SEP] pace
1734,es,-0.029651871,rica [SEP] La familia rica vive en una lujosa mansión. [SEP] w______ [SEP] wealthy
1735,es,-0.058564551,diámetro [SEP] Es necesario medir el diámetro del balon para saber si sirve para elexperimento [SEP] d_______ [SEP] diameter
1736,es,-0.481213927,aproximado [SEP] El cuadro tiene un valor aproximado de un millón de euros. [SEP] e________ [SEP] estimated
1737,es,3.083565732,jugador [SEP] Es jugador de golf profesional desde hace veinte años. [SEP] p_____ [SEP] player
1738,es,1.662641135,estilo [SEP] Participó en la carrera de estilo libre en la competición de natación la semana pasada. [SEP] f________ [SEP] freestyle
1739,es,-0.867864255,maqueta [SEP] Estoy trabajando sobre la maqueta de la casa nueva. [SEP] m____ [SEP] model
1740,es,-1.911539515,panorama [SEP] El panorama más probable va a ser que terminen casándose. [SEP] s_______ [SEP] scenario
1741,es,-0.176584218,costear [SEP] Sus abuelos van a costear sus estudios. [SEP] f______ [SEP] finance
1742,es,-0.128560885,estancia [SEP] A los niños les encantó la estancia a su casa de su primo ayer. [SEP] v____ [SEP] visit
1743,es,1.966867315,loco [SEP] Se ha vuelto un poco loco con este nuevo proyecto. [SEP] m__ [SEP] mad
1744,es,0.616365183,inimaginable [SEP] Este resultado hubiera sido inimaginable el año pasado. [SEP] u___________ [SEP] unimaginable
1745,es,-1.483853065,facilidad [SEP] Mi prima toca el piano con una facilidad increíble. [SEP] e___ [SEP] ease
1746,es,-0.544743814,introducir [SEP] Hay que introducir la llave en la cerradura. [SEP] i_____ [SEP] insert
1747,es,1.471427504,cinta [SEP] La entrevista se grabó en una cinta. [SEP] t___ [SEP] tape
1748,es,-1.052989937,restablecer [SEP] Tomaron medidas para intentar restablecer la confianza del público en la economía. [SEP] r______ [SEP] restore
1749,es,-0.5829831,tope [SEP] La cantidad solicitada está muy por encima del tope permitido. [SEP] l____ [SEP] limit
1750,es,-0.718348659,enganchada [SEP] Mi hermana está enganchada a las películas antiguas. [SEP] h_____ [SEP] hooked
1751,es,0.79261788,variable [SEP] Las variables determinaron que el problema va mas allá de lo que se esperaba [SEP] v_______ [SEP] variable
1752,es,-1.558684269,luchar [SEP] La nación empezó a luchar por su independencia a primeros de los sesenta. [SEP] s_______ [SEP] struggle
1753,es,-0.69413855,contratado [SEP] Fue contratado el mes pasado por una empresa de marketing. [SEP] e_______ [SEP] employed
1754,es,0.428974401,posible [SEP] El banco aceptó que nuestro proyecto es posible económicamente. [SEP] v_____ [SEP] viable
1755,es,3.100994292,decir [SEP] Todos sabemos lo que va a decir en su discurso de despedida. [SEP] s__ [SEP] say
1756,es,-1.621684139,dedicar [SEP] Me gustaría dedicar más tiempo a mis hijos. [SEP] d_____ [SEP] devote
1757,es,0.37284805,enfermedad [SEP] La detección temprana de la enfermedad le salvó la vida. [SEP] d______ [SEP] disease
1758,es,-4.128901915,entrega [SEP] Vamos a hablar de la última entrega del escritor canadiense. [SEP] o_______ [SEP] offering
1759,es,-0.074531106,ascenso [SEP] Mi ascenso fue el resultado de trabajo duro. [SEP] p________ [SEP] promotion
1760,es,-4.672455988,extraordinariamente [SEP] Es extraordinariamente bueno aprendiendo idiomas. [SEP] e____________ [SEP] exceptionally
1761,es,-2.660306572,voluminoso [SEP] Para transportar equipaje voluminoso habrá que pagar un sobrecargo. [SEP] o________ [SEP] oversized
1762,es,0.275892489,vocalizar [SEP] Muy poca gente es capaz de vocalizar mi nombre de forma correcta. [SEP] p________ [SEP] pronounce
1763,es,3.738272805,saltar [SEP] Hay que saltar por encima de la verja para llegar al campo. [SEP] j___ [SEP] jump
1764,es,0.053210369,inquietud [SEP] Muchos niños tienen la inquietud de saber de donde vienen las cosas. [SEP] c________ [SEP] curiosity
1765,es,2.874720865,"reescribir [SEP] Tendrás qu reescribir esta redacción, es imposible leer tu letra. [SEP] r______ [SEP] rewrite"
1766,es,2.157104414,hospitalidad [SEP] Los latinos se caracterizan por su hospitalidad y amabilidad con sus invitados [SEP] h__________ [SEP] hospitality
1767,es,0.15543648,brevemente [SEP] Hablaron brevemente y se fueron. [SEP] b______ [SEP] briefly
1768,es,-2.894577014,favorecedor [SEP] Tu nuevo peinado es muy favorecedor. [SEP] b_______ [SEP] becoming
1769,es,1.198434316,cacería [SEP] Se van de cacería todos los domingos. [SEP] h___ [SEP] hunt
1770,es,-0.875408324,dimitir [SEP] Nos han dicho que va a dimitir el ministro mañana. [SEP] r_____ [SEP] resign
1771,es,-0.212880477,producirse [SEP] El equipo arreglará cualquier problema que pueda producirse. [SEP] o____ [SEP] occur
1772,es,0.739433472,merecer [SEP] Hay que merecer los premios literarios pero no siempre es así. [SEP] d______ [SEP] deserve
1773,es,-0.148407092,enfermedad [SEP] La gripe no es una enfermedad grave pero puede ser peligrosa a veces. [SEP] s_______ [SEP] sickness
1774,es,0.851145405,biotecnología [SEP] La biotecnología se utiliza en el mundo de la agricultura. [SEP] b____________ [SEP] biotechnology
1775,es,-0.059310079,hacer [SEP] Empezaron a hacer campaña política nada más terminar la legislatura anterior. [SEP] c_______ [SEP] campaign
1776,es,2.05455511,disciplina [SEP] La disciplina es necesaria cuando quieres mejorar tus hábitos [SEP] d_________ [SEP] discipline
1777,es,-3.605884321,metáfora [SEP] Su última novela está llena de metáforas religiosas. [SEP] i______ [SEP] imagery
1778,es,2.023563854,sin [SEP] No puedo imaginar una vida sin música. [SEP] w______ [SEP] without
1779,es,-2.927700311,del [SEP] Algunas personas tienen un sentido del espacio muy bueno. [SEP] s______ [SEP] spatial
1780,es,-0.264496842,sarcasmo [SEP] El sarcasmo que humille a los alumnos no tiene lugar en este colegio. [SEP] i____ [SEP] irony
1781,es,0.539681729,bendecidos [SEP] Bendecidos sean los pobres de espíritu porque de ellos es el reino de los cielos. [SEP] b______ [SEP] blessed
1782,es,-1.881177883,recorrido [SEP] Los soldados siguieron su recorrido hacia el castillo. [SEP] m____ [SEP] march
1783,es,-3.563980978,rezagarse [SEP] Nuestro equipo empezó a rezagarse e íbamos a perder. [SEP] t____ [SEP] trail
1784,es,2.031253009,"empujón [SEP] Dale un empujón a la puerta, está atascada. [SEP] p___ [SEP] push"
1785,es,0.118872118,particular [SEP] Mi hija necesita un profesor particular para sus clases. [SEP] p______ [SEP] private
1786,es,-2.696855279,alta [SEP] Tengo una posición alta en la empresa. [SEP] s_____ [SEP] senior
1787,es,-0.557253603,feroz [SEP] El león es una bestia muy feroz. [SEP] f_____ [SEP] fierce
1788,es,0.46731828,comercialización [SEP] Trabaja en ventas y comercialización. [SEP] m________ [SEP] marketing
1789,es,-3.563268225,defensora [SEP] Soy defensora de la igualdad entre hombres y mujeres. [SEP] p________ [SEP] proponent
1790,es,2.808134502,capitán [SEP] Un capitán que tiene al mando superior de un barco incluso puede casar a una pareja. [SEP] c______ [SEP] captain
1791,es,-0.974843435,perfume [SEP] Creo que el perfume que lleva debe ser muy caro. [SEP] s____ [SEP] scent
1792,es,-0.071617878,por [SEP] El actor compró una casa por valor de un millón de dólares. [SEP] w____ [SEP] worth
1793,es,1.039991385,clon [SEP] Sería interesante hacer un clon propio cuando sea legal [SEP] c____ [SEP] clone
1794,es,1.055867851,señalar [SEP] La luz roja debe señalar que la gasolina se está acabando. [SEP] i_______ [SEP] indicate
1795,es,-1.685189046,listín [SEP] He perdido mi listín telefónico.  Menos mal que tengo los números en el móvil. [SEP] p________ [SEP] phonebook
1796,es,0.744819062,combatir [SEP] En estos conflictos militares era normal combatir durante todo el día. [SEP] b_____ [SEP] battle
1797,es,1.209508981,no [SEP] Es una ley no escrita no meterse con gente más frágil que uno. [SEP] u________ [SEP] unwritten
1798,es,-1.476390048,suave [SEP] La piedra pulida tiene una superficie muy suave. [SEP] s_____ [SEP] smooth
1799,es,-2.48139802,modelo [SEP] Este modelo muestra los procesos de producción de la compañía [SEP] r_____________ [SEP] representation
1800,es,2.342938502,computador [SEP] Andrea trabaja con su computador personal en la cafetería del edificio [SEP] p_ [SEP] pc
1801,es,-2.40819153,profesional [SEP] Coger la gripe es un riesgo profesional para los médicos de familia. [SEP] o___________ [SEP] occupational
1802,es,-3.691223522,incoherencia [SEP] Ese político a veces incurre en la incoherencia. [SEP] c____________ [SEP] contradiction
1803,es,3.163522802,alquilar [SEP] Vamos a alquilar un piso en el centro de la ciudad. [SEP] r___ [SEP] rent
1804,es,-1.77063572,intermedio [SEP] En el intermedio fuimos a tomar una copa de cava. [SEP] i_______ [SEP] interval
1805,es,-0.100522086,coche [SEP] El Porsche sí que es un coche maravilloso. [SEP] a_________ [SEP] automobile
1806,es,-1.979575936,realizar [SEP] Vamos a realizar un experimento muy importante en el laboratorio hoy. [SEP] p______ [SEP] perform
1807,es,0.220043175,separar [SEP] Necesito separar una mesa para cuatro a las nueve y media esta noche por favor. [SEP] r______ [SEP] reserve
1808,es,-0.625531212,mostrar [SEP] Tendremos que mostrar el mayor número de productos posible en el escaparate. [SEP] d______ [SEP] display
1809,es,1.541549915,"históricamente [SEP] Historicamente hablando, hay muchas incoherencias en lo que el autor plantea en su libro [SEP] h___________ [SEP] historically"
1810,es,0.248987238,fabricante [SEP] El fabricante sustituye los productos defectuosos gratis [SEP] m___________ [SEP] manufacturer
1811,es,2.912005253,enviar [SEP] Voy a enviar la factura por correo. [SEP] m___ [SEP] mail
1812,es,1.250072822,bibliografía [SEP] El trabajo final debe tener una bibliogría completa [SEP] b___________ [SEP] bibliography
1813,es,1.282301947,girasol [SEP] Me encanta cómo el girasol torna sus pétalos hacia el sol. [SEP] s________ [SEP] sunflower
1814,es,0.464990056,habitantes [SEP] La tercera parte de los habitantes del mundo consumen dos tercios de los recursos. [SEP] p_________ [SEP] population
1815,es,-2.516304511,entregar [SEP] El alcalde va a entregar los premios a los ganadores. [SEP] p______ [SEP] present
1816,es,-1.502803422,reajustar [SEP] Tendrás que reajustar el reloj cuando lleguemos ahí. [SEP] r____ [SEP] reset
1817,es,-1.605407417,"representación [SEP] Nos hizo Simón una representación muy detallada del robo, que vio todo. [SEP] d__________ [SEP] description"
1818,es,-2.332671841,presionar [SEP] Los ecologistas se organizaron para presionar al gobierno al respecto. [SEP] l____ [SEP] lobby
1819,es,-1.261403843,continuar [SEP] Nos han dicho que podemos continuar con nuestras investigaciones. [SEP] p______ [SEP] proceed
1820,es,0.43696413,terminación [SEP] Necesito una buena cita para la terminación de mi discurso. [SEP] f_____ [SEP] finish
1821,es,1.881523148,igualdad [SEP] La asociación apoya la igualdad y la diversidad. [SEP] e_______ [SEP] equality
1822,es,0.224137456,costilla [SEP] Se ha roto una costilla y está en el hospital. [SEP] r__ [SEP] rib
1823,es,-0.637775949,septentrional [SEP] Africa septentrional es una zona bastante húmeda y fértil. [SEP] n_______ [SEP] northern
1824,es,-1.810270818,búsqueda [SEP] La búsqueda de la felicidad es una parte importante de la vida. [SEP] p______ [SEP] pursuit
1825,es,2.06654555,habitual [SEP] Mi desayuno habitual es un poco de fruta y pan. [SEP] u____ [SEP] usual
1826,es,-1.294595007,inviable [SEP] El proyecto que propones va a ser inviable.  Nos han negado los fondos. [SEP] i_________ [SEP] impossible
1827,es,-1.060137498,manifestada [SEP] Mi opinión está manifestada en mi carta al periódico. [SEP] e________ [SEP] expressed
1828,es,2.124252568,calculado [SEP] El valor final está perfectamente calculado. Te aseguro que está correcto. [SEP] c_________ [SEP] calculated
1829,es,-0.863486555,inconveniente [SEP] El inconveniente principal de la zona es que no tiene transporte público. [SEP] d___________ [SEP] disadvantage
1830,es,0.919240774,conseguir [SEP] Al final fue fácil conseguir una copia del informe. [SEP] o_____ [SEP] obtain
1831,es,-1.643860015,grupo [SEP] El primer episodio del grupo de tres estará disponible en verano. [SEP] t______ [SEP] trilogy
1832,es,1.567944749,torta [SEP] Vamos a tomar una torta de masa italiana con queso y tomate y anchoas. [SEP] p____ [SEP] pizza
1833,es,-2.139984464,decepcionante [SEP] Me parece muy decepcionante su reacción y estoy muy enfadado. [SEP] f__________ [SEP] frustrating
1834,es,1.468926055,"donde [SEP] Espero que seas feliz,  donde quiera que vayas. [SEP] w_______ [SEP] wherever"
1835,es,0.346774658,magnesio [SEP] La leche de magnesia se usa para gran cantidad de antidotos caseros [SEP] m________ [SEP] magnesium
1836,es,2.291300827,cumpleaños [SEP] ¿Quieres venir a mi fiesta de cumpleaños? [SEP] b_______ [SEP] birthday
1837,es,-0.403019946,"abastecedor [SEP] Vamos a cambiar de abastecedor, nunca traen los productos en condiciones y cobran mucho. [SEP] p_______ [SEP] provider"
1838,es,-1.66091356,alegría [SEP] Los niños recibieron al cachorro con una alegría tremenda. [SEP] d______ [SEP] delight
1839,es,1.748543629,músico [SEP] Sus hermanas son músicos profesionales salidas de la académia de musica nacional [SEP] m_______ [SEP] musician
1840,es,0.623782495,prestar [SEP] Le voy a prestar mil euros para ayudarle a salir del apuro. [SEP] l___ [SEP] lend
1841,es,-1.154448516,simplemente [SEP] La traducción de los documentos es simplemente una formalidad. [SEP] m_____ [SEP] merely
1842,es,-1.115681352,exposición [SEP] Había una exposición preciosa de flores en la sala. [SEP] d______ [SEP] display
1843,es,-0.979679917,patio [SEP] Nos sentamos en el patio hablando toda la tarde. [SEP] c________ [SEP] courtyard
1844,es,-1.378531154,sistemáticamente [SEP] La búsqueda se llevó a cabo sistemáticamente [SEP] s_____________ [SEP] systematically
1845,es,-0.653163654,aconsejar [SEP] Los padres sienten la obligación de aconsejar a sus hijos. [SEP] a_____ [SEP] advise
1846,es,-1.2813057,decidir [SEP] El profesor tiene que decidir la fecha del examen de una vez. [SEP] d________ [SEP] determine
1847,es,2.766201558,casa [SEP] Me quedé en casa para cuidar del gato. [SEP] h___ [SEP] home
1848,es,0.477592789,delito [SEP] El juez le condenó a veinte años de cárcel por ese delito tan grave. [SEP] c____ [SEP] crime
1849,es,1.114280188,el [SEP] Es el peor profesor que hemos tenido. [SEP] w____ [SEP] worst
1850,es,-0.348145948,difícil [SEP] Me contaron los niños una historia un poco difícil de creer. [SEP] i_________ [SEP] incredible
1851,es,-0.199554925,preparación [SEP] Nos han dejado algunos productos para la preparación de té y café. [SEP] m_____ [SEP] making
1852,es,1.217637428,diagnóstico [SEP] Voy al hospital a que me hagan unos examenes diagnósticos. [SEP] d_________ [SEP] diagnostic
1853,es,1.019546469,elegido [SEP] Gustavo ha sido elegido para participar en el concurso. [SEP] s_______ [SEP] selected
1854,es,2.385821936,"aburrido [SEP] Si estás aburrido, sal a jugar a la calle. [SEP] b____ [SEP] bored"
1855,es,-4.22715742,automatón [SEP] Parece humano pero es un automatón. [SEP] a______ [SEP] android
1856,es,0.241888367,periodista [SEP] El periodista tomó notas durante la entrevista. [SEP] r_______ [SEP] reporter
1857,es,-1.183694772,vocación [SEP] Sintió la vocación de ser médico cuando era muy joven. [SEP] c______ [SEP] calling
1858,es,0.060338056,confirmación [SEP] La confirmación de identidad es necesaria para abrir una cuenta. [SEP] v___________ [SEP] verification
1859,es,-0.768562969,al [SEP] La venta al por menor de ropa ha crecido un 26% en el último año. [SEP] r_____ [SEP] retail
1860,es,0.323657916,infante [SEP] El Infante de España va a heredar el trono cuando fallezca el rey. [SEP] p_____ [SEP] prince
1861,es,1.588216285,patio [SEP] La caseta del perro está en el patio trasero. [SEP] y___ [SEP] yard
1862,es,-4.4588479,intranquilidad [SEP] Hubo mucha intranquilidad entre el personal por la lentitud del proyecto. [SEP] i_________ [SEP] impatience
1863,es,-0.774679382,colaboración [SEP] El proyecto requiere la colaboración de muchos ingenieros. [SEP] p____________ [SEP] participation
1864,es,1.667401208,"crecido [SEP] De vez en cuando se le olvida que es un hombre crecido, no un niño pequeño. [SEP] g____ [SEP] grown"
1865,es,-1.195679438,registro [SEP] La trabajadora autónoma lleva un registro de todos sus clientes. [SEP] r_____ [SEP] record
1866,es,3.94905204,médico [SEP] Llama al médico por favor que tengo mucha fiebre. [SEP] d_____ [SEP] doctor
1867,es,-2.209192605,gratitud [SEP] La propina es un gesto de gratitud por un servicio. [SEP] a___________ [SEP] appreciation
1868,es,-1.730930115,postizo [SEP] El cabello postizo esta hecho de plástico [SEP] a_________ [SEP] artificial
1869,es,2.172507969,traje [SEP] Tendré que comprarme un traje azul marino para la boda. [SEP] s___ [SEP] suit
1870,es,-0.132849564,retransmitir [SEP] Van a retransmitir la ceremonia en directo a más de cincuenta países. [SEP] t_______ [SEP] transmit
1871,es,-4.237135427,nada [SEP] Ella usó un vestido nada especial  para la ocasión. [SEP] u___________ [SEP] unremarkable
1872,es,3.679766912,comprar [SEP] Te voy a comprar un bonito regalo por tu cumpleaños. [SEP] b__ [SEP] buy
1873,es,1.168188786,tarta [SEP] Mi hemana hace una tarta de queso buenísima. [SEP] c_________ [SEP] cheesecake
1874,es,2.509602645,automático [SEP] El carro automático es mas caro que el carro manual [SEP] a________ [SEP] automatic
1875,es,-2.191356478,asociado [SEP] Me tengo que buscar un asociado poderoso para esta causa. [SEP] a___ [SEP] ally
1876,es,0.982499175,más [SEP] Segovia está más cerca de Madrid que de Burgos. [SEP] c_____ [SEP] closer
1877,es,-3.949658864,estatuto [SEP] El estatuto describe los derechos de los ciudadanos. [SEP] c______ [SEP] charter
1878,es,-0.107393664,condicionado [SEP] El desarrollo del festival estaba condicionado al clima. Si llovía no se podría realizar. [SEP] c__________ [SEP] conditioned
1879,es,-0.892022082,exactamente [SEP] Le contó exactamente lo que ocurrió. [SEP] a_________ [SEP] accurately
1880,es,-0.893151752,milagrosa [SEP] No hay ninguna fórmula milagrosa para aprobar estos exámenes. [SEP] m____ [SEP] magic
1881,es,-4.539558312,diversos [SEP] Debemos adaptar nuestra estrategia a los diversos enfoques propuestos. [SEP] v______ [SEP] varying
1882,es,-3.650097071,acuerdo [SEP] La reunión se prolongó hasta que llegamos finalmente a un acuerdo. [SEP] c________ [SEP] consensus
1883,es,-1.782376586,paternidad [SEP] A veces las presiones de la paternidad en solitario son difíciles de llevar. [SEP] p_________ [SEP] parenthood
1884,es,0.05167785,preocupante [SEP] Su estado de salud es bastante preocupante. [SEP] w_______ [SEP] worrying
1885,es,-0.728944683,"base [SEP] Un edificio tiene que tener una buena base, si no, se puede caer. [SEP] f_________ [SEP] foundation"
1886,es,-2.363083595,malestar [SEP] Deberías ir al médico si el malestar persiste. [SEP] d_________ [SEP] discomfort
1887,es,-3.26046272,constantemente [SEP] Debemos estar constantemente pendientes de su estado de salud. [SEP] c__________ [SEP] continually
1888,es,1.372093825,concha [SEP] Encontré una concha enorme en la playa. [SEP] s____ [SEP] shell
1889,es,-1.061458327,"repartidos [SEP] Son tres millones de euros, repartidos entre diez familias. [SEP] d__________ [SEP] distributed"
1890,es,2.641809877,nuevo [SEP] ¡Feliz año nuevo a todos! [SEP] n__ [SEP] new
1891,es,0.135893447,beneficio [SEP] El objetivo de cualquier empresa es obtener beneficio. [SEP] p_____ [SEP] profit
1892,es,0.870358777,flexibilidad [SEP] Cuando nos hacemos mayores nuestra piel pierde flexibilidad. [SEP] e_________ [SEP] elasticity
1893,es,1.45350232,escondido [SEP] El prisionero se escapó por un pasillo escondido. [SEP] h_____ [SEP] hidden
1894,es,-0.306585313,limitativa [SEP] La ley que han introducido respecto de las manifestaciones es bastante limitativa. [SEP] r__________ [SEP] restrictive
1895,es,-0.585651598,legítimo [SEP] El testimonio presentado por la víctima es considerado como legítimo [SEP] l_________ [SEP] legitimate
1896,es,-1.875265206,operatividad [SEP] El proceso de fabricación puede ser afectado por la operatividad del producto. [SEP] f____________ [SEP] functionality
1897,es,2.279174872,concentración [SEP] Hago meditación porque me ayuda a la concentración [SEP] c____________ [SEP] concentration
1898,es,1.648677279,solitario [SEP] Me siento un poco solitario desde que falleció mi mujer. [SEP] l_____ [SEP] lonely
1899,es,0.612918475,clínicamente [SEP] La enfermedad ha sido clínicamente confirmada. [SEP] m________ [SEP] medically
1900,es,-2.138808702,"reunir [SEP] Para hacer un puzzle, hay que reunir todas sus piezas. [SEP] a_______ [SEP] assemble"
1901,es,-1.327084317,materia [SEP] La madera está tratada con una materia líquida que la protege del sol. [SEP] s________ [SEP] substance
1902,es,1.093653428,cortés [SEP] Mi primo es muy cortés y siempre espera su turno antes de hablar. [SEP] p_____ [SEP] polite
1903,es,0.978730289,santo [SEP] Al pisar suelo santo se emocionó mucho. [SEP] h___ [SEP] holy
1904,es,3.476007507,grande [SEP] Tiene la nariz grande. [SEP] b__ [SEP] big
1905,es,-2.073973462,juzgado [SEP] Estamos a la espera a que el jurado entre al juzgado [SEP] c________ [SEP] courtroom
1906,es,0.007632361,hábito [SEP] Tienes que incluir el ejercicio en tu hábito diario. [SEP] r______ [SEP] routine
1907,es,-1.99831523,"besos [SEP] Después de tantos besos, creí que estaba enamorado de mí. [SEP] k______ [SEP] kissing"
1908,es,0.045035608,adorno [SEP] Hay que comprar un adorno de novio y novia para la tarta de boda. [SEP] d_________ [SEP] decoration
1909,es,-0.568065215,hipnósis [SEP] Estaba en un estado de hipnósisi pero oía y obecedía todas las indicaciones que le dio el psicólogo. [SEP] h_______ [SEP] hypnosis
1910,es,-0.663980699,ofrecerse [SEP] Mi hermano va a ofrecerse a darle apoyo en los estudios. [SEP] v________ [SEP] volunteer
1911,es,-1.136917554,ventajoso [SEP] El cambio te resultará muy ventajoso ya verás. [SEP] b_________ [SEP] beneficial
1912,es,-1.552147401,subyacente [SEP] El médico descubrió la causa subyacente del dolor. [SEP] u_________ [SEP] underlying
1913,es,1.839489075,"listo [SEP] Ese niño  pequeño es muy listo, ya sabe contar hasta diez. [SEP] i__________ [SEP] intelligent"
1914,es,-0.345557037,bioquímicos [SEP] Estamos esperando los datos bioquímicos para terminar nuestro experimento. [SEP] b__________ [SEP] biochemical
1915,es,0.591964002,administrativa [SEP] Pablo realiza tareas adminitrativas en la compañía de su tío. [SEP] a_____________ [SEP] administrative
1916,es,-1.737549646,enmienda [SEP] Necesitamos una enmienda seria del sistema actual. [SEP] m___________ [SEP] modification
1917,es,-0.752914451,estadisticamente [SEP] La diferencia entre las dos muestras no es significativa estadisticamente hablando [SEP] s____________ [SEP] statistically
1918,es,-1.27111539,retirada [SEP] El candidato anunció su retirada de la campaña. [SEP] w_________ [SEP] withdrawal
1919,es,0.376532397,orgánico [SEP] Hay una nueva lechería en el pueblo que vende un queso natural y puro maravilloso. [SEP] o______ [SEP] organic
1920,es,0.342644372,"dirigir [SEP] ¡Hay que dirigir la atención del público hacia la boda, no la crisis! [SEP] d_____ [SEP] direct"
1921,es,0.907603151,igualmente [SEP] El premio se dividió igualmente entre todos. [SEP] e______ [SEP] equally
1922,es,-1.282577287,misericordia [SEP] La mayoría de las personas sienten misericordia por los problemas de los demás. [SEP] c_________ [SEP] compassion
1923,es,-0.513269597,mala [SEP] Hay una mala hierba en el rosal y la tengo que quitar cuanto antes. [SEP] w___ [SEP] weed
1924,es,3.490673287,fotocopiar [SEP] La secretaria tuvo que fotocopiar el documento 5 minutos antes de la reunión [SEP] c___ [SEP] copy
1925,es,-2.016750685,náutica [SEP] Mi padre es un aficionado a la náutica [SEP] n_________ [SEP] navigation
1926,es,-1.63638248,directriz [SEP] La primera directriz es que preguntes siempre que no sepas algo. [SEP] g________ [SEP] guideline
1927,es,1.146998115,objetivo [SEP] Nuestro objetivo es ganar mucho dinero. [SEP] a__ [SEP] aim
1928,es,0.969561128,"activador [SEP] Este medicamento, activador del flujo sanguíneo, es nuevo. [SEP] a________ [SEP] activator"
1929,es,2.942253737,vivir [SEP] Me gustaría vivir en un pueblo de mar. [SEP] l___ [SEP] live
1930,es,-0.690859883,valorar [SEP] Un experto irá a valorar la propiedad y fijará un precio justo. [SEP] e_______ [SEP] evaluate
1931,es,0.438177399,inundación [SEP] Hubo una gran inundación aquí hace unos años. [SEP] f____ [SEP] flood
1932,es,-2.945493122,golpearse [SEP] Cuidado con golpearse con la cabeza en la puerta. [SEP] b___ [SEP] bump
1933,es,0.552148869,hallazgo [SEP] El hallazgo de la penicilina fue accidental. [SEP] d________ [SEP] discovery
1934,es,-1.329420877,completamente [SEP] Mi hermano es completamente diferente a mí. [SEP] e_______ [SEP] entirely
1935,es,0.136866009,brillantemente [SEP] La profesora hizo la presentación brillantemente. [SEP] b__________ [SEP] brilliantly
1936,es,0.827192779,comerciar [SEP] China ahora puede comerciar con la mayoría de los países del mundo. [SEP] t____ [SEP] trade
1937,es,-2.892307925,contaminada [SEP] Esta agua está contaminada y puede provocar enfermedades en la población. [SEP] u______ [SEP] unclean
1938,es,-1.908586652,proyección [SEP] la proyección de la película se hará el viernes a las nueve de la noche [SEP] s________ [SEP] screening
1939,es,-1.129125035,estudiante [SEP] Es estudiante de pregrado pero le queda sólo unas semanas hasta los exámenes finales. [SEP] u____________ [SEP] undergraduate
1940,es,-0.913585934,predicar [SEP] Me encanta oír predicar al cura de nuestro pueblo sobre las historias de la Biblia. [SEP] p_____ [SEP] preach
1941,es,-0.231546808,ecuación [SEP] El profesor nos escribió la ecuación que demuestra los dos lados iguales en la pizarra para que lo entendiéramos. [SEP] e_______ [SEP] equation
1942,es,-0.222720893,hondonada [SEP] En la hondonada hay un pueblo con una iglesia muy bonita. [SEP] v_____ [SEP] valley
1943,es,-0.312417118,celoso [SEP] Estaba celoso porque su novia le hacía más caso a Enrique que a él. [SEP] j______ [SEP] jealous
1944,es,-0.005096189,culpado [SEP] Ángel fue culpado por el accidente de su hijo. [SEP] b_____ [SEP] blamed
1945,es,0.456192501,auriculares [SEP] Necesito los auriculares para escuchar las noticias en el tren. [SEP] h_________ [SEP] headphones
1946,es,0.463411957,"oficial [SEP] Escribió una carta con tono algo oficial, que francamente me pareció mal. [SEP] f_____ [SEP] formal"
1947,es,0.69065823,cómodo [SEP] Este sillón es muy cómodo. [SEP] c__________ [SEP] comfortable
1948,es,-1.110106054,viñeta [SEP] Hay una viñeta muy graciosa dedicada a la política todos los días en el periódico. [SEP] c______ [SEP] cartoon
1949,es,-0.765755421,tonto [SEP] Ha sido un error bastante tonto pero se lo vamos a perdonar. [SEP] s_____ [SEP] stupid
1950,es,0.235426135,asustar [SEP] No te quiero asustar pero he visto una ambulancia en tu calle hace media hora. [SEP] f_______ [SEP] frighten
1951,es,0.159907846,característica [SEP] Una característica del desierto es la presencia de los cactus. [SEP] f______ [SEP] feature
1952,es,-3.523668393,aliciente [SEP] Querer ser rico e importante puede ser un gran aliciente. [SEP] m________ [SEP] motivator
1953,es,2.970062983,"maquillaje [SEP] Mi abuela nunca sale sin maquillaje, es muy coqueta. [SEP] m_____ [SEP] makeup"
1954,es,-1.784798391,vitrina [SEP] Guardamos las medicinas en una vitrina cerrada con llave. [SEP] c______ [SEP] cabinet
1955,es,-2.396362355,rogar [SEP] Les hizo rogar por su vida antes de liberarlos. [SEP] p____ [SEP] plead
1956,es,-0.442131576,postulante [SEP] Había muchos postulantes  para el puesto pero Pilar fue sin duda la mejor. [SEP] c________ [SEP] candidate
1957,es,3.335644085,civil [SEP] Si el gobierno no hace algo ahora puede haber una guerra civil [SEP] c____ [SEP] civil
1958,es,-0.382606521,ama [SEP] Por favor.  Mi ama de llaves te hará una taza de té. [SEP] h__________ [SEP] housekeeper
1959,es,-1.673547752,bien [SEP] Mi casa es el mayor bien que tengo. [SEP] a____ [SEP] asset
1960,es,-0.478320182,estallar [SEP] El volcán puede estallar en cualquier momento. [SEP] e____ [SEP] erupt
1961,es,0.067889973,"apariencia [SEP] Su apariencia pública, de duro y áspero, esconde un corazón de oro. [SEP] i____ [SEP] image"
1962,es,-0.262883452,afilado [SEP] Este cuchillo corta bien porque está muy afilado. [SEP] s____ [SEP] sharp
1963,es,4.116427653,playa [SEP] Como hizo buen día nos fuimos a la playa a tomar el sol. [SEP] b____ [SEP] beach
1964,es,-2.969216749,"tal [SEP] Tuvieron muchas dificultades, tal vez por la diferencia de edad. [SEP] p_______ [SEP] possibly"
1965,es,-0.148188607,brillo [SEP] Quiero cambiar el brillo y el contraste del monitor. [SEP] b_________ [SEP] brightness
1966,es,-3.306228075,reintegrable [SEP] Tuvimos que pagar un depósito reintegrable por el alquiler de los esquís. [SEP] r_________ [SEP] returnable
1967,es,-1.22996581,concreto [SEP] El cliente tiene una idea concreta de lo que quiere. [SEP] s_______ [SEP] specific
1968,es,0.835929989,resumen [SEP] El informe incluye un resumen de acontecimientos recientes. [SEP] s______ [SEP] summary
1969,es,0.680782439,arriesgada [SEP] La vida de un voluntario en este país puede ser bastante arriesgada. [SEP] r____ [SEP] risky
1970,es,0.655085075,ideal [SEP] El tiempo era ideal para un pícnic a orillas del mar. [SEP] p______ [SEP] perfect
1971,es,-1.694740563,brote [SEP] Una buena higiene puede prevenir el brote de una epidemia. [SEP] o_______ [SEP] outbreak
1972,es,1.160158632,"frigorífico [SEP] Necesito comprar un nuevo frigorífico, el que tengo funciona mal. [SEP] r___________ [SEP] refrigerator"
1973,es,-0.98040483,apocalipsis [SEP] Juan profetizo el apocalipsis y este se encuentra en la biblia [SEP] a_________ [SEP] apocalypse
1974,es,1.258451607,idealmente [SEP] Este trabajo está idealmente adecuado para ella. [SEP] i______ [SEP] ideally
1975,es,-0.87753563,difícil [SEP] Escalar el monte Everest es sumamente difícil. [SEP] t____ [SEP] tough
1976,es,1.826591131,ocasionalmente [SEP] Se le ve muy ocasionalmente en público últimamente. [SEP] r_____ [SEP] rarely
1977,es,3.192935442,oro [SEP] Mi abuela me ha dejado un precioso anillo de oro en su testamento. [SEP] g___ [SEP] gold
1978,es,-1.215299057,defecto [SEP] El único defecto que tiene el cuadro es un pequeño rasguño en un lado. [SEP] i___________ [SEP] imperfection
1979,es,-1.975529429,inventivo [SEP] Tendrás que ser un poco más inventivo para mantener la atención de estos niños. [SEP] i__________ [SEP] imaginative
1980,es,-1.822330437,ambicioso [SEP] Este chico es tan ambicioso que no aguanta no ganar un partido. [SEP] c__________ [SEP] competitive
1981,es,0.741295926,sin [SEP] Es un chico sin miedo que no teme nada. [SEP] f_______ [SEP] fearless
1982,es,0.764757837,bebedor [SEP] Mi hermano es un bebedor empedernido. [SEP] d______ [SEP] drinker
1983,es,-3.197361215,disminuir [SEP] La crisis está terminando y el desempleo ha empezado a disminuir. [SEP] d______ [SEP] decline
1984,es,0.846154102,mago [SEP] El mago lanzó un hechizo sobre el monstruo. [SEP] w_____ [SEP] wizard
1985,es,3.570170183,mano [SEP] Se presentó como amigo tuyo y me dio la mano muy amablemente. [SEP] h___ [SEP] hand
1986,es,-2.729481154,acariciar [SEP] Se paró para acariciar a un perro. [SEP] p__ [SEP] pat
1987,es,-3.099162539,imprenta [SEP] El director del periódico mandó detener la imprenta al notar el error [SEP] p____ [SEP] press
1988,es,0.1268662,punto [SEP] Tendrías que mirar las cosas desde otro punto de vista. [SEP] v________ [SEP] viewpoint
1989,es,0.673102741,reflejo [SEP] El médico le comprobó los reflejos físicos del futbolista. [SEP] r_____ [SEP] reflex
1990,es,-0.929323853,frotar [SEP] Estaba tan cansado que se puso a frotar los ojos. [SEP] r__ [SEP] rub
1991,es,2.13089543,bonito [SEP] La novia llevaba un vestido muy bonito. [SEP] p_____ [SEP] pretty
1992,es,-2.056388808,entusiasmar [SEP] El grupo supo entusiasmar al público con su actuación. [SEP] e_____ [SEP] excite
1993,es,0.009478035,votación [SEP] La votación para el comité de empresa duró toda la mañana. [SEP] v_____ [SEP] voting
1994,es,-0.321687388,curación [SEP] Su curación se debe a los cuidados médicos que recibió. [SEP] h______ [SEP] healing
1995,es,1.122200598,paisaje [SEP] El cuadro representa una paisaje florido precioso. [SEP] l________ [SEP] landscape
1996,es,-0.197570046,sacar [SEP] Deberías intentar sacar provecho de esta oportunidad. [SEP] b______ [SEP] benefit
1997,es,-1.890016024,secretamente [SEP] Eso fue lo que se dijo secretamente.  Así que tienes que no puedes decirle a nadie [SEP] c_____________ [SEP] confidentially
1998,es,2.012558621,republicano [SEP] El republicano agredió verbalmente a su contrincante demócrata [SEP] r_________ [SEP] republican
1999,es,2.503077768,francés [SEP] Los franceses tienen fama de disfrutar mucho de la buena comida. [SEP] f_____ [SEP] french
2000,es,-0.123287766,"de [SEP] Necesito una nueva cuchilla de afeitar, tengo mucha barba. [SEP] s______ [SEP] shaving"
2001,es,-0.317713232,exactamente [SEP] Los niños iban vestidos exactamente igual. [SEP] i__________ [SEP] identically
2002,es,-1.155078907,alumno [SEP] Es una alumno fantástico porque pone mucho interés y trabajo en sus estudios. [SEP] l______ [SEP] learner
2003,es,-0.782973277,silueta [SEP] La silueta urbana de Nueva York es muy famosa. [SEP] s______ [SEP] skyline
2004,es,-1.007742317,protectora [SEP] Las tropas asumieron una posición protectora alrededor del campamento. [SEP] d________ [SEP] defensive
2005,es,1.126443527,poner [SEP] Tenemos que poner la mesa antes de que lleguen los invitados. [SEP] s__ [SEP] set
2006,es,2.202732748,"correcta [SEP] Sí, esa es la respuesta correcta. [SEP] r____ [SEP] right"
2007,es,-1.015494731,tensión [SEP] Estirar te ayudará a reducir la tensión en los músculos. [SEP] s_____ [SEP] stress
2008,es,-1.113315221,cartelera [SEP] Hay una enorme cartelera con el anuncio al lado de la carretera. [SEP] b________ [SEP] billboard
2009,es,-2.363879494,relación [SEP] La relación entre mis hermanos es bastante escasa. [SEP] c______ [SEP] contact
2010,es,-0.073647881,abrazar [SEP] Salió corriendo para abrazar a su padre. [SEP] e______ [SEP] embrace
2011,es,-2.222294452,bisonte [SEP] Vimos un bisonte enorme según pasamos en el jeep. [SEP] b______ [SEP] buffalo
2012,es,-1.471912207,deseo [SEP] Tengo un gran deseo de viajar. [SEP] u___ [SEP] urge
2013,es,2.639354356,"personalidad [SEP] Su personalidad es arroyadora, siempre hace amigo con facilidad [SEP] p__________ [SEP] personality"
2014,es,0.508628858,lanzamiento [SEP] Estamos preparando el lanzamiento del nuevo producto. [SEP] l_____ [SEP] launch
2015,es,1.508074641,constitucional [SEP] El terrorismo es una violación constitucional [SEP] c_____________ [SEP] constitutional
2016,es,-0.16506803,punto [SEP] El punto verde del mapa es adonde nos dirigimos. [SEP] s___ [SEP] spot
2017,es,-1.753061975,reflexión [SEP] Os voy a explicar una reflexión mía sobre el asunto que tenemos entre manos. [SEP] c____________ [SEP] consideration
2018,es,-0.729394595,disgustado [SEP] El usuario está disgustado por el aumento de precios. [SEP] u____ [SEP] upset
2019,es,-1.524018216,merecedor [SEP] Este señor es muy merecedor de todos los premios que ha recibido. [SEP] d________ [SEP] deserving
2020,es,-0.908023019,entrenar [SEP] Hay que entrenar fuerte para ponerse en forma. [SEP] c____ [SEP] coach
2021,es,-1.136428967,entregado [SEP] Se pasó el año entregado a su mujer enferma. [SEP] d________ [SEP] dedicated
2022,es,1.971263662,incorrectamente [SEP] Leí el mapa incorrectamente y me perdí. [SEP] w____ [SEP] wrong
2023,es,-1.270985976,medicamento [SEP] Le recetó un medicamento en el centro de rehabilitación. [SEP] d___ [SEP] drug
2024,es,0.721469621,contento [SEP] Me dice que te vas a casar. Estoy muy contento por ti. [SEP] g___ [SEP] glad
2025,es,-0.296209081,alivio [SEP] Para mí fue un alivio muy grande cuando nació la niña por fin. [SEP] r_____ [SEP] relief
2026,es,-0.156034641,disfrute [SEP] Lisa terminó su tarta con un claro disfrute que daba gusto. [SEP] e________ [SEP] enjoyment
2027,es,-4.891131121,cortar [SEP] El veterinario sugirió cortarle las orejas al perro pero nosotros no quisimos hacerlo [SEP] c___ [SEP] clip
2028,es,-0.074883422,perseguir [SEP] La policía tuvo que perseguir el coche por toda la ciudad. [SEP] c____ [SEP] chase
2029,es,1.213473553,polaco [SEP] El pianista polaco voló desde Cracovia para el concierto [SEP] p_____ [SEP] polish
2030,es,-1.991027919,"significativamente [SEP] Y, muy significativamente, la economía se ha visto beneficiada por esta política. [SEP] i__________ [SEP] importantly"
2031,es,-0.846886334,recargar [SEP] Vimos al terrorista recargar la pistola y seguir disparando. [SEP] r_____ [SEP] reload
2032,es,-0.758593785,fuerza [SEP] El atleta levanta pesas para aumentar su fuerza física. [SEP] s_______ [SEP] strength
2033,es,-3.529344537,restaurar [SEP] El Viejo Puente de Londres fue adquirido por un señor norteamericano quien se encargó de restaurarlo en los Estados Unidos [SEP] r__________ [SEP] reconstruct
2034,es,3.387349974,regla [SEP] La regla es que hay que apagar las luces a las once de la noche. [SEP] r___ [SEP] rule
2035,es,-2.279901075,"intrascendente [SEP] Ese dato es intrascendente, no tiene nada que ver en este caso. [SEP] i_________ [SEP] irrelevant"
2036,es,1.912514602,masaje [SEP] Te voy a hacer un masaje en la espalda para el dolor y relajación de los músculos. [SEP] m______ [SEP] massage
2037,es,1.450744245,indirectamente [SEP] Se enteró indirectamente a través de un amigo mutuo. [SEP] i_________ [SEP] indirectly
2038,es,1.30539082,aparato [SEP] ¿Cómo funciona este aparato para limpiar los suelos? [SEP] m______ [SEP] machine
2039,es,-1.309432014,asociación [SEP] Una asociación exitosa requiere valores compartidos. [SEP] p__________ [SEP] partnership
2040,es,-2.631926014,tipo [SEP] ¿qué tipo de películas te gusta ver? [SEP] c_______ [SEP] category
2041,es,-0.560656037,copa [SEP] Mi equipo ha ganado la copa regional este año. [SEP] t_____ [SEP] trophy
2042,es,1.512372047,inacabado [SEP] Es una asunto inacabado y volverá a ser noticia en el futuro. [SEP] u_________ [SEP] unfinished
2043,es,2.910795725,salvaje [SEP] El león es un animal salvaje precioso con un aspecto muy noble. [SEP] w___ [SEP] wild
2044,es,-0.641477819,retrasar [SEP] Se podrá retrasar la progresión de la enfermedad con una operación. [SEP] r_____ [SEP] retard
2045,es,3.443443101,"rosa [SEP] Tengo un nuevo abrigo de color rosa, es precioso. [SEP] p___ [SEP] pink"
2046,es,-1.390137245,planeta [SEP] Un planeta es un cuerpo celestial que gira alrededor de otro. [SEP] s________ [SEP] satellite
2047,es,1.517211846,panadero [SEP] Trabaja de panadero en un hotel en Suiza. [SEP] b____ [SEP] baker
2048,es,-1.041574092,soñar [SEP] Pensar que lo del cambio climático tiene remedio no es otra cosa que soñar despierto. [SEP] d_______ [SEP] daydream
2049,es,1.260475905,vela [SEP] No te olvides de apagar la vela. [SEP] c_____ [SEP] candle
2050,es,-2.327535725,"equivaler [SEP] Los resultados deben equivaler, de lo contrario el proceso está incorrecto. [SEP] c_________ [SEP] correspond"
2051,es,-0.849541735,suministro [SEP] El suministro satisface la demanda del producto. [SEP] s_____ [SEP] supply
2052,es,-3.253815881,remodelación [SEP] Estos pisos necesitan una buena remodelación y después se podrán alquilar. [SEP] r_________ [SEP] renovation
2053,es,-0.555859242,suculenta [SEP] ¡Qué naranja más suculenta! [SEP] j____ [SEP] juicy
2054,es,0.315863584,"precaución [SEP] Hay que conducir con precaución, sobre todo si hace mal tiempo. [SEP] c______ [SEP] caution"
2055,es,-1.232332122,transformar [SEP] El reto es transformar las ideas en realidades. [SEP] c______ [SEP] convert
2056,es,2.425152965,armonía [SEP] Aseguró de que hubiera armonía entre todas las organizaciones. [SEP] h______ [SEP] harmony
2057,es,-1.463313905,con [SEP] El precio es con mucho más de lo que podemos permitirnos. [SEP] w__ [SEP] way
2058,es,-0.238075659,formación [SEP] La empleada desarrolló sus destrezas gracias a la formación. [SEP] t_______ [SEP] training
2059,es,0.202147679,política [SEP] La política educativa debe ser una prioridad para el gobierno nacional [SEP] p_______ [SEP] politics
2060,es,0.686544045,querer [SEP] Podrían comprar todo lo que cualquiera pudiera querer tener en la vida. [SEP] d_____ [SEP] desire
2061,es,0.676317092,subir [SEP] Puedes subir las fotos de tu ordenador a las redes sociales. [SEP] u_____ [SEP] upload
2062,es,2.64879492,cierto [SEP] ¿Puedes demostrar que lo que dices es cierto? [SEP] t___ [SEP] TRUE
2063,es,-3.638844804,investigación [SEP] Van a realizar una investigación por las denuncias que han recibido. [SEP] p____ [SEP] probe
2064,es,-0.132745338,trabajo [SEP] El mundo del trabajo está muy complicado. [SEP] e_________ [SEP] employment
2065,es,-0.525994215,"trasladable [SEP] Esta mercancía, como es ligera, es fácilmente trasladable. [SEP] t____________ [SEP] transportable"
2066,es,2.00696617,triángulo [SEP] El sandwich tiene forma de triángulo [SEP] t_______ [SEP] triangle
2067,es,-2.140496521,perspectiva [SEP] La perspectiva de acuerdo es compartida por todos. [SEP] e__________ [SEP] expectation
2068,es,-0.290876565,alimento [SEP] Las plantas sacan minerales y otro tipo de alimento del suelo. [SEP] n_______ [SEP] nutrient
2069,es,-0.81081831,plantearse [SEP] Hay que empezar a plantearse cambiar de coche. [SEP] c_______ [SEP] consider
2070,es,0.390195649,tribu [SEP] Esta tribu vive en el bosque en una parte muy remota de Brasil. [SEP] t____ [SEP] tribe
2071,es,0.009862779,exterior [SEP] La corteza es la capa exterior de la Tierra. [SEP] o____ [SEP] outer
2072,es,-0.682297423,entusiasmado [SEP] Está muy entusiasmado con la idea de visitar Vietnam. [SEP] e______ [SEP] excited
2073,es,3.154276385,belleza [SEP] Le impresionó su belleza. [SEP] b_____ [SEP] beauty
2074,es,2.040922425,lleno [SEP] El cubo está lleno de agua [SEP] f___ [SEP] full
2075,es,-1.126517407,"complemento [SEP] Como un complemento de su dieta sana, ella hace ejercicio. [SEP] s_________ [SEP] supplement"
2076,es,-2.025796717,enjuiciamiento [SEP] El enjuiciamiento por un delito menor rara vez lleva al encarcelamiento. [SEP] p__________ [SEP] prosecution
2077,es,0.788440109,pecho [SEP] El niño tenía mucha tos así que el médico le auscultó el pecho. [SEP] c____ [SEP] chest
2078,es,-0.066349623,tortita [SEP] Voy a pedir una tortita con nata para tomar con el café. [SEP] p______ [SEP] pancake
2079,es,1.034628081,"cepillo [SEP] Me tengo que comprar un cepillo de pelo, se me ha olvidado el mío en casa. [SEP] h________ [SEP] hairbrush"
2080,es,2.492953377,identidad [SEP] La policía está intentando descubrir la identidad del asesino. [SEP] i_______ [SEP] identity
2081,es,-4.558016619,planteamiento [SEP] ¿Cuél es el planteamiento en vuestra casa? ¿Quién hace la compra? [SEP] s____ [SEP] setup
2082,es,3.044422681,madre [SEP] Mi madre es una persona muy interesante. [SEP] m_____ [SEP] mother
2083,es,0.992498077,mientras [SEP] Mientras tanto vamos a estudiar esto con mucho cuidado. [SEP] m________ [SEP] meanwhile
2084,es,-2.893195802,oratoria [SEP] No me gusta que los políticos empleen la oratoria cuando hablan. [SEP] r_______ [SEP] rhetoric
2085,es,-1.801917494,explosión [SEP] Se oyó la explosión a mucha distancia. [SEP] b____ [SEP] blast
2086,es,-2.177218492,mando [SEP] El único que tiene el mando aquí es el General Luca de Tena. [SEP] a________ [SEP] authority
2087,es,0.473587632,individualidad [SEP] Expresa su individualidad a través de su forma de vestir. [SEP] i____________ [SEP] individuality
2088,es,-0.628278019,boticaria [SEP] Es boticaria y tiene un pequeño establecimiento en el centro del pueblo. [SEP] p_________ [SEP] pharmacist
2089,es,-0.835247307,sensación [SEP] Marta me dio la sensación de estar un poco triste. [SEP] i_________ [SEP] impression
2090,es,-0.799552255,agarrar [SEP] No tuvo más remedio que agarrar la mano del niño y salir corriendo. [SEP] g___ [SEP] grab
2091,es,-0.813707384,posibilidad [SEP] Tiene que haber una posibilidad bastante alta de tener éxito. [SEP] p__________ [SEP] probability
2092,es,-2.421686263,mínimo [SEP] El problama fue mínimo comparado con el escándalo que hizo [SEP] m______ [SEP] minimal
2093,es,-2.524452385,reforzar [SEP] Tu ausencia va a reforzar mis sentimientos amorosos hacia ti. [SEP] i________ [SEP] intensify
2094,es,-0.148730654,dirección [SEP] Hay que buscar a una persona que tenga dotes de dirección. [SEP] l_________ [SEP] leadership
2095,es,-4.526025711,"intencionada [SEP] Tenía una expresión intencionada de indiferencia, pero me no me convenció mucho. [SEP] s______ [SEP] studied"
2096,es,-1.631316506,perdurar [SEP] El mal tiempo va a perdurar durante todo este mes. [SEP] p______ [SEP] persist
2097,es,1.65118146,validación [SEP] Cada solicitud sigue un proceso de validación antes de ser considerada. [SEP] v_________ [SEP] validation
2098,es,-1.699429922,investigación [SEP] La policía llevó a cabo una investigación sobre los incendios del verano pasado. [SEP] i______ [SEP] inquiry
2099,es,-2.606305004,demandante [SEP] El demandante aportó pruebas para corroborar sus afirmaciones. [SEP] p________ [SEP] plaintiff
2100,es,-1.361424971,presa [SEP] El león siguió su presa durante días enteros. [SEP] p___ [SEP] prey
2101,es,-3.396063397,recinto [SEP] Está prohibido entrar en el recinto de construcción sin casco. [SEP] w_______ [SEP] worksite
2102,es,-1.022002533,orden [SEP] Aquí tienes el documento con el orden del día para la reunión. [SEP] a_____ [SEP] agenda
2103,es,-1.501750851,"bastante [SEP] Este vino está bastante bueno, ¡y muy bien de precio también! [SEP] r_____ [SEP] rather"
2104,es,3.04490068,propia [SEP] Ya sabes que tiene su propia empresa. [SEP] o__ [SEP] own
2105,es,-2.521468291,"producto [SEP] Esta empresa se dedica a la venta de un producto sólo, el carbón. [SEP] c________ [SEP] commodity"
2106,es,-1.570103935,obra [SEP] El pintor me mostró su nueva obra: un maravilloso cuadro del mar. [SEP] c_______ [SEP] creation
2107,es,1.318935626,disco [SEP] Los años 70 se caracteriza por la música disco. [SEP] d____ [SEP] disco
2108,es,2.159468129,esconder [SEP] Me tuve que esconder detrás de la barra. [SEP] h___ [SEP] hide
2109,es,2.683215869,bienvenido [SEP] Su gran hospitalidad le hizo sentir bienvenido durante la estancia. [SEP] w______ [SEP] welcome
2110,es,3.206741257,ratón [SEP] Había un ratón de campo dormido en el tiesto. [SEP] m____ [SEP] mouse
2111,es,2.946292096,escritorio [SEP] Mi padre tiene un escritorio antiguo en su despacho. [SEP] d___ [SEP] desk
2112,es,-2.487639505,anunciado [SEP] Todos sabemos del plan anunciado del gobierno a reducir el crimen. [SEP] d_______ [SEP] declared
2113,es,-0.839103697,restringir [SEP] Hay que tomar medidas para restringir las emisiones de óxido de carbono. [SEP] l____ [SEP] limit
2114,es,3.600581586,ángel [SEP] El ángel se apareció a María y le anunció su embarazo. [SEP] a____ [SEP] angel
2115,es,3.076134236,sin [SEP] Hay mucha gente sin hogar en el mundo occidental. [SEP] h_______ [SEP] homeless
2116,es,-2.030425874,interna [SEP] La música me ayuda a obtener la paz interna. [SEP] i_______ [SEP] interior
2117,es,-2.760653742,desvío [SEP] Había un desvío en la carretera y tardamos mucho más en llegar. [SEP] d________ [SEP] diversion
2118,es,-0.413179059,título [SEP] El título demuestra que aprobé el examen. [SEP] c__________ [SEP] certificate
2119,es,-1.811846139,proyectar [SEP] El club de cine va a proyectar un documental todas las semanas. [SEP] s_____ [SEP] screen
2120,es,0.867287305,cruzadas [SEP] Estaba sentada con las piernas cruzadas. [SEP] c______ [SEP] crossed
2121,es,-2.416780596,"pedacito [SEP] Cuando se rompió el jarrón, encontré un pedacito de porcelana dos meses después. [SEP] f_______ [SEP] fragment"
2122,es,-0.565660497,aguja [SEP] Es difícil enhebrar una aguja con mala visión. [SEP] n_____ [SEP] needle
2123,es,-2.914436931,probar [SEP] Creo que es bueno probar la comida de cualquier lugar que visitas. [SEP] s_____ [SEP] sample
2124,es,-0.007817108,inseguro [SEP] El edificio es inseguro desde el punto de vista de riesgo de incendios. [SEP] u_____ [SEP] unsafe
2125,es,-3.38624777,parado [SEP] El tren estaba parado en el andén de la Puerta del Sol. [SEP] s_________ [SEP] stationary
2126,es,-3.418997995,grabación [SEP] La fiscalía presentó una grabación de video como prueba del delito. [SEP] f______ [SEP] footage
2127,es,0.337144125,cepillo [SEP] Pon tu cepillo de dientes aquí en el cuarto de baño. [SEP] t_________ [SEP] toothbrush
2128,es,0.53548347,rito [SEP] Según el rito católico los fieles se dan la mano en el momento la señal de la paz. [SEP] r_____ [SEP] ritual
2129,es,-0.284476154,riqueza [SEP] Adquirió su riqueza trabajando duro durante muchos años. [SEP] f______ [SEP] fortune
2130,es,1.387899661,búsqueda [SEP] La búsqueda de oro era común en América. [SEP] s_____ [SEP] search
2131,es,1.244974571,teología [SEP] El estudia teología en la Universidad Pontificia. [SEP] t_______ [SEP] theology
2132,es,-0.455609767,finalizar [SEP] Decidieron finalizar el congreso con un repaso de todas las ideas que se habían expuesto. [SEP] c_______ [SEP] conclude
2133,es,2.213707722,equilibrar [SEP] A veces es difícil equilibrar la vida familiar con la profesional. [SEP] b______ [SEP] balance
2134,es,0.69221061,surf [SEP] La gente practica el surf a vela en las playas del norte de España. [SEP] w__________ [SEP] windsurfing
2135,es,3.172138654,río [SEP] El río tiene muy poca agua porque no ha llovido nada este año. [SEP] r____ [SEP] river
2136,es,-0.645905893,"baldosín [SEP] Se ha caído un baldosín de la pared de la cocina, habrá que volver a ponerlo. [SEP] t___ [SEP] tile"
2137,es,-3.695963233,elenco [SEP] Vaya elenco de conferenciantes que tenemos este año. [SEP] l_____ [SEP] lineup
2138,es,-1.005105292,vacío [SEP] La bomba extrae el aire y crea un vacío. [SEP] v_____ [SEP] vacuum
2139,es,-3.023901741,teatro [SEP] Van a poner una obra musical en el teatro del pueblo. [SEP] p________ [SEP] playhouse
2140,es,-1.205734076,"sensato [SEP] ¡Tienes que ser sensato, no debemos trabajar tantas horas seguidas! [SEP] r_________ [SEP] reasonable"
2141,es,0.814107769,variedad [SEP] Había una gran variedad de opiniones al respecto. [SEP] d________ [SEP] diversity
2142,es,-0.471051822,coro [SEP] Cantan en el coro de la iglesia. [SEP] c____ [SEP] choir
2143,es,-2.27971999,rutinaramente [SEP] Los eventos son rutinaramente programados en el teatro central. [SEP] r________ [SEP] routinely
2144,es,0.718431248,a [SEP] Fuimos a una manifestación a favor de la igualdad de genero. [SEP] p__ [SEP] pro
2145,es,0.313276881,extranjera [SEP] La empresa es extranjera pero no sé exactamente de dónde proviene. [SEP] f________ [SEP] foreigner
2146,es,-1.592304073,psicoterapia [SEP] La psicoterapia no suele utilizar medicamentos sino la comunicación. [SEP] p____________ [SEP] psychotherapy
2147,es,-0.481972837,relajado [SEP] Tiene un estilo muy relajado de vestir. [SEP] i_______ [SEP] informal
2148,es,-0.203164094,éticamente [SEP] Lo que acabas de sugerir es éticamente reprobable. [SEP] m______ [SEP] morally
2149,es,1.235099877,brillante [SEP] Había una luz muy brillante en el cielo. [SEP] b_____ [SEP] bright
2150,es,-2.53834696,arreglado [SEP] Tienes que tener un aspecto arreglado y adecuado para trabajar cara al público. [SEP] p__________ [SEP] presentable
2151,es,1.293434558,grano [SEP] Este pan se hace con granos integrales de arroz y avena. [SEP] g____ [SEP] grain
2152,es,-2.985226627,ordenar [SEP] Habrá que ordenar nuevas sanciones económicas para corregir esta situación. [SEP] i_____ [SEP] impose
2153,es,1.137250057,verdad [SEP] Hay que decir la verdad siempre. [SEP] t____ [SEP] truth
2154,es,1.979612497,"intento [SEP] Después de un intento sólo, aprobé el examen de conducir. [SEP] t__ [SEP] try"
2155,es,1.582577782,"perder [SEP] Si no te das prisa, vas a perder el tren. [SEP] m___ [SEP] miss"
2156,es,0.566431824,comercial [SEP] Qatar es una de las aerolíneas comerciales más caras del mundo [SEP] c_________ [SEP] commercial
2157,es,-0.363934397,aniquilar [SEP] Intentaron aniquilar toda la ciudad durante el bombardeo. [SEP] d______ [SEP] destroy
2158,es,-0.203762202,sin [SEP] Encontraron el cuerpo sin vida del niño en el fondo de las piscina. [SEP] l_______ [SEP] lifeless
2159,es,2.775672862,dejar [SEP] El inquilino va a dejar la casa dentro de un mes. [SEP] l____ [SEP] leave
2160,es,1.205780155,entrega [SEP] Pagaré los productos en el momento de la entrega. [SEP] d_______ [SEP] delivery
2161,es,-2.553885452,sustancia [SEP] Esta sustancia blanca es en efecto un metal y se encuentra en la sal. [SEP] s_____ [SEP] sodium
2162,es,-3.243732836,financiación [SEP] Hay que buscar financiación para este proyecto. [SEP] f______ [SEP] funding
2163,es,2.114460892,calcio [SEP] La leche contiene el calcio suficiente que nos ayuda a fortalecer los huesos [SEP] c______ [SEP] calcium
2164,es,0.31487173,mínimo [SEP] El pago mínimo de la casa debe realizarse antes de la fecha establecida de lo contrario el valor podría subir [SEP] m______ [SEP] minimum
2165,es,0.053045796,incremento [SEP] La economía del país ha tenido una aceleración notable durante los ultimos meses [SEP] a___________ [SEP] acceleration
2166,es,2.975854309,luna [SEP] Se fueron a la Isla de Pascua a pasar la luna de miel. [SEP] h________ [SEP] honeymoon
2167,es,-1.543993871,primaria [SEP] Los ingresos que recibimos del turismo ahora son nuestra fuente primaria de riqueza. [SEP] p________ [SEP] principal
2168,es,-0.048914065,helado [SEP] Entra un aire helado mañana en la zona así que me voy a llevar el abrigo. [SEP] f_______ [SEP] freezing
2169,es,2.159677024,bestia [SEP] El león es la bestia más bonita de la jungla. [SEP] b____ [SEP] beast
2170,es,0.263910498,ténico [SEP] Ofrecemos apoyo técnico para todos nuestros usuarios. [SEP] t________ [SEP] technical
2171,es,-1.418484065,"animada [SEP] Laura es una persona muy animada, te lo pasas muy bien con ella. [SEP] l_____ [SEP] lively"
2172,es,-0.724203732,arbitraje [SEP] El conflicto ha llegado a un punto en el que necesitamos pedir arbitraje. [SEP] m________ [SEP] mediation
2173,es,-1.226624826,básicamente [SEP] Es básicamente buena persona pero a veces es un poco pesado. [SEP] f____________ [SEP] fundamentally
2174,es,3.871144085,volar [SEP] Me gustó mucho volar por encima de los Andes. [SEP] f__ [SEP] fly
2175,es,-1.793606227,asaltar [SEP] El delincuente le quiso asaltar con un cuchillo. [SEP] a_____ [SEP] attack
2176,es,1.192737161,conjunta [SEP] Ha habido muchos esfuerzos para conseguir una Europa conjunta. [SEP] u_____ [SEP] united
2177,es,2.040557609,enfocar [SEP] La visita nos ayudó a enfocar la atención del público en la situación política. [SEP] f____ [SEP] focus
2178,es,-2.617493933,reanudar [SEP] Las tropas decidieron reanudar el ataque por la tarde. [SEP] r____ [SEP] renew
2179,es,2.38575014,seguir [SEP] Nos hizo gracia ver al potro seguir a su madre por todas partes. [SEP] f_____ [SEP] follow
2180,es,3.081806889,corazón [SEP] Le van a operar de corazón la semana que viene. [SEP] h____ [SEP] heart
2181,es,-2.157460231,expatriado [SEP] Llegó como expatriado durante los años sesenta y vive aquí desde entonces. [SEP] i________ [SEP] immigrant
2182,es,0.744677395,navegar [SEP] Nos encanta navegar en las aguas de Menorca cuando estamos ahí de veraneo. [SEP] s___ [SEP] sail
2183,es,-1.307351261,elección [SEP] La elección del vestido fue fácil.  Es precioso. [SEP] c_______ [SEP] choosing
2184,es,-1.053902845,firmemente [SEP] Se tapó los oídos y cerró los ojos firmemente. [SEP] t____ [SEP] tight
2185,es,-3.127092506,creyente [SEP] El alumnado creyente asiste a misa mientras los no creyentes hacían los deberes. [SEP] b________ [SEP] believing
2186,es,2.225151299,placer [SEP] Ha sido un placer conocerte. [SEP] p_______ [SEP] pleasure
2187,es,2.903791454,necesidad [SEP] Tenemos una enorme necesidad de más profesores. [SEP] n___ [SEP] need
2188,es,-0.803231905,insistente [SEP] El reportero insistente por fin logró entrevistar al cantante. [SEP] p_________ [SEP] persistent
2189,es,0.552848778,sociedad [SEP] Pertenece a una sociedad para la prevención de la crueldad a los perros. [SEP] a__________ [SEP] association
2190,es,-0.751040796,"estímulo [SEP] Para mí la satisfacción del trabajo es estímulo suficiente, no me importa el dinero. [SEP] m_________ [SEP] motivation"
2191,es,-0.412062062,accesorio [SEP] Estos pendientes son accesorio perfecto para mi vestido [SEP] a________ [SEP] accessory
2192,es,-0.195710492,revisión [SEP] El secretario llevó a cabo la revisión de los documentos. [SEP] r_____ [SEP] review
2193,es,0.032525431,gobernar [SEP] Acusó a la oposición de ser incapaz de gobernar el país [SEP] g_____ [SEP] govern
2194,es,0.894193487,fundamentalmente [SEP] La situación está fundamentalmente igual. [SEP] b________ [SEP] basically
2195,es,-2.476368617,innovación [SEP] A esta última colección le falta estilo y un toque de innovación. [SEP] o__________ [SEP] originality
2196,es,2.140836758,terminada [SEP] Podéis entrar a vivir cuando la casa esté terminada. [SEP] f_______ [SEP] finished
2197,es,-0.514788367,barrer [SEP] Hay que barrer la terraza todos los días en verano. [SEP] s____ [SEP] sweep
2198,es,1.792093038,pegamento [SEP] Necesitaré pegamento para arreglar la mesa. [SEP] g___ [SEP] glue
2199,es,1.087521829,elasticidad [SEP] La elasticidad es muy importante para un gimnasta. [SEP] f__________ [SEP] flexibility
2200,es,-1.777215739,arriesgado [SEP] El viaje que propones es altamente arriesgado. [SEP] h________ [SEP] hazardous
2201,es,1.8855946,surfista [SEP] El surfista se va a la playa de vacaciones este verano. [SEP] s_____ [SEP] surfer
2202,es,0.910478893,puntuación [SEP] Obtuve la puntuación más alta en el examen. [SEP] s____ [SEP] score
2203,es,-1.598126088,tira [SEP] Mi madre usó una tira de tela para arreglarme el vestido. [SEP] s____ [SEP] strip
2204,es,-2.896306928,presunta [SEP] La policía se está ocupando de una presunta evasión de impuestos. [SEP] s________ [SEP] suspected
2205,es,-2.952340921,imaginar [SEP] Las sufragistas no dejaron de imaginar un mundo egalitario entre mujeres y hombres. [SEP] e_______ [SEP] envision
2206,es,-3.68996397,conmovedora [SEP] Ayer vimos una película muy conmovedora. [SEP] a________ [SEP] affecting
2207,es,-3.560892427,placentera [SEP] Nunca había tenido una experiencia tan placentera como la que tuvo esa noche. [SEP] s______ [SEP] sensual
2208,es,1.174824627,confidencia [SEP] Mi amigo me ha contado una confidencia que no puedo repetir. [SEP] s_____ [SEP] secret
2209,es,0.354105621,profesional [SEP] Es una oportunidad para el desarrollo profesional  de nuestros empleados. [SEP] p___________ [SEP] professional
2210,es,1.577427203,independiente [SEP] La habitación es independiente. Tiene su propio baño y su propia ducha. [SEP] i__________ [SEP] independent
2211,es,-3.696127851,resolución [SEP] La jueza emitió su resolución al final del juicio. [SEP] r_____ [SEP] ruling
2212,es,-1.236923243,contemplar [SEP] Se puso a contemplar el mar sin hablar y apenas sin moverse. [SEP] g___ [SEP] gaze
2213,es,-1.234295163,rellenar [SEP] Vamos a rellenar el pollo con hierbas y limones. [SEP] s____ [SEP] stuff
2214,es,2.198552499,círculo [SEP] Todos se sentaron en círculo sobre el piso para poder hablar entre ellos [SEP] c_____ [SEP] circle
2215,es,3.322847692,generación [SEP] Las personas nacidas en los años 80s y 90s se conocen como la generación millenial [SEP] g_________ [SEP] generation
2216,es,-2.082589131,"espabilado [SEP] En situaciones de peligro, hay que estar espabilado. [SEP] a____ [SEP] alert"
2217,es,3.135302397,láser [SEP] Los códigos de barras son leídos por un láser producido por un aparato electrónico. [SEP] l____ [SEP] laser
2218,es,3.15754275,matar [SEP] Mi madre me va a matar cuando se entere de que he suspendido el examen. [SEP] k___ [SEP] kill
2219,es,2.136797881,ficción [SEP] La última novela de Juan Verde ha ganado el premio nacional en la categoría de mejor ficción [SEP] f______ [SEP] fiction
2220,es,-2.409367701,considerar [SEP] Debes considerar a mi madre como miembro de tu familia. [SEP] r_____ [SEP] regard
2221,es,0.417552032,"enlazado [SEP] Por fin mi teléfono está enlazado con mi ordenador, gracias al técnico. [SEP] c________ [SEP] connected"
2222,es,-0.758438899,cantidad [SEP] La cantidad de basura que generamos en esta casa es extraordinaria. [SEP] v_____ [SEP] volume
2223,es,-1.29706758,digno [SEP] Todo el mundo tiene derecho a un sueldo digno. [SEP] d_____ [SEP] decent
2224,es,2.155739742,cosméticos [SEP] Ella dejó su bolso de cosméticos en el baño del edificio cuando volvió ya no estaba allí. [SEP] c________ [SEP] cosmetics
2225,es,2.770866132,lugar [SEP] Vamos a buscar un lugar en el sol para ir a vivir. [SEP] p____ [SEP] place
2226,es,-3.547580067,"publicable [SEP] Esto es un poco fuerte, no tenemos pruebas y en fín, no es publicable. [SEP] p________ [SEP] printable"
2227,es,1.544136902,inseguro [SEP] Es un chico inseguro y sin confianza en si mismo pero inteligente y muy buena persona. [SEP] i_______ [SEP] insecure
2228,es,-0.092601613,clasificación [SEP] La universidad fue tercera en la clasificación nacional. [SEP] r______ [SEP] ranking
2229,es,-0.526265415,tranquilo [SEP] Parecía tranquilo y confiado antes del partido. [SEP] r______ [SEP] relaxed
2230,es,2.197609976,acampada [SEP] Vamos a hacer acampada por toda la costa de Galicia este año. [SEP] c______ [SEP] camping
2231,es,-1.409375659,imparcialidad [SEP] Hubo falta de imparcialidad en la evaluación de los candidatos en mi opinión. [SEP] o__________ [SEP] objectivity
2232,es,1.258066038,nivelar [SEP] Hay que nivelar el suelo antes de empezar a edificar. [SEP] l____ [SEP] level
2233,es,-3.081731265,entorno [SEP] Nuestro equipo trabaja en un entorno internacional. [SEP] s______ [SEP] setting
2234,es,-0.508792789,desnuda [SEP] No salgas a la calle con la cabeza desnuda con este frío. [SEP] b___ [SEP] bare
2235,es,-0.607859105,inclinarse [SEP] La chico tuvo que inclinarse hacia adelante para ver por la ventana. [SEP] l___ [SEP] lean
2236,es,-1.062653362,griterío [SEP] Había mucho griterío en el patio del colegio. [SEP] s_______ [SEP] shouting
2237,es,-2.519461153,atormentado [SEP] Estaba atormentado por la idea que posiblemente hubieran muerto sus padres. [SEP] t_______ [SEP] tortured
2238,es,2.501277515,aficionado [SEP] Mi hermano es un aficionado al fútbol muy apasionado. [SEP] f__ [SEP] fan
2239,es,0.594688138,"de [SEP] A pesar de ser el jefe, nos trata de manera informal [SEP] i_________ [SEP] informally"
2240,es,-1.256817762,buque [SEP] El buque arribó al puerto. [SEP] v_____ [SEP] vessel
2241,es,1.085885695,silla [SEP] Podremos alquilar una silla de ruedas en el aeropuerto. [SEP] w_________ [SEP] wheelchair
2242,es,1.76898569,cuadrado [SEP] El jardín tiene unas jardineras que forman un cuadrado perfecto. [SEP] s_____ [SEP] square
2243,es,1.368596016,Imaginario [SEP] Mi hijo tenía un amigo imaginario llamado Javier. [SEP] i________ [SEP] imaginary
2244,es,-1.443906505,cordel [SEP] Utilizo el cordel para colgar la llave detrás de la puerta. [SEP] s_____ [SEP] string
2245,es,-1.113207455,anteriormente [SEP] El edificio era utilizado anteriormente como un almacén. [SEP] f_______ [SEP] formerly
2246,es,-2.09595902,balanceo [SEP] El balanceo suave de la hamaca me tranquilizó mucho. [SEP] r______ [SEP] rocking
2247,es,-3.247702293,"normalmente [SEP] Normalmente, la gente trabaja cinco días a la semana. [SEP] t________ [SEP] typically"
2248,es,-0.119756415,instruir [SEP] El profesor instruye a los estudiantes en el aula de clase. [SEP] i_______ [SEP] instruct
2249,es,-0.685504363,quejarse [SEP] Los obreros van a quejarse del salario con una manifestación en las puertas de la fábrica. [SEP] p______ [SEP] protest
2250,es,-0.282256169,sin [SEP] Va a llover sin regularidad durante los proximos días [SEP] i__________ [SEP] irregularly
2251,es,3.060682005,campeón [SEP] Ella se crornó como la campeona de las olimpiadas de ese año [SEP] c_______ [SEP] champion
2252,es,-2.325138928,vividor [SEP] Rubén es un vividor que se la pasa enamorando viudas con dinero [SEP] p______ [SEP] playboy
2253,es,1.65087145,intérprete [SEP] El principal intérprete de la obra de teatro es muy famoso. [SEP] a____ [SEP] actor
2254,es,-1.68953478,producción [SEP] La producción de tomates es mayor este año debido a las lluvias regulares [SEP] y____ [SEP] yield
2255,es,1.6891437,sexismo [SEP] Lamentablemente sigue habiendo mucho sexismo a la hora de contratar personal femenino. [SEP] s_____ [SEP] sexism
2256,es,-1.454497191,culto [SEP] Muchas religiones tienen lugares de culto sagrados. [SEP] w______ [SEP] worship
2257,es,-2.276320588,"auricular [SEP] Al oír entrar a su madre, colgó el auricular. [SEP] r_______ [SEP] receiver"
2258,es,2.533830797,otra [SEP] Fuimos a Portugal otra vez este verano. [SEP] a____ [SEP] again
2259,es,-2.92873941,suspender [SEP] La comisión decidió suspender toda ayuda económica a la zona. [SEP] d__________ [SEP] discontinue
2260,es,1.942156369,fumar [SEP] Fumar aquí está prohibido. [SEP] s______ [SEP] smoking
2261,es,-2.071105142,"fabulosa [SEP] Qué película más fabulosa, me encantó. [SEP] f________ [SEP] fantastic"
2262,es,-3.48098637,rango [SEP] El mercado ofrece un rango amplio de oportunidades. [SEP] s_______ [SEP] spectrum
2263,es,-2.297943063,campo [SEP] La física no es mi campo; yo estudio biología. [SEP] d_____ [SEP] domain
2264,es,-0.593181834,cronista [SEP] El cronista cuenta las historias y leyendas de los celtas antiguos. [SEP] n_______ [SEP] narrator
2265,es,2.28329035,bien [SEP] Lo hacemos por el bien de la familia. [SEP] g___ [SEP] good
2266,es,-2.700386945,enorme [SEP] Todavía nos queda por hacer una cantidad enorme de trabajo. [SEP] i______ [SEP] immense
2267,es,-1.229488075,mental [SEP] El desarrollo emocional de los niños es tan importante como el desarrollo mental. [SEP] i___________ [SEP] intellectual
2268,es,-0.505907164,correspondientemente [SEP] Mi hijo y mi hija tienen tres y cinco años correspondientemente. [SEP] r___________ [SEP] respectively
2269,es,-0.875289027,"de [SEP] Pensamos que intenta esconder algo, de ahí su reticencia. [SEP] h____ [SEP] hence"
2270,es,-0.173933749,"suavizante [SEP] Por favor, ponme un suavizante después de lavarme el pelo, que lo tengo muy seco. [SEP] c__________ [SEP] conditioner"
2271,es,-0.637609117,opción [SEP] No hay otra opción.  Tenemos que ir con este plan. [SEP] a__________ [SEP] alternative
2272,es,-1.783295382,brincar [SEP] La niña se puso a brincar por toda la habitación. [SEP] s___ [SEP] skip
2273,es,2.487860384,entrenador [SEP] Me apunté al gimnasio y contraté a un entrenador personal. [SEP] t______ [SEP] trainer
2274,es,-3.425547814,especializado [SEP] El técnico especializado instaló rápidamente el nuevo equipo. [SEP] s______ [SEP] skilled
2275,es,1.716582295,una [SEP] He estado en Londres sólo una vez. [SEP] o___ [SEP] once
2276,es,-0.030833683,inscrito [SEP] El niño ya está inscrito en el ayuntamiento. [SEP] r_________ [SEP] registered
2277,es,1.89214468,"hablar [SEP] Voy a hablar con él, a ver qué dice. [SEP] s____ [SEP] speak"
2278,es,2.964091908,órgano [SEP] El órgano del cuerpo más importante del cuerpo es el corazón. [SEP] o____ [SEP] organ
2279,es,0.142821044,geográfico [SEP] La importancia de la ciudad se debe a su situación gegráfica [SEP] g___________ [SEP] geographical
2280,es,-1.838836093,decisivo [SEP] Fue un punto decisivo para él y decidió cambiar de rumbo. [SEP] t______ [SEP] turning
2281,es,2.932908219,economía [SEP] La economía del país ha bajado considerablemente en los ultimos diez años [SEP] e______ [SEP] economy
2282,es,2.405416402,pequeño [SEP] Vive en un piso pequeño en el centro de la ciudad. [SEP] s____ [SEP] small
2283,es,-0.460653286,reunión [SEP] Hubo una reunión de moteros en el parque el otro día. [SEP] g________ [SEP] gathering
2284,es,1.208428391,novia [SEP] La novia estaba guapísima. [SEP] b____ [SEP] bride
2285,es,-0.980057334,de [SEP] La empresa bajó los precios y de este modo pudo vender más productos. [SEP] t___ [SEP] thus
2286,es,-0.955379933,actualmente [SEP] Estamos trabajando actualmente en un proyecto grande. [SEP] p________ [SEP] presently
2287,es,-0.011905833,argot [SEP] El argot de los indígenas de esta zona es difícil de entender. [SEP] d______ [SEP] dialect
2288,es,-3.434655569,someter [SEP] El Imperio Romano no tardó mucho en someter a Europa a su gobierno. [SEP] s______ [SEP] subject
2289,es,-4.362494282,impulsar [SEP] Mi pasión por los libros me va a impulsar a escribir uno y lo empiezo este verano. [SEP] p_____ [SEP] prompt
2290,es,-0.24925065,operación [SEP] El banco autorizó la operación. [SEP] t__________ [SEP] transaction
2291,es,0.50963529,tumba [SEP] Había flores encima de la tumba de su madre. [SEP] g____ [SEP] grave
2292,es,0.821978727,establecido [SEP] El precio de estos artículos está establecido y no se puede cambiar. [SEP] f____ [SEP] fixed
2293,es,-0.470369979,redimir [SEP] Está haciendo grandes esfuerzos por redimir su matrimonio. [SEP] s___ [SEP] save
2294,es,-1.511418459,estética [SEP] La cirugía estética se está haciendo cada vez más popular. [SEP] c_______ [SEP] cosmetic
2295,es,-2.099873848,"alarmante [SEP] La película es bastante alarmante, pero divertida a la vez. [SEP] f__________ [SEP] frightening"
2296,es,1.57760233,barba [SEP] Esa barba no te queda bien. [SEP] b____ [SEP] beard
2297,es,-0.843193418,"entrada [SEP] Espérame en la entrada de mi casa, ya que está lloviendo. [SEP] p____ [SEP] porch"
2298,es,0.622331567,sección [SEP] Trabajamos en la sección de nóminas y pagos del la fábrica. [SEP] d_________ [SEP] department
2299,es,-2.171318881,religión [SEP] La influencia de una religión en la sociedad a veces puede ser problemática. [SEP] c___ [SEP] cult
2300,es,0.269730294,ausente [SEP] ¿Maria estuvo ausente ayer? Me extraña. [SEP] a_____ [SEP] absent
2301,es,-1.120686692,daño [SEP] Parece un poco bruto pero pero no haría daño a nadie. [SEP] h___ [SEP] harm
2302,es,-0.116568329,única [SEP] El cantance concedió una entrevista única al periódico local. [SEP] e________ [SEP] exclusive
2303,es,-1.199776773,decepcionado [SEP] Me siento muy decepcionado con mis resultados [SEP] d___________ [SEP] disappointed
2304,es,0.312115705,pegar [SEP] Hay que pegar una etiqueta en la caja para indicar el contenido. [SEP] s____ [SEP] stick
2305,es,-0.529834615,fabricación [SEP] Se dedican a la fabricación de coches muy caros. [SEP] m____________ [SEP] manufacturing
2306,es,-0.820190665,facilitar [SEP] Tenemos que facilitar su entrada en la comunidad. [SEP] e___ [SEP] ease
2307,es,-1.693154606,fallido [SEP] Hicieron un intento fallido de subir la montaña. [SEP] u___________ [SEP] unsuccessful
2308,es,-2.341649633,fanático [SEP] Mi esposo es fanático al fútbol [SEP] a_______ [SEP] addicted
2309,es,-0.717959841,"de [SEP] Hay que buscar un punto de carga para el coche, antes de que acabe la batería. [SEP] c_______ [SEP] charging"
2310,es,-0.201812501,mezquita [SEP] Hay una mezquita preciosa y muy grande en el centro de Córdoba. [SEP] m_____ [SEP] mosque
2311,es,-1.424584242,gratificante [SEP] Es gratificante pensar que tus hijos se han convertido en personas de bien. [SEP] s_________ [SEP] satisfying
2312,es,1.888358157,luchador [SEP] Ese jugador es un luchador nato y siempre mete un gol. [SEP] f______ [SEP] fighter
2313,es,-1.256069662,prórroga [SEP] El director me concedió una prórroga a mi contrato. [SEP] e________ [SEP] extension
2314,es,-1.513973141,cursillo [SEP] El la universidad el sábado hay un cursillo sobre el periodismo en la guerra. [SEP] s______ [SEP] seminar
2315,es,-0.388900126,"sugerencia [SEP] Leí el libro por una sugerencia de mi amiga, a quien le había gustado mucho. [SEP] r_____________ [SEP] recommendation"
2316,es,-2.274911786,foco [SEP] Mi país se ha convertido en un foco turítico de Latinoamérica [SEP] h______ [SEP] hotspot
2317,es,2.300162756,efectivo [SEP] No puedo pagar en efectivo así que tendré que hacerlo con tarjeta. [SEP] c___ [SEP] cash
2318,es,0.687194447,caza [SEP] La caza del zorro ha sido prohibida. [SEP] h______ [SEP] hunting
2319,es,-2.611289632,disparate [SEP] La policía se sorprendió mucho al ver el completo disparate de correr tanto con aquella niebla. [SEP] s________ [SEP] stupidity
2320,es,-4.528910033,acordar [SEP] Ambas partes acordaron los términos de la compra del material [SEP] c_________ [SEP] compromise
2321,es,-0.857286655,abogado [SEP] Trabaja en Estados Unidos como abogado del distrito. [SEP] a_______ [SEP] attorney
2322,es,-2.790370225,"sin [SEP] Entró sin previo aviso, sorprendiendo a todo el mundo. [SEP] u__________ [SEP] unannounced"
2323,es,-1.137110675,divertido [SEP] Las obras de Shakespeare siempre tienen un elemento divertido. [SEP] c____ [SEP] comic
2324,es,-1.993534095,anónimos [SEP] Esta empresa ha sido levantada por miles de obreros anónimos. [SEP] n_______ [SEP] nameless
2325,es,-1.483446242,tenderse [SEP] A mi gato le gusta tenderse en mi cama. [SEP] l__ [SEP] lie
2326,es,-0.505924653,flojo [SEP] El nudo está flojo así que habrá que ajustarlo. [SEP] l____ [SEP] loose
2327,es,-1.520568254,bancarrota [SEP] El empresario se declaro en bancarrota para poder solicitar ayuda al gobierno [SEP] b_________ [SEP] bankruptcy
2328,es,-1.972673011,encarnar [SEP] El protagonista de la película tiene que encarnar todo lo típico de un héroe. [SEP] e_____ [SEP] embody
2329,es,-2.434525433,persiana [SEP] Abrí la persiana para dejar entrar la luz. [SEP] s______ [SEP] shutter
2330,es,-2.27888015,localizar [SEP] La policía usó un software sofisticado para localizar la llamada. [SEP] t____ [SEP] trace
2331,es,0.251330514,insatisfecho [SEP] Está insatisfecho con el veredicto del jurado y va a recurrir. [SEP] u__________ [SEP] unsatisfied
2332,es,-2.847340569,deteriorada [SEP] El país está viviendo un momento muy malo con una economía deteriorada y problemas sociales. [SEP] f______ [SEP] failing
2333,es,1.408637079,"pertenecer [SEP] Creo que esa casa puede pertenecer a la familia Gómez, pero no estoy seguro. [SEP] b_____ [SEP] belong"
2334,es,-0.416650662,simbolismo [SEP] Esta poesía está llena de simbolismo [SEP] s________ [SEP] symbolism
2335,es,-2.435145218,terreno [SEP] Hemos elegido un terreno para la construcción del nuevo colegio. [SEP] s___ [SEP] site
2336,es,-0.248850943,sin [SEP] La señora tenía un talento sin descubrir y nos deleitó toda la noche con su música. [SEP] u___________ [SEP] undiscovered
2337,es,-1.907167792,estrafalario [SEP] A veces tiene un comportamiento bastante estrafalario. [SEP] f_____ [SEP] freaky
2338,es,0.13166639,guía [SEP] Leí la guía de instrucciones así que no hay problema. [SEP] m_____ [SEP] manual
2339,es,2.542536678,siempre [SEP] Te voy a querer siempre. [SEP] a_____ [SEP] always
2340,es,0.831735866,componente [SEP] Nuestra crema facial tiene un componente natural muy potente. [SEP] i_________ [SEP] ingredient
2341,es,3.166462987,todo [SEP] Se puso todo rojo cuando descubrieron lo que había hecho. [SEP] a__ [SEP] all
2342,es,1.05531826,combustible [SEP] Tengo que llenar el tanque con combustible todas las semanas. [SEP] g_______ [SEP] gasoline
2343,es,1.885482645,brillante [SEP] Es un pianista brillante. [SEP] b________ [SEP] brilliant
2344,es,-0.448192718,duplicado [SEP] Este párrafo está duplicado al final del ensayo. ¿No te habías dado cuenta? [SEP] c_____ [SEP] copied
2345,es,0.328553206,verso [SEP] Dedicó un verso precioso a la vida de su abuela. [SEP] p___ [SEP] poem
2346,es,0.351825715,aleatorio [SEP] Este programa genera un conjunto aleatorio de números. [SEP] r_____ [SEP] random
2347,es,1.859958375,impuesto [SEP] Van a subir el impuesto sobre los alquileres este año. [SEP] t__ [SEP] tax
2348,es,-0.591123351,intacto [SEP] El edificio estaba intacto a pesar de la explosión. [SEP] u________ [SEP] untouched
2349,es,-2.961713455,expresar [SEP] Me cuesta trabajo expresar mis ideas. [SEP] a_________ [SEP] articulate
2350,es,0.602745572,extenso [SEP] Mi profesor tiene un conocimiento extenso sobre literatura. [SEP] v___ [SEP] vast
2351,es,0.118981061,democraticamente [SEP] El presidente es elegido democráticamente en varios paises [SEP] d_____________ [SEP] democratically
2352,es,-0.16888306,antiguo [SEP] El técnico del equipo es un antiguo jugador profesional. [SEP] f_____ [SEP] former
2353,es,-0.269666626,compañero [SEP] El hijo de nuestros vecinos es un buen compañero de juegos para nuestro hijo. [SEP] p_______ [SEP] playmate
2354,es,2.160833379,cardiología [SEP] Mi hija es médico y se está especializando en cardiología [SEP] c_________ [SEP] cardiology
2355,es,1.366430891,gota [SEP] Una gota de sangre cayó al suelo. [SEP] d___ [SEP] drop
2356,es,-0.761699517,regazo [SEP] El gato dormía pacificamente en el regazo de la niña. [SEP] l__ [SEP] lap
2357,es,-0.289735619,general [SEP] La impresión general de los progresos académicos de su hijo es positiva. [SEP] o______ [SEP] overall
2358,es,-2.51330213,"diferencia [SEP] Hay una diferencia muy clara en cuanto a estilo, entre los poemas y las novelas. [SEP] d__________ [SEP] distinction"
2359,es,-0.922907399,principal [SEP] Mi principal preocupación es la de proteger mi propiedad. [SEP] p____ [SEP] prime
2360,es,-0.16713037,inolvidable [SEP] Tuvimos una experiencia inolvidable cuando fuimos a Colombia [SEP] u____________ [SEP] unforgettable
2361,es,-1.382855405,encuesta [SEP] Los participantes del estudio respondieron a una encuesta. [SEP] q____________ [SEP] questionnaire
2362,es,-2.080502648,precursor [SEP] El Doctor de la Fuente fue un precursor en el campo de la neurocirurgía. [SEP] p______ [SEP] pioneer
2363,es,0.305907751,biografico [SEP] No hay mucha informacion biográfica de William Shakespeare [SEP] b___________ [SEP] biographical
2364,es,-0.194462626,palestino [SEP] Los palestinos viven en varias regiones del Oriente Medio [SEP] p__________ [SEP] palestinian
2365,es,-0.068849801,"hambre [SEP] Lamentablemente, todavía hay hambre en el mundo. [SEP] h_____ [SEP] hunger"
2366,es,0.466406622,"sorprendente [SEP] Su reacción fue bastante sorprendente, por lo menos para mí. [SEP] s_________ [SEP] surprising"
2367,es,-3.169861881,"capital [SEP] Con el incremento de capital, podemos realizar nuevas inversiones. [SEP] e_____ [SEP] equity"
2368,es,1.970322391,cronometrar [SEP] Voy a cronometrar la carrera para saber si han mejorado. [SEP] t___ [SEP] time
2369,es,3.032145401,estacionar [SEP] Voy a estacionar el coche el lado del parque. [SEP] p___ [SEP] park
2370,es,-0.841639459,fervientemente [SEP] La tomó en sus brazos y la besó fervientemente. [SEP] p___________ [SEP] passionately
2371,es,2.165963348,semanalmente [SEP] Nos vemos semanalmente para comer y charlar. [SEP] w_____ [SEP] weekly
2372,es,-0.727652366,revisión [SEP] El mecánico hizo una revisión minuciosa del coche. [SEP] i_________ [SEP] inspection
2373,es,-0.565618494,estimación [SEP] La profesora se ha ganado la estimación de sus alumnos. [SEP] r______ [SEP] respect
2374,es,2.589931316,barato [SEP] El viaje que hicimos a Portugal nos salió muy barato. [SEP] c____ [SEP] cheap
2375,es,0.1883713,escalera [SEP] Usé una escalera para subir al techo. [SEP] l_____ [SEP] ladder
2376,es,-2.439749373,soberanía [SEP] No se puede poner en duda la soberanía del pueblo. [SEP] s__________ [SEP] sovereignty
2377,es,-2.540969802,supuestamente [SEP] Supuestamente el accidente ocurrió aquí mismo. [SEP] p_________ [SEP] presumably
2378,es,-2.086217064,abordar [SEP] Mi discurso tendrá que abordar el problema del cambio climático. [SEP] t_____ [SEP] tackle
2379,es,-2.79426643,consolar [SEP] Es complicado conseguir consolar a una persona que ha sufrido semejante pérdida. [SEP] c______ [SEP] comfort
2380,es,3.438639667,mala [SEP] La película fue tan mala que nos fuimos del cine. [SEP] b__ [SEP] bad
2381,es,-0.058925543,vinagre [SEP] Me gusta echar vinagre a las patatas fritas. [SEP] v______ [SEP] vinegar
2382,es,1.860099277,labio [SEP] Se partió el labio inferior cuando se cayó de la bicicleta. [SEP] l__ [SEP] lip
2383,es,-2.724859257,listado [SEP] El director publica un catálogo con un listado de todo lo que contiene el museo. [SEP] i________ [SEP] inventory
2384,es,0.240934572,dispositivo [SEP] Es fácil conectarse a Internet desde este dispositivo. [SEP] d_____ [SEP] device
2385,es,1.578694077,túnel [SEP] Hay un túnel subterráneo bajo el Canal de la Mancha entre Inglaterra y España. [SEP] t_____ [SEP] tunnel
2386,es,-0.716974174,golpes [SEP] Los golpes duraron varios minutos y al final bajó mi padre para abrir. [SEP] k_______ [SEP] knocking
2387,es,-2.532232445,brillantez [SEP] Siempre ha mostrado mucha brillantez intelectual. [SEP] b_________ [SEP] brilliance
2388,es,0.407544755,secuestrador [SEP] El secuestrador vió su oportunidad y la aprovechó. [SEP] k________ [SEP] kidnapper
2389,es,-1.317213893,de [SEP] Esta es su familia de acogida que le cuidarán hasta que salga su madre de la cárcel. [SEP] f_____ [SEP] foster
2390,es,-2.591252529,constantemente [SEP] Las exportaciones han estado aumentando constantemente. [SEP] s_______ [SEP] steadily
2391,es,-2.484264469,alimentar [SEP] Un profesor debe alimentar la curiosidad de sus alumnos. [SEP] n______ [SEP] nurture
2392,es,-0.081588126,caníbal [SEP] Hay varias tribus de caníbales en el mundo [SEP] c_______ [SEP] cannibal
2393,es,1.88318714,reactor [SEP] El reactor se encuentra en proceso de reparación. [SEP] r______ [SEP] reactor
2394,es,-1.902218123,desplazarse [SEP] El usuario del teléfono puede desplazarse hacia arriba o hacia abajo de la pantalla. [SEP] s_____ [SEP] scroll
2395,es,1.161291209,desordenar [SEP] Cuidado de no desordenar la habitación.  Guarda todas tus cosas. [SEP] m___ [SEP] mess
2396,es,-2.716568174,influenciable [SEP] Está en una edad muy influenciable. [SEP] i_____________ [SEP] impressionable
2397,es,-1.843393378,brincar [SEP] El potro se puso a brincar por todo el campo. [SEP] l___ [SEP] leap
2398,es,3.694797961,saber [SEP] ¿Cómo iba a saber que se iba a Estados Unidos si no me lo dijo? [SEP] k___ [SEP] know
2399,es,2.862945628,millón [SEP] Esa casa le costó cerca de un millón de euros. [SEP] m______ [SEP] million
2400,es,-3.065288596,"ingenuidad [SEP] Le preguntó, con su ingenuidad de niña pequeña, si estaba casada. [SEP] i________ [SEP] innocence"
2401,es,-2.606709583,atractivo [SEP] Este sería un regalo muy atractivo para cualquier niño. [SEP] d________ [SEP] desirable
2402,es,-0.866961941,correspondiente [SEP] Estábamos muy cansados así que fuimos todos a nuestra habitación correspondiente [SEP] r_________ [SEP] respective
2403,es,0.541500872,basura [SEP] Ahí está el cubo de la basura. [SEP] t____ [SEP] trash
2404,es,-0.269857069,interpretar [SEP] José interpretó el sueño del faraón por eso fue eledigo para ser el segundo al mando [SEP] i________ [SEP] interpret
2405,es,-0.447123724,sujeción [SEP] Procura que tu sujeción de la cámara sea firme y que no se mueva. [SEP] h___ [SEP] hold
2406,es,0.916278307,espiritualmente [SEP] El libro del Dalai Lama me fortaleció espiritualmente. [SEP] s__________ [SEP] spiritually
2407,es,-0.71788407,risa [SEP] La risa es buenísima para la salud. [SEP] l_______ [SEP] laughter
2408,es,3.278363095,ojo [SEP] Le operaron el ojo derecho y ahora no tiene que llevar gafas. [SEP] e__ [SEP] eye
2409,es,-2.25343806,subvención [SEP] La escuela recibió una subvención para renovar su biblioteca. [SEP] s______ [SEP] subsidy
2410,es,-1.609212999,"importante [SEP] Por suerte, el terremoto no causó daño importante. [SEP] m____ [SEP] major"
2411,es,-0.633396803,mitológico [SEP] El monstruo del Lago Ness es una criatura mitológica [SEP] m___________ [SEP] mythological
2412,es,0.259200154,académicos [SEP] Mis estudios académicos han ido avanzando [SEP] a________ [SEP] academics
2413,es,1.341695788,casualmente [SEP] Iban casualmente vestidos a la fiesta pero también de forma atractiva. [SEP] c_______ [SEP] casually
2414,es,-0.032636828,ornamental [SEP] La mesa es a la vez práctica y ornamental. [SEP] d_________ [SEP] decorative
2415,es,-2.557385835,"descartar [SEP] Para adelgazar, hay que descartar el azúcar de la dieta. [SEP] e______ [SEP] exclude"
2416,es,-0.059516154,faro [SEP] El faro sirvió para guiar los barcos y también para descubrir los piratas. [SEP] l_________ [SEP] lighthouse
2417,es,1.675159408,retrasar [SEP] No podemos retrasar la decisión durante mucho tiempo. [SEP] d____ [SEP] delay
2418,es,-0.711701835,de [SEP] Los animales capturados lograron fugarse de alguna manera. [SEP] s______ [SEP] somehow
2419,es,-0.107207036,razonamiento [SEP] Tus argumentos no tienen razonamiento alguno. [SEP] l____ [SEP] logic
2420,es,-0.147455371,pisar [SEP] Cuidado de no pisar los charcos. [SEP] s___ [SEP] step
2421,es,-1.47743978,"considerablemente [SEP] Llovía considerablemente, tanto que tuvieron que evacuar a varias personas de la zona. [SEP] h______ [SEP] heavily"
2422,es,-1.805867186,misterio [SEP] Sus motivos de su muerte siguen siendo un gran misterio para las autoridades [SEP] m______ [SEP] mystery
2423,es,0.593373631,sin [SEP] Había unos platos sin lavar en la pila. [SEP] u_______ [SEP] unwashed
2424,es,-0.463662925,"racial [SEP] Mi ascendencia racial, que es africana, influye mucho en mi estilo gastronómico. [SEP] e_____ [SEP] ethnic"
2425,es,-0.613281671,Economía [SEP] El estudio de la economía se encarga de estudiar la relacion del consumo con la sociedad actual [SEP] e________ [SEP] economics
2426,es,-0.185386042,estupefaciente [SEP] La heroína es un estupefaciente muy peligroso. [SEP] n_______ [SEP] narcotic
2427,es,2.351597594,mono [SEP] El animal favorito de mi nieta es el mono. [SEP] m_____ [SEP] monkey
2428,es,-1.057663595,tareas [SEP] Tengo que hacer todas las tareas domésticas que no hice cuando estaba de vacaciones. [SEP] h________ [SEP] housework
2429,es,-0.996996009,mal [SEP] Jugaron mal y así perdieron el partido. [SEP] p_____ [SEP] poorly
2430,es,2.650675753,libertad [SEP] La manifestación pide la libertad de los presos políticos. [SEP] f______ [SEP] freedom
2431,es,1.871583045,coger [SEP] ¡A ver si eres capaz de coger esta pelota que te voy a tirar! [SEP] c____ [SEP] catch
2432,es,-0.681693387,predicador [SEP] El predicador es famoso por sus sermones emocionantes. [SEP] p_______ [SEP] preacher
2433,es,0.884587014,tabla [SEP] En la tabla está la lista de todos los aprobados. [SEP] b____ [SEP] board
2434,es,-3.384133696,no [SEP] Se sintió no valuado en la empresa y se fue. [SEP] u____________ [SEP] unappreciated
2435,es,2.197875239,coco [SEP] Se recomienda cocinar con aceite de coco para evitar el colesterol [SEP] c______ [SEP] coconut
2436,es,1.286709833,comunista [SEP] Karl Marx es el principal exponente comunista de la historia [SEP] c________ [SEP] communist
2437,es,0.460986306,sexo [SEP] Hay que especificar edad y sexo en el formulario. [SEP] g_____ [SEP] gender
2438,es,1.609870238,"dañar [SEP] La tormenta va a dañar el tejado de casa, ya verás. [SEP] d_____ [SEP] damage"
2439,es,0.52262498,volver [SEP] Han decidido volver a intentar esta juntos por última vez [SEP] r____ [SEP] retry
2440,es,-0.857536405,restricción [SEP] La restricción en el peso de las maletas es inevitable. [SEP] l_________ [SEP] limitation
2441,es,-2.150547335,seleccionado [SEP] Mauro está seleccionado para jugar con el equipo. [SEP] p_____ [SEP] picked
2442,es,-0.944966447,imperfección [SEP] El vestido tenía una imperfección así que lo devolví a la tienda. [SEP] d_____ [SEP] defect
2443,es,-0.913419845,en [SEP] La reunión empieza a las siete en punto. No llegues tarde por favor [SEP] o______ [SEP] o'clock
2444,es,-2.28883402,descubrimiento [SEP] Han anunciado un descubrimiento en el tratamiento del cáncer esta semana. [SEP] b___________ [SEP] breakthrough
2445,es,-0.201426776,tienda [SEP] Fui a la tienda de comestibles para comprar vinagre. [SEP] g______ [SEP] grocery
2446,es,-0.887055809,etapa [SEP] La primera etapa en la adquisición de un idioma es la más difícil. [SEP] p____ [SEP] phase
2447,es,-0.358410537,gravemente [SEP] Está gravemente enfermo pero sigue saliendo todos los días que puede. [SEP] s________ [SEP] seriously
2448,es,0.938729147,ejecución [SEP] La ejecución del reo fue aplazada hasta el mes siguiente. [SEP] e________ [SEP] execution
2449,es,-3.276345744,admitir [SEP] Al final tuve que admitir que me había equivocado. [SEP] c______ [SEP] concede
2450,es,-1.35197837,dibujos [SEP] El cuento tiene unos dibujos preciosos por lo que les encanta a los niños. [SEP] i___________ [SEP] illustration
2451,es,-2.139398158,autoridad [SEP] Lamentablemente no tengo ninguna autoridad sobre mi hijo. [SEP] i________ [SEP] influence
2452,es,-1.037264045,música [SEP] Me encanta la música de la canción pero la letra es horrible. [SEP] m_____ [SEP] melody
2453,es,-2.215381525,estimar [SEP] A lo largo del año escolar llegamos a estimar mucho a nuestra profesora. [SEP] r______ [SEP] respect
2454,es,-0.617396137,real [SEP] Aun no esta claro el numero real de personas que votaron [SEP] a_____ [SEP] actual
2455,es,-2.647283974,claro [SEP] Luego de caminar por varios minutos llegamos a un claro en medio del bosque [SEP] c_______ [SEP] clearing
2456,es,-1.910159526,serpentear [SEP] El camino se ve serpentear a través de las montañas. [SEP] w___ [SEP] wind
2457,es,-0.087846173,profesión [SEP] El juez preguntó al testigo por su nombre y profesión. [SEP] o_________ [SEP] occupation
2458,es,1.238919722,altamente [SEP] El personal de esta empresa está altamente cualificado. [SEP] h_____ [SEP] highly
2459,es,0.079121026,fiable [SEP] Obtuvimos la información de una fuente fiable. [SEP] r_______ [SEP] reliable
2460,es,-0.652944047,malentendido [SEP] El malentendido surgió debido a diferencias culturales. [SEP] m_______________ [SEP] misunderstanding
2461,es,1.860934898,desconocido [SEP] Hay un monumento al soldado desconocido en la plaza del pueblo. [SEP] u______ [SEP] unknown
2462,es,-3.291031221,"asustar [SEP] Perdona, no quería asustarte. [SEP] s______ [SEP] startle"
2463,es,-0.554930486,tipo [SEP] Las naranjas son un tipo de fruta. [SEP] s___ [SEP] sort
2464,es,-0.873306697,columna [SEP] La columna aporta apoyo al cuerpo humano. [SEP] s____ [SEP] spine
2465,es,-1.882796695,vigilancia [SEP] No se debe dejar a los niños a que jueguen sin vigilancia. [SEP] s__________ [SEP] supervision
2466,es,0.563222214,de [SEP] La carpintería está llena de tablones de madera. [SEP] w_____ [SEP] wooden
2467,es,-1.531859657,agradable [SEP] Pasamos una tarde muy agradable con ellos y nos reímos mucho. [SEP] e________ [SEP] enjoyable
2468,es,1.209175255,agradablemente [SEP] Me sonrió agradablemente así que me presenté. [SEP] n_____ [SEP] nicely
2469,es,2.592162311,montaña [SEP] La vista desde la montaña era asombrosa. [SEP] m_______ [SEP] mountain
2470,es,-1.229403449,correo [SEP] Fátima es la que se ocupa del correo de la empresa. [SEP] c_____________ [SEP] correspondence
2471,es,2.2419574,algo [SEP] ¿Hay algo para comer? Tengo hambre. [SEP] a_______ [SEP] anything
2472,es,-3.117672028,atenerse [SEP] Todos los participantes deben atenerse a las reglas. [SEP] c_____ [SEP] comply
2473,es,-0.883521211,"brutos [SEP] Cobré tres mil euros brutos por el trabajo pero después de pagar impuestos, quedó en bastante menos. [SEP] g____ [SEP] gross"
2474,es,2.984310167,dramático [SEP] No seas tan dramático. [SEP] d_______ [SEP] dramatic
2475,es,-0.67096954,cónyuge [SEP] El rey es el cónyuge de la reina [SEP] s_____ [SEP] spouse
2476,es,-0.672236654,bondad [SEP] Sigo creyendo en la bondad de la gente. [SEP] g_______ [SEP] goodness
2477,es,-0.723794147,almacén [SEP] Hay mucho más material en el almacén. [SEP] w________ [SEP] warehouse
2478,es,-0.986154958,industria [SEP] La industria editorial ha crecido mucho durante los últimos años. [SEP] p_________ [SEP] publishing
2479,es,0.182321469,canal [SEP] El río artificial fue importantísimo en el Reino Unido para transportar a las mercancías de las fábricas a los puertos. [SEP] c____ [SEP] canal
2480,es,-1.947898549,comisario [SEP] El comisario informó al gobierno de sus conclusiones. [SEP] c___________ [SEP] commissioner
2481,es,0.90939888,correctivo [SEP] El profesor tuvo que tomar medidas correctivas con los estudiantes [SEP] c_________ [SEP] corrective
2482,es,0.23640339,etapa [SEP] Este producto está en la etapa del diseño. [SEP] s____ [SEP] stage
2483,es,-0.267825695,divertir [SEP] No sé qué hacer para divertir a estos niños. [SEP] e________ [SEP] entertain
2484,es,1.436667934,"pareja [SEP] Ven a la fiesta y por favor, trae a tu pareja. [SEP] p______ [SEP] partner"
2485,es,-1.907050625,operativo [SEP] El sistema operativo de mi computador esta desactualizado tengo que llevarlo al técnico [SEP] o__________ [SEP] operational
2486,es,-0.481298016,minorista [SEP] Muchos de los productos vendidos por este minorista local son importados [SEP] r_______ [SEP] retailer
2487,es,2.972416641,doble [SEP] Una habitación doble siempre sera mas cara en los hoteles [SEP] d_____ [SEP] double
2488,es,2.27262297,creer [SEP] No puedo creer lo que ha dicho y me parece muy extraño. [SEP] b______ [SEP] believe
2489,es,-0.112553592,mismo [SEP] Hay el mismo número de chicas que de chicos en la clase. [SEP] e____ [SEP] equal
2490,es,-1.374965714,crítico [SEP] El crítico escribió un artículo devastador sobre la obra de teatro. [SEP] r_______ [SEP] reviewer
2491,es,3.970318025,fácil [SEP] Esta receta es muy fácil y el plato sale buenísimo. [SEP] e___ [SEP] easy
2492,es,2.024844693,legislación [SEP] La nuneva legislación prohibe el uso de los teléfonos móviles en los coches. [SEP] l__________ [SEP] legislation
2493,es,3.058744097,por [SEP] El avión está volando por encima del mar. [SEP] o___ [SEP] over
2494,es,-0.997304134,autor [SEP] El autor de todos estos poemas y cuentos cortos sólo tiene quince años. [SEP] c______ [SEP] creator
2495,es,2.484055367,llevar [SEP] Le gusta llevar puesto un sombrero durante el verano. [SEP] w___ [SEP] wear
2496,es,-1.284771541,fantástico [SEP] El nuevo programa de televisión de María Ferreras es fantástico. [SEP] f_______ [SEP] fabulous
2497,es,-0.554089294,"aclarar [SEP] Nadie entiende lo que ha pasado, así que habrá que aclararlo al nuestros colegas cuanto antes. [SEP] e______ [SEP] explain"
2498,es,1.08790864,trozo [SEP] Me comí el último trozo de bizcocho. [SEP] p____ [SEP] piece
2499,es,-2.174883912,"característico [SEP] La bebida cubana, el mojito, tiene un sabor muy característico. [SEP] d__________ [SEP] distinctive"
2500,es,-0.407255387,"cariño [SEP] ¿Quieres tomar algo, cariño? [SEP] s_________ [SEP] sweetheart"
2501,es,0.986265962,polvorienta [SEP] Llevaba tanto tiempo cerrado que la mobiliaria estaba bastante polvorienta. [SEP] d____ [SEP] dusty
2502,es,2.26669017,movimiento [SEP] El movimiento hacia el punto de vista de los demás salvó el acuerdo. [SEP] m_______ [SEP] movement
2503,es,1.917015226,pulpo [SEP] Comimos un pulpo con patatas buenísimo ayer en Santiago de Compostela. [SEP] o______ [SEP] octopus
2504,es,0.199696318,ganga [SEP] He estado en las rebajas y me he traído esta ganga. [SEP] b______ [SEP] bargain
2505,es,1.45404681,tejado [SEP] Nuestro tejado necesita una reparación urgente. [SEP] r___ [SEP] roof
2506,es,-1.320074867,espiritismo [SEP] Fue a una sesión se espiritismo y no creyó nada de lo que le dijeron [SEP] s___________ [SEP] spiritualism
2507,es,2.81971084,cebolla [SEP] Me gusta mucho la sopa de cebolla francesa. [SEP] o____ [SEP] onion
2508,es,-0.021872706,simbólico [SEP] La paloma es un animal simbólico. [SEP] s_______ [SEP] symbolic
2509,es,-3.378775295,impuesto [SEP] El nuevo procedimiento no fue impuesto. [SEP] e_______ [SEP] enforced
2510,es,-1.000452576,urbe [SEP] Barcelona tiene todo lo que podrías pedir de una urbe moderna [SEP] m_________ [SEP] metropolis
2511,es,-1.661547197,ropa [SEP] Han abierta una nueva tienda de ropa de deportes en mi calle. [SEP] s_________ [SEP] sportswear
2512,es,3.109925615,cara [SEP] Es muy guapo.  Tiene una cara muy bonita. [SEP] f___ [SEP] face
2513,es,2.330709687,algodón [SEP] El algodón es una tela muy buena para el verano. [SEP] c_____ [SEP] cotton
2514,es,-0.679959437,superfluo [SEP] Ese gasto es completamente superfluo. [SEP] u__________ [SEP] unnecessary
2515,es,-1.737355495,remolque [SEP] Tengo un remolque enganchado a mi bicicleta. [SEP] t______ [SEP] trailer
2516,es,-1.625469691,visualización [SEP] Ese programa no es adecuado para visualización en familia. [SEP] v______ [SEP] viewing
2517,es,1.059402929,sueño [SEP] La falta de sueño puede causar fatiga. [SEP] s____ [SEP] sleep
2518,es,2.979069794,juego [SEP] El juego de cartas que más me gusta es el poquer. [SEP] g___ [SEP] game
2519,es,-0.467160024,buscar [SEP] La asociación quiere buscar a nuevos colaboradores. [SEP] s___ [SEP] seek
2520,es,3.439394132,venir [SEP] Hacemos una fiesta la semana que viene. ¿Vais a venir? [SEP] c___ [SEP] come
2521,es,-2.576395028,aromáticas [SEP] A mi madre le encantaban las sales aromáticas. [SEP] s_______ [SEP] smelling
2522,es,1.230031095,colonia [SEP] Varios países africanos fueron colonias francesas durante varios años [SEP] c_____ [SEP] colony
2523,es,-0.314964695,chillar [SEP] Se tapó la boca para no chillar. [SEP] s_____ [SEP] scream
2524,es,1.089275113,feria [SEP] Vamos a la feria a comprar pescado. [SEP] m_____ [SEP] market
2525,es,1.016160374,creciente [SEP] Un número creciente de personas mayores está volviendo a estudiar . [SEP] g______ [SEP] growing
2526,es,-0.186883778,enumerar [SEP] No te olvides de enumerar todos tus logros cuando vayas a la entrevista. [SEP] l___ [SEP] list
2527,es,3.100770844,aspirina [SEP] El dolor de cabeza generalmente se cura con una aspirina [SEP] a______ [SEP] aspirin
2528,es,-0.942668004,"jalea [SEP] Si te sientes cansado, la jalea real es muy buena para la salud. [SEP] j____ [SEP] jelly"
2529,es,1.697031251,sitio [SEP] El fotógrafo muestra todas sus fotos en su sitio web. [SEP] w______ [SEP] website
2530,es,0.048004465,realmente [SEP] La nueva novela tiene una trama realmente creativa. [SEP] t____ [SEP] truly
2531,es,-1.718862803,sinónimo [SEP] Guapa' es un sinónimo 'bonita'. [SEP] s______ [SEP] synonym
2532,es,0.83114544,puesta [SEP] La puesta de sol marca el comienzo de la noche. [SEP] s_____ [SEP] sunset
2533,es,1.46854264,fotocopia [SEP] Tengo que hacer una fotocopia hecho con rayos de luz de este documento. [SEP] p________ [SEP] photocopy
2534,es,-2.532021971,sazonado [SEP] Dicen que cuando la comida esta muy sazonada quiere decir que estás feliz [SEP] s_____ [SEP] salted
2535,es,-2.34352195,protegido [SEP] Al haber tenido la rubeola estaba protegido contra la misma. [SEP] i_____ [SEP] immune
2536,es,-0.456223906,comienzo [SEP] Los meteoritos nos pueden dar mucha información sobre el comienzo de la vida en la Tierra. [SEP] o_____ [SEP] origin
2537,es,-1.32244536,fama [SEP] Sus novelas han adquirido una fama tremenda durante los últimos años. [SEP] p_________ [SEP] popularity
2538,es,-1.496292632,inhibidor [SEP] He instalado un inhibidor de publicidad en mi ordenador. [SEP] b______ [SEP] blocker
2539,es,-0.891288555,a [SEP] Se ve una tendencia a mejorar durante los últimos meses. [SEP] i________ [SEP] improving
2540,es,-1.184292555,por [SEP] La compañía tiene quinientas tiendas por todo el país. [SEP] n_________ [SEP] nationwide
2541,es,1.391058888,entregar [SEP] Vamos a entregar el paquiete en su casa mañana por la mañana. [SEP] d______ [SEP] deliver
2542,es,0.267811198,tierno [SEP] El filete que cené estaba tierno y delicioso. [SEP] t_____ [SEP] tender
2543,es,-1.01726932,interrumpir [SEP] Tuvimos ue interrumpir el evento para que las personas tomaran un descanso [SEP] p____ [SEP] pause
2544,es,-2.670136185,rendición [SEP] El gobierno tiene que hacer una rendición de cuentas al terminar un periodo [SEP] a_____________ [SEP] accountability
2545,es,-2.33482099,gerenciar [SEP] El señor García va a gestionar la empresa. [SEP] a_________ [SEP] administer
2546,es,0.797875485,sin [SEP] Esta parte de Brasil es territorio sin explorar. [SEP] u_________ [SEP] unexplored
2547,es,3.737557387,golf [SEP] Han abierto un campo golf cerca de mi casa [SEP] g___ [SEP] golf
2548,es,0.499326838,condicionalmente [SEP] Haz sido acptado condicionalmente. Primero  tienes que aprobar el examen de acceso. [SEP] c____________ [SEP] conditionally
2549,es,3.468626393,correr [SEP] Me encanta salir a correr por la mañana. [SEP] r__ [SEP] run
2550,es,3.222391382,editar [SEP] Este artículo está bastante bien pero habrá que editar un poco el texto. [SEP] e___ [SEP] edit
2551,es,-1.716579075,ánimo [SEP] El ejercicio es bueno para el cuerpo y el ánimo. [SEP] s_____ [SEP] spirit
2552,es,-1.0136011,victoria [SEP] Viajar a la luna sigue siendo una victoria científica impresionante del siglo veinte. [SEP] t______ [SEP] triumph
2553,es,-1.980240091,entre [SEP] Se le puede ver entre la muchedumbre. [SEP] a___ [SEP] amid
2554,es,1.079443552,desear [SEP] Siempre hay que desear alcanzar cosas difíciles de conseguir. [SEP] w___ [SEP] wish
2555,es,-2.068134873,defensora [SEP] Soy defensora de los derechos de la mujer en todo el mundo. [SEP] a_______ [SEP] advocate
2556,es,-1.92303146,miembro [SEP] Soy miembro del equipo de dirección de un bufete de abogados. [SEP] a________ [SEP] associate
2557,es,1.910972074,"estómago [SEP] Me duele mucho el estómago, tengo que ir al médico. [SEP] s______ [SEP] stomach"
2558,es,-0.843194184,exprimir [SEP] Hay que exprimir la naranja para sacarle el zumo. [SEP] s______ [SEP] squeeze
2559,es,-0.389415742,tripa [SEP] Me duele la tripa porque he comido demasiado. [SEP] b____ [SEP] belly
2560,es,-0.950543225,girar [SEP] Hay que apartarse del helicóptero cuando empiecen a girar las hélices. [SEP] r_____ [SEP] rotate
2561,es,-0.764889662,enfriar [SEP] Primero hay que calentar el chocolate y después dejarlo enfriar un poco. [SEP] c___ [SEP] cool
2562,es,1.487953929,marchar [SEP] Los soldados tuvieron que marchar hasta el palacio en la inauguración de los juegos [SEP] m____ [SEP] march
2563,es,-1.160719984,almohadilla [SEP] Para jugar al hockey tendrás que poner una almohadilla en cada rodilla y en los codos también. [SEP] p__ [SEP] pad
2564,es,0.536308028,arquitecto [SEP] Un arquitecto debe entender de física para poder hacer un buen trabajo [SEP] a________ [SEP] architect
2565,es,-3.221775911,"desplomarse [SEP] Tras estos resultados electorales, el valor de la moneda va a desplomarse. [SEP] p_____ [SEP] plunge"
2566,es,-0.074760838,subestimar [SEP] No hay que subestimar su capacidad de trabajo. [SEP] u____________ [SEP] underestimate
2567,es,0.991304425,blanco [SEP] El niño se puso blanco cuando vio la araña. [SEP] p___ [SEP] pale
2568,es,0.705962516,duplicar [SEP] El año pasado la empresa ha llegado a duplicar sus ingresos por ventas [SEP] d_____ [SEP] double
2569,es,-0.942573721,novedoso [SEP] El novedoso título ha servido para atraer la atención de los lectores. [SEP] i_________ [SEP] innovative
2570,es,-0.201243876,"bromas [SEP] Déjate de bromas, te estoy hablando en serio. [SEP] k______ [SEP] kidding"
2571,es,-0.054892419,dureza [SEP] Este metal casi tiene la dureza de los diamantes. [SEP] h_______ [SEP] hardness
2572,es,0.622030991,negocio [SEP] Francisco tiene un negocio de coches usados. [SEP] b_______ [SEP] business
2573,es,-0.544558798,observador [SEP] Es una observador del mercado y trabaja para varias empresas. [SEP] w______ [SEP] watcher
2574,es,-1.556834123,fusionar [SEP] La compañía planea fusionar sus dos filiales. [SEP] m____ [SEP] merge
2575,es,3.194984139,llamar [SEP] No te olvides de llamar cuando llegues. [SEP] c___ [SEP] call
2576,es,0.367551251,gusano [SEP] Mi hija tiene un gusano de seda en un cajita en su habitación. [SEP] w___ [SEP] worm
2577,es,-0.639739757,obstaculizar [SEP] Parece que quieren obstaculizar nuestra participación en el concurso. [SEP] b____ [SEP] block
2578,es,0.214672918,durmiente [SEP] El durmiente no reaccionó con el estallido al parecer tiene un sueño pesado [SEP] s______ [SEP] sleeper
2579,es,2.506406459,gustar [SEP] La música no tiene que gustarle a uno para poder apreciarla. [SEP] l___ [SEP] like
2580,es,2.567659129,algo [SEP] ¿Hay algo para mi en el correo? [SEP] s________ [SEP] something
2581,es,0.925774358,desprotegida [SEP] A menudo la maquinaria estaba desprotegida y había muchos accidentes. [SEP] u__________ [SEP] unprotected
2582,es,0.023389211,campo [SEP] Perdió la vida en el campo de combate. [SEP] b__________ [SEP] battlefield
2583,es,1.976016401,sanar [SEP] Los médicos pasan su vida intentando sanar a los demás. [SEP] c___ [SEP] cure
2584,es,-0.046009945,reconciliación [SEP] Se logró la reconciliación entre los dos países tras un acuerdo. [SEP] r_____________ [SEP] reconciliation
2585,es,0.404800122,alumbrar [SEP] Tenemos que alumbrar el estadio para el partido. [SEP] i_________ [SEP] illuminate
2586,es,3.645521879,cantante [SEP] Julio es cantante de ópera pero no es nada famoso. [SEP] s_____ [SEP] singer
2587,es,-1.036431008,arrastrar [SEP] Tendrás que arrastrar el saco ya que pesa muchísimo. [SEP] d___ [SEP] drag
2588,es,0.54361816,fiebre [SEP] Tuve un ataque de gripe con una fiebre tremenda. [SEP] f____ [SEP] fever
2589,es,-2.964348216,efectiva [SEP] El nuevo empleado trabaja de forma muy efectiva. [SEP] e________ [SEP] efficient
2590,es,0.89550332,municipal [SEP] Escribo un artículo semanal en el periódico municipal. [SEP] l____ [SEP] local
2591,es,-2.734306913,despachar [SEP] La empresa a veces tiene que despachar mercancías de China hacia Europa. [SEP] s___ [SEP] ship
2592,es,-0.21446605,colaborar [SEP] Médicos en todo el mundo tienen que colaborarse para conseguir que el cáncer se cure. [SEP] c__________ [SEP] collaborate
2593,es,-0.275675621,innumerables [SEP] El uso de las energías tiene innumerables beneficios. [SEP] c________ [SEP] countless
2594,es,-0.307933899,tienda [SEP] Compré dos libros en la tienda grande que hay en el centro. [SEP] s____ [SEP] store
2595,es,-1.534662048,casi [SEP] Conozco a gente famosa casi todos los días. [SEP] p__________ [SEP] practically
2596,es,-1.097344621,falta [SEP] Aquí ha habido una falta de vigilancia. [SEP] a______ [SEP] absence
2597,es,-1.245194633,acoso [SEP] El acoso sexual no debe ser tolerado. [SEP] h_________ [SEP] harassment
2598,es,-2.482945146,adquisición [SEP] Hubo una intento de adquisición por una empresa grande el año pasado. [SEP] t_______ [SEP] takeover
2599,es,-3.60061355,angustia [SEP] Sufrieron la angustia de la ruptura del matrimonio de su hija. [SEP] h_________ [SEP] heartbreak
2600,es,2.193036335,correo [SEP] El correo llega tarde hoy como siempre. [SEP] p___ [SEP] post
2601,es,-1.009214551,discusión [SEP] La discusión ideológica se extendió a todos los sectores de la sociedad. [SEP] d_____ [SEP] debate
2602,es,-0.948363582,vergonzosa [SEP] Qué situación más vergonzosa cuando me caí delante de todo el mundo. [SEP] e___________ [SEP] embarrassing
2603,es,1.104424226,"tonto [SEP] No seas tonto, ya sabes que te quiero. [SEP] s____ [SEP] silly"
2604,es,1.825359967,galleta [SEP] A mis hijos les gusta comerse una galleta de chocolate en el recreo. [SEP] c_____ [SEP] cookie
2605,es,1.101537111,personal [SEP] El personal de esta empresa está altamente cualificado. [SEP] s____ [SEP] staff
2606,es,0.404382926,guardada [SEP] Una copia guardada de tu trabajo te puede ahorrar muchos disgustos si pierdes el original. [SEP] s____ [SEP] saved
2607,es,-0.947886497,cría [SEP] Se ha dedicado toda la vida a la cría de perros de caza. [SEP] b_______ [SEP] breeding
2608,es,3.798806743,cansado [SEP] No he dormido bien y me siento cansado hoy. [SEP] t____ [SEP] tired
2609,es,-0.030876121,miseria [SEP] Había mucha miseria en España después de la guerra civil. [SEP] p______ [SEP] poverty
2610,es,-0.992628264,ingenio [SEP] Contar un buen chiste requiere de ingenio. [SEP] w__ [SEP] wit
2611,es,-0.992698172,sicópata [SEP] El asesino era un sicópata que estaba obsesionado con las mujeres rubias [SEP] p_____ [SEP] psycho
2612,es,-0.438365197,oportunidad [SEP] La compañía ofrece un contrato de un año con la oportunidad de renovación. [SEP] p__________ [SEP] possibility
2613,es,1.45325749,inodoro [SEP] ¿Has tirado de la cadena del inodoro? [SEP] t_____ [SEP] toilet
2614,es,1.328633563,sobre [SEP] Dobló la carta y la metió en el sobre. [SEP] e_______ [SEP] envelope
2615,es,0.158864765,bárbaro [SEP] Un bárbaro era una persona de fuera de la sociedad tradicional de la Grecia antigüa. [SEP] b________ [SEP] barbarian
2616,es,-2.990607292,similar [SEP] Los dos están en una situación bastante similar. [SEP] c_________ [SEP] comparable
2617,es,-0.396773166,huracán [SEP] Hubo un huracán tremendo en el sur de Estados Unidos ayer. [SEP] t______ [SEP] tornado
2618,es,-0.766959378,respuesta [SEP] Estamos esperando la respuesta a la invitación. [SEP] r____ [SEP] reply
2619,es,-1.36403281,movilidad [SEP] La movilidad de calidad contribuye mucho a la salud general de la población mayor. [SEP] m_______ [SEP] mobility
2620,es,-0.693848838,cronológico [SEP] El libro muestra la historia del hombre de manera cronológica [SEP] c____________ [SEP] chronological
2621,es,0.451152046,mezcla [SEP] Deja reposar la mezcla en el frigorífico durante tres horas. [SEP] m______ [SEP] mixture
2622,es,0.334808494,gama [SEP] El hotel ofrece una amplia gama de actividades para niños. [SEP] r____ [SEP] range
2623,es,-4.130336533,errante [SEP] La historia se trata de un vendedor errante que se enamora de una princesa. [SEP] d_______ [SEP] drifting
2624,es,-1.631768056,traslado [SEP] La política de traslado significa que los trenes nunca llegan a su hora. [SEP] t_____________ [SEP] transportation
2625,es,0.851995812,bala [SEP] Se quedó una bala clavada en la pared. [SEP] b_____ [SEP] bullet
2626,es,-1.890930436,adecuado [SEP] Ese modo de hablar no es el más adecuado para la situación. [SEP] a__________ [SEP] appropriate
2627,es,-2.285213476,respetuoso [SEP] Toño es muy respetuoso con la gente mayor de su familia. [SEP] c__________ [SEP] considerate
2628,es,1.025990414,repentino [SEP] Le dio un infarto repentino y falleció. [SEP] s_____ [SEP] sudden
2629,es,0.067204952,bombero [SEP] Vino un bombero al colegio hoy para explicar a los niños qué hacer en caso de incendio. [SEP] f__________ [SEP] firefighter
2630,es,-0.471439489,engañosa [SEP] Proporcionó información engañosa a la compañía de seguros. [SEP] f____ [SEP] FALSE
2631,es,-2.552824996,"conocedor [SEP] Si trabajas con niños, hay que ser conocedor de su situación familiar y tenerla en cuenta siempre. [SEP] c________ [SEP] conscious"
2632,es,0.361975723,"por [SEP] Por desgracia, he perdido la apuesta. [SEP] u____________ [SEP] unfortunately"
2633,es,-1.219600578,"período [SEP] Un período escolar en Estados Unidos, de los dos que hay, suele ser de dieciocho semanas. [SEP] s_______ [SEP] semester"
2634,es,-0.990071534,espléndida [SEP] Es una persona muy espléndida y nos invitó a pasar unas vacaciones en su casa el año pasado. [SEP] g_______ [SEP] generous
2635,es,2.367156383,queso [SEP] Hay muchos tipos de queso en esta zona. [SEP] c_____ [SEP] cheese
2636,es,-1.627854959,presupuesto [SEP] Me dió un presupuesto de lo que me podría costar la renovación de la casa. [SEP] e_______ [SEP] estimate
2637,es,-1.57158962,"destacada [SEP] Su característica más destacada son sus ojos, que son preciosos. [SEP] n______ [SEP] notable"
2638,es,-2.186784077,compañía [SEP] Encargamos la mudanza a una compañía transportista. [SEP] c______ [SEP] carrier
2639,es,2.668441288,corbata [SEP] Me regaló una corbata por mi cumpleaños. [SEP] t__ [SEP] tie
2640,es,-3.090627149,solución [SEP] No hay una solución sencilla al problema del paro. [SEP] r_____ [SEP] remedy
2641,es,-3.575477894,porción [SEP] No puedo comer mucho dulce así que me echas sólo una porción de postre. [SEP] h______ [SEP] helping
2642,es,-0.123500628,de [SEP] Este bolso se cierra de forma magnética. [SEP] m___________ [SEP] magnetically
2643,es,-0.296326149,empuje [SEP] Sitió el empuje de cantar en voz alta de pura alegría. [SEP] i______ [SEP] impulse
2644,es,-2.401231761,poco [SEP] Este alumno está bastante poco animado.  Creo que debe cambiar de curso. [SEP] u__________ [SEP] unmotivated
2645,es,-0.228320383,inmediato [SEP] Estamos en contacto inmediato con los secuestradores. [SEP] d_____ [SEP] direct
2646,es,-2.775301865,señal [SEP] Estas ondas atmosféricas son una señal clara de cambios meteorológicos. [SEP] i________ [SEP] indicator
2647,es,-1.628982549,reventarse [SEP] Yo creo que el neumático ha debido de reventarse. [SEP] b____ [SEP] burst
2648,es,-1.540671218,"artista [SEP] Es artista y sabe cantar, bailar y hacer trucos de magia. Trabaja en teatros. [SEP] e__________ [SEP] entertainer"
2649,es,0.82398596,muñeco [SEP] Hicimos un muñeco de nieve en jardín con los niños. [SEP] s______ [SEP] snowman
2650,es,0.55733494,genética [SEP] A Ismael siempre le ha interesadola genética [SEP] g_______ [SEP] genetics
2651,es,-2.865004145,norma [SEP] Es una persona bastante tradicional a la que la norma aceptada por la sociedad es importantísima. [SEP] c_________ [SEP] convention
2652,es,2.698245799,"señor [SEP] Buenos días señor, ¿le puedo ayudar en algo? [SEP] s__ [SEP] sir"
2653,es,0.812769884,levantar [SEP] Pesa tanto la maleta que no la puedo levantar. [SEP] l___ [SEP] lift
2654,es,-0.447874356,polvo [SEP] La nieve era tan seca que parecía polvo. [SEP] p_____ [SEP] powder
2655,es,-1.594553039,discutible [SEP] Lo que el periodista dijo es algo discutible ante la sociedad [SEP] c____________ [SEP] controversial
2656,es,2.415242313,toro [SEP] Ese toro debe pesar mil kilos. [SEP] b___ [SEP] bull
2657,es,3.351610007,"agua [SEP] Dame un vaso de agua por favor, tengo mucha sed. [SEP] w____ [SEP] water"
2658,es,-0.468326161,al [SEP] Me cayó mal al principio pero luego después nos hicimos amigos. [SEP] i________ [SEP] initially
2659,es,3.16713606,regalo [SEP] Me hizo un regalo maravilloso por mi cumpleaños. [SEP] p______ [SEP] present
2660,es,1.362026625,párrafo [SEP] El primer párrafo del artículo introduce el tema de forma clara y rigurosa. [SEP] p________ [SEP] paragraph
2661,es,1.425154749,precisamente [SEP] Eso es precisamente lo que quería decir. [SEP] e______ [SEP] exactly
2662,es,-2.341416582,concursar [SEP] Me estoy preparando para concursar en un certamen de pintura local. [SEP] c______ [SEP] compete
2663,es,0.852649263,"identico [SEP] El es identico a su hermana, creí que eran gemelos. [SEP] i________ [SEP] identical"
2664,es,-1.897144253,fundamentalmente [SEP] Estás fundamentalmente equivocado si piensas que esto es fácil. [SEP] e__________ [SEP] essentially
2665,es,3.377919323,buena [SEP] Mi hermana es muy buena persona pero de vez en cuando es algo obstinada. [SEP] g___ [SEP] good
2666,es,0.094739325,aficionado [SEP] Es muy buen pianista aficionado. [SEP] a______ [SEP] amateur
2667,es,1.542052172,alguien [SEP] Necesito que alguien me ayude con esto. [SEP] s_______ [SEP] somebody
2668,es,-0.150462294,irresponsable [SEP] No se puede ser tan irresponsable teniendo una hija que cuidar. [SEP] i____________ [SEP] irresponsible
2669,es,3.646950369,presidente [SEP] El presidente de los Estados Unidos va a visitar nuestro país el mes que viene. [SEP] p________ [SEP] president
2670,es,0.313305616,impresión [SEP] ¿Quién va a pagar la impresión de las tarjetas? [SEP] p_______ [SEP] printing
2671,es,-0.03700876,letra [SEP] Jesús tiene una letra muy bonita así que sabía que la carta era de él. [SEP] h__________ [SEP] handwriting
2672,es,1.683276475,niebla [SEP] Había tanta niebla que no hubo vuelos en todo el día. [SEP] f__ [SEP] fog
2673,es,-4.124228587,alcanzable [SEP] La meta de este mes es alcanzable [SEP] a_________ [SEP] accessible
2674,es,0.538205312,ensangrentada [SEP] La venda estaba ensangrentada así que se la cambiaron. [SEP] b_____ [SEP] bloody
2675,es,0.252810689,dinerario [SEP] Es un artículo de muy poco valor dinerario. [SEP] m_______ [SEP] monetary
2676,es,0.922736094,plasma [SEP] Reflejos rojos en la pantalla de plasma hicieron que Marcos se girara. [SEP] p_____ [SEP] plasma
2677,es,-2.610870911,complicación [SEP] El problema tiene mucha complicación y es difícil de resolver. [SEP] c_________ [SEP] complexity
2678,es,-0.588099087,responder [SEP] No me ha dado tiempo responder a mi abogado todavía. [SEP] r____ [SEP] reply
2679,es,-0.612606512,distribuidor [SEP] Es un distribuidor de joyas muy conocido. [SEP] d_____ [SEP] dealer
2680,es,1.030469805,actual [SEP] La propuesta actual es mejor que la anterior. [SEP] c______ [SEP] current
2681,es,2.173117087,pila [SEP] Mi reloj necesita una pila nueva. [SEP] b______ [SEP] battery
2682,es,0.674864786,no [SEP] Según un rumor no confirmado el presidente va a dimitir. [SEP] u__________ [SEP] unconfirmed
2683,es,-1.922248512,resurgimiento [SEP] Hubo un breve resurgimiento de la música de los años ochenta. [SEP] r______ [SEP] revival
2684,es,-2.389867748,señal [SEP] Puso una señal exactamente dónde había caído el balón. [SEP] m_____ [SEP] marker
2685,es,0.413871731,"amigo [SEP] Manuel está ahí, hablando con su viejo amigo Nacho. [SEP] m___ [SEP] mate"
2686,es,2.131431526,naturalista [SEP] Félix Rodríguez de la Fuente fue un científico naturalista español muy bueno. [SEP] n_________ [SEP] naturalist
2687,es,-3.382909038,ola [SEP] La ola de gente salió de la estación minutos después de que el tren se estrellara [SEP] s____ [SEP] surge
2688,es,2.094693009,pesca [SEP] La pesca es uno de los deportes más populares de la zona. [SEP] f______ [SEP] fishing
2689,es,2.739205121,terrorista [SEP] El autor terrorista a había puesto la bomba en los bajos del coche. [SEP] t________ [SEP] terrorist
2690,es,-0.903230926,cómodamente [SEP] Lo pagaremos cómodamente a plazos. [SEP] c__________ [SEP] comfortably
2691,es,3.947915044,estrella [SEP] Sirius es la estrella más brillante del cielo. [SEP] s___ [SEP] star
2692,es,1.585140522,despacho [SEP] El despacho del director está al final del pasillo. [SEP] o_____ [SEP] office
2693,es,1.42431199,sorprendido [SEP] Estoy muy sorprendido por su reacción. [SEP] s________ [SEP] surprised
2694,es,2.099181437,tiburón [SEP] Le atacó un tiburón según iba nadando. [SEP] s____ [SEP] shark
2695,es,-0.866843673,forastero [SEP] En aquel lugar sintió que siempre sería un forastero. [SEP] o_______ [SEP] outsider
2696,es,2.679255476,largo [SEP] ¿Has estado esperando durante largo tiempo? [SEP] l___ [SEP] long
2697,es,0.538912702,altar [SEP] El altar de la iglesia estaba decorado de oro macizo [SEP] a____ [SEP] altar
2698,es,-0.104466975,extraoficialmente [SEP] Llevaba tiempo haciendo el trabajo extraoficialmente. [SEP] u___________ [SEP] unofficially
2699,es,2.93157315,calculadora [SEP] No se puede usar la calculadora en el examen de matemáticas [SEP] c_________ [SEP] calculator
2700,es,1.450774104,aterrizaje [SEP] El aterrizaje en el aeropuerto de Bilbao fue aterrador. [SEP] l______ [SEP] landing
2701,es,-0.10736225,calificar [SEP] Los votantes vuelven a calificar la educación de sus hijos como primera prioridad. [SEP] r___ [SEP] rate
2702,es,-0.723558715,sobrecargado [SEP] Es enfermero desde hace años y ahora se siente bastante sobrecargado de trabajo. [SEP] o_________ [SEP] overworked
2703,es,-0.341993691,libro [SEP] Le voy a regalar un libro de cuentos por su santo. [SEP] s________ [SEP] storybook
2704,es,-1.699454451,girar [SEP] Hay que girar la tapa para abrir el frasco. [SEP] t____ [SEP] twist
2705,es,-1.20336936,sesgo [SEP] Ese periódico siempre demuestra un sesgo izquierdista. [SEP] b___ [SEP] bias
2706,es,-1.030527959,aplicación [SEP] La aplicación de la nueva política fue muy rápida. [SEP] i_____________ [SEP] implementation
2707,es,-1.935711669,construcción [SEP] La construcción de muchos edificios modernos emplea el acero y el vidrio. [SEP] s________ [SEP] structure
2708,es,-1.729480355,media [SEP] Calculé la media del conjunto de valores. [SEP] m___ [SEP] mean
2709,es,1.947726224,conceptual [SEP] El aspecto conceptual del diseño es importante a la hora de crear algo nuevo [SEP] c_________ [SEP] conceptual
2710,es,-2.012835006,garantía [SEP] Recibimos la garantía de la empresa de que nos devolverán el dinero. [SEP] a________ [SEP] assurance
2711,es,-1.932612877,madera [SEP] Las vigas del techo son de madera. [SEP] t_____ [SEP] timber
2712,es,-2.919600396,"vibrar [SEP] Cada vez que pasaba un autobús, las ventanas del salón empezaban a vibrar. [SEP] r_____ [SEP] rattle"
2713,es,-3.317148704,montículo [SEP] El castillo estaba encima de un montículo. [SEP] m____ [SEP] mound
2714,es,0.316894314,pagado [SEP] Tengo un contrato pagado de antemano para mi teléfono móvil. [SEP] p______ [SEP] prepaid
2715,es,2.708934663,oscuridad [SEP] A Juan le da miedo la oscuridad así que le dejo la luz encendida. [SEP] d___ [SEP] dark
2716,es,2.373295281,molecular [SEP] La composición molecular del agua es dos de hidrógeno y uno de oxígeno [SEP] m________ [SEP] molecular
2717,es,2.160344348,en [SEP] El tesoro está escondido en algún lugar. [SEP] s________ [SEP] somewhere
2718,es,1.079909939,ballena [SEP] Vimos una ballena durante nuestro viaje a Finlandia. [SEP] w____ [SEP] whale
2719,es,2.160928733,de [SEP] Mi vecino es de algún país de África pero no sé cuál. [SEP] a______ [SEP] african
2720,es,0.430328984,prohibición [SEP] Ya han levantado la prohibición del uso del agua para los jardines. [SEP] b__ [SEP] ban
2721,es,-1.175309626,estimar [SEP] Es importante estimar las cualidades de nuestros amigos. [SEP] a_________ [SEP] appreciate
2722,es,1.7751864,"incluso [SEP] Todos estarán ahí, incluso Juan, que no va nunca. [SEP] e___ [SEP] even"
2723,es,0.375406937,gramaticalmente [SEP] Las frases deben ser analizadas gramaticalmente con la ayuda de la sintáxis [SEP] g____________ [SEP] grammatically
2724,es,3.236422239,antibiótico [SEP] La penicilina es el antibiótico mas usado en la medicina [SEP] a_________ [SEP] antibiotic
2725,es,0.479400359,compañero [SEP] Miguel es compañero de clase mío y es muy listo. [SEP] c________ [SEP] classmate
2726,es,4.761405229,zoológico [SEP] A los niños les suele gustar ir al zoológico [SEP] z__ [SEP] zoo
2727,es,0.124437804,sanitario [SEP] El sistema sanitario en este país es buenísimo. [SEP] m______ [SEP] medical
2728,es,-2.31494949,sin [SEP] Ha sido un éxito sin precedente y estamos muy contentos. [SEP] u____________ [SEP] unprecedented
2729,es,1.981417035,niño [SEP] El niño estaba un poco asustado su primer día en la escuela pero se le pasó rápido. [SEP] c____ [SEP] child
2730,es,1.980942663,sentimiento [SEP] Hablamos del sentimiento de tristeza que da cuando un amigo se va. [SEP] f______ [SEP] feeling
2731,es,-0.693369319,ahogarse [SEP] Ten cuidado con la corriente.  Es muy facil ahogarse aquí. [SEP] d____ [SEP] drown
2732,es,-0.641446916,atravesar [SEP] Los rayos del sol pueden atravesar la piel. [SEP] p________ [SEP] penetrate
2733,es,-1.973781034,combinado [SEP] Habían preparado un combinado delicioso con brandy y otras cosas. [SEP] c_______ [SEP] cocktail
2734,es,2.658758965,astronomía [SEP] La astronomía es el estudio de los astros y su moviemiento [SEP] a________ [SEP] astronomy
2735,es,0.681736767,guitarista [SEP] Él es un músico que toca un instrumento de seis cuerdas y le gusta el rock. [SEP] g________ [SEP] guitarist
2736,es,2.314983273,paz [SEP] Todos deseamos que haya paz ya que han firmado el acuerdo. [SEP] p____ [SEP] peace
2737,es,-0.645023719,gotera [SEP] Había una gotera en el techo que reparó la empleada del ayuntamiento. [SEP] l___ [SEP] leak
2738,es,-1.951899637,plazo [SEP] Ayer aboné el primer plazo del préstamo. [SEP] p______ [SEP] payment
2739,es,-0.4078328,funcionar [SEP] El equipo del aire acondicionado debería funcionar de forma automática. [SEP] o______ [SEP] operate
2740,es,-0.594863014,adecuada [SEP] La pintura es adecuada para la madera y el metal. [SEP] s_______ [SEP] suitable
2741,es,-0.18392216,elegir [SEP] El público va a elegir a los ganadores. [SEP] s_____ [SEP] select
2742,es,-1.763363008,excepcionalmente [SEP] El gasto de este mes es excepcionalmente alto. [SEP] u________ [SEP] unusually
2743,es,1.181092862,socio [SEP] Es socio de un club deportivo muy exclusivo. [SEP] m_____ [SEP] member
2744,es,-1.756120036,próximo [SEP] Necesitaremos más personal para el próximo evento. [SEP] u_______ [SEP] upcoming
2745,es,-0.177731044,deportista [SEP] Juan Gómez es un deportista maravilloso. [SEP] s________ [SEP] sportsman
2746,es,1.167512542,derretir [SEP] Esparcí sal para derretir la nieve. [SEP] m___ [SEP] melt
2747,es,-1.636976891,gasto [SEP] Hemos aumentado el gasto este año.  Habrá que tener cuidado. [SEP] e__________ [SEP] expenditure
2748,es,-1.258297808,enmienda [SEP] La persona que cometió el error deber ser la que se encargue de la enmienda [SEP] c_________ [SEP] correction
2749,es,-3.031189491,avecinarse [SEP] Pronto empezaron a avecinarse unas nubes negras enormes sobre el horizonte. [SEP] l___ [SEP] loom
2750,es,-1.819011157,porte [SEP] Las bailarinas se suelen caracterizar por su elegancia y porte. [SEP] p______ [SEP] posture
2751,es,-1.435975858,positiva [SEP] La respuesta ha sido muy positiva. [SEP] a__________ [SEP] affirmative
2752,es,0.287347098,leyenda [SEP] La leyenda de la patasola es muy popular en los países de la región andina [SEP] l_____ [SEP] legend
2753,es,3.3551536,ensalada [SEP] La ensalada de pasta generalmente se sirve fría [SEP] s____ [SEP] salad
2754,es,0.482305914,puro [SEP] Alejandro se fumó un puro después de la cena. [SEP] c____ [SEP] cigar
2755,es,-2.251991163,presunta [SEP] Negó su presunta relación con el escándalo. [SEP] a______ [SEP] alleged
2756,es,-4.216688661,de [SEP] Su amigo de toda la vida hizo de padrino en su boda. [SEP] l_______ [SEP] longtime
2757,es,2.501002854,ecología [SEP] La ecología debería ser una materia obligatoria en las escuelas del país [SEP] e______ [SEP] ecology
2758,es,2.557857647,laboratorio [SEP] El laboratorio está dispuesto unicamente para los investigadores y practicantes de bioquímica [SEP] l_________ [SEP] laboratory
2759,es,-0.575684955,sin [SEP] Trabaja para una organización sin ánimo de lucro. [SEP] n________ [SEP] nonprofit
2760,es,-0.87903246,disposición [SEP] Un equipo debe demostrar disposición para cooperar. [SEP] w__________ [SEP] willingness
2761,es,-1.786978945,suprimir [SEP] Dice el gobierno que no tuvo más remedio que suprimir la rebelión de forma enérgica. [SEP] s_______ [SEP] suppress
2762,es,-3.14230876,rehabilitación [SEP] El palacio está cerrado para su rehabilitación. [SEP] r__________ [SEP] restoration
2763,es,-0.299624531,"limitado [SEP] Por razones de seguridad, el acceso a esta área está limitado. [SEP] r_________ [SEP] restricted"
2764,es,1.052924434,remedio [SEP] Por fín hemos encontrado un remedio para este problema. [SEP] s_______ [SEP] solution
2765,es,-2.365208473,corresponsal [SEP] Trabaja como corresponsal para el periódico en Moscú. [SEP] c____________ [SEP] correspondent
2766,es,0.177526691,enterado [SEP] Me doy por enterado de la situación del comité. [SEP] i_______ [SEP] informed
2767,es,-1.533082525,ansioso [SEP] Estoy ansioso de saber los resultados de mi examen. [SEP] e____ [SEP] eager
2768,es,2.828126879,acción [SEP] Una acción amable se recuerda siempre. [SEP] a__ [SEP] act
2769,es,-0.345687787,principio [SEP] Es un hombre de principio moral absolutamente intachable y le creo sin ninguna duda. [SEP] e____ [SEP] ethic
2770,es,-1.641097877,raro [SEP] Este cementerio es un poco raro [SEP] f____ [SEP] freak
2771,es,0.147049793,sin [SEP] La enfermedad estuvo sin tratar durante muchos años. [SEP] u________ [SEP] untreated
2772,es,-1.034212255,mano [SEP] La mitad de la mano de obra de esta empresa son mujeres. [SEP] w________ [SEP] workforce
2773,es,2.690079909,banco [SEP] El banco tiene varias cajas de seguridad donde se deposita el dinero [SEP] b___ [SEP] bank
2774,es,-0.884241536,abatimiento [SEP] Sufre un abatimiento tremendo desde que perdió su trabajo el mes pasado. [SEP] d_________ [SEP] depression
2775,es,-1.264057227,magnetismo [SEP] El presidente tiene un gran magnetismo.  Por eso la gente le quiere tanto. [SEP] c_______ [SEP] charisma
2776,es,3.860194901,comer [SEP] Hay que comer fruta y verduras para seguir una dieta sana. [SEP] e__ [SEP] eat
2777,es,-0.878215281,"convencer [SEP] No te molestes, no me vas a convencer de lo contrario. [SEP] p_______ [SEP] persuade"
2778,es,0.998308266,elegido [SEP] El libro de texto elegido para este curso es 'Hello English.' [SEP] c_____ [SEP] chosen
2779,es,-0.79207654,premio [SEP] ¡Me ha tocado el premio mayor de la lotería nacional! [SEP] j______ [SEP] jackpot
2780,es,-1.538124793,constatar [SEP] El testigo no tardó mucho en constatar la declaración del acusado. [SEP] c______ [SEP] confirm
2781,es,0.609697418,brecha [SEP] Hay una brecha grande entre tus expectativas y la realidad. [SEP] g__ [SEP] gap
2782,es,-1.987450441,invernadero [SEP] Tengo muchas plantas muy bonitas en el invernadero. [SEP] c___________ [SEP] conservatory
2783,es,0.522564822,ambiente [SEP] Crear un buen ambiente de trabajo es muy importante. [SEP] e__________ [SEP] environment
2784,es,0.516893251,envolver [SEP] Voy a envolver el regalo para el cumpleaños de Juan mañana. [SEP] w___ [SEP] wrap
2785,es,-2.104157429,corporal [SEP] La escuela de baile enseña expresión musical y corporal. [SEP] p_______ [SEP] physical
2786,es,1.179376738,artículo [SEP] Ya he marcado el último artículo en mi lista de regalos. ¡He terminado! [SEP] i___ [SEP] item
2787,es,0.484946798,rogar [SEP] Le tuvo que rogar que le ayudara. [SEP] b__ [SEP] beg
2788,es,-1.114094532,inspirador [SEP] El ex-Presidente Obama es un líder inspirador que sirve de modelo a mucha gente joven. [SEP] i____________ [SEP] inspirational
2789,es,-1.497882508,comparativa [SEP] Hubo una calma comparativa después de la violencia de la noche anterior. [SEP] r_______ [SEP] relative
2790,es,-1.153469003,"sinceramente [SEP] Sinceramente, me parece una idea ridícula. [SEP] f______ [SEP] frankly"
2791,es,1.650971201,afectado [SEP] El colegio del pueblo fue el más afectado con la avalancha [SEP] a_______ [SEP] affected
2792,es,1.315617484,pavo [SEP] Mi tía tiene un pavo en la granja del pueblo. [SEP] t_____ [SEP] turkey
2793,es,-2.213314763,"cerrar [SEP] No hay que cerrar de golpe la puerta, la vas a romper. [SEP] s___ [SEP] slam"
2794,es,-2.366677585,ventosa [SEP] La jabonera esta pegada al espejo con dos ventosas [SEP] s_____ [SEP] sucker
2795,es,-3.740749217,grano [SEP] Buscaron el oro en el río durante muchos años pero no encontraron ni un grano. [SEP] p_______ [SEP] particle
2796,es,0.474133061,comunicar [SEP] No dejes de comunicar cualquier cambio en tus datos personales a la oficina. [SEP] i_____ [SEP] inform
2797,es,1.796281058,peso [SEP] Ha perdido mucho peso y está muy guapa. [SEP] w_____ [SEP] weight
2798,es,-1.140468344,"poco [SEP] Aquí se pueden bañar los niños, el agua está poco profunda. [SEP] s______ [SEP] shallow"
2799,es,2.405552198,instrumental [SEP] El concierto se hará con la versión instrumental de todas nuestras canciones. [SEP] i___________ [SEP] instrumental
2800,es,-1.447320019,interior [SEP] Tienen una piscina interior en su casa. [SEP] i_____ [SEP] indoor
2801,es,-2.017743165,parto [SEP] La madre del compositor murió durante el parto de su hijo. [SEP] c_________ [SEP] childbirth
2802,es,-0.404070958,final [SEP] Estudio literatura y mi objetivo final es ser un escritor famoso. [SEP] u_______ [SEP] ultimate
2803,es,-1.145027572,camposanto [SEP] Pusimos flores en la tumba de mis abuelos en el camposanto de su pueblo. [SEP] c_______ [SEP] cemetery
2804,es,-1.787626953,"puerta [SEP] Se quedó de pie en la puerta un momento, antes de entrar. [SEP] d______ [SEP] doorway"
2805,es,1.192706642,campestre [SEP] La vida campestre es sin duda tranquila pero puede ser abaurrida. [SEP] r____ [SEP] rural
2806,es,0.613876803,significativo [SEP] La comunicación tiene un papel altamente significativo en los deportes de equipo. [SEP] i________ [SEP] important
2807,es,-0.063507743,adjunto [SEP] ¿Puedes abrir el documento adjunto que te envié? [SEP] a_______ [SEP] attached
2808,es,0.265296704,"referencia [SEP] Hizo una referencia a su profesor, que ha sido muy importante para él. [SEP] m______ [SEP] mention"
2809,es,-2.812561155,tácito [SEP] Tenían un entendimiento tácito de lo que harían si la situación empeorase. [SEP] u_______ [SEP] unspoken
2810,es,1.669301955,mentira [SEP] Lo que dices es mentira. [SEP] l__ [SEP] lie
2811,es,-0.980279877,progresista [SEP] Ella era una persona progresista abierta a las opinines de los demás. [SEP] l______ [SEP] liberal
2812,es,-1.046911696,amparo [SEP] La orden de caballería estaba al amparo de la reina. [SEP] p_________ [SEP] protection
2813,es,0.604336516,ampliamente [SEP] Los precios de las viviendas varían ampliamente de ciudad a ciudad. [SEP] w_____ [SEP] widely
2814,es,2.3928989,Ley [SEP] La ciudadanía está obligada de cumplir la ley del país en el que se encuentren [SEP] l__ [SEP] law
2815,es,-1.070549382,reducido [SEP] Hay un número reducido de asientos disponibles. [SEP] l______ [SEP] limited
2816,es,1.471567377,fracción [SEP] Eso es una pequeña fracción de lo que ocurre en realidad. [SEP] f_______ [SEP] fraction
2817,es,0.260382498,realmente [SEP] Quiero saber quién realmente rellenó el documento. [SEP] a_______ [SEP] actually
2818,es,-2.806475917,aclamar [SEP] Oímos a los niños aclamar a sus héroes al salir su equipo al campo. [SEP] c____ [SEP] cheer
2819,es,2.585960013,teléfono [SEP] Tengo un nuevo teléfono inteligente y me encanta. [SEP] s_________ [SEP] smartphone
2820,es,2.797730821,tarde [SEP] Nos veremos a las cinco de la tarde [SEP] p_ [SEP] pm
2821,es,0.605911081,rama [SEP] La arqueología es una rama de la historia. [SEP] b_____ [SEP] branch
2822,es,0.233918839,aire [SEP] El planeta Tierra está rodeado de aire que nos permite respirar y vivir. [SEP] a_________ [SEP] atmosphere
2823,es,1.026819846,vuelta [SEP] Hay que dar una vuelta a la llave para cerrar la puerta. [SEP] t___ [SEP] turn
2824,es,1.834079571,"delfín [SEP] Cuando íbamos en el barco, vimos un delfín saltar fuera del agua. [SEP] d______ [SEP] dolphin"
2825,es,-0.781557813,fuerza [SEP] La enfermera ejerció fuerza sobre la herida para parar el sangrado. [SEP] p_______ [SEP] pressure
2826,es,-0.174979199,"por [SEP] El niño estudió y, por lo tanto, aprobó el examen. [SEP] t________ [SEP] therefore"
2827,es,-1.110637271,muslo [SEP] El muslo está entre la cadera y la rodilla. [SEP] t____ [SEP] thigh
2828,es,2.526562162,brownie [SEP] El brownie es un postre que generalmente se acompaña con helado [SEP] b______ [SEP] brownie
2829,es,-2.260061751,representado [SEP] Su hijo está representado en varios de sus cuadros. [SEP] p_______ [SEP] pictured
2830,es,-0.196091876,pegar [SEP] De pequeña me gustaba pegar recortes y fotos en un cuaderno. [SEP] p____ [SEP] paste
2831,es,-3.002475598,servicio [SEP] ¿Dónde está el servicio por favor? [SEP] w_______ [SEP] washroom
2832,es,-1.037280538,sublime [SEP] Algunos creen que la Biblia es la expresión sublime de la palabra de Dios. [SEP] d_____ [SEP] divine
2833,es,-0.328003426,determinar [SEP] Hay que determinar cuál de los dos cursos vas a hacer. [SEP] d_____ [SEP] decide
2834,es,-0.466103471,de [SEP] Estuve muy apenado de veras al oír que tu padre había fallecido. [SEP] i_____ [SEP] indeed
2835,es,0.575187171,muy [SEP] Es una chica muy rara y no habla con nadie. [SEP] w____ [SEP] weird
2836,es,1.85859362,orientar [SEP] Tenemos un documento que usamos para orientar a los nuevos empleados. [SEP] g____ [SEP] guide
2837,es,-0.249391054,empeñado [SEP] Está mi hijo absolutamente empeñado en terminar su carrera en Brasil. [SEP] d_________ [SEP] determined
2838,es,-2.851216491,del [SEP] Hay una sesión del congreso que tiene lugar ahora mismo. [SEP] c____________ [SEP] congressional
2839,es,-0.170783584,encantado [SEP] Encantado de conocerte Francisco.  Me han hablado muy bien de ti. [SEP] d________ [SEP] delighted
2840,es,-1.239607236,encargado [SEP] Miguel está encargado de asegurar que la tarea se realice correctamente. [SEP] r__________ [SEP] responsible
2841,es,1.143888071,excepcional [SEP] Es excepcional que haga tanto calor en abril como este año. [SEP] r___ [SEP] rare
2842,es,-0.500656829,gimnasia [SEP] Ganó una medalla de oro en gimasia ritmica en el colegio. [SEP] g_________ [SEP] gymnastics
2843,es,1.074784012,todavía [SEP] Todavía no he leído el periódico. [SEP] s____ [SEP] still
2844,es,-2.698285252,elaborar [SEP] Hay que elaborar un plan para intentar resolver la situación tan adversa que tenemos. [SEP] f________ [SEP] formulate
2845,es,-0.961362994,jurar [SEP] Los amigos decidieron jurar reunirse otra vez el verano siguiente. [SEP] v__ [SEP] vow
2846,es,-0.542695156,céntrico [SEP] Enrique trabaja en un club de jazz céntrico. [SEP] d_______ [SEP] downtown
2847,es,-2.206765844,esclarecedor [SEP] Ese comentario ha sido muy esclarecedor.  Creo que están a punto de coger al asesino. [SEP] i___________ [SEP] illuminating
2848,es,-1.505279476,elevada [SEP] Los productos se exhiben sobre una plataforma elevada. [SEP] r_____ [SEP] raised
2849,es,3.814477355,papá [SEP] Mi papá es cocinero pero nunca cocina en casa. [SEP] d__ [SEP] dad
2850,es,-2.153223378,"precipitada [SEP] No debes tomar una decisión precipitada, piénsate las cosas. [SEP] r_____ [SEP] rushed"
2851,es,2.617601814,siglo [SEP] Dicen que es la boda del siglo.  Un poco exagerado ¿no? [SEP] c______ [SEP] century
2852,es,-1.582050964,elegir [SEP] La clave del éxito del proyecto ha sido elegir el momento oportuno. [SEP] t_____ [SEP] timing
2853,es,1.778671603,ciudadano [SEP] Se casó con un ciudadano de Estados Unidos y ahora vive en Arizona. [SEP] c______ [SEP] citizen
2854,es,0.373516206,mejorada [SEP] La situación está considerablemente mejorada desde el cambio de gobierno. [SEP] i_______ [SEP] improved
2855,es,0.40092395,valorado [SEP] Es un empleado muy valorado por sus compañeros. [SEP] v_____ [SEP] valued
2856,es,1.040173972,realista [SEP] El trabajo del artista se identifica por ser de carácter realista. [SEP] r________ [SEP] realistic
2857,es,2.819968399,"deseo [SEP] Cuando soples las velas, piensa en un deseo. [SEP] w___ [SEP] wish"
2858,es,-0.206167409,mundialmente [SEP] Es un cantante mundialmente conocido y trabaja en muchos países. [SEP] i______________ [SEP] internationally
2859,es,1.247304319,heterosexualidad [SEP] La heterosexualidad es algo más aceptado en las sociedades conservadoras [SEP] h______________ [SEP] heterosexuality
2860,es,1.256407504,piña [SEP] Me gusta mucho tomar un trozo de piña como postre. [SEP] p________ [SEP] pineapple
2861,es,-0.007684821,caminar [SEP] Necesito comprarme unas botas fuertes para caminar durante mis vacaciones. [SEP] h___ [SEP] hike
2862,es,-3.092816593,examinador [SEP] El equipo examinador ha desvelado nueva información sobre el caso. [SEP] i____________ [SEP] investigating
2863,es,-2.421265704,trasero [SEP] ¡Pon el trasero en la silla ahora mismo! [SEP] b_______ [SEP] backside
2864,es,-1.737037428,exhaustivo [SEP] Realizamos un examen exhaustivo de las mercancías. [SEP] t_______ [SEP] thorough
2865,es,1.215139639,político [SEP] El político se dirigió al público en su discurso electoral. [SEP] p_________ [SEP] politician
2866,es,0.452711218,cráneo [SEP] El cráneo protege el cerebro de lesiones. [SEP] s____ [SEP] skull
2867,es,-0.073974432,encanto [SEP] De repente apareció como por encanto. [SEP] m____ [SEP] magic
2868,es,0.896630024,cavar [SEP] Habrá que cavar un agujero en el suelo para enterrar el loro. [SEP] d__ [SEP] dig
2869,es,0.129085695,ortografía [SEP] Siempre reviso la ortografía cuando escribo una carta. [SEP] s_______ [SEP] spelling
2870,es,2.67421685,vaca [SEP] La vaca que hay en la granja de mis abuelos da mucha leche. [SEP] c__ [SEP] cow
2871,es,0.450053369,redactora [SEP] La redactora enmendó el manuscrito del autor. [SEP] e_____ [SEP] editor
2872,es,-2.823769169,valía [SEP] Es una obra de arte de mucha valía artística [SEP] m____ [SEP] merit
2873,es,-4.458365791,fuertemente [SEP] El informe fue fuertemente crítico de la policía. [SEP] s______ [SEP] sharply
2874,es,3.18138311,"querido [SEP] ¡Elemental, mi querido Watson!' decía Sherlock Holmes. [SEP] d___ [SEP] dear"
2875,es,-0.035972455,recuperación [SEP] Ha hecho una recuperación rápida de su enfermedad. [SEP] r_______ [SEP] recovery
2876,es,0.709420339,perfección [SEP] tocó el violin a la perfección. [SEP] p_________ [SEP] perfection
2877,es,0.703211556,informal [SEP] Hay una reunión informal en casa de mi jefe el sábado. [SEP] c_____ [SEP] casual
2878,es,0.613749438,experimentar [SEP] Antes de tomar la decisión hay que experimentar en condiciones controladas primero. [SEP] e_________ [SEP] experiment
2879,es,0.827760872,jefe [SEP] El jefe del banco se llama Roberto Martínez.  Hable con él. [SEP] d_______ [SEP] director
2880,es,-0.106894137,catedrático [SEP] El catedrático de lenguas sabe hablar seis idiomas con fluidez [SEP] p________ [SEP] professor
2881,es,3.409331348,abierta [SEP] Se metió una avispa por la ventana abierta. [SEP] o___ [SEP] open
2882,es,0.767785555,paseo [SEP] Disfruté el paseo en bicicleta por el parque. [SEP] r___ [SEP] ride
2883,es,2.635922961,cerca [SEP] Segovia está bastante cerca de Madrid. [SEP] n___ [SEP] near
2884,es,1.882322383,"horrible [SEP] A pesar de su horrible enfermedad, mi hermano sobrevivió. [SEP] t_______ [SEP] terrible"
2885,es,4.368441945,hora [SEP] Las medicinas deben tomarse cada dos horas o después de las comidas [SEP] h___ [SEP] hour
2886,es,1.655039685,peludo [SEP] Mi padre es calvo pero tiene el cuerpo bastante peludo. [SEP] h____ [SEP] hairy
2887,es,-1.687280135,cortada [SEP] No funciona porque está cortada la luz. [SEP] d___________ [SEP] disconnected
2888,es,3.551606937,ordenador [SEP] Necesito un ordenador nuevo.  Este está muy anticuado ya. [SEP] c_______ [SEP] computer
2889,es,1.426918326,medios [SEP] Esperemos que los medios no lo publiquen hoy. [SEP] m____ [SEP] media
2890,es,-2.976279883,instinto [SEP] Mi instinto me dice que debería solicitar el puesto. [SEP] i________ [SEP] intuition
2891,es,1.750964714,enfermo [SEP] Muriel tiene que cuidar de su padre enfermo. [SEP] s___ [SEP] sick
2892,es,0.930305261,diván [SEP] Compré un diván cómodo para mi sala de estar. [SEP] s___ [SEP] sofa
2893,es,-0.824035908,culturismo [SEP] Mi novio practica el culturismo y está muy musculoso. [SEP] b___________ [SEP] bodybuilding
2894,es,-1.169664264,cambiar [SEP] Quiere cambiar su aspecto físico. [SEP] a____ [SEP] alter
2895,es,-0.931620033,reunir [SEP] No se recomienda reunir tant basura en un solo lugar [SEP] a_________ [SEP] accumulate
2896,es,-0.929671214,método [SEP] Me gusta mucho el método que utiliza el artista en este cuadro. [SEP] t________ [SEP] technique
2897,es,0.704391596,esclavitud [SEP] Muchas sociedades antiguas estaban basadas en la esclavitud. [SEP] s______ [SEP] slavery
2898,es,0.086660423,molécula [SEP] Las moléculas químicas del compuesto reaccionan de manera distinta al ambiente [SEP] m_______ [SEP] molecule
2899,es,0.615037664,revista [SEP] Mi artículo ha salido publicado en una revista científica. [SEP] j______ [SEP] journal
2900,es,1.211915372,radioactivo [SEP] Las emisiones radioactivas estaban por todas partes y tuvimos que salir antes de tiempo [SEP] r__________ [SEP] radioactive
2901,es,0.179696022,"prender [SEP] Vamos a prender el lazo con alfileres, después lo coso. [SEP] p__ [SEP] pin"
2902,es,-0.836677975,trucha [SEP] Me gusta mucha la trucha al horno. [SEP] t____ [SEP] trout
2903,es,-2.425047949,responder [SEP] Los residentes van a responder de forma muy negativa a las noticias. [SEP] r____ [SEP] react
2904,es,3.658407397,trabajo [SEP] Tengo un trabajo en una librería durante las vacaciones. [SEP] j__ [SEP] job
2905,es,1.700050607,microchip [SEP] Llevá a mi perro al veterinario para que le pusieran un microchip para poder ubicarlo en caso de que se pierda [SEP] m________ [SEP] microchip
2906,es,0.714748299,"ajustado [SEP] El vestido era demasiado ajustado, así que pedí una talla más grande. [SEP] t____ [SEP] tight"
2907,es,0.898723959,abiertamente [SEP] ¿Puedes hablar abiertamente con tus padres sobre tus preocupaciones? [SEP] o_____ [SEP] openly
2908,es,0.899785567,marinero [SEP] Mi hermano es marinero y está fuera de su casa durante muchos meses. [SEP] s_____ [SEP] sailor
2909,es,-3.165902472,defender [SEP] La asociación se fundó para defender los derechos de las mujeres. [SEP] u_____ [SEP] uphold
2910,es,0.797211318,delantera [SEP] La rueda delantera está pinchada. [SEP] f____ [SEP] front
2911,es,0.108889276,materialista [SEP] Susana tiene una idea materialista de la vida [SEP] m____________ [SEP] materialistic
2912,es,-0.457146803,subasta [SEP] Compramos el cuadro en una subasta. [SEP] a______ [SEP] auction
2913,es,3.205170071,equipo [SEP] Juega en el equipo local de baloncesto. [SEP] t___ [SEP] team
2914,es,0.032533083,sociológico [SEP] La teoría sociológica de las lenguas es algo fundamental a la hora de aprender un idioma [SEP] s___________ [SEP] sociological
2915,es,3.95391372,banda [SEP] Los Beatles son considerados como la banda mas legendaria de la histoia [SEP] b___ [SEP] band
2916,es,0.366253067,bloque [SEP] Se usan bloques de cemento para cnstruir edificaciones [SEP] b____ [SEP] block
2917,es,-1.631531677,financiar [SEP] ¿Cómo voy a financiar mis estudios ahora que mi padre se ha negado a ayudarme? [SEP] f___ [SEP] fund
2918,es,-1.70898514,interín [SEP] En el ínterín podríamos hacer una visita a la catedral. [SEP] m_______ [SEP] meantime
2919,es,-1.385644225,inculpación [SEP] Fue absuelto de la inculpación que pesaba sobre él. [SEP] a_________ [SEP] accusation
2920,es,0.163799625,cinematografía [SEP] Hollywood puede ser considerado el lugar mas importante de la cinematografía [SEP] c_____________ [SEP] cinematography
2921,es,0.659279416,cardiólogo [SEP] Las personas de la tercera edad deben ir al menos un año al cardiólgo para una revisión [SEP] c___________ [SEP] cardiologist
2922,es,1.420968333,armónico [SEP] El grupo coral armónico nos cantó una obra con diversas voces y muy bonita. [SEP] h_______ [SEP] harmonic
2923,es,1.365131063,"sin [SEP] Algunos consonantes son sin voz, como por ejemplo 'p' y 't'. [SEP] v________ [SEP] voiceless"
2924,es,-0.889158735,lona [SEP] La lona se utiliza para fabricar los lienzos de los pintores. [SEP] c_____ [SEP] canvas
2925,es,-0.248450148,motocicleta [SEP] Me llevó a la universidad en su motocicleta. [SEP] m_________ [SEP] motorcycle
2926,es,0.246683451,comunicar [SEP] Sentimos tener que comunicar la muerte del presidente. [SEP] a_______ [SEP] announce
2927,es,-2.032782863,pelirrojo [SEP] Los padres son morenos pero el niño es un pelirrojo muy gracioso. [SEP] r______ [SEP] redhead
2928,es,3.333351388,sombrero [SEP] El mago llevaba un sombrero negro. [SEP] h__ [SEP] hat
2929,es,-1.56042156,"detallar [SEP] Por favor, ¿me puedes detallar exactamente qué pasó? [SEP] d_______ [SEP] describe"
2930,es,-1.445282388,posterior [SEP] Los problemas se abordarán en una etapa posterior. [SEP] s_________ [SEP] subsequent
2931,es,2.032783824,escáner [SEP] Necesitamos un escáner con urgencia para poder mandar estos informes al hospital. [SEP] s______ [SEP] scanner
2932,es,-3.346442156,limitar [SEP] Voy a limitar mis comentarios a las incidencias de este año. [SEP] c______ [SEP] confine
2933,es,2.639181333,autism [SEP] El austism tiene diferentes espectros y su diagnóstico se debe realizar prontamente [SEP] a_____ [SEP] autism
2934,es,-2.771705326,fomentar [SEP] La profesora procura fomentar la curiosidad en sus alumnos. [SEP] f_____ [SEP] foster
2935,es,0.912344511,media [SEP] La edad media de mis alumnos es de quince años y tres meses. [SEP] a______ [SEP] average
2936,es,-1.605876505,acreditado [SEP] Necesito un documento acreditado y traducido por la embajada [SEP] c________ [SEP] certified
2937,es,2.108360936,preocupación [SEP] La enfermedad de mi padre es una preocupación importante para todos. [SEP] w____ [SEP] worry
2938,es,2.055092577,"abridor [SEP] Préstame el abridor, quiero abrir esta botella de vino. [SEP] o_____ [SEP] opener"
2939,es,-0.938987736,independencia [SEP] Las regiones de algunos paises cuentan con independencia parcial [SEP] a_______ [SEP] autonomy
2940,es,2.078435135,caer [SEP] Ten cuidado de no caer al río.  El agua está muy fría. [SEP] f___ [SEP] fall
2941,es,-1.45595619,inservible [SEP] La moneda de ese país es completamente inservible. [SEP] w________ [SEP] worthless
2942,es,1.499634192,tampoco [SEP] No quiero salir esta noche pero tampoco quiero quedarme en casa. [SEP] e_____ [SEP] either
2943,es,3.110092441,ducha [SEP] Tuve que desatascar el sumidero de la ducha. [SEP] s_____ [SEP] shower
2944,es,2.364058218,cuenta [SEP] El abuelo tiene cuenta en el Banco de España. [SEP] a______ [SEP] account
2945,es,2.329674498,por [SEP] Nuestras ventas han aumentado un el tres por ciento este año. [SEP] p______ [SEP] percent
2946,es,1.303830081,aislar [SEP] Habrá que aislar a los niños que tengan la enfermedad. [SEP] i______ [SEP] isolate
2947,es,-3.506697995,edición [SEP] Este texto necesita una edición urgente antes de publicarse [SEP] e______ [SEP] editing
2948,es,-3.047752108,"mentiroso [SEP] !Cobarde mentiroso, fuera de aquí! [SEP] l____ [SEP] lying"
2949,es,2.23949693,sonreír [SEP] Casi nunca parece sonreír pero es muy buena persona. [SEP] s____ [SEP] smile
2950,es,1.563756321,heroína [SEP] La heroína de la saga es la mujer que se escapa y logra liberar a los demás prisionerosq [SEP] h______ [SEP] heroine
2951,es,0.644640994,química [SEP] El estudio de la química es bastante difícil pero muy interesante. [SEP] c________ [SEP] chemistry
2952,es,1.588125018,"comienzo [SEP] Al comienzo del año, se les explica a los estudiantes el contenido del curso. [SEP] s____ [SEP] start"
2953,es,0.852994169,"total [SEP] Me has ayudado mucho, eres un total cielo. [SEP] c_______ [SEP] complete"
2954,es,1.73664929,mansión [SEP] Cuando se volvió famosa ella le compró una mansión a su madre [SEP] m______ [SEP] mansion
2955,es,-0.251969572,discapacitado [SEP] Su hijo es discapacitado físicamente pero tiene una inteligencia privilegiada. [SEP] d_______ [SEP] disabled
2956,es,0.807385542,adicional [SEP] Hay un valor adicional al valor total de la factura [SEP] a_________ [SEP] additional
2957,es,-0.446229515,frágil [SEP] Hay que proteger la piel frágil de los rayos del sol. [SEP] d_______ [SEP] delicate
2958,es,1.023932782,formar [SEP] Para que un niño madure es importante formarle en un buen colegio y después en la universidad. [SEP] e______ [SEP] educate
2959,es,-3.875334205,ejecutar [SEP] Después de hacer la votación pasaron a ejecutar la nueva ley. [SEP] e____ [SEP] enact
2960,es,-0.157707557,transmisión [SEP] La transmisión del discurso del rey fue seguida con mucho interés. [SEP] b________ [SEP] broadcast
2961,es,-0.471727999,barra [SEP] Una barra de herramientas bien organizada facilita mucho el trabajo. [SEP] t______ [SEP] toolbar
2962,es,0.740493371,sediento [SEP] Tras todo el día en la excavación acabé muy sediento. [SEP] t______ [SEP] thirsty
2963,es,-0.567863137,únicamente [SEP] La empresa vende productos únicamente a través de su sitio web. [SEP] s_____ [SEP] solely
2964,es,-0.194847465,organización [SEP] Mi madre trabaja en una organización benéfica que se ocupa de los refugiados. [SEP] c______ [SEP] charity
2965,es,-1.342363226,permitir [SEP] El programa me tiene que permitir hacer facturas y enviarlas inmediatamente. [SEP] e_____ [SEP] enable
2966,es,-2.449933571,ráfaga [SEP] De repente se abrió la puerta de la tienda y entró una ráfaga de aire frío. [SEP] r___ [SEP] rush
2967,es,2.198475025,caverna [SEP] Hay una caverna muy cerca de aquí que dicen que es de la época neolítica. [SEP] c___ [SEP] cave
2968,es,0.529026459,vóleibol [SEP] Hay un campeonato de vóleibol en la playa esta semana. [SEP] v_________ [SEP] volleyball
2969,es,-1.64575422,novedosa [SEP] La fábrica emplea una técnica de producción novedosa. [SEP] n____ [SEP] novel
2970,es,-2.425628351,mayor [SEP] De todos los hoteles de aquí el nuestro ofrece mayor confort. [SEP] m______ [SEP] maximum
2971,es,2.053127164,ligero [SEP] Este abrigo es muy ligero pero abriga muchísimo. [SEP] l____ [SEP] light
2972,es,3.040145071,sur [SEP] El tiempo bueno viene desde el sur la semana que viene. [SEP] s____ [SEP] south
2973,es,-1.583781542,encuentro [SEP] Van a organizar un encuentro internacional sobre el abuso de las drogas. [SEP] f____ [SEP] forum
2974,es,0.713211824,viaje [SEP] El viaje en coche a casa de mis padres es bastante largo. [SEP] d____ [SEP] drive
2975,es,-0.321174602,dispuesta [SEP] La candidata estaba dispuesta a cambiarse de casa para conseguir el puesto. [SEP] w______ [SEP] willing
2976,es,2.816896913,"célula [SEP] La célula esta compuesta de un núcleo, el citoplasma y una membrana [SEP] c___ [SEP] cell"
2977,es,2.454252963,nombrar [SEP] Vamos a nombrar a Julián para el premio de las letras de este año. [SEP] n___ [SEP] name
2978,es,-1.09269489,en [SEP] Los vehículos se fabrican mediante producción en serie. [SEP] m___ [SEP] mass
2979,es,2.098214136,británico [SEP] Mi abuela era británica pero vivió en Argentina durante años. [SEP] b______ [SEP] british
2980,es,-2.148092688,detectar [SEP] Es muy fácil detectar a mi hijo entre los niños porque es muy alto. [SEP] s___ [SEP] spot
2981,es,-0.860235483,psicología [SEP] Está estudiando psicología en la Universidad de Murcia. [SEP] p_________ [SEP] psychology
2982,es,-0.639678807,cobijo [SEP] Los residentes buscaron cobijo en la embajada de España. [SEP] r_____ [SEP] refuge
2983,es,-3.175540212,"complejo [SEP] La película tiene un argumento complejo, que es difícil seguir. [SEP] e________ [SEP] elaborate"
2984,es,0.24676172,oficio [SEP] La enseñanza es un oficio que requiere buenas habilidades sociales. [SEP] p_________ [SEP] profession
2985,es,-3.431886651,"contrario [SEP] Contrario a lo que todos decían, ellos se casaron y hoy viven felices [SEP] o______ [SEP] opposed"
2986,es,-0.14091475,saltar [SEP] Me operaron de la pierna izquierda así que tuve que saltar con un pie solo. [SEP] h__ [SEP] hop
2987,es,0.312604342,"óptica [SEP] Tengo muy buena memoria óptica, recuerdo lo que veo. [SEP] v_____ [SEP] visual"
2988,es,-2.941250827,erudito [SEP] El erudito sabe mucho sobre la historia del mundo [SEP] s______ [SEP] scholar
2989,es,-1.488936329,molestar [SEP] No quiero molestar pero ¿me puedes enviar el contrato por favor? [SEP] t______ [SEP] trouble
2990,es,2.93127405,"continente [SEP] El continente americano se divide en tres: Norte, Centro y Sur [SEP] c________ [SEP] continent"
2991,es,-2.419578749,tapón [SEP] Voy a poner el tapón a la botella para que no se estropee el vino. [SEP] s______ [SEP] stopper
2992,es,-2.118335772,femenino [SEP] Ese vestido te da un aspecto muy femenino y elegante. [SEP] f_______ [SEP] feminine
2993,es,-0.584779146,descubierto [SEP] El asunto está ya descubierto y tendrán de pagar. [SEP] u________ [SEP] uncovered
2994,es,-0.213753065,compresión [SEP] Algunos perfumes se producen con la compresión de pétalos de rosas o frutas [SEP] c__________ [SEP] compression
2995,es,1.064701762,cita [SEP] Terminó el discurso con una cita de Miguel de Cervantes. [SEP] q____ [SEP] quote
2996,es,0.385452391,celular [SEP] La membrana celular recubre el citoplasma [SEP] c_______ [SEP] cellular
2997,es,0.828708939,rompible [SEP] Cuidado con esa botella que es de vidrio y es rompible. [SEP] b________ [SEP] breakable
2998,es,1.481324357,recuerdo [SEP] Son cosas que guardo en el recuerdo para siempre. [SEP] m_____ [SEP] memory
2999,es,-0.795313092,desvelo [SEP] Es un estudio cuidadoso que me ha costado muchas noches de desvelo. [SEP] i_______ [SEP] insomnia
3000,es,-0.712278447,acero [SEP] La estructura básica del edificio es de acero. [SEP] s____ [SEP] steel
3001,es,0.452866661,plana [SEP] Hay que poner el papel sobre una superficie plana. [SEP] f___ [SEP] flat
3002,es,-0.179675814,supervivencia [SEP] La supervivencia del más fuerte es una ley de la naturaleza. [SEP] s_______ [SEP] survival
3003,es,0.492240978,fila [SEP] Tenemos asientos en primera fila para el concierto. [SEP] r__ [SEP] row
3004,es,1.440774192,individualmente [SEP] Los regalitos estaban individualmente envueltos y con el nombre de cada invitado puesto. [SEP] i___________ [SEP] individually
3005,es,-0.470894268,doblar [SEP] Aquí la carretera debe doblar hacia la derecha. [SEP] b___ [SEP] bend
3006,es,-0.706557974,microbio [SEP] Sólo el microbio más activo puede resistir este antibiótico. [SEP] b_______ [SEP] bacteria
3007,es,-1.341559236,incorporación [SEP] La incorporación de nuevas excenas mejoró la película. [SEP] i________ [SEP] inclusion
3008,es,1.085956995,batidora [SEP] Echa las claras a la batidora con el azúcar. [SEP] m____ [SEP] mixer
3009,es,2.194074806,ajo [SEP] El cocinero utiliza bastante ajo en sus platos. [SEP] g_____ [SEP] garlic
3010,es,-1.023490643,durante [SEP] La junta escolar realiza reuniones regulares durante todo el año. [SEP] t_________ [SEP] throughout
3011,es,1.643557303,polvo [SEP] Quité el polvo del mueble y abrí el cajón cuidadosamente. [SEP] d___ [SEP] dust
3012,es,-0.986947807,reconocer [SEP] Tuvo que reconocer que lo había hecho. [SEP] a__________ [SEP] acknowledge
3013,es,-3.961403589,provocar [SEP] El lanzamiento del producto va a provocar gran entusiasmo. [SEP] s____ [SEP] spark
3014,es,0.775278807,tobillo [SEP] Me rompí el tobillo esquiando. [SEP] a____ [SEP] ankle
3015,es,0.767424923,siuzo [SEP] Los relojes suizos son los mejores relojes del mundo [SEP] s____ [SEP] swiss
3016,es,2.501813485,experimento [SEP] El experimento fue todo un éxito [SEP] e_________ [SEP] experiment
3017,es,-1.061950539,suertudo [SEP] Javier es un chico suertudo en general y encima le ha tocado lalotería. [SEP] f________ [SEP] fortunate
3018,es,-0.17638224,sierra [SEP] Usé una sierra para cortar las ramas gruesas. [SEP] s__ [SEP] saw
3019,es,1.756591763,cuenta [SEP] ¿Nos trae la cuenta por favor? [SEP] b___ [SEP] bill
3020,es,0.304993838,"equipaje [SEP] Tengo mucho equipaje, por lo menos tres maletas. [SEP] b______ [SEP] baggage"
3021,es,4.972894581,"jet [SEP] El accidente ocurrió en el momento en el que despegaba el jet, no hubo sobrevivientes [SEP] j__ [SEP] jet"
3022,es,-2.550530292,diapositiva [SEP] las diapositivas estan en orden para la presentación [SEP] t___________ [SEP] transparency
3023,es,-4.464159106,"condenar [SEP] Después de ver toda la evidencia, el jurado decidió condenar al acusado a pagar una multa. [SEP] c______ [SEP] convict"
3024,es,0.714487525,radiólogo [SEP] Tenemos cita con el radiólogo que me va a examinar los pulmones. [SEP] r__________ [SEP] radiologist
3025,es,-0.600798614,publicista [SEP] Vamos a contratar un publicista para dar publicidad al producto. [SEP] p________ [SEP] publicist
3026,es,0.23637766,propuesta [SEP] Muchas gracias por tu propuesta amable de ayudar. [SEP] o____ [SEP] offer
3027,es,-0.652681873,cinta [SEP] Tengo muchas ganas de ver la cinta de película de nuestra boda. [SEP] v________ [SEP] videotape
3028,es,1.673882269,"lágrima [SEP] Se me cayó una lágrima viendo la película, lo tengo que reconocer. [SEP] t___ [SEP] tear"
3029,es,-0.926865774,mezclar [SEP] Hay que mezclar el azúcar y la mantequilla hasta que esté muy suave. [SEP] b____ [SEP] blend
3030,es,0.811355614,vender [SEP] Quiero vender mi coche y comprarme uno nuevo. [SEP] s___ [SEP] sell
3031,es,1.674559845,agregado [SEP] La comida de los niños no debe llevar azúcar agregado. [SEP] a____ [SEP] added
3032,es,-3.547297348,catalogado [SEP] Este grupo ya está catalogado así que le pones las etiquetas por favor. [SEP] c_________ [SEP] classified
3033,es,2.475084173,espía [SEP] El espía se escondió en casa de un empleado del embajador. [SEP] s__ [SEP] spy
3034,es,-1.922699862,soporte [SEP] El internet es un soporte excelente para los negocios [SEP] m_____ [SEP] medium
3035,es,-0.584712492,deslizamiento [SEP] Este año ha habido un deslizamiento hacia abajo en el precio de la gasolina. [SEP] s____ [SEP] slide
3036,es,0.085422394,sello [SEP] El documento necesita un sello para ser válido. [SEP] s____ [SEP] stamp
3037,es,-3.161568855,creación [SEP] Trabajo aquí desde la creación de la empresa. [SEP] f________ [SEP] formation
3038,es,2.328654918,abuelo [SEP] Mi abuelo me habla mucho del pasado y aprendo mucho con él. [SEP] g__________ [SEP] grandfather
3039,es,1.520901191,animador [SEP] Walt Disney fue el animador que creó a Mickey Mouse. [SEP] a_______ [SEP] animator
3040,es,1.926464152,"comparar [SEP] Todos los seres humanos somos únicos, no deberias comparate con nadie [SEP] c______ [SEP] compare"
3041,es,-0.159819125,paquete [SEP] Voy a salir a comprar un paquete de galletas. [SEP] p_____ [SEP] packet
3042,es,-0.188245462,en [SEP] Los países en vías de desarrollo a veces necesitan la ayuda de los demás. [SEP] d_________ [SEP] developing
3043,es,0.822610053,circular [SEP] La senagre debe circular libremente por las venas y arterias del cuerpo [SEP] c________ [SEP] circulate
3044,es,-1.463846244,ferviente [SEP] Mi abuela es una ferviente aficionada de la música clásica. [SEP] p_________ [SEP] passionate
3045,es,0.230626826,basura [SEP] Vienen del ayuntamiento una vez a la semana a recoger la basura. [SEP] r______ [SEP] rubbish
3046,es,-0.807190746,carne [SEP] Los veganos no comen carne ni pescado. [SEP] f____ [SEP] flesh
3047,es,-1.138277422,gasto [SEP] El departamento tiene que reducir el gasto drásticamente. [SEP] s_______ [SEP] spending
3048,es,-2.009915169,"muchedumbre [SEP] La muchedumbre, ya violenta, empezó a tirar piedras. [SEP] m__ [SEP] mob"
3049,es,0.429517572,"gota [SEP] Se me acaba de caer una gota de lluvia, saca el paraguas. [SEP] r_______ [SEP] raindrop"
3050,es,-2.639081278,adjunto [SEP] Es catedrático adjunto de filosofía en la Universidad de Málaga. [SEP] a________ [SEP] associate
3051,es,-1.187701065,atajo [SEP] Conozco un atajo para llegar más rápido a la escuela. [SEP] s_______ [SEP] shortcut
3052,es,1.319779945,desodorante [SEP] Deberías usar desodorante antes y despues de hacer ejercicio [SEP] d________ [SEP] deodorant
3053,es,-0.947152251,ambicioso [SEP] Tomás era un político francamente ambicioso. [SEP] a________ [SEP] ambitious
3054,es,0.805760608,casi [SEP] Es increíble pero tiene casi ochenta años. [SEP] n_____ [SEP] nearly
3055,es,-3.980148144,estable [SEP] El médico tiene un trabajo estable. [SEP] s_____ [SEP] secure
3056,es,-2.727096731,esbozar [SEP] Vamos a esbozar nuestra propuesta para el comité. [SEP] o______ [SEP] outline
3057,es,-2.396163049,irracional [SEP] Me molesta mucho la violencia irracional que a veces se ve en el fútbol [SEP] m_______ [SEP] mindless
3058,es,-1.340455187,determinación [SEP] El consejo de seguridad de la ONU anunció una determinación pidiendo el cese de las hostilidades. [SEP] r_________ [SEP] resolution
3059,es,-1.497286934,pericia [SEP] La pericia de los medicos de este hospital es muy reconocida [SEP] e________ [SEP] expertise
3060,es,-0.730932149,aclaración [SEP] A nadie le convenció la aclaración del diputado. [SEP] e__________ [SEP] explanation
3061,es,-3.405104007,aterrizaje [SEP] La nave hizo el aterrizaje a la hora y en lugar exactos. [SEP] t________ [SEP] touchdown
3062,es,1.906231029,descanso [SEP] Vamos a hacer un descanso para tomar café. [SEP] b____ [SEP] break
3063,es,1.628249566,"bufé [SEP] Algunos restaurantes chinos tienen bufé, puedes comer todo lo que quieras por un bajo precio [SEP] b_____ [SEP] buffet"
3064,es,3.379136006,vale [SEP] ¿Me quieres acompañar a la fiesta? Vale. [SEP] o_ [SEP] ok
3065,es,-1.098036713,pecera [SEP] Los peces dan vueltas todo el día en la pecera. [SEP] a_______ [SEP] aquarium
3066,es,0.243721213,"interior [SEP] La belleza interior es lo que cuenta, no la apariencia. [SEP] i____ [SEP] inner"
3067,es,-2.957120302,"cómplice [SEP] Sabiendo la verdad, ella le dio una sonrisa cómplice a su amiga cuando todo se había hecho [SEP] k______ [SEP] knowing"
3068,es,-4.926760796,sin [SEP] Es un argumento completamente sin fundamento así que no te preocupes. [SEP] u__________ [SEP] unsupported
3069,es,-0.223122454,"recepcionista [SEP] Si llego antes al hotel, te dejo un mensaje con la recepcionista. [SEP] r___________ [SEP] receptionist"
3070,es,2.132711373,radiología [SEP] ¿Cuál era el nombre del paciente que han llevado a radiología para una placa urgente? [SEP] r________ [SEP] radiology
3071,es,2.379277267,limpiador [SEP] José trabajó como limpiador en un hotel durante muchos años. [SEP] c______ [SEP] cleaner
3072,es,1.898932693,cada [SEP] Cada país tiene su propia cultura. [SEP] e___ [SEP] each
3073,es,-3.407000919,significar [SEP] Esta actividad puede significar un delito criminal. [SEP] c_________ [SEP] constitute
3074,es,0.789735142,artificialmente [SEP] El proceso de creación se hace artificialmente [SEP] a___________ [SEP] artificially
3075,es,1.406290264,decir [SEP] Siempre hay que decir la verdad. [SEP] t___ [SEP] tell
3076,es,0.899763509,cepillados [SEP] Los zapatos estaban bien cepillados y listos para ponerse. [SEP] b______ [SEP] brushed
3077,es,-1.220553437,ajustarse [SEP] El nuevo horario va a ajustarse a mis necesidades perfectamente. [SEP] s___ [SEP] suit
3078,es,-0.201520018,filosófico [SEP] Hay un debate filosófico sobre el significado del objeto en la facultad hoy. [SEP] p____________ [SEP] philosophical
3079,es,2.199568985,veterano [SEP] Mi abuela es una enfermera veterana de la segunda guerra mundial [SEP] v______ [SEP] veteran
3080,es,-1.924213661,desaparición [SEP] La policía está investigando la desaparición de una joven. [SEP] d____________ [SEP] disappearance
3081,es,0.846802237,biológico [SEP] Sus padres biológicos lo abandonaron cuando aún era un bebé [SEP] b_________ [SEP] biological
3082,es,0.36384424,voluntario [SEP] Laura es una voluntaria que ayuda a los refugiados. [SEP] v________ [SEP] volunteer
3083,es,1.972001375,aeropuerto [SEP] El aeropuerto de la ciudad es muy pequeño y queda retirado [SEP] a______ [SEP] airport
3084,es,-3.623697778,extraordinario [SEP] El producto ha sido un éxito extraordinario. [SEP] p_________ [SEP] phenomenal
3085,es,-0.720398762,exposición [SEP] Hay un nuevo artículo de interés sobre la exposición de Sorolla en Madrid. [SEP] e______ [SEP] exhibit
3086,es,2.725905642,mental [SEP] Su capacidad mental no ha sido disminuida a pesar de su enfermedad. [SEP] m_____ [SEP] mental
3087,es,-1.287681138,comunicarse [SEP] No es fácil comunicarse con ellos ya que nunca cogen el teléfono. [SEP] c______ [SEP] contact
3088,es,0.878921024,sin [SEP] Ese ha sido un matrimonio sin amor desde siempre. [SEP] l_______ [SEP] loveless
3089,es,3.414177204,tía [SEP] Mi tía viene a visitarnos todos los veranos. [SEP] a___ [SEP] aunt
3090,es,-0.883865027,mostrar [SEP] Los maniquíes de los años cuarenta se encargaban de mostrar la ropa de los diseñadores. [SEP] m____ [SEP] model
3091,es,-1.249054454,lucha [SEP] La lucha por los derechos humanos no ha terminado aún. [SEP] s_______ [SEP] struggle
3092,es,-1.312302038,golpe [SEP] Hubo un intento de golpe de estado en España en el año 1981. [SEP] c___ [SEP] coup
3093,es,-3.466820606,que [SEP] Teníamos que detener la sangre que fluía descontroladamente por su brazo [SEP] s________ [SEP] streaming
3094,es,-2.053079496,acoplar [SEP] El técnico tuvo que acoplar el vagón a la máquina del tren. [SEP] c_____ [SEP] couple
3095,es,-2.556231864,verificar [SEP] Repetimos el experimento para verificar los resultados obtenidos. [SEP] v_______ [SEP] validate
3096,es,-0.785561046,estafa [SEP] Hubo una estafa grande que afectó a cientos de personas. [SEP] f____ [SEP] fraud
3097,es,-2.221242908,ambición [SEP] Tocar bien el piano es mi ambición principal. [SEP] a_________ [SEP] aspiration
3098,es,-1.996409128,evitable [SEP] El accidente era evitable si se hubieran tomado las medidas correctas. [SEP] p__________ [SEP] preventable
3099,es,-2.975241087,provocar [SEP] Algunas vacunas pueden provocar reacciones alérgicas leves. [SEP] p______ [SEP] produce
3100,es,1.047700543,semilla [SEP] Ese árbol ha crecido de una semilla que planté hace muchísimos años. [SEP] s___ [SEP] seed
3101,es,1.663902261,remedio [SEP] Esperemos que un día encuentren un remedio contra el cáncer. [SEP] c___ [SEP] cure
3102,es,-1.151301284,rumbo [SEP] El capitan cambió el rumbo del barco debido a la tromenta [SEP] c_____ [SEP] course
3103,es,3.51125962,"esposa [SEP] Te presento a mi esposa, María. [SEP] w___ [SEP] wife"
3104,es,-0.562431687,"también [SEP] Todos, también yo, estaban de acuerdo. [SEP] i________ [SEP] including"
3105,es,2.548483083,lavado [SEP] Esta blusa necesita un lavado. [SEP] w___ [SEP] wash
3106,es,-3.140363008,"ajustar [SEP] Hay que ajustar la nueva televisión, no se ve bien. [SEP] c________ [SEP] configure"
3107,es,3.223182347,"preocuparse [SEP] No debe preocuparse por estas cosas, no tienen importancia. [SEP] w____ [SEP] worry"
3108,es,0.577208614,holandés [SEP] La reina holandesa ha dado las declaraciones y se sentó a conversar con los periodistas [SEP] d____ [SEP] dutch
3109,es,-0.704312897,viajero [SEP] Cristóbal Colón es posiblemente el viajero explorador más famoso de la historia. [SEP] v______ [SEP] voyager
3110,es,2.016183042,"reservas [SEP] Tienes una reserva en el hotel, solo falta organizar tu viaje [SEP] r__________ [SEP] reservation"
3111,es,-2.191048992,"mancha [SEP] Hay una mancha de aceite en tu abrigo, lo tienes que limpiar. [SEP] m___ [SEP] mark"
3112,es,2.497276679,imprimir [SEP] Creo que el libro ya está listo para enviarlo a imprimir. [SEP] p____ [SEP] print
3113,es,-1.283416673,ordenación [SEP] Hay ordenación estricta internacional sobre la venta de armas. [SEP] r_________ [SEP] regulation
3114,es,-2.999482108,utilizable [SEP] La bicicleta es un poco viejo pero completamente utilizable. [SEP] e_________ [SEP] employable
3115,es,-2.077581789,arisco [SEP] Es un poco arisco pero en el fondo es buena persona. [SEP] u_________ [SEP] unfriendly
3116,es,-0.649626422,mostrador [SEP] Detrás del mostrador había un hombre mayor que me preguntó qué quería. [SEP] c______ [SEP] counter
3117,es,2.464626458,fotografía [SEP] Necesito una fotografía reciente para mi nuevo pasaporte [SEP] p____ [SEP] photo
3118,es,-0.294513061,temblar [SEP] Sentí temblar las piernas de los nervios que tenía. [SEP] t______ [SEP] tremble
3119,es,1.097504436,"clase [SEP] Disculpa, tengo que ir a mi clase de piano. [SEP] l_____ [SEP] lesson"
3120,es,1.455312838,energía [SEP] Hay que cargar la batería porque se le está acabando la energía al computador [SEP] p____ [SEP] power
3121,es,-1.147192795,sospecha [SEP] Tengo la sospecha de que nunca vamos a saber la verdad. [SEP] s________ [SEP] suspicion
3122,es,-2.40051755,pantano [SEP] El pantano está bastante lleno por las lluvias recientes. [SEP] r________ [SEP] reservoir
3123,es,3.888268495,general [SEP] Su tío es general en el ejército de los Estados Unidos. [SEP] g______ [SEP] general
3124,es,0.026312952,perpendicular [SEP] El acantilado era prácticamente perpendicular al mar. [SEP] v_______ [SEP] vertical
3125,es,1.912530239,sorpresa [SEP] Le hemos preparado una sorpresa para su cumpleaños. [SEP] s_______ [SEP] surprise
3126,es,2.047765063,equivocado [SEP] Estaba equivocado cuando te dije que el tren llegaba a la estación del Norte. [SEP] w____ [SEP] wrong
3127,es,3.817482734,segunda [SEP] Eres la segunda persona que ha llegado a la fiesta. [SEP] s_____ [SEP] second
3128,es,-0.643575553,costera [SEP] Tuve que cambiarme de ciudad porque el clima costero no me hacía bien [SEP] c______ [SEP] coastal
3129,es,0.082819187,ética [SEP] La deontología revisa la ética profesional [SEP] e_____ [SEP] ethics
3130,es,1.861317644,toalla [SEP] Se llevó el bañador y una toalla a la playa. [SEP] t____ [SEP] towel
3131,es,0.571827227,reactivar [SEP] Tuve que reactivar mi cuenta de correo anterior para poder acceder a la información. [SEP] r_________ [SEP] reactivate
3132,es,-4.026857648,derribar [SEP] La explosión derribó el edificio [SEP] b____ [SEP] blast
3133,es,0.665471338,"desvestido [SEP] El niño está desvestido, le voy a bañar. [SEP] u________ [SEP] undressed"
3134,es,-0.662782592,"explicación [SEP] Cuando leí la explicación de la palabra, me acordé de lo que significaba. [SEP] d_________ [SEP] definition"
3135,es,0.422038709,fluido [SEP] Hablo un inglés fluido porque viví en Coventry durante cinco años. [SEP] f_____ [SEP] fluent
3136,es,-0.334269826,monarquía [SEP] Las coronas son un símbolo de la monarquía. [SEP] r______ [SEP] royalty
3137,es,-0.157997121,calificada [SEP] Esta universidad está calificada muy positivamente por el nivel de investigación que tiene. [SEP] r____ [SEP] rated
3138,es,-2.474826902,plazo [SEP] El plazo del contrato será de dos años. [SEP] d_______ [SEP] duration
3139,es,-1.290736862,intersección [SEP] En un kilometro hay una intersección para llegar a la ciudad mas cercana [SEP] c________ [SEP] crossroad
3140,es,-0.289358395,libro [SEP] El libro escolar de ciencias ha cambiado este año. [SEP] t_______ [SEP] textbook
3141,es,3.474041654,solo [SEP] Hice el viaje a Bolivia solo. [SEP] a____ [SEP] alone
3142,es,0.283308741,impar [SEP] El nueve es un número impar. [SEP] o__ [SEP] odd
3143,es,-0.753532175,trasladar [SEP] Podemos trasladar la mercancía por aire o por mar. [SEP] t________ [SEP] transport
3144,es,-0.574531659,brillar [SEP] Qué bonito ver brillar las luciérnagas por la noche en verano. [SEP] g___ [SEP] glow
3145,es,0.23600478,nudo [SEP] Hice el nudo otra vez porque estaba un poco suelto. [SEP] k___ [SEP] knot
3146,es,-0.095368148,inundar [SEP] Hay mucha lluvia y puede inundar el valle. [SEP] f____ [SEP] flood
3147,es,0.802905403,creación [SEP] Las máquinas de fax fueron una creación fenomenal tiempo atrás. [SEP] i________ [SEP] invention
3148,es,-1.283883347,presunto [SEP] ¿Esta es la opinión del presunto experto? [SEP] s_______ [SEP] supposed
3149,es,-0.066426056,aclarar [SEP] Tenemos que aclarar exactamente qué pasó la otra noche. [SEP] c______ [SEP] clarify
3150,es,1.12764222,actuación [SEP] La actriz encantó al público con su actuación. [SEP] p__________ [SEP] performance
3151,es,2.280032163,muy [SEP] El bajo tenía una voz muy grave. [SEP] v___ [SEP] very
3152,es,-0.806885347,franquicia [SEP] Montó una hamburguesería que es una franquicia bastante famosa. [SEP] f________ [SEP] franchise
3153,es,-0.19940931,pantalla [SEP] Este ordenador tiene una pantalla táctil pero no la uso. [SEP] t__________ [SEP] touchscreen
3154,es,-2.602992505,arandela [SEP] Coloqué una arandela entre la tuerca y el tornillo. [SEP] w_____ [SEP] washer
3155,es,2.958569485,ruso [SEP] Mi hermana está casada con un ruso llamado Vladimir. [SEP] r______ [SEP] russian
3156,es,-0.089804441,encuesta [SEP] Una encuesta reciente indica que el setenta y cinco por ciento de los ciudadanos están a favor. [SEP] s_____ [SEP] survey
3157,es,0.220972505,asaltar [SEP] Robin Hood se dedicaba a asaltar a los ricos para dar de comer a los pobres. [SEP] r__ [SEP] rob
3158,es,-1.739927497,incitar [SEP] No hay que incitar a los ladrones dejando los objetos de valor a la vista. [SEP] t____ [SEP] tempt
3159,es,-0.023923746,acogido [SEP] El niño fue acogido legalmente por los Pérez al morir sus padres. [SEP] a______ [SEP] adopted
3160,es,1.033757182,sentido [SEP] Me di la vuelta y me fui en el sentido opuesto. [SEP] d________ [SEP] direction
3161,es,0.302684426,recta [SEP] Una línea recta es la distancia más corta entre dos puntos. [SEP] s_______ [SEP] straight
3162,es,-0.650016266,estropear [SEP] Ni siquiera la lluvia va a estropear nuestro día en el campo. [SEP] s____ [SEP] spoil
3163,es,0.073213947,zambullirse [SEP] Le enseñé a mi hija a zambullirse en la piscina y ahora es una nadadora profesional [SEP] d___ [SEP] dive
3164,es,-0.876571187,reencuentro [SEP] Mis antiguos compañeros de clase planean un reencuentro. [SEP] r______ [SEP] reunion
3165,es,3.156507776,cien [SEP] Había por lo menos cien personas ahí. [SEP] h______ [SEP] hundred
3166,es,0.410964788,dudar [SEP] Parecía dudar un momento antes de firmar. [SEP] h_______ [SEP] hesitate
3167,es,0.580342204,banda [SEP] La banda sonora de la película ganó un premio en el festival. [SEP] s_________ [SEP] soundtrack
3168,es,1.512401166,vergüenza [SEP] No podía vivir con la vergüenza de que la gente supiera la verdad. [SEP] s____ [SEP] shame
3169,es,-1.149745834,placa [SEP] Mi hija lleva una placa con su nombre y dirección alrededor del cuello. [SEP] m____ [SEP] medal
3170,es,-1.688747879,principal [SEP] El país es el principal exportador de arroz del área. [SEP] l______ [SEP] leading
3171,es,0.563730816,nervio [SEP] El hilo que lleva mensajes al cerebro óptico  es importantísimo ya que nos permite ver. [SEP] n____ [SEP] nerve
3172,es,3.320148434,persona [SEP] Mi padre es una persona de Europa pero mi madre es americana. [SEP] e_______ [SEP] european
3173,es,-2.064141981,inferior [SEP] Colocó el libro sobre el estante inferior. [SEP] b_____ [SEP] bottom
3174,es,-1.541652715,mejorar [SEP] El museo va a mejorar su sistema de seguridad próximamente. [SEP] u______ [SEP] upgrade
3175,es,0.893754194,recién [SEP] Es un recién nacido muy bonito ¡y encima me deja dormir! [SEP] n______ [SEP] newborn
3176,es,0.018987374,avanzar [SEP] La carretera estaba tan inundada que los coches no pudieron avanzar al otro lado del puente. [SEP] p___ [SEP] pass
3177,es,-3.053606149,agarrar [SEP] Al oír la alarma la madre se dispuso a agarrar a su hijo por si había que salir corrirndo. [SEP] c_____ [SEP] clutch
3178,es,1.841623785,amablemente [SEP] El hombre muy amablemente me ofreció su asiento. [SEP] k_____ [SEP] kindly
3179,es,-3.693688457,receptiva [SEP] Nuestra empresa es siempre receptiva a las sugerencias de los clientes. [SEP] r_________ [SEP] responsive
3180,es,2.065665183,medida [SEP] La medida de frío y calor se expresa en grados centígrados. [SEP] t__________ [SEP] temperature
3181,es,-1.066128756,exactamente [SEP] Son las seis horas y diez minutos exactamente. [SEP] p________ [SEP] precisely
3182,es,2.074212168,carretera [SEP] Este tramo de la carretera está cortado por obras. [SEP] r___ [SEP] road
3183,es,1.125002991,en [SEP] El ministro se encuentra en el extranjero. [SEP] a_____ [SEP] abroad
3184,es,-0.491635443,inclinarse [SEP] Hay que inclinarse al saludar al rey. [SEP] b__ [SEP] bow
3185,es,-2.184876386,estimable [SEP] Todos opinan que Borja es una persona estimable. [SEP] a________ [SEP] admirable
3186,es,-0.025730399,deber [SEP] Es soldado y siempre piensa en el deber primero. [SEP] d___ [SEP] duty
3187,es,-2.039263683,repentinamente [SEP] El ordenador se cerró repentinamente. [SEP] a_______ [SEP] abruptly
3188,es,-1.147691257,riguroso [SEP] El experimento sigue un procedimiento riguroso. [SEP] s_____ [SEP] strict
3189,es,-0.162821237,programar [SEP] Tenemos que programar las actividades del año que viene cuánto antes. [SEP] p___ [SEP] plan
3190,es,-2.269047646,rendimiento [SEP] Un ambiente de trabajo hostil es malo para el rendimiento. [SEP] p___________ [SEP] productivity
3191,es,3.17501138,vino [SEP] Me gusta mucho tomar una copa de vino con la comida. [SEP] w___ [SEP] wine
3192,es,-1.2890708,tipo [SEP] El tipo de transporte más práctico aquí es el tren. [SEP] f___ [SEP] form
3193,es,-3.535744972,soltero [SEP] Seguía soltero a los treinta y cuatro años. [SEP] u_________ [SEP] unattached
3194,es,1.18521933,tesoro [SEP] Han escondido el tesoro y hay que encontrarlo. [SEP] t_______ [SEP] treasure
3195,es,-0.471182906,"deprimente [SEP] Esa película es muy triste, incluso algo deprimente. [SEP] d_________ [SEP] depressing"
3196,es,3.350370488,fecha [SEP] No sé cómo te puedes olvidar de la fecha de tu aniversario de boda. [SEP] d___ [SEP] date
3197,es,-3.135947876,incorporar [SEP] La actualización del software va a incorporar nuevas funciones. [SEP] i________ [SEP] integrate
3198,es,-1.977568631,ruptura [SEP] La falta de comunicación provocó la ruptura del matrimonio. [SEP] b________ [SEP] breakdown
3199,es,1.433400191,culpa [SEP] Tuvimos un problema técnico.  No fue culpa de nadie. [SEP] f____ [SEP] fault
3200,es,-4.292280721,competir [SEP] Varios atletas van a competir por el premio. [SEP] c______ [SEP] contend
3201,es,-2.610544941,plan [SEP] Hay que estudiar el plan de acción para combatir el desempleo. [SEP] s_______ [SEP] strategy
3202,es,0.999478323,planificación [SEP] La planificación detallada nos ayudó a aprovechar nuestro viaje al máximo. [SEP] p_______ [SEP] planning
3203,es,1.180416601,aumento [SEP] Voy a pedir un aumento de sueldo. [SEP] i_______ [SEP] increase
3204,es,0.879230347,sentimental [SEP] Es una persona muy sentimental que expresa sus emociones con frecuencia- [SEP] e________ [SEP] emotional
3205,es,1.106263763,hace [SEP] Mi mujer debe descansar porque dio a luz hace poco. [SEP] r_______ [SEP] recently
3206,es,-0.738137755,cortar [SEP] Siempre lloro al cortar las cebollas y las uso en casi todos los platos. [SEP] c___ [SEP] chop
3207,es,3.659301686,en [SEP] Estoy en mi casa y no voy a salir hoy. [SEP] i_ [SEP] in
3208,es,1.298059292,calentar [SEP] Hay que calentar la leche antes de añadir el azucar. [SEP] h___ [SEP] heat
3209,es,2.733667863,caballo [SEP] Anita monta a caballo todos los sábados. [SEP] h____ [SEP] horse
3210,es,2.818563208,pitbull [SEP] Cuando era niño mi mascota era un pitbull café. [SEP] p______ [SEP] pitbull
3211,es,-1.544614094,estimación [SEP] Solamente puedo darte una estimación de lo que va a costar. [SEP] a____________ [SEP] approximation
3212,es,-2.895842603,enmendar [SEP] Necesitas enmendar la configuración para personalizar el programa. [SEP] m_____ [SEP] modify
3213,es,-0.918608168,"costumbre [SEP] Según la costumbre, la novia va de blanco. [SEP] c_____ [SEP] custom"
3214,es,2.360989417,divorcio [SEP] Han decidido poner en marcha el proceso de divorcio después de treinta años. [SEP] d______ [SEP] divorce
3215,es,-0.920505172,cobertura [SEP] La boda real va a tener mucha cobertura. [SEP] c_______ [SEP] coverage
3216,es,0.139741201,ligeramente [SEP] Las suelas de mis zapatos están ligeramente más gastadas que las tuyas. [SEP] s_______ [SEP] slightly
3217,es,1.690486667,impresa [SEP] Te voy a dar esta receta tan buena impresa para que te la lleves. [SEP] p______ [SEP] printed
3218,es,0.220641458,total [SEP] El total de las reparaciones se indica en la factura. [SEP] s__ [SEP] sum
3219,es,-1.833493086,reconocido [SEP] El robo fue reconocido por los ladrones años después. [SEP] a_______ [SEP] admitted
3220,es,-4.60970789,"accesorio [SEP] Hemos encargado una bañera blanca con accesorios como los grifos, en latón.  Queda preciosa. [SEP] f______ [SEP] fitting"
3221,es,2.366445125,tormenta [SEP] Dicen que mañana va a haber tormenta. [SEP] s____ [SEP] storm
3222,es,-1.669870736,consejera [SEP] Fue amiga y consejera para muchos actores jóvenes. [SEP] m_____ [SEP] mentor
3223,es,-0.127054767,cena [SEP] Tenemos una cena esta noche con un grupo de amigos. [SEP] s_____ [SEP] supper
3224,es,-0.722228516,"inquilino [SEP] Es muy buen inquilino, siempre me paga, todos los meses. [SEP] t_____ [SEP] tenant"
3225,es,-3.391991873,organizar [SEP] El club de ciencias políticas va a organizar un debate en el campus. [SEP] s____ [SEP] stage
3226,es,-0.391480447,accesibilidad [SEP] La casa esta localizada en un lugar con buena accesibilidad [SEP] a____________ [SEP] accessibility
3227,es,0.407165275,flamenco [SEP] A Ana le encantó ver los flamencos cuando estuvimos en el zoológico. [SEP] f_______ [SEP] flamingo
3228,es,-1.216955838,puntiaguda [SEP] Tiene la nariz puntiaguda. [SEP] p______ [SEP] pointed
3229,es,3.104648914,cerebro [SEP] La lectura ayuda mucho a mantener el cerebro en buenas condiciones. [SEP] b____ [SEP] brain
3230,es,1.39405212,todoterreno [SEP] Se ha comprado un todoterreno para ir de caza. [SEP] j___ [SEP] jeep
3231,es,-0.697485621,cerrar [SEP] Creo que van a cerrar ese restaurante. [SEP] s___ [SEP] shut
3232,es,2.801210759,emigración [SEP] Cuando llegues al aerpuerto debes presentarte al departamente de emigración para que te ayuden con el papeleo [SEP] m________ [SEP] migration
3233,es,-1.964221096,descubrimiento [SEP] Ayer publicaron un descubrimiento escandaloso de la vida privada de un famoso político. [SEP] r_________ [SEP] revelation
3234,es,1.270080799,cascada [SEP] Observó cómo la cascada caía por el monte. [SEP] w________ [SEP] waterfall
3235,es,-0.314639733,tiroteo [SEP] Varios policías estuvieron presentes en el tiroteo. [SEP] s_______ [SEP] shooting
3236,es,0.279956794,temblor [SEP] Tendremos que reducir el nivel de temblor en el motor. [SEP] v________ [SEP] vibration
3237,es,-0.775556018,proceso [SEP] El proceso médico está cubierto por las pólizas de seguro. [SEP] p________ [SEP] procedure
3238,es,0.061396247,mejilla [SEP] Mi abuelo siempre me acaricia la mejilla cuando me ve. [SEP] c____ [SEP] cheek
3239,es,-0.592113182,apenas [SEP] Canta de maravilla y apenas tiene cuatro años. [SEP] h_____ [SEP] hardly
3240,es,-0.003436942,sin [SEP] La crítica tan dura que recibió me parece sin justificar. [SEP] u__________ [SEP] unjustified
3241,es,2.162818342,suficiente [SEP] Hay suficiente comida para todo el mundo. [SEP] e_____ [SEP] enough
3242,es,-0.75394592,encuestar [SEP] Necesito encuestar a un grupo más para concluir mi investigación. [SEP] s_____ [SEP] survey
3243,es,2.040301635,mar [SEP] El río fluye hacia el mar. [SEP] o____ [SEP] ocean
3244,es,-1.251763073,con [SEP] Sacó al bebé de su cuna suavemente y con cuidado. [SEP] g_____ [SEP] gently
3245,es,1.810432404,lengua [SEP] El médico me mandó sacar la lengua para mirarme la garganta. [SEP] t_____ [SEP] tongue
3246,es,-0.31640663,menos [SEP] El nuevo empleado es el menos experimentado de todo el grupo. [SEP] l____ [SEP] least
3247,es,-2.637898579,probabilidad [SEP] La probabilidad de encontrar la casa de tus sueños a este precio es baja. [SEP] l_________ [SEP] likelihood
3248,es,-1.809671198,cerrojo [SEP] Se metió en casa y cerró la puerta con cerrojo. [SEP] b___ [SEP] bolt
3249,es,-0.183381228,acompañante [SEP] Federico fue mi acompañante de viaje. [SEP] c________ [SEP] companion
3250,es,-0.007452022,informar [SEP] El periodista va a informar sobre los acontecimientos de la última semana. [SEP] r_____ [SEP] report
3251,es,3.196105814,mañana [SEP] Mañana mismo me voy de vacaciones. [SEP] t_______ [SEP] tomorrow
3252,es,-1.975439005,manipulador [SEP] Su esposo siempre fue un hombre manipulador por suerte ella nunca le creyó [SEP] m___________ [SEP] manipulative
3253,es,2.338252768,unirse [SEP] Puede unirse al debate si tiene algo que decir. [SEP] j___ [SEP] join
3254,es,1.638962785,literalmente [SEP] Me dijo literalmente que iba a dejar el trabajo. [SEP] l________ [SEP] literally
3255,es,-0.795768387,testificación [SEP] Es posible que te pidan que des tu testificación esta semana. [SEP] t________ [SEP] testimony
3256,es,-1.587205868,sequía [SEP] No ha llovido en todo el verano y hay una sequía tremenda. [SEP] d______ [SEP] drought
3257,es,-1.041033084,refinado [SEP] Tiene un estilo muy refinado de escribir. [SEP] e______ [SEP] elegant
3258,es,-0.71685752,de [SEP] Tenía una expresión de ensueño en los ojos. [SEP] d_____ [SEP] dreamy
3259,es,-3.47805056,desventaja [SEP] La desventaja de vivir aquí es que no hay transporte público. [SEP] d_______ [SEP] downside
3260,es,0.591730844,persuadir [SEP] Le vamos a intentar persuadir a que venga a la fiesta con nosotros. [SEP] c_______ [SEP] convince
3261,es,1.237726216,sin [SEP] El certificado está sin firmar así que no me vale. [SEP] u_______ [SEP] unsigned
3262,es,-0.648583756,elegante [SEP] El estudiante vistió un traje elegante para su graduación. [SEP] s____ [SEP] smart
3263,es,-2.862865462,inhabilitación [SEP] Cualquier intento de copiar en el examen resultará en la inhabilitación del mismo. [SEP] d_______________ [SEP] disqualification
3264,es,0.304010289,estrechar [SEP] Tendremos que estrechar la búsqueda para conseguir nuevos resultados. [SEP] n_____ [SEP] narrow
3265,es,-1.17198189,"vagón [SEP] Tenemos asientos en el tercer vagón del tren, que está al lado de la cafetería. [SEP] c_______ [SEP] carriage"
3266,es,0.749183168,ingeniero [SEP] Mi hermano es ingeniero aeronáutico. [SEP] e_______ [SEP] engineer
3267,es,-3.091835874,concreta [SEP] Tener experiencia concreta de la profesión viene muy bien. [SEP] p________ [SEP] practical
3268,es,-0.141584373,costa [SEP] Dejamos nuestros barcos en la costa y nos metimos en el bosque. [SEP] s____ [SEP] shore
3269,es,1.562793357,rezar [SEP] Las monjas suelen rezar varias veces al día. [SEP] p___ [SEP] pray
3270,es,1.111844034,agenda [SEP] Todos los días escribo en mi agenda. [SEP] d____ [SEP] diary
3271,es,0.694113345,sanar [SEP] El papel de los médicos es el de sanar a sus paciente. [SEP] h___ [SEP] heal
3272,es,-0.989968992,en [SEP] Vamos a empezar la búsqueda de una casa en la zona. [SEP] l______ [SEP] locally
3273,es,-1.315177779,excavación [SEP] La excavación del carbón es la industria más importante de esta zona. [SEP] m_____ [SEP] mining
3274,es,-0.22921876,persona [SEP] Hay sitio para una persona en el asiento de delante. [SEP] i_________ [SEP] individual
3275,es,-2.79068259,transformación [SEP] La transformación de todas las instituciones mejorará la situación de muchos. [SEP] r__________ [SEP] reformation
3276,es,1.055361717,alquilar [SEP] Tendremos que alquilar un coche cuando lleguemos. [SEP] h___ [SEP] hire
3277,es,1.758063974,"juntos [SEP] Nos separamos hace un año, pero ahora volvemos a estar juntos. [SEP] t_______ [SEP] together"
3278,es,-1.640648328,muy [SEP] Nos hospedamos en un hotel muy lujoso. [SEP] d_____ [SEP] deluxe
3279,es,-3.01150718,entrada [SEP] Había tres coches aparcados en la entrada de la casa. [SEP] d_______ [SEP] driveway
3280,es,2.154102231,palomitas [SEP] Comimos una bolsa enorme de palomitas de maíz mientras vimos la película. [SEP] p______ [SEP] popcorn
3281,es,-3.668975143,aducir [SEP] ¿Puedo aducir mi condición de refugiado? [SEP] i_____ [SEP] invoke
3282,es,-1.091179747,rastro [SEP] La policía buscó por toda la zona pero no encontraron ni rastro de los presos escapados. [SEP] t____ [SEP] trace
3283,es,0.136389977,comparación [SEP] A veces ayuda mucho hacer una comparación entre tu idioma y el que estás aprendiendo. [SEP] c_________ [SEP] comparison
3284,es,0.863666507,posibilidad [SEP] ¿Hay alguna posibilidad de poder cenar aquí esta noche aunque no hayamos reservado mesa? [SEP] c_____ [SEP] chance
3285,es,-2.116108049,monumento [SEP] Hay un monumento a los caídos de la guerra en la plaza del pueblo. [SEP] m_______ [SEP] memorial
3286,es,0.336641538,lodo [SEP] Los cerdos están revolcándose en el lodo. [SEP] m__ [SEP] mud
3287,es,0.490727699,durmiente [SEP] La bella durmiente se despertó cuando le dio un beso el príncipe. [SEP] s_______ [SEP] sleeping
3288,es,1.315559804,fiel [SEP] Bernardo es un amigo fiel que me apoya en todo. [SEP] l____ [SEP] loyal
3289,es,2.250519116,en [SEP] El avión está ahí en lo alto por encima de las nubes ¿ves? [SEP] h___ [SEP] high
3290,es,-0.21395893,comprimido [SEP] Actualmente se permite que los neumáticos sean inflados con aire comprimido [SEP] c_________ [SEP] compressed
3291,es,-2.384821147,empujar [SEP] ¿Por qué me has tenido que empujar con fuerza? Casi me caigo a la vía del tren. [SEP] s____ [SEP] shove
3292,es,-1.664025962,incómodamente [SEP] Su comentario fue incómodamente cierto. [SEP] u____________ [SEP] uncomfortably
3293,es,-2.369256402,obligación [SEP] La obligación de llevar esta tarea a cabo es de los jefes de departamento. [SEP] r_____________ [SEP] responsibility
3294,es,-3.981640691,"censurar [SEP] Antes de censurar a Leopoldo, deberías enterarte de lo que pasó. [SEP] c______ [SEP] condemn"
3295,es,0.711928149,científico [SEP] El científico que más me gusta es Stephen Hawking. [SEP] s________ [SEP] scientist
3296,es,1.342755395,subterráneo [SEP] El pasaje subterráneo fue construido por mineros. [SEP] u__________ [SEP] underground
3297,es,-2.380835979,"enfermería [SEP] Me gusta mucho la enfermería, me parece un trabajo importantísimo. [SEP] n______ [SEP] nursing"
3298,es,1.624657943,embotellada [SEP] Me gusta más la cerveza embotellada que la de grifo. [SEP] b______ [SEP] bottled
3299,es,-2.255000344,licencia [SEP] El producto está protegido por una licencia que le da el poder absoluto de comercialización [SEP] p_____ [SEP] patent
3300,es,1.913891117,telégrafo [SEP] El telégrafo usa el código morse para la comunicación [SEP] t________ [SEP] telegraph
3301,es,2.395357997,fuera [SEP] Salimos fuera al jardín para ver las estrellas. [SEP] o__ [SEP] out
3302,es,0.932552319,fragmentación [SEP] El presidente intentó evitar la fragmentación de la compañía partes pero fue imposible. [SEP] f____________ [SEP] fragmentation
3303,es,-1.011420171,arroyo [SEP] Hay un arroyo que pasa por mi jardin. [SEP] s_____ [SEP] stream
3304,es,-1.263394031,de [SEP] Los resultados se publican en orden de número. [SEP] n________ [SEP] numerical
3305,es,-0.742902295,dedicado [SEP] Mi suegro está absolutamente dedicado a su mujer.  La quiere muchísimo. [SEP] d______ [SEP] devoted
3306,es,2.957108228,carta [SEP] Recibí una carta de mi madre el otro día. [SEP] l_____ [SEP] letter
3307,es,-3.012130957,considerablemente [SEP] Nuestro nivel de vida ha mejorado considerablemente desde entonces. [SEP] s____________ [SEP] substantially
3308,es,-1.586175981,que [SEP] Tengo la suerte de tener unos padres que dan apoyo en todo lo que hago. [SEP] s_________ [SEP] supportive
3309,es,1.554711623,patético [SEP] El payaso hizo un show un poco patético nadie se rió de sus chistes [SEP] p_______ [SEP] pathetic
3310,es,-1.864663365,"origen [SEP] Estoy muy orgullosa de mi origen racial, que es china, y mantengo muchas costumbres de mis padres. [SEP] e________ [SEP] ethnicity"
3311,es,-0.142636728,humanitario [SEP] Vamos a realizar una maratón para recoger fondos para la ayuda humanitaria en Siria [SEP] h___________ [SEP] humanitarian
3312,es,0.15842428,revólver [SEP] Sacó un revólver y amenazó a todos los clientes del banco. [SEP] p_____ [SEP] pistol
3313,es,1.523899304,preparado [SEP] Creo que estoy bien preparado para el examen. [SEP] r____ [SEP] ready
3314,es,-0.408464086,delincuente [SEP] Es un delincuente muy peligroso así que no se acerquen a él por favor. [SEP] c_______ [SEP] criminal
3315,es,0.171885363,lugar [SEP] El lugar natural del oso panda es un bosque de bambú. [SEP] h______ [SEP] habitat
3316,es,2.917354755,tocar [SEP] Tienes que tocar la pantalla para iniciar el juego. [SEP] t____ [SEP] touch
3317,es,-1.104533658,"colaboración [SEP] En cualquier lugar de trabajo, la colaboración es fundamental. [SEP] c__________ [SEP] cooperation"
3318,es,2.899695812,fax [SEP] Tenemos un fax en la oficina pero no lo usamos. [SEP] f__ [SEP] fax
3319,es,-4.107576321,contrincante [SEP] El contrincante de Nadal estudió todos sus movimientos antes de la partida. [SEP] c_________ [SEP] challenger
3320,es,-0.900822822,restos [SEP] Los restos de la antigua ciudad aún son admirados hoy en día. [SEP] r______ [SEP] remains
3321,es,0.367097883,solicitud [SEP] ¿Han recibido mi solicitud para el curso? [SEP] a__________ [SEP] application
3322,es,-2.228453044,ampliación [SEP] Examinaron los insectos bajo ampliación con un miscroscopio. [SEP] m____________ [SEP] magnification
3323,es,-1.979926943,indicación [SEP] La primera indicación en el prospecto del medicamento dice que no es para niños. [SEP] i__________ [SEP] instruction
3324,es,-1.253266323,carretilla [SEP] Iban los caballos tirando de la carretilla que iba para el mercado [SEP] c___ [SEP] cart
3325,es,0.599432445,tentempié [SEP] Sólo tengo tiempo tomar un tentempié a media mañana. [SEP] s____ [SEP] snack
3326,es,-2.386238638,animosidad [SEP] Sentí cierta animosidad cuando entramos en la sala de la reunión. [SEP] h________ [SEP] hostility
3327,es,0.129486902,forma [SEP] Bailan de una forma muy elegante. [SEP] m_____ [SEP] manner
3328,es,-0.461150747,mito [SEP] Papá Noel es solo un mito que todos los niños creen [SEP] m___ [SEP] myth
3329,es,2.085288588,"boca [SEP] Abre la boca, quiero verte las muelas. [SEP] m____ [SEP] mouth"
3330,es,-0.380763506,cocina [SEP] Hace unos años era normal que las niñas estudiaran cocina. [SEP] c______ [SEP] cooking
3331,es,-3.58022083,alentadora [SEP] Es una profesora alentadora y es la mejor que he tenido. [SEP] s__________ [SEP] stimulating
3332,es,-1.334860887,intoxicación [SEP] Fue pollo en mal estado que causó el intoxicación masiva en el hospital. [SEP] p________ [SEP] poisoning
3333,es,2.417365394,señor [SEP] Los campesinos pidieron al señor del castillo permiso para coger manzanas. [SEP] l___ [SEP] lord
3334,es,-1.41524418,recambio [SEP] Quiero saber quién se va a encargar de pagar el recambio de todas las piezas estropeadas. [SEP] r__________ [SEP] replacement
3335,es,-3.123578397,de [SEP] Creo que ha habido críticas de sobra. [SEP] e_____ [SEP] excess
3336,es,-0.75942556,certamen [SEP] Mi hermana es la ganadora del certamen de poesía. [SEP] c______ [SEP] contest
3337,es,-1.156415399,avisar [SEP] Tendremos que avisar al banco de nuestro cambio de dirección. [SEP] n_____ [SEP] notify
3338,es,-0.658991177,digno [SEP] El profesionalismo de los dos equipos es digno de alabanza. [SEP] w_____ [SEP] worthy
3339,es,0.402389881,fluir [SEP] Se oía el fluir de un pequeño arroyo cercano. [SEP] f___ [SEP] flow
3340,es,0.467317302,transmisión [SEP] Prefiero recibir el dinero por transmisión bancaria por favor. [SEP] t_______ [SEP] transfer
3341,es,-1.158638199,implicar [SEP] El gobierno quiere implicar a la juventud en la política. [SEP] i______ [SEP] involve
3342,es,4.062043496,oeste [SEP] Vivimos en un pueblo al oeste de Madrid. [SEP] w___ [SEP] west
3343,es,1.601055886,matemáticas [SEP] El estudio de las matemáticas es fundamental en ingenieria [SEP] m__________ [SEP] mathematics
3344,es,-2.601042644,"digno [SEP] Es un hombre digno, además está casado y no creo absolutamente nada de los cotilleos que se han dicho. [SEP] r__________ [SEP] respectable"
3345,es,-2.847547138,condolencia [SEP] Nuestra condolencia a tu madre por la muerte de su hermano. [SEP] s_______ [SEP] sympathy
3346,es,-2.286065103,efectivamente [SEP] El empleado trabaja muy efectivamente. [SEP] e__________ [SEP] efficiently
3347,es,-2.679145425,pronóstico [SEP] No todos están de acuerdo con el pronóstico sobre la mejora de la economía del gobierno. [SEP] p_________ [SEP] prediction
3348,es,0.890141311,la [SEP] La más cerca de todas las tiendas es la de la esquina. [SEP] c______ [SEP] closest
3349,es,-1.896377498,dominar [SEP] Algunos personas son capaces de dominar muchos idiomas diferentes [SEP] m_____ [SEP] master
3350,es,2.913059047,ambos [SEP] Esperamos contestaciones claras en ambos casos. [SEP] b___ [SEP] both
3351,es,-2.48401097,"balancín [SEP] Hay que arreglar el balancín de este sillón, está estropeado. [SEP] r_____ [SEP] rocker"
3352,es,-0.056516091,reunirse [SEP] Una muchedumbre empezó a reunirse en la plaza. [SEP] g_____ [SEP] gather
3353,es,2.608735566,pensar [SEP] Los padres suelen pensar en el futuro de sus hijos. [SEP] t____ [SEP] think
3354,es,-0.968295272,ampliada [SEP] La fecha tope está ampliada hasta el viernes. [SEP] e_______ [SEP] extended
3355,es,-0.896098881,repartir [SEP] Tienen que repartir los folletos en la puerta del colegio. [SEP] d_________ [SEP] distribute
3356,es,-0.485361039,tiempo [SEP] El nuevo equipo necesita un tiempo de transición. [SEP] p_____ [SEP] period
3357,es,2.874137897,ópera [SEP] La Flauta Mágica' es una ópera famosa y además muy divertida. [SEP] o____ [SEP] opera
3358,es,-1.657808205,saga [SEP] ¿Has visto la saga en la tele sobre una familia dividida por el conflicto de tierras? [SEP] s_____ [SEP] series
3359,es,-1.280458245,favorablemente [SEP] La reunión terminó favorablemente para todos. [SEP] p_________ [SEP] positively
3360,es,1.861166279,tocar [SEP] Hay que tocar el timbre para que venga el mayordomo. [SEP] r___ [SEP] ring
3361,es,1.945661275,firmar [SEP] El comprador tuvo que firmar todas las páginas del contrato. [SEP] s___ [SEP] sign
3362,es,1.471272205,Adicto [SEP] Ese chico es adicto al computador y los videojuegos [SEP] a_____ [SEP] addict
3363,es,0.770946999,"afortunadamente [SEP] Afortunadamente, nunca he sufrido de alergias producto de la primavera. [SEP] f__________ [SEP] fortunately"
3364,es,0.808770941,pegatina [SEP] La niña tiene un álbum dónde va a poner la pegatina. [SEP] s______ [SEP] sticker
3365,es,0.925949688,meterse [SEP] Estaban intentando meterse en el metro pero no había sitio. [SEP] e____ [SEP] enter
3366,es,-0.231704434,zumbir [SEP] Me encanta oír zumbir a las abejas en el verano. [SEP] b___ [SEP] buzz
3367,es,-0.137327494,fuente [SEP] Serví la lasaña en una fuente de cerámica muy bonita. [SEP] d___ [SEP] dish
3368,es,-2.61321366,achacar [SEP] No se puede achacar todos sus problemas a la mala suerte. [SEP] a________ [SEP] attribute
3369,es,1.542281915,"valor [SEP] Este anillo tiene mucho valor para mí, era de mi abuela. [SEP] v____ [SEP] value"
3370,es,-1.625215074,receta [SEP] La bebida es elaborada siguiendo una receta secreta. [SEP] f______ [SEP] formula
3371,es,1.047445063,"con [SEP] Me tengo que poner a régimen, estoy un poco con sobrepeso. [SEP] o_________ [SEP] overweight"
3372,es,-2.605560891,impulso [SEP] Ahora es tiempo de crear impulso y producir resultados duraderos. [SEP] m_______ [SEP] momentum
3373,es,-2.505493733,llamadas [SEP] Algunas páginas web utilizan las llamadas 'cookies' para recabar información sobre nosotros. [SEP] s________ [SEP] so-called
3374,es,-1.716685556,"extrañamente [SEP] Extrañamente, no me acuerdo de él en absoluto. [SEP] c________ [SEP] curiously"
3375,es,-2.781372643,plana [SEP] Coloqué la cámara sobre una roca plana. [SEP] l____ [SEP] level
3376,es,0.256140839,poco [SEP] Tiene una forma poco convencional de vestir. [SEP] u_____________ [SEP] unconventional
3377,es,2.765407128,novio [SEP] Te voy a presentar a mi novio. [SEP] b________ [SEP] boyfriend
3378,es,-2.603329855,oficial [SEP] El niño está bajo el cuidado oficial de los servicios sociales. [SEP] i____________ [SEP] institutional
3379,es,-1.561132678,interpretación [SEP] la interpretación del profesor cambió pocas cosas. [SEP] a_____ [SEP] acting
3380,es,-0.821763527,"inicialmente [SEP] Inicialmente, quería volar a Francia, pero luego decidí ir a Italia [SEP] o_________ [SEP] originally"
3381,es,0.874216774,respirar [SEP] Hay tanta contaminación que da hasta miedo respirar. [SEP] b______ [SEP] breathe
3382,es,3.755332523,"trabajo [SEP] Me voy, que tengo que terminar este trabajo para hoy. [SEP] w___ [SEP] work"
3383,es,-0.825352039,vigilancia [SEP] Recogimos casi toda la información de los gorilas a través de la vigilancia directa. [SEP] o__________ [SEP] observation
3384,es,0.291312304,partir [SEP] ¿A qué hora tendríamos que partir para llegar al barco a tiempo? [SEP] d_____ [SEP] depart
3385,es,-0.949685799,esquema [SEP] El profesor les hizo una esquema del tema en la pizarra. [SEP] d______ [SEP] diagram
3386,es,1.02627163,creyente [SEP] Mi abuela es creyente y va a la iglesia todos los domingos. [SEP] b_______ [SEP] believer
3387,es,-1.346556032,sumidero [SEP] Tuve que desatascar el sumidero de la ducha. [SEP] d____ [SEP] drain
3388,es,1.251138779,habitual [SEP] Es habitual encontrarse cansado después de un viaje tan largo. [SEP] n_____ [SEP] normal
3389,es,-0.95079549,complacencia [SEP] Mi sueño se hizo realidad y sentí una gran complacencia. [SEP] s___________ [SEP] satisfaction
3390,es,0.42719338,hígado [SEP] El hígado de pato se usa para hacer fuagrás. [SEP] l____ [SEP] liver
3391,es,-1.146208194,cubierta [SEP] Estábamos en cubierta cuando empezó la tormenta. [SEP] d___ [SEP] deck
3392,es,3.496794032,ambulancia [SEP] La clínica necesita urgentemente una ambulancia para trasladar a los pacientes. [SEP] a________ [SEP] ambulance
3393,es,3.336686476,taza [SEP] ¿Quieres una taza de té? [SEP] c__ [SEP] cup
3394,es,1.693960806,frase [SEP] Una frase es un conjunto de palabras que tiene sentido. [SEP] s_______ [SEP] sentence
3395,es,0.932320524,llegada [SEP] Todos esperamos la llegada del invitado de honor. [SEP] a______ [SEP] arrival
3396,es,-0.474786774,percibir [SEP] Las pruebas estas están diseñadas para percibir la enfermedad cuanto antes. [SEP] d_____ [SEP] detect
3397,es,1.694440842,"tipo [SEP] Pedro es un tipo muy majo, me cae muy bien. [SEP] g__ [SEP] guy"
3398,es,0.156169419,casillero [SEP] Guardé mis cosas en el casillero antes de ir a clase. [SEP] l_____ [SEP] locker
3399,es,-4.535128951,intencionado [SEP] Ha sido un acto intencionado de vandalismo. [SEP] d___________ [SEP] deliberately
3400,es,0.655896778,edificar [SEP] ¿Cuándo van a empezar a edificar la torre de control? [SEP] c________ [SEP] construct
3401,es,-3.934244918,golpear [SEP] No se debe golpear la mesa con el puño en una reunión. [SEP] b___ [SEP] bang
3402,es,-0.877744725,ritmo [SEP] Empezamos la carrera a un ritmo bastante suave. [SEP] p___ [SEP] pace
3403,es,-3.536084334,elocuente [SEP] Es una persona muy elocuente que transmite sus ideas de una forma muy viva. [SEP] e_________ [SEP] expressive
3404,es,3.12337337,escritor [SEP] Un renombrado escritor será el ponente principal del evento. [SEP] w_____ [SEP] writer
3405,es,2.253939012,"equilibrio [SEP] La novela consigue un buen equilibrio entre el drama y la comedia, [SEP] b______ [SEP] balance"
3406,es,0.593685354,agradecido [SEP] Está muy agradecido de lo que han hecho por él. [SEP] t_______ [SEP] thankful
3407,es,2.121721462,calcetín [SEP] ¿Es tuyo este calcetín?  Estaba debajo de la cama. [SEP] s___ [SEP] sock
3408,es,2.943937076,árabe [SEP] Los árabes son unas personas muy inteligentes para los negocios [SEP] a___ [SEP] arab
3409,es,-0.818652772,razonable [SEP] Es una solución razonable al problema. [SEP] l______ [SEP] logical
3410,es,-2.436280091,aplicar [SEP] La policía tiene que aplicar la nueva ley. [SEP] e______ [SEP] enforce
3411,es,-1.385039936,evangelio [SEP] El evangelio según San Lucas nos cuenta la historia de la navidad. [SEP] g_____ [SEP] gospel
3412,es,-0.933109021,"piloto [SEP] Hoy día, el piloto de un barco lo tiene mucho más fácil para evitar las colisiones en alta mar. [SEP] n________ [SEP] navigator"
3413,es,0.544681011,"plancha [SEP] Si no hago la plancha hoy, no voy a tener ropa para la semana que viene. [SEP] i______ [SEP] ironing"
3414,es,-0.607588954,caerse [SEP] Después del terremoto el edificio no tardó en caerse. [SEP] c_______ [SEP] collapse
3415,es,-0.572614366,increíble [SEP] Me parece increíble que se haya ido. [SEP] u___________ [SEP] unbelievable
3416,es,2.623539727,sandía [SEP] La sandía es muy buena en verano para quitar la sed. [SEP] w_________ [SEP] watermelon
3417,es,-2.465004287,incluida [SEP] La bicicleta tiene la silla de seguridad incluida en la esctructura. [SEP] i___________ [SEP] incorporated
3418,es,-1.514731262,dinamitar [SEP] Los mineros se dieron cuenta que habría que dinamitar la roca para sacar el oro. [SEP] d_______ [SEP] dynamite
3419,es,0.566200916,diente [SEP] Se le ha caído un diente a mi hija esta mañana. [SEP] t____ [SEP] tooth
3420,es,-3.494448686,irrelevante [SEP] No me gusta perder el tiempo hablando de un tema irrelevante como este. [SEP] i____________ [SEP] insignificant
3421,es,0.042209277,agrio [SEP] El limón es demasiado agrio para mi gusto. [SEP] s___ [SEP] sour
3422,es,2.485928669,ruso [SEP] La modelo rusa es muy famosa por sus curvas y su belleza exótica [SEP] r______ [SEP] russian
3423,es,-1.012470221,"antiguo [SEP] Este edificio es muy antiguo, del tiempo de los romanos. [SEP] a______ [SEP] ancient"
3424,es,1.023259219,suelo [SEP] La falda es muy larga.  Llega hasta el suelo. [SEP] g_____ [SEP] ground
3425,es,1.142578627,multiplicación [SEP] de las células conduce al crecimiento. [SEP] m_____________ [SEP] multiplication
3426,es,1.88544923,enseñanza [SEP] La enseñanza es una profesión muy bonita. [SEP] t_______ [SEP] teaching
3427,es,-3.405834882,radio [SEP] Se me rompió un radio de la rueda delantera de la bici y tuve que parar. [SEP] s____ [SEP] spoke
3428,es,-2.50115332,elegante [SEP] Mi madre siempre fue muy elegante. [SEP] s______ [SEP] stylish
3429,es,-1.419248275,lanzadera [SEP] El tren lanzadera que va y viene del aeropuerto es fenomenal. [SEP] s______ [SEP] shuttle
3430,es,-0.76967743,factor [SEP] La prevención es un factor clave en la asistencia médica. [SEP] e______ [SEP] element
3431,es,-1.297894139,"agrietada [SEP] No te procupes por haber roto la taza, ya estaba agrietada. [SEP] c______ [SEP] cracked"
3432,es,0.294850365,posible [SEP] La casa está claramente posible de ver desde la playa. [SEP] v______ [SEP] visible
3433,es,-0.416829504,probador [SEP] Trabajé como probador de videojuegos durante dos años. [SEP] t_____ [SEP] tester
3434,es,0.264876585,empresa [SEP] Las compañías pequeñas se fusionaron para formar una empresa más grande. [SEP] e_________ [SEP] enterprise
3435,es,1.533906462,fascinación [SEP] Mi fascinación  por los planetas empezó cuando era muy pequeño. [SEP] f__________ [SEP] fascination
3436,es,0.930004166,perder [SEP] Procura no perder el pasaporte durante el viaje. [SEP] l___ [SEP] lose
3437,es,-4.996786942,"reflexionar [SEP] Se puso a reflexionar sobre los motivos de su separación, y empezó a comprender. [SEP] r_____ [SEP] reason"
3438,es,0.953689723,sillón [SEP] Este es mi sillón favorito. [SEP] a_______ [SEP] armchair
3439,es,-1.125842912,"sobre [SEP] Po favor, coloca los libros sobre el segundo estante. [SEP] o___ [SEP] onto"
3440,es,0.473463711,montar [SEP] Me van a montar un jacuzzi en el cuarto de baño. [SEP] i______ [SEP] install
3441,es,0.029796222,helar [SEP] Hace tanto frío que creo que se me van a helar los pies. [SEP] f_____ [SEP] freeze
3442,es,-1.350202235,reacio [SEP] El jefe era reacio a delegar parte de sus responsabilidades. [SEP] r________ [SEP] reluctant
3443,es,0.292493407,abuelo [SEP] Un abuelo o abuela puede hacer un papel importantísimo en la vida de una persona. [SEP] g__________ [SEP] grandparent
3444,es,-1.336980732,compuesto [SEP] El agua es un compuesto de oxígeno e hidrógeno. [SEP] c_______ [SEP] compound
3445,es,0.772478855,muchas [SEP] Había muchas personas en la fiesta. [SEP] l___ [SEP] lots
3446,es,-0.822765989,aliño [SEP] He hecho un aliño especial para la ensalada. [SEP] d_______ [SEP] dressing
3447,es,2.110576106,grasa [SEP] Las verduras son sanas porque no tienen grasa. [SEP] f__ [SEP] fat
3448,es,-0.551853699,enormemente [SEP] La reacción de la gente con la película ha variado enormemente en los últimos años. [SEP] g______ [SEP] greatly
3449,es,0.937573976,calladamente [SEP] Se manifestaron calladamente por las calles del centro. [SEP] s_______ [SEP] silently
3450,es,2.181482688,forzar [SEP] Habrá que forzar al presidente a dimitir de su cargo. [SEP] f____ [SEP] force
3451,es,2.028404436,oveja [SEP] El cuento es sobre una oveja que ha perdido su corderito. [SEP] s____ [SEP] sheep
3452,es,0.560232776,investigador [SEP] El concienzudo trabajo del investigador constituyó un gran avance. [SEP] r_________ [SEP] researcher
3453,es,3.063939122,arco [SEP] El arco de la puerta estaba decorada con flóres [SEP] a__ [SEP] arc
3454,es,4.130850452,mi [SEP] Mi madre era de Murcia pero vivió en Madrid. [SEP] m_ [SEP] my
3455,es,1.013059413,fundador [SEP] Para ser el fundador de una empresa debes ser una persona con grandes cualidades de negocio y liderazgo [SEP] f______ [SEP] founder
3456,es,-2.631440673,sector [SEP] Los cambios sólo afectarán a un sector de la población. [SEP] s______ [SEP] segment
3457,es,-0.920679605,porcelana [SEP] Hay que lavar esta porcelana a mano ya que es un poco delicada. [SEP] c____ [SEP] china
3458,es,3.068958462,casa [SEP] Vivimos en una casa en un pueblo cerca de Madrid. [SEP] h____ [SEP] house
3459,es,-0.472094574,prueba [SEP] Tengo una prueba para un papel en una película mañana. [SEP] a_______ [SEP] audition
3460,es,1.480331124,cambiar [SEP] Después de la caída de la URSS el nuevo regimen decidió cambiar el nombre de muchas calles de Moscú. [SEP] r_____ [SEP] rename
3461,es,1.503299429,pie [SEP] Me he torcido un pie y me duele muchísimo. [SEP] f___ [SEP] foot
3462,es,-2.565690575,aparente [SEP] La compañía había creado un monopolio aparente en la ciudad. [SEP] v______ [SEP] virtual
3463,es,-3.592889783,desplazamiento [SEP] Acabo de aceptar un desplazamiento al extranjero. [SEP] p______ [SEP] posting
3464,es,-1.094474945,entrada [SEP] La entrada al teatro está costosa [SEP] a_____ [SEP] access
3465,es,2.823368497,vodka [SEP] El voda con naranja estaba de moda en los setenta. [SEP] v____ [SEP] vodka
3466,es,1.046645888,dióxido [SEP] Los automoviles producen una gran cantidad de dióxido de carbono. [SEP] d______ [SEP] dioxide
3467,es,0.197282563,"insensible [SEP] Raul es un poco insensible y desconsiderado,  no tiene en cuenta los sentimientos de los demás. [SEP] i__________ [SEP] insensitive"
3468,es,-1.73689881,nervioso [SEP] Siempre me siento un poco nervioso antes de hacer una presentación. [SEP] t____ [SEP] tense
3469,es,3.357971502,"padre [SEP] Mi padre siempre me da buenos consejos, y mi madre también [SEP] f_____ [SEP] father"
3470,es,1.759875859,ruidoso [SEP] ¡Qué grupo de niños más ruidoso! [SEP] n____ [SEP] noisy
3471,es,-2.64912817,"árbitro [SEP] En este caso, nuestro país tendrá que hacer el papel de árbitro. [SEP] m________ [SEP] moderator"
3472,es,-0.684369097,rechazar [SEP] La empresa no tuvo más remedio que rechazar la solicitud. [SEP] r_____ [SEP] reject
3473,es,1.020503495,alguien [SEP] ¿Hay alguien ahí? [SEP] a______ [SEP] anybody
3474,es,0.038222967,poner [SEP] La policíap puso en la lista negra al asesino en serie [SEP] b________ [SEP] blacklist
3475,es,2.951176824,a [SEP] A veces echo de menos mi país. [SEP] s________ [SEP] sometimes
3476,es,1.096171136,cacahuete [SEP] Me encanta tomar algún cacahuete que otro con la cerveza. [SEP] p_____ [SEP] peanut
3477,es,-1.152357923,catálogo [SEP] Hay una catálogo de todas la obras expuestas en la exposición. [SEP] i____ [SEP] index
3478,es,-2.112704984,repetición [SEP] Esperemos que este nuevo procedimiento nos ayude a evitar la repetición de las tareas. [SEP] d__________ [SEP] duplication
3479,es,-2.514222726,"fastidio [SEP] Se dio cuenta, con una sensación de fastidio, que no habían enviado la carta. [SEP] i_________ [SEP] irritation"
3480,es,1.134240713,autobiografía [SEP] La autobiografía hace pate e los generos literarios [SEP] a____________ [SEP] autobiography
3481,es,2.509772843,pasaporte [SEP] Tendremos que presentar nuestro pasaporte para viajar en la frontera. [SEP] p_______ [SEP] passport
3482,es,3.097043457,"odiar [SEP] He dejado de odiar a mi exmarido, ahora nos llevamos bien. [SEP] h___ [SEP] hate"
3483,es,-0.936610964,"hipotético [SEP] Vamos a pensar en el caso hipotético de Amalia, que afronta una situación difícil. [SEP] h___________ [SEP] hypothetical"
3484,es,-0.383157961,bajar [SEP] El avión empezó a bajar de una forma espantosa. [SEP] d______ [SEP] descend
3485,es,-2.313384795,prestar [SEP] Los países cercanos van a tener que prestar ayuda a miles de personas sin hogar. [SEP] r_____ [SEP] render
3486,es,-2.296017405,refugio [SEP] El hotel es un refugio de paz y tranquilidad. [SEP] h____ [SEP] haven
3487,es,-2.833790975,manifestión [SEP] Había una manifestación de votantes del partido en la puerta del hotel. [SEP] r____ [SEP] rally
3488,es,0.935676431,cohete [SEP] La agencia espacial lanzará un cohete el mes que viene. [SEP] r_____ [SEP] rocket
3489,es,-1.454196484,embolia [SEP] Sufrió una embolia que le dejó sin poder hablar. [SEP] s_____ [SEP] stroke
3490,es,0.791614185,agresivo [SEP] Su marido era un hombre muy agresivo. [SEP] v______ [SEP] violent
3491,es,1.677799633,cargador [SEP] Espero que tengan un cargador para el telefóno en el hotel. [SEP] c______ [SEP] charger
3492,es,0.528933124,asustado [SEP] Mi hijo estuvo tan asustado en el circo que nos tuvimos que marchar. [SEP] a_____ [SEP] afraid
3493,es,3.580361366,social [SEP] Los ciudadanos deben hacer trabajo social una vez al mes [SEP] s_____ [SEP] social
3494,es,3.471191156,tiempo [SEP] Iba a ir al gimnasio pero no tengo tiempo. [SEP] t___ [SEP] time
3495,es,-1.169916984,inquietud [SEP] Expresó su inquietud por el futuro. [SEP] a______ [SEP] anxiety
3496,es,2.185945073,cometa [SEP] El 'Hayley' es uno de los más famosos cometas que hay. [SEP] c____ [SEP] comet
3497,es,0.995033944,suma [SEP] La suma de todo el trabajo está explicada en la factura. [SEP] t____ [SEP] total
3498,es,-3.657230258,aprovechar [SEP] Tenemos que aprovechar todo nuestro potencial. [SEP] e______ [SEP] exploit
3499,es,-0.08866878,capa [SEP] Este postre tiene una capa de crema en medio. [SEP] l____ [SEP] layer
3500,es,-1.752760031,azotar [SEP] En la Edad Media era corriente azotar a los criminales. [SEP] w___ [SEP] whip
3501,es,-2.42583043,plantilla [SEP] Vamos a ampliar la plantilla de empleados de la empresa el año que viene. [SEP] p________ [SEP] personnel
3502,es,0.472967547,patrocinar [SEP] Voy a patrocinar un evento deportivo para personas con necesidades especiales. [SEP] s______ [SEP] sponsor
3503,es,2.535096019,taberna [SEP] Quedamos en la taberna de Pepe a las doce. [SEP] b__ [SEP] bar
3504,es,2.305600609,esta [SEP] Vamos al cine esta noche. [SEP] t______ [SEP] tonight
3505,es,0.156379252,pirámide [SEP] Iremos a Egipto a conocer las pirámides [SEP] p______ [SEP] pyramid
3506,es,2.066281464,saudí [SEP] El presiente saudí hizo una visita de estado en Francia y España [SEP] s____ [SEP] saudi
3507,es,1.972591597,abogado [SEP] El abogado invocó varias leyes para defender a su cliente. [SEP] l_____ [SEP] lawyer
3508,es,-1.958985753,señal [SEP] Podéis empezar la carrera tras mi señal. [SEP] c__ [SEP] cue
3509,es,-0.621438695,creado [SEP] El grupo está creado desde hace muchos años. [SEP] f_____ [SEP] formed
3510,es,-3.317278246,apuntalar [SEP] La casa está en tan malas condiciones que habrá que apuntalarla. [SEP] p___ [SEP] prop
3511,es,-0.468008895,documentación [SEP] ¿Me enseña la documentación por favor? [SEP] i_____________ [SEP] identification
3512,es,-0.909849845,imantado [SEP] El cierre del bolso está imantado. [SEP] m_______ [SEP] magnetic
3513,es,4.165441357,federal [SEP] Alemania es una república federal. [SEP] f______ [SEP] federal
3514,es,-0.224776317,condiciones [SEP] Las condiciones de acuerdo siguen siendo las del año pasado. [SEP] t____ [SEP] terms
3515,es,0.30498256,comercializar [SEP] Mi empresa va a comercializar un producto nuevo este año [SEP] m_____ [SEP] market
3516,es,-0.1405215,tranquilizador [SEP] Para mí no hay nada tan tranquilizador como un buen paseo por la ciudad. [SEP] r_______ [SEP] relaxing
3517,es,-0.434945211,debajo [SEP] El sótano está debajo de la casa. [SEP] u_________ [SEP] underneath
3518,es,-1.575230133,agarrar [SEP] Le vi agarrar la mano del director y rogarle que no le despidiera. [SEP] g____ [SEP] grasp
3519,es,-2.949803238,escape [SEP] Me siento bien cuando hago deporte: es mi escape emocional. [SEP] o_____ [SEP] outlet
3520,es,0.676545858,eléctrica [SEP] Ha habido una falla electrica en la máquina del tren. [SEP] e_________ [SEP] electrical
3521,es,1.803088602,charlar [SEP] Me encanta charlar con mis amigas tomando un café en la plaza. [SEP] c___ [SEP] chat
3522,es,3.555353506,jardín [SEP] Mi casa tiene un jardín precioso con muchas flores. [SEP] g_____ [SEP] garden
3523,es,0.507925926,inyectar [SEP] Tuvimos que inyectar a mi hijo con peniscilina para el tratamiento del virus [SEP] i_____ [SEP] inject
3524,es,0.202448536,asunto [SEP] El comité hablará del asunto durante la próxima reunión. [SEP] m_____ [SEP] matter
3525,es,1.139922248,sujetar [SEP] Me tienes que sujetar las bolsas mientras encuentro las llaves. [SEP] h___ [SEP] hold
3526,es,0.16190639,púgil [SEP] El púgil entró en el ring luciendo un albornoz dorado. [SEP] b____ [SEP] boxer
3527,es,2.573333448,celebridad [SEP] Quisiera casarme con una celebridad del cine para poder ir a las galas [SEP] c________ [SEP] celebrity
3528,es,-1.70128168,atletismo [SEP] El atletismo hace parte de los juegos olimpicos [SEP] a________ [SEP] athletics
3529,es,1.520667928,safari [SEP] Hicimos una safari para ver animales en Kenya el verano pasado. [SEP] s_____ [SEP] safari
3530,es,-0.289449062,venidera [SEP] Los progresos del siglo van a beneficiar a la generación venidera. [SEP] f_____ [SEP] future
3531,es,2.673851959,plano [SEP] ¿Tienes un plano del metro de Madrid? [SEP] m__ [SEP] map
3532,es,-1.662213476,colgada [SEP] La lámpara estaba colgada del techo. [SEP] s________ [SEP] suspended
3533,es,-3.554482368,arrastrarse [SEP] Los gatos suelen arrastrarse muy despacito cuando ven una posible presa. [SEP] c____ [SEP] creep
3534,es,-0.805711401,directivo [SEP] Benito es directivo en una empresa de transporte. [SEP] e________ [SEP] executive
3535,es,-1.818329613,"dominio [SEP] Cuando falleció su padre, todas sus posesiones quedaron bajo el sominio de Isabel [SEP] c______ [SEP] control"
3536,es,-0.802847048,"vencimiento [SEP] El vencimiento de los términos es en dos semanas, debemos darnos prisa [SEP] d_______ [SEP] deadline"
3537,es,0.444727139,obra [SEP] Vamos a ver una obra de teatro de Chejov este fin de semana. [SEP] p___ [SEP] play
3538,es,1.820654733,biografía [SEP] Tuve que leer la biografía del rey de Francia para poder hacer mi trabajo [SEP] b________ [SEP] biography
3539,es,-0.95378421,polémica [SEP] La polémica sobre el cambio de uniforme en el colegio es completamente absurda. [SEP] c__________ [SEP] controversy
3540,es,-0.861938064,"impactar [SEP] El Cañón de Colorado no deja de impactarme, a pesar de haberlo visto varias veces. [SEP] i______ [SEP] impress"
3541,es,-2.473474229,sierra [SEP] Viven en la sierra pero trabajan en la ciudad. [SEP] h_______ [SEP] highland
3542,es,0.635548714,manual [SEP] El manual técnico tiene unas instrucciones muy complicadas. [SEP] g____ [SEP] guide
3543,es,1.725707225,bandera [SEP] Cada país tiene su bandera nacional. [SEP] f___ [SEP] flag
3544,es,2.760064187,ejército [SEP] El ejército adelantó por la derecha. [SEP] a___ [SEP] army
3545,es,1.959178441,enlace [SEP] El enlace a la noticia está publicado en nuestra página web. [SEP] l___ [SEP] link
3546,es,-1.457962659,evasión [SEP] Montaron los presos una gran evasión. [SEP] e_____ [SEP] escape
3547,es,1.198699178,"abrir [SEP] Hay que abrir la puerta con llave, está cerrada. [SEP] u_____ [SEP] unlock"
3548,es,2.33690085,policía [SEP] Trabajar en la policía a veces es complicado. [SEP] p_____ [SEP] police
3549,es,1.469652926,intocable [SEP] Pensaba que era intocable porque era de buena familia. [SEP] u__________ [SEP] untouchable
3550,es,0.967294314,individualismo [SEP] El individualismo de las personas es lo que nos hace únicos [SEP] i____________ [SEP] individualism
3551,es,1.445685132,"mirada [SEP] Me echó una mirada terrible, creo que estaba enfadado. [SEP] l___ [SEP] look"
3552,es,-1.73703632,escuadrón [SEP] El escuadrón de soldados descendió al valle para inspeccionar el terreno. [SEP] t____ [SEP] troop
3553,es,-5.023752631,deshacerse [SEP] Está intentando deshacerse de su mala reputación. [SEP] s___ [SEP] shed
3554,es,-2.339095236,"asimismo [SEP] Doné dinero a la biblioteca.  Además, doné algunos libros. [SEP] a___________ [SEP] additionally"
3555,es,0.736137797,cura [SEP] El cura de nuestra parroquia dice misa todos los días de la semana. [SEP] p_____ [SEP] priest
3556,es,0.07414809,"techo [SEP] Hay que pintar el techo, está muy sucio. [SEP] c______ [SEP] ceiling"
3557,es,-1.71373131,cautivador [SEP] La novela tiene un argumento cautivador. [SEP] f__________ [SEP] fascinating
3558,es,-0.200547053,"apresurarse [SEP] Tenemos mucho tiempo, no hay que apresurarse. [SEP] r___ [SEP] rush"
3559,es,0.873895689,espiritualidad [SEP] La espirtualidad es un tema importante dentro de la comunidad. [SEP] s___________ [SEP] spirituality
3560,es,2.962411435,granja [SEP] Aprendí a manejar un tractor en la granja de mi tío. [SEP] f___ [SEP] farm
3561,es,-0.406316692,manifestación [SEP] Los estudiantes hicieron una manifestación pacífica en frente del congreso [SEP] p______ [SEP] protest
3562,es,-0.793359459,limitación [SEP] Mi jefe no pone ninguma limitación a lo que hacemos en el área de marketing. [SEP] r__________ [SEP] restriction
3563,es,0.257274052,encuentro [SEP] Tuvimos un breve encuentro en la estación del tren pero me tuve que ir. [SEP] e________ [SEP] encounter
3564,es,-1.298294366,psicológico [SEP] Tu enfermedad es algo psicológico debes ir a un especialista [SEP] p____________ [SEP] psychological
3565,es,-2.438463271,punto [SEP] Cambió de punto de vista luego de que leyera la información recogida [SEP] p__________ [SEP] perspective
3566,es,-0.150003293,camino [SEP] Yo voy a ser cantante de ópera.  Se que es mi camino. [SEP] d______ [SEP] destiny
3567,es,1.375215485,malvado [SEP] Y el mago malvado perdió sus poderes para siempre. [SEP] e___ [SEP] evil
3568,es,0.464900429,padrino [SEP] ¿Quieres ser el padrino de nuestro hija Nieves? [SEP] g________ [SEP] godfather
3569,es,-1.02276159,concurso [SEP] Ha ganado el concurso de cocina. [SEP] c__________ [SEP] competition
3570,es,3.738021298,jazz [SEP] El jazz es conocido por la improvisación y el estilo suave y armonioso del saxofón [SEP] j___ [SEP] jazz
3571,es,-0.062401235,incómodo [SEP] Estaba incómodo durante todo el viaje por el calor que hacía. [SEP] u____________ [SEP] uncomfortable
3572,es,-2.061742149,"indicador [SEP] No tuve ningun indicador de la enfermedad, me lo descubrieron todo en una revisión. [SEP] s______ [SEP] symptom"
3573,es,2.025721388,interrupción [SEP] Hubo una interrupción inesperada en las negociaciones cuando el intérprete se sintió indispuesto. [SEP] i___________ [SEP] interruption
3574,es,-2.741721821,recuperar [SEP] Podemos recuperar la información almacenada del sistema fácilmente. [SEP] r_______ [SEP] retrieve
3575,es,3.402447648,apunte [SEP] Tomé un apunte del teléfono que nos dio el profesor después de la conferencia. [SEP] n___ [SEP] note
3576,es,-0.862262053,sospechosamente [SEP] Nos informa por favor si ve alguien actuar sospechosamente. [SEP] s___________ [SEP] suspiciously
3577,es,3.356469186,poeta [SEP] Juan Adriansens es un poeta que hace versos bastante famoso. [SEP] p___ [SEP] poet
3578,es,-3.12851478,incertidumbre [SEP] No aguantaba la incertidumbre ya más así que se lo pregunté yo misma. [SEP] s_______ [SEP] suspense
3579,es,1.857217447,"cliente [SEP] Aquí en el banco, la que se ocupa del cliente y de sus necesidades es Elisa. [SEP] c_____ [SEP] client"
3580,es,0.708869293,taxi [SEP] Vamos a coger un taxi. [SEP] c__ [SEP] cab
3581,es,0.643273426,rompecorazones [SEP] Pepe tiene fama de ser un rompecorazones. [SEP] h___________ [SEP] heartbreaker
3582,es,-0.734258121,excelente [SEP] Es una novela francamente excelente. [SEP] f___ [SEP] fine
3583,es,-1.373395103,paso [SEP] El paso a la energía sostenible beneficiaría el medio ambiente [SEP] m___ [SEP] move
3584,es,3.339035508,"mostrar [SEP] Le quiero mostrar la foto de sus tíos, es muy bonita. [SEP] s___ [SEP] show"
3585,es,-2.1386767,impresionante [SEP] El partido ha sido impresionante. [SEP] a______ [SEP] awesome
3586,es,-0.368179262,comodidad [SEP] Antes me ponía tacones pero ahora mi comodidad es lo más importante. [SEP] c______ [SEP] comfort
3587,es,2.055318303,de [SEP] Esta alfombra es de Persia. [SEP] p______ [SEP] persian
3588,es,1.437988759,mundial [SEP] El último disco ha sido todo un éxito mundial. [SEP] g_____ [SEP] global
3589,es,-2.325451908,imitado [SEP] Ese sillón es de cuero imitado. [SEP] s________ [SEP] simulated
3590,es,0.126851969,disculpar [SEP] Tienes que disculpar a mi hijo.  Normalmente no es tan maleducado. [SEP] e_____ [SEP] excuse
3591,es,-1.774735988,parte [SEP] Una parte de la prensa se mete mucho con el presidente. [SEP] s______ [SEP] section
3592,es,2.569382571,sushi [SEP] Han abierto un bar de sushi en la esquina de mi casa [SEP] s____ [SEP] sushi
3593,es,1.725851547,currículo [SEP] El gobierno implementó un nuevo curriculo en los colegios estatales [SEP] c_________ [SEP] curriculum
3594,es,-1.056667357,enfoque [SEP] Tenemos que buscar un nuevo enfoque al problema. [SEP] a_______ [SEP] approach
3595,es,-2.776628566,integridad [SEP] Tuvo una vida llena de integridad y bondad. [SEP] v_____ [SEP] virtue
3596,es,-1.397066665,cambiar [SEP] Voy a cambiar de banco para conseguir una mejor tasa de interés. [SEP] s_____ [SEP] switch
3597,es,3.545859802,limpiar [SEP] Me pasé todo el día intentando limpiar esta casa. [SEP] c____ [SEP] clean
3598,es,4.465404635,no [SEP] ¿Te gustó la película? ¡No! [SEP] n_ [SEP] no
3599,es,0.24986669,"además [SEP] El robot puede leer y además, puede hablar. [SEP] f__________ [SEP] furthermore"
3600,es,-1.705369814,palo [SEP] Hay que poner un palo al lado de la planta para que no se caiga. [SEP] p___ [SEP] pole
3601,es,2.862558603,bingo [SEP] Mi abuelo siempre juega al bingo los viernes por la tarde [SEP] b____ [SEP] bingo
3602,es,-0.513835223,imprecisa [SEP] La explicación imprecisa del maestro confundió a algunos alumnos. [SEP] v____ [SEP] vague
3603,es,-1.29802716,presa [SEP] Había tanto agua en el pantano que tuvieron que abrir la presa. [SEP] d__ [SEP] dam
3604,es,0.893292625,"pariente [SEP] Mi tío es mi pariente más cercano, no tengo familia más inmediata. [SEP] r_______ [SEP] relative"
3605,es,-0.100867802,emocionante [SEP] Es emocionante pensar que la semana que viene estaremos en Bogotá. [SEP] e_______ [SEP] exciting
3606,es,0.198248704,secas [SEP] Mi madre me ha regalado unas flores secas muy bonitas. [SEP] d____ [SEP] dried
3607,es,-3.029635017,limpieza [SEP] La limpieza se tendrá que hacer por partes [SEP] c______ [SEP] cleanup
3608,es,0.687794283,crudo [SEP] Este pescado se debe de comer crudo. [SEP] r__ [SEP] raw
3609,es,0.696745648,vena [SEP] Le costó a la enfermera encontrar una buena vena para ponerle la inyección [SEP] v___ [SEP] vein
3610,es,0.357742753,champaña [SEP] Esto se merece una celebración.  ¡Ábre la champaña y brindemos! [SEP] c________ [SEP] champagne
3611,es,-1.582398287,correr [SEP] Los coches empezaron correr muy de prisa en dirección hacia la autopista. [SEP] s____ [SEP] speed
3612,es,0.209471533,mortal [SEP] Esta serpiente escupe un veneno mortal cuando se siente acorralada. [SEP] d_____ [SEP] deadly
3613,es,0.76339986,camión [SEP] Conduzco tan despacio que incluso un día me adelantó un camión. [SEP] t____ [SEP] truck
3614,es,0.653459344,foca [SEP] Vimos una foca tendida sobre las rocas en el mar. [SEP] s___ [SEP] seal
3615,es,-1.999636174,escenario [SEP] La ciudad tendrá un nuevo escenario para los conciertos [SEP] a____ [SEP] arena
3616,es,0.737336944,vida [SEP] Nuestro hotel estaba muy cerca de los clubes y la vida nocturna de Barcelona. [SEP] n________ [SEP] nightlife
3617,es,2.770943933,"nariz [SEP] Violeta tiene la nariz igual que su madre, pequeñita y muy bonita. [SEP] n___ [SEP] nose"
3618,es,-0.860436125,pradera [SEP] El ganado del granjero pasta en la pradera todos los años. [SEP] m_____ [SEP] meadow
3619,es,-1.245444021,piratería [SEP] La página gubernamental está mal diseñada y puede ser víctima de la piratería informática en cualquier momento. [SEP] h______ [SEP] hacking
3620,es,-0.876784197,conciencia [SEP] Hay una falta de conciencia general en el colegio sobre los peligros de la droga [SEP] a________ [SEP] awareness
3621,es,-1.280884557,alfabetización [SEP] La alfabetización es un aspecto crítico de la educación básica. [SEP] l_______ [SEP] literacy
3622,es,0.332854828,fondo [SEP] Hay que llegar al fondo del asunto. [SEP] b_____ [SEP] bottom
3623,es,3.65704792,oreja [SEP] El bebé es precioso pero tiene una oreja un poco más grande que el otro. [SEP] e__ [SEP] ear
3624,es,2.515097871,esperanza [SEP] La esperanza es lo último que se pierde. [SEP] h___ [SEP] hope
3625,es,1.864814938,de [SEP] Le encanta la cocina de Asia en general. [SEP] a____ [SEP] asian
3626,es,-1.380108779,huir [SEP] Tuviero que huir de su país durante la guerra. [SEP] f___ [SEP] flee
3627,es,-1.547706212,dialogar [SEP] El gobierno ha dicho que no quiere dialogar con terroristas. [SEP] n________ [SEP] negotiate
3628,es,-1.456327932,aproximadamente [SEP] La clase dura aproximadamente una hora. [SEP] r______ [SEP] roughly
3629,es,1.217315386,rizarse [SEP] A veces mi pelo parece rizarse con la humedad. [SEP] c___ [SEP] curl
3630,es,2.017749062,luego [SEP] Me duché y luego me acosté. [SEP] t___ [SEP] then
3631,es,-1.205068723,más [SEP] El colegio queda un poco más allá de la iglesia. [SEP] p___ [SEP] past
3632,es,-0.48587588,muy [SEP] Tengo una relación muy familiar con mi prima y la echo mucho de menos. [SEP] i_______ [SEP] intimate
3633,es,-1.273603848,encubierto [SEP] Era un agente encubierto del gobierno ruso. [SEP] u_________ [SEP] undercover
3634,es,-1.592085611,gravemente [SEP] Esta zona está gravemente afectada por el paro. [SEP] s_______ [SEP] severely
3635,es,0.722642171,fidelidad [SEP] ¿Puedo contar con tu fidelidad? [SEP] l______ [SEP] loyalty
3636,es,-0.617017053,"flaco [SEP] El perro estaba un poco flaco, así que le dimos de comer. [SEP] s_____ [SEP] skinny"
3637,es,-1.689963395,pieza [SEP] Tuvo que unir todas las piezas del motor para que volviera a funcionar [SEP] c________ [SEP] component
3638,es,-0.398425814,paralelo [SEP] El trabajo de literatura consistía en hacer un paralelo entre dos obras del siglo XIX [SEP] p_______ [SEP] parallel
3639,es,0.60907113,cosecha [SEP] La cosecha de uva ha sido muy buena este año. [SEP] h______ [SEP] harvest
3640,es,-0.955922682,locura [SEP] Sería una locura hacer el viaje con este tiempo tan malo. [SEP] i_______ [SEP] insanity
3641,es,-0.6255512,sacado [SEP] Ese dato fue sacado del informe del año pasado. [SEP] e________ [SEP] extracted
3642,es,2.400866581,léxico [SEP] Leer te ayudará a aumentar tu léxico. [SEP] v_________ [SEP] vocabulary
3643,es,1.430869902,aviso [SEP] La empresa modificó las condiciones sin previo aviso. [SEP] n_____ [SEP] notice
3644,es,-0.263759722,perjudicial [SEP] Este producto tiene una sustancia bastante perjudicial para la salud. [SEP] h______ [SEP] harmful
3645,es,2.0403911,circo [SEP] Los organizadores decidieron montar el circo en la mitad del parque [SEP] c_____ [SEP] circus
3646,es,-0.816937058,gravar [SEP] El gobierno gravará la canasta familiar por quinta vez en dos años [SEP] t__ [SEP] tax
3647,es,0.366566964,fotográfico [SEP] El rollo fotográfico se dañó cuando lo expuso a la luz del sol [SEP] p___________ [SEP] photographic
3648,es,-0.356933912,"camarón [SEP] Este nuevo plato lleva camarón, pulpo, langosta y pasta. [SEP] s_____ [SEP] shrimp"
3649,es,0.510976719,desfile [SEP] Este año el desfile seguirá un recorrido muy largo [SEP] p_____ [SEP] parade
3650,es,1.303852342,daños [SEP] La casa sufrió muchos daños en el terremoto de ayer. [SEP] d_____ [SEP] damage
3651,es,0.993264325,"sospechar [SEP] Sin sospechar nada, abrió la puerta y se metió en la fiesta sorpresa. [SEP] s______ [SEP] suspect"
3652,es,0.815303232,pasillo [SEP] El despacho está al final del pasillo. [SEP] c_______ [SEP] corridor
3653,es,3.655357278,cantar [SEP] De niña le gustaba cantar en la iglesia. [SEP] s___ [SEP] sing
3654,es,-1.530698338,compañero [SEP] Mi antiguo compañero de estudio ahora es mi jefe. [SEP] f_____ [SEP] fellow
3655,es,-2.341362054,lado [SEP] Incluso las peores situaciones tienen un lado positivo. [SEP] u_____ [SEP] upside
3656,es,-1.754930779,raro [SEP] ¡Qué raro es este pájaro! Tiene muchísimos colores. [SEP] e_____ [SEP] exotic
3657,es,-0.426109023,al [SEP] El ganador del sorteo fue elegido al azar. [SEP] r_______ [SEP] randomly
3658,es,0.507035032,electrónicamente [SEP] Vamos a procesar estos datos electrónicamente [SEP] e_____________ [SEP] electronically
3659,es,0.752172253,esperar [SEP] Esperar recibir la subida salarial prometida es lo que nos mantiene la ilusión. [SEP] h___ [SEP] hope
3660,es,-1.160699378,carbohidrato [SEP] Los carbohidratos son generalmente suprimidos en las dietas nutricionales para adelgazar [SEP] c___________ [SEP] carbohydrate
3661,es,0.534725983,medida [SEP] La policía estaba ahí como medida preventiva. [SEP] m______ [SEP] measure
3662,es,0.613454156,"diez [SEP] En este juego, cada diez años hay nuevas reglas. [SEP] d_____ [SEP] decade"
3663,es,0.485056679,áspera [SEP] Las paredes están hechas de áspera piedra gris. [SEP] r____ [SEP] rough
3664,es,-1.404089581,corteza [SEP] Me gustan comer los sándwiches sin corteza. [SEP] c____ [SEP] crust
3665,es,1.593172418,herramienta [SEP] Siempre hay que elegir la herramienta correcta para la tarea en cuestión. [SEP] t___ [SEP] tool
3666,es,-1.186503528,invertido [SEP] Menos mal que el declive económico está invertido desde hace unos meses. [SEP] r_______ [SEP] reversed
3667,es,-1.195263314,proyectil [SEP] El proyectil cayó a los pies del pobre soldado matándole instantáneamente. [SEP] m______ [SEP] missile
3668,es,-2.155507651,lanzar [SEP] Tienes que lanzar la pelota muy rápido. [SEP] p____ [SEP] pitch
3669,es,0.069822447,bloguero [SEP] Muchos periodistas has decidido convertirse en blogueros para poder publicar sus articulos [SEP] b______ [SEP] blogger
3670,es,-5.215601231,"pronóstico [SEP] Según el pronóstico, las ventas aumentarán el próximo año. [SEP] p_________ [SEP] projection"
3671,es,0.158994189,hundirse [SEP] Las ruedas empezaron a hundirse en el barro. [SEP] s___ [SEP] sink
3672,es,-1.529672403,sumamente [SEP] Estoy sumamente satisfecho con vuestro servicio. [SEP] e________ [SEP] extremely
3673,es,1.369150125,novia [SEP] Me voy a casar con mi novia el veinte de julio de este año. [SEP] g_________ [SEP] girlfriend
3674,es,2.996610156,pato [SEP] Ayer vi un pato volando por el río. [SEP] d___ [SEP] duck
3675,es,-2.482641412,condena [SEP] El acusado recurrió su condena por robo. [SEP] c_________ [SEP] conviction
3676,es,1.182512847,pensamiento [SEP] De repente tuve el pensamiento de que había pasado algo. [SEP] t______ [SEP] thought
3677,es,0.019319417,magdalena [SEP] Ella siempre comía una magdalena con café a la hora del té [SEP] c______ [SEP] cupcake
3678,es,1.485299393,promedio [SEP] Como promedio la venta de una casa se lleva a término en unas diez semanas. [SEP] a______ [SEP] average
3679,es,-0.336373122,avisada [SEP] La policía deberá ser avisada de lo que ha pasado cuanto antes. [SEP] n_______ [SEP] notified
3680,es,-2.630562214,"restricción [SEP] A pesar de no tener acceso fácil a los archivos, la restricción principal del proyecto, todo acabó muy bien [SEP] c_________ [SEP] constraint"
3681,es,0.071782089,insecticida [SEP] Hay que bajar el nivel de insecticida que usamos en la agricultura. [SEP] p________ [SEP] pesticide
3682,es,2.777553264,"fútbol [SEP] El fútbol aparece a todas horas en las noticias, ya sean deportivas o no. [SEP] f_______ [SEP] football"
3683,es,-0.009636713,objeto [SEP] Aquí está el objeto que transforma que usaremos para el cambio en la potencia de la electricidad. [SEP] t__________ [SEP] transformer
3684,es,-1.312406906,ilusión [SEP] Es una chica llena de ilusión y de alegría. [SEP] o_______ [SEP] optimism
3685,es,0.005808981,con [SEP] La operación se ha llevado a cabo con éxito. [SEP] s___________ [SEP] successfully
3686,es,-0.508451634,civil [SEP] El civil no quiso acatar la orden del capitán [SEP] c_______ [SEP] civilian
3687,es,1.299939066,"miniatura [SEP] El colecciona carros en miniatura, tiene cientos de ellos [SEP] m________ [SEP] miniature"
3688,es,1.312736782,"apresurarse [SEP] Hay que apresurarse, que llegamos tarde. [SEP] h____ [SEP] hurry"
3689,es,-2.519189322,realizar [SEP] Vamos a realizar una investigación completa que empezará esta misma semana. [SEP] u________ [SEP] undertake
3690,es,0.53962661,votante [SEP] Es votante del partido conservador desde hace años. [SEP] v____ [SEP] voter
3691,es,-0.670595559,parte [SEP] Había un remolque sujetado a la parte trasera del camión. [SEP] r___ [SEP] rear
3692,es,2.424095417,periodista [SEP] Lleva diez años trabajano de periodista en la radio nacional. [SEP] j_________ [SEP] journalist
3693,es,-1.225142751,fantástica [SEP] Este hotel ofrece una vista al mar fantástica. [SEP] t_______ [SEP] terrific
3694,es,-0.253272784,comercio [SEP] El comercio es una carrera muy interesante. [SEP] t______ [SEP] trading
3695,es,0.977201441,clásico [SEP] El trabajo de Mozart y Bethoven se reconocen por ser parte de la música clásica [SEP] c________ [SEP] classical
3696,es,-1.093469902,fiscal [SEP] El fiscal encontró pruebas en contra del acusado. [SEP] p_________ [SEP] prosecutor
3697,es,-0.032900503,trigo [SEP] El pan contiene trigo y centeno. [SEP] w____ [SEP] wheat
3698,es,-4.15871029,correo [SEP] Utilizamos un sistema multimedia de correo en la empresa. [SEP] m________ [SEP] messaging
3699,es,1.827704988,flor [SEP] La flor violácea se utiliza mucho en la perfumería. [SEP] v_____ [SEP] violet
3700,es,0.141014374,vinculada [SEP] La desaparición de García estuvo vinculada con el robo en la joyería. [SEP] l_____ [SEP] linked
3701,es,-1.374408092,colador [SEP] Pasa el café por el colador y así quitas los posos. [SEP] f_____ [SEP] filter
3702,es,2.113782414,adrenalina [SEP] A Marío le gusta escalar por la adrenalina que le produce. [SEP] a_________ [SEP] adrenaline
3703,es,1.613548654,luz [SEP] Pensaba que no volvería a ver la luz del día pero le rescató la policía. [SEP] d_______ [SEP] daylight
3704,es,0.828801258,de [SEP] En Irlanda del Norte hemos vivido esa realidad de forma dolorosa durante más de 30 años. [SEP] p________ [SEP] painfully
3705,es,1.204952386,científico [SEP] Su investigación científica es sobre el comportamiento animal. [SEP] s_________ [SEP] scientific
3706,es,2.15428753,pirata [SEP] Un pirata informático se había metido en el sistema del banco. [SEP] h_____ [SEP] hacker
3707,es,-3.210128429,descenso [SEP] Ha habido un descenso notable del crimen en la zona. [SEP] d______ [SEP] decline
3708,es,3.503736305,nueve [SEP] Tengo nueve primos pero todos viven lejos. [SEP] n___ [SEP] nine
3709,es,-0.516271032,horrible [SEP] Esta película tiene una escena particularmente horrible. [SEP] n____ [SEP] nasty
3710,es,0.518887609,cítrico [SEP] Añade unas gotas de cítrico verde al aliño. [SEP] l___ [SEP] lime
3711,es,-1.914036134,que [SEP] Los participantes que compiten en la carrera son los mejores del mundo [SEP] c________ [SEP] competing
3712,es,0.84984948,"geológicamente [SEP] Quinientos años es muy poco tiempo, geológicamente hablando. [SEP] g___________ [SEP] geologically"
3713,es,0.030457773,corriente [SEP] Tengo un cepillo de dientes que debo conectar a la corriente eléctrica [SEP] e__________ [SEP] electricity
3714,es,1.053699667,incondicional [SEP] Tienes mi apoyo incondicional en este asunto. [SEP] u____________ [SEP] unconditional
3715,es,-1.567583015,conspirar [SEP] Conspirar contra el rey se consideraba alta traición. [SEP] p___ [SEP] plot
3716,es,-1.594893375,curioso [SEP] Me parece muy curioso que siempre insiste en que no le conoce. [SEP] i__________ [SEP] interesting
3717,es,-0.951006836,"territorialmente [SEP] Los eslovenos siempre se han identificado más, tanto cultural como territorialmente, con Europa central más que con los Balcanes. [SEP] g_____________ [SEP] geographically"
3718,es,-1.104569701,ingreso [SEP] El ingreso a la universidad es un proceso largo [SEP] a________ [SEP] admission
3719,es,0.880914633,a [SEP] Estamos a medio camino entre Madrid y Barcelona. [SEP] h______ [SEP] halfway
3720,es,-4.549821548,planificar [SEP] Van a planificar la segunda edición de la novela para el año que viene. [SEP] p______ [SEP] project
3721,es,-2.626103291,detención [SEP] Está en detención preventiva hasta el juicio. [SEP] c______ [SEP] custody
3722,es,2.776216775,aburrir [SEP] Este tipo de películas me suele aburrir mucho. [SEP] b___ [SEP] bore
3723,es,1.353601082,invisibilidad [SEP] Harry Potter poseía la capa de invisibilidad y podía esconderse cuantas veces quisiera [SEP] i___________ [SEP] invisibility
3724,es,-2.37952877,movimiento [SEP] La Tierra está en constante movimiento alrededor del Sol. [SEP] m_____ [SEP] motion
3725,es,2.892076666,gente [SEP] Había mucha gente en la playa aquel día. [SEP] p_____ [SEP] people
3726,es,2.040489927,corte [SEP] Sandra se ha hecho un corte de pelo muy bonito. [SEP] h______ [SEP] haircut
3727,es,-2.342459823,familiaridad [SEP] La vieja familiaridad entre los dos se había esfumado. [SEP] i_______ [SEP] intimacy
3728,es,0.818766092,creencia [SEP] La creencia en un poder superior ayuda a mucha gente en la vida. [SEP] b_____ [SEP] belief
3729,es,-4.639050804,tranquila [SEP] Es una persona muy tranquila que no se molesta casi nunca. [SEP] c_______ [SEP] composed
3730,es,-0.860473443,sede [SEP] La sede de la compañía está en Santiago de Compostela. [SEP] h___________ [SEP] headquarters
3731,es,1.561144059,"sin [SEP] Me encanta hablar contigo, sin embargo, me tengo que ir. [SEP] h______ [SEP] however"
3732,es,-3.768792837,alcohol [SEP] Ten mucho ciudado con el alcohol ilegal que se vende en algunos países. [SEP] m________ [SEP] moonshine
3733,es,2.888575654,"ídolo [SEP] Ese cantante es el ídolo de los adolescentes del mundo, creo. [SEP] i___ [SEP] idol"
3734,es,-0.87853689,improbable [SEP] Es improbable que vuelva a ganar la lotería. [SEP] u_______ [SEP] unlikely
3735,es,-1.512652291,línea [SEP] Dicen que tienen línea directa con el despacho del presidente. [SEP] h______ [SEP] hotline
3736,es,-1.35088895,único [SEP] Ella es una persona única no todas las chicas de su edad tienen su inteligencia [SEP] s_______ [SEP] singular
3737,es,3.459546578,amar [SEP] Te voy a amar durante toda la vida. [SEP] l___ [SEP] love
3738,es,-0.047813453,caminata [SEP] Hiciercon una caminata de unos diez kilómetros por el bosque. [SEP] h___ [SEP] hike
3739,es,-1.456427338,representar [SEP] Las novelas de Charles Dickens suelen representar la vida en la Inglaterra del siglo diecinueve. [SEP] d_____ [SEP] depict
3740,es,2.962802441,vivo [SEP] Gonzalo está vivo gracias a la medicina moderna. [SEP] a____ [SEP] alive
3741,es,-0.254696129,comandante [SEP] El comandante fue capturado en los montes de Santa Clara. [SEP] c________ [SEP] commander
3742,es,-0.368977424,beca [SEP] Mi hermana cumplía todos los requisitos para recibir una beca. [SEP] s__________ [SEP] scholarship
3743,es,-0.288456659,relexionar [SEP] El profesor nos hizo relexionar durante media hora sobre la naturaleza de la fé. [SEP] m_______ [SEP] meditate
3744,es,-2.007429009,importancia [SEP] La importancia de este descubrimiento es indiscutible. [SEP] s___________ [SEP] significance
3745,es,0.888221388,policía [SEP] Había un policía ahí de uniforme y nos dijo por dónde había que ir. [SEP] c__ [SEP] cop
3746,es,1.028719192,borde [SEP] El niño se dio un golpe con el borde de la mesa. [SEP] e___ [SEP] edge
3747,es,0.831535304,agitar [SEP] Tienes que agitar la botella antes de abrirla. [SEP] s____ [SEP] shake
3748,es,-0.430575332,reconocer [SEP] Tengo que reconocer que estoy algo deprimido últimamente. [SEP] a____ [SEP] admit
3749,es,-2.979285354,curso [SEP] Tuve que realizar un curso de actualización antes de empezar el trabajo. [SEP] r________ [SEP] refresher
3750,es,-4.666091878,renombrado [SEP] Un renombrado escritor será el orador principal del evento [SEP] n____ [SEP] noted
3751,es,1.093856303,jurado [SEP] El jurado tardó mucho en llegar al veredicto. [SEP] j___ [SEP] jury
3752,es,2.73379382,Parque [SEP] Voy a correr un poco por el parque. [SEP] p___ [SEP] park
3753,es,-0.465729022,adecuadamente [SEP] El formulario debe ser adecuadamente llenado para poder acceder a los beneficios [SEP] c________ [SEP] correctly
3754,es,2.235503127,agricultura [SEP] La familia siempre se ha dedicado a la agricultura orgánica [SEP] a__________ [SEP] agriculture
3755,es,-3.100612513,"requisitos [SEP] Antes de entrar en este club exclusivo, hay que cumplir determinados requisitos. [SEP] c_______ [SEP] criteria"
3756,es,0.314167262,viviente [SEP] Su labor es un testimonio viviente a la solidaridad humana. [SEP] l_____ [SEP] living
3757,es,1.526887301,"castigar [SEP] Tengo que hacer los deberes, si no la profesora me va a castigar. [SEP] p_____ [SEP] punish"
3758,es,0.38083345,volcán [SEP] El Teide es un volcán inactivo en la isla de Tenerife. [SEP] v______ [SEP] volcano
3759,es,-0.407144807,adjuntar [SEP] Voy a adjuntar la factura para que no lo pierda. [SEP] a_____ [SEP] attach
3760,es,-1.650674231,votación [SEP] Para elegir el representante hicimos una votación secreta. [SEP] b_____ [SEP] ballot
3761,es,-3.14694981,intransigente [SEP] No era popular porque era muy intransigente con sus compañeros de trabajo. [SEP] i_________ [SEP] intolerant
3762,es,2.713022964,diplomático [SEP] Hubo una crisis diplomática entre los dos paises el año pasado. [SEP] d_________ [SEP] diplomatic
3763,es,-0.223409052,"portal [SEP] Para entrar en la catedral, los visitantes pasan porun portal de madera hecho a mano [SEP] p_____ [SEP] portal"
3764,es,0.802138097,"parado [SEP] Mi reloj está parado, necesita una pila nueva. [SEP] s______ [SEP] stopped"
3765,es,-1.674374706,"previsible [SEP] La ruptura de esa relación era bastante previsible, creo yo. [SEP] p__________ [SEP] predictable"
3766,es,-1.646054339,contagio [SEP] El contagio de la enfermedad al pueblo cercano era algo que teníamos que evitar. [SEP] t___________ [SEP] transmission
3767,es,-0.222126885,manuscrito [SEP] El manuscrito original de la obra desapareció muchos años atrás [SEP] m_________ [SEP] manuscript
3768,es,0.003491523,verter [SEP] Tuvimos que verter la leche sobrante por el fregadero. [SEP] p___ [SEP] pour
3769,es,1.323527146,asado [SEP] Siempre comemos un buen asado los domingos. [SEP] r____ [SEP] roast
3770,es,0.121654654,en [SEP] Se quedó completamente en silencio cuando oyó la noticia. [SEP] m___ [SEP] mute
3771,es,2.016600732,rápidamente [SEP] Lo repararemos lo más rápidamente posible. [SEP] q______ [SEP] quickly
3772,es,1.585511596,inseguridad [SEP] Hay muchass ciudades en donde la inseguridad es muy alta y hay que estar siempre alerta [SEP] i_________ [SEP] insecurity
3773,es,3.579347692,dedo [SEP] Aplique la crema con el dedo sobre la zona afectada. [SEP] f_____ [SEP] finger
3774,es,2.435777049,recuento [SEP] La profesora hizo un recuento rápido de los niños para ver si estaban todos. [SEP] c____ [SEP] count
3775,es,-1.022538623,estimada [SEP] Esa estrella de cine es estimada por millones de personas. [SEP] a______ [SEP] admired
3776,es,-0.627443595,insurrección [SEP] La insurrección que ocurrió en Rusia en el año 1917 tuvo un impacto enorme en el mundo entero. [SEP] r_________ [SEP] revolution
3777,es,-0.406607777,dominante [SEP] El pitbull se creía el macho dominante de la manada. [SEP] a____ [SEP] alpha
3778,es,2.388174215,acento [SEP] Tienes un acento muy bonito en italiano. [SEP] a_____ [SEP] accent
3779,es,1.809522554,fuera [SEP] Los empleados solo pueden fumar fuera de la oficina. [SEP] o______ [SEP] outside
3780,es,-2.926275166,deficiencia [SEP] Los pacientes con deficiencia auditiva pueden recibir un audífono. [SEP] i_________ [SEP] impairment
3781,es,3.8888997,cine [SEP] Esta noche iré al cine con mis amigos. Es el estreno de la película [SEP] c_____ [SEP] cinema
3782,es,0.004736694,abecedario [SEP] Es muy pequeña pero se sabe el abecedario. [SEP] a_______ [SEP] alphabet
3783,es,-0.60727381,banquete [SEP] Celebraron la boda con un banquete en un hotel. [SEP] f____ [SEP] feast
3784,es,1.008071433,"portátil [SEP] El equipo es ligero, portátil y facil de guardar. [SEP] p_______ [SEP] portable"
3785,es,0.793105448,escritor [SEP] Llegó el escritor para firmar su última novela para sus lectores. [SEP] a_____ [SEP] author
3786,es,1.152831604,cegado [SEP] Manuel estuvo cegado por los celos. [SEP] b______ [SEP] blinded
3787,es,-3.079153024,cruce [SEP] El disco es un cruce emocionante entre el flamenco y el jazz. [SEP] c________ [SEP] crossover
3788,es,-1.854264526,dirigirse [SEP] La agencia se dirige al mercado de los papás primerizos con el nuevo producto. [SEP] t_____ [SEP] target
3789,es,1.18468938,feliz [SEP] ¡Os deseo a todos una navidad muy feliz! [SEP] m____ [SEP] merry
3790,es,-0.424108449,voluntario [SEP] La mayoría de los cursos son obligatorios pero este es voluntario. [SEP] o_______ [SEP] optional
3791,es,1.358971367,diablo [SEP] Fausto vendió su alma al diablo. [SEP] d____ [SEP] devil
3792,es,-1.204414218,hipotéticamente [SEP] Sabían que una vacuna para el virus era hipotéticamente posible. [SEP] t____________ [SEP] theoretically
3793,es,2.290586825,tinta [SEP] Aprendió mi padre a escribir con tinta y pluma. [SEP] i__ [SEP] ink
3794,es,-3.840144201,examen [SEP] El juez llevó a cabo un examen intenso del caso. [SEP] s_______ [SEP] scrutiny
3795,es,1.335288001,adivinar [SEP] No sé la respuesta segura pero voy a intentar adivinarla. [SEP] g____ [SEP] guess
3796,es,-1.671866951,"escalofriante [SEP] La película es escalofriante y me dio mucho miedo, la verdad. [SEP] c_______ [SEP] chilling"
3797,es,1.500115999,punto [SEP] ¡No te olvides de poner el punto sobre la 'i'! [SEP] d__ [SEP] dot
3798,es,-1.961487036,posición [SEP] El Gobierno adoptó una posición firme frente a las sanciones. [SEP] s____ [SEP] stand
3799,es,0.413313216,"batido [SEP] Nos vamos a tomar un batido de fresa, ¿te apetece? [SEP] m________ [SEP] milkshake"
3800,es,0.866694359,venganza [SEP] El villano tramó su venganza contra el héroe. [SEP] r______ [SEP] revenge
3801,es,-3.26363351,decisión [SEP] Tomaron la decisión de resolver el problema sin pasar horas hablando. [SEP] i_________ [SEP] initiative
3802,es,-0.635793251,pretender [SEP] El estudio va a pretender explicar el papel de la experiencia en la educación. [SEP] i_____ [SEP] intend
3803,es,-0.545975534,prótesis [SEP] El doctor Marañon va a ponerle una prótesis dental a mi hijo. [SEP] i______ [SEP] implant
3804,es,-1.65183229,espolvorear [SEP] Al final hay que espolvorear el bizcocho con virutas de chocolate. [SEP] s_______ [SEP] sprinkle
3805,es,2.384658911,terrible [SEP] Ha habido un accidente terrible en la carretera cerca de casa. [SEP] h_______ [SEP] horrible
3806,es,-0.392530428,multimillonario [SEP] Forbes siempre hace una lista de los multimillonarios mas poderosos del mundo [SEP] b__________ [SEP] billionaire
3807,es,2.128716476,matemáticas [SEP] Las matemáticas son escenciales en la vida diaria [SEP] m___ [SEP] math
3808,es,-0.17363167,previsto [SEP] El resultado es mejor que lo previsto. [SEP] e_______ [SEP] expected
3809,es,-2.702278108,desconcertado [SEP] Ricardo se quedó desconcertado cuando le dije que te casabas el mes que viene. [SEP] p______ [SEP] puzzled
3810,es,2.872051255,"elefante [SEP] Vimos un elefante dar a luz a su cría, que era muy bonita con unas orejas grandísimas.. [SEP] e_______ [SEP] elephant"
3811,es,-2.616658677,tarrina [SEP] Anoche me comí una tarrina entera de medio litro de helado. [SEP] t__ [SEP] tub
3812,es,-0.905866994,tema [SEP] El tema no entra dentro del ámbito de este curso. [SEP] t____ [SEP] topic
3813,es,-0.539080139,"entrenamiento [SEP] Las sesiones de entrenamiento, además de ser duras eran muy largas. [SEP] c_______ [SEP] coaching"
3814,es,-1.979229401,"reanudar [SEP] Tras una pausa breve, las partes van a reanudar las negociaciones. [SEP] r_____ [SEP] resume"
3815,es,-0.1271512,empresario [SEP] Juan Maza es un empresario muy conocido. [SEP] b__________ [SEP] businessman
3816,es,1.432942725,"sugerir [SEP] Si queréis sugerir cambios, estoy dispuesto a escuchar. [SEP] s______ [SEP] suggest"
3817,es,-2.359046714,sin [SEP] Es un caso horrible de abuso sexual que básicamente está sin denunciar. [SEP] u_________ [SEP] unreported
3818,es,-1.872529217,débil [SEP] Un olor débil a chocolate quedó en el aire. [SEP] f____ [SEP] faint
3819,es,-0.265265446,ofrecer [SEP] Van a ofrecer un desayuno durante la rueda de prensa. [SEP] s____ [SEP] serve
3820,es,-0.089036179,aumento [SEP] El ejercicio regular nos ayuda a prevenir un aumento de peso. [SEP] g___ [SEP] gain
3821,es,-0.122237397,inicial [SEP] Creo que habría que volver al plan inicial. [SEP] o_______ [SEP] original
3822,es,2.4784466,madera [SEP] La pintura es adecuada para la madera y el metal. [SEP] w___ [SEP] wood
3823,es,3.148944377,"etcétera [SEP] Tendrás que llevarte un jersey, botas, bufanda, guantes, etcétera [SEP] e__ [SEP] etc"
3824,es,-2.79226207,momentáneo [SEP] Tener una mascota debe ser algo más que un capricho momentáneo. [SEP] p______ [SEP] passing
3825,es,-1.23574338,duelo [SEP] Siento duelo y tristeza por la muerte de mi hermano. [SEP] g____ [SEP] grief
3826,es,2.337091298,finalista [SEP] El Real Madrid es uno de los equipos finalistas de esta temporada. [SEP] f_______ [SEP] finalist
3827,es,0.87667537,honrada [SEP] Fernando es una persona muy honrada que no engañaría a nadie. [SEP] h_____ [SEP] honest
3828,es,-2.283683245,rasgo [SEP] La lealtad a los amigos es un rasgo muy admirable. [SEP] t____ [SEP] trait
3829,es,-0.53418368,cifra [SEP] La cifra de desempleo este año es muy desalentadora. [SEP] f_____ [SEP] figure
3830,es,0.390101238,prohibir [SEP] Van a prohibir la publicación de esa novela. [SEP] b__ [SEP] ban
3831,es,-0.581308292,loca [SEP] Mi amiga tuvo la idea loca de hacer paracaidismo. [SEP] i_____ [SEP] insane
3832,es,1.821582697,trabajo [SEP] Ha sido el resultado de un bonito trabajo en equipo. [SEP] t_______ [SEP] teamwork
3833,es,2.203328409,mantenerse [SEP] Hay que mantenerse quietos si no queremos que nos descubran. [SEP] k___ [SEP] keep
3834,es,-0.315845306,montón [SEP] Había un montón de piedras junto a la calle. [SEP] p___ [SEP] pile
3835,es,-1.09016992,ritmo [SEP] La mayoría de las personas andan a un ritmo de cinco kilómetros por hora. [SEP] r___ [SEP] rate
3836,es,-0.966575784,moral [SEP] Es nuestro deber moral ayudar a las personas necesitadas. [SEP] e______ [SEP] ethical
3837,es,1.12699418,"botica [SEP] Hay una pequeña botica en el pueblo, podrás comprar la medicina ahí. [SEP] p_______ [SEP] pharmacy"
3838,es,2.189338645,cepillo [SEP] Me tengo que comprar un cepillo para el pelo. [SEP] b____ [SEP] brush
3839,es,-0.379268316,exacta [SEP] Esta operación matemática es exacta. [SEP] a_______ [SEP] accurate
3840,es,3.033883864,pan [SEP] Me ha dicho el médico que no coma tanto pan. [SEP] b____ [SEP] bread
3841,es,0.037324418,parlamento [SEP] El grupo de gobernadores estaba reunido en el parlamento. [SEP] p_________ [SEP] parliament
3842,es,-2.276685372,"reverberación [SEP] Mary Aldin se quedó sola, contemplando la reverberación del sol en el agua. [SEP] r_________ [SEP] reflection"
3843,es,-3.07677389,de [SEP] La tormenta era terrible pero seguimos el camino de todas formas. [SEP] r_________ [SEP] regardless
3844,es,4.324337831,ganador [SEP] El ganador del partido recibirá un trofeo. [SEP] w_____ [SEP] winner
3845,es,-0.126813842,"colaboración [SEP] La colaboración de Jaime y Paz, me ayudó mucho con la investigación. [SEP] c____________ [SEP] collaboration"
3846,es,-2.992228148,clérigo [SEP] El clérigo dirigió la congregación en la oración y en los cánticos. [SEP] p_____ [SEP] pastor
3847,es,-1.73222106,rotación [SEP] Los patinadores ejecutaron una rotación muy compleja. [SEP] s___ [SEP] spin
3848,es,1.948297038,traer [SEP] ¿A quién vas a traer a la fiesta? [SEP] b____ [SEP] bring
3849,es,2.330179259,bonificación [SEP] Al final del año los empleados reciben una bonificación. [SEP] b____ [SEP] bonus
3850,es,0.265073188,almacenamiento [SEP] Nuestro depósito tiene una gran capacidad de almacenamiento. [SEP] s______ [SEP] storage
3851,es,-0.827956676,sensasionalmente [SEP] Su actuación fue sensasionalmente asombrosa [SEP] s____________ [SEP] sensationally
3852,es,0.67326751,"acatar [SEP] Haya que acatar todo lo que dice tu superior, estás en el ejército. [SEP] o___ [SEP] obey"
3853,es,1.676140669,afortunado [SEP] Me siento muy afortunado por haberte conocido. [SEP] l____ [SEP] lucky
3854,es,1.97119472,católico [SEP] El Papa es la maxima autoridad en la iglesia católica [SEP] c_______ [SEP] catholic
3855,es,1.221535155,ancha [SEP] La Castellana es una avenida muy ancha de Madrid. [SEP] w___ [SEP] wide
3856,es,2.064325057,ciego [SEP] Este chico es ciego de nacimiento. [SEP] b____ [SEP] blind
3857,es,-1.309084625,amigable [SEP] Es una niña amigable y muy simpática. [SEP] s_______ [SEP] sociable
3858,es,-2.933686974,repetir [SEP] Le pedí al dj que repitiera la canción una vez más para bailarla cotigo [SEP] r_____ [SEP] replay
3859,es,0.762994721,cambiante [SEP] La situación es muy cambiante y no sabemos lo que puede pasar. [SEP] c_______ [SEP] changing
3860,es,1.736412304,pastel [SEP] Estoy preparando un pastel de manzana. [SEP] p__ [SEP] pie
3861,es,0.868575107,apuesta [SEP] Perdió diez mil euros en una apuesta. [SEP] b__ [SEP] bet
3862,es,0.280889772,diariamente [SEP] Hago ejercicio diariamente para mantenerme en forma. [SEP] d____ [SEP] daily
3863,es,0.194845792,químico [SEP] Hay que tener cuidado si tienes que manejar químicos [SEP] c_______ [SEP] chemical
3864,es,-0.31929196,"crear [SEP] Al traer la fábrica aquí, el gobierno quiere crear más puestos de trabajo. [SEP] g_______ [SEP] generate"
3865,es,-1.202986708,plomo [SEP] Hoy día la mayoría de las pinturas no contienen plomo. [SEP] l___ [SEP] lead
3866,es,1.578027304,horóscopo [SEP] Estoy leyendo mi futuro según el horóscopo del periódico de hoy [SEP] h________ [SEP] horoscope
3867,es,-0.544403955,liberar [SEP] Tuvieron que liberar a los presos por falta de evidencia. [SEP] r______ [SEP] release
3868,es,-1.104137089,cesar [SEP] La lluvia cesó unas horas despues de que llegamos a casa [SEP] c____ [SEP] cease
3869,es,-0.555143225,sin [SEP] Es un chico sin complicaciones que sólo quiere jugar al fútbol. [SEP] u____________ [SEP] uncomplicated
3870,es,-1.385366981,asesor [SEP] Mi padre trabaja de asesor financiero en una empresa de seguros. [SEP] c_________ [SEP] consultant
3871,es,-2.571775037,evidente [SEP] Es evidente que quieren ir a la fiesta. [SEP] a_______ [SEP] apparent
3872,es,3.69274369,llover [SEP] Dicen que va a llover mañana. [SEP] r___ [SEP] rain
3873,es,1.405429531,"hervida [SEP] Me gusta la patata, ya sea frita o hervida. [SEP] b_____ [SEP] boiled"
3874,es,-2.222224414,portapapeles [SEP] La azafata llevaba un portapapeles que iba marcando cuando contestábamos. [SEP] c________ [SEP] clipboard
3875,es,2.087465804,hecho [SEP] El aumento del fraude en el deporte es un hecho que no se puede negar. [SEP] f___ [SEP] fact
3876,es,0.846081086,"neurológico [SEP] Gracias a Dios, no ha tenido un daño neurológico tras el accidente [SEP] n___________ [SEP] neurological"
3877,es,2.185976869,como [SEP] Nadie cocina como mi padre. [SEP] l___ [SEP] like
3878,es,-1.170428285,equilibrista [SEP] Un equilibrista generalmente trabaja en el circo. [SEP] a______ [SEP] acrobat
3879,es,-0.973870041,"canica [SEP] Cuando eramos niños solíamos jugar con canicas, yo tuve cientos de ellas [SEP] m_____ [SEP] marble"
3880,es,-1.213932865,resultado [SEP] El resultado de las negociaciones determinará nuestra estrategia. [SEP] o______ [SEP] outcome
3881,es,-0.469362577,posibilitar [SEP] A ver si se puede posibilitar la entrada de Simón en la empresa. [SEP] f_________ [SEP] facilitate
3882,es,3.062613582,cazar [SEP] A Paco le gusta salir a cazar conejos en otoño. [SEP] h___ [SEP] hunt
3883,es,-3.154486653,obtener [SEP] José va a obtener mucha satisfacción de ese nuevo trabajo que tiene. [SEP] d_____ [SEP] derive
3884,es,-2.186100805,sala [SEP] Esta sala de hospital es para niños. [SEP] w___ [SEP] ward
3885,es,1.472550202,"objetivo [SEP] Las dos empresas tienen el mismo objetivo, vender más. [SEP] g___ [SEP] goal"
3886,es,-0.324627011,retar [SEP] Me quiso retar a una pelea pero le dije que no me gustaba la violencia. [SEP] c________ [SEP] challenge
3887,es,0.927408485,pasivo [SEP] El volcán ha estado pasivo durante muchos años. [SEP] i_______ [SEP] inactive
3888,es,0.635102708,"según [SEP] Según tu padre, ha ganado nuestro equipo. [SEP] a________ [SEP] according"
3889,es,-0.105130796,estadística [SEP] La estadística demuestra una variación de resultados en la población jóven [SEP] s_________ [SEP] statistics
3890,es,1.707452006,capaz [SEP] El bebé tiene un año y ya es capaz de ponerse de pie solo. [SEP] a___ [SEP] able
3891,es,-1.362372401,respeto [SEP] Este país tiene fama de manifestar mucho respeto hacia los refugiados. [SEP] t________ [SEP] tolerance
3892,es,0.194128768,preocupado [SEP] El gobierno está muy preocupado por el aumento del desempleo. [SEP] c________ [SEP] concerned
3893,es,0.860322068,de [SEP] He sacado la tarjeta de embarque. [SEP] b_______ [SEP] boarding
3894,es,0.440032346,espectador [SEP] Este programa atrae un tipo de espectador muy culto. [SEP] v_____ [SEP] viewer
3895,es,1.17067167,yo [SEP] La introspección me ayudó a encontrar mi verdadero yo. [SEP] s___ [SEP] self
3896,es,-1.479093523,acabar [SEP] Tardamos mucho en acabar el estudio. [SEP] c_______ [SEP] complete
3897,es,0.168197657,sindicato [SEP] El sindicato tiene una estrategia para la negociación de los salarios. [SEP] u____ [SEP] union
3898,es,-2.479581116,despiadada [SEP] La decisión de echarles de su casa me parece absolutamente despiadada. [SEP] h________ [SEP] heartless
3899,es,1.795336227,operadora [SEP] Mi abuela llamaba a la operadora para que le ayudara a comunicarse con su padre que vivía en otra ciudad [SEP] o_______ [SEP] operator
3900,es,-2.710216385,divulgación [SEP] El contrato prohibe la divulgación de información confidencial. [SEP] d_________ [SEP] disclosure
3901,es,1.062046712,fuente [SEP] La biblioteca es una enorme fuente de información. [SEP] s_____ [SEP] source
3902,es,2.087953001,democracia [SEP] El pueblo pide democracia pero no saben usarla para su bien [SEP] d________ [SEP] democracy
3903,es,-1.903879875,expresa [SEP] Dijo de forma expresa que lo hiciera yo. [SEP] e_______ [SEP] explicit
3904,es,-0.068591364,relámpago [SEP] ¿Has visto el relámpago ahí en el monte? Va a haber tormenta. [SEP] l________ [SEP] lightning
3905,es,-0.643740815,periodista [SEP] Juan es periodista y escribe una columna semanal de cocina en la revista de la facultad [SEP] c________ [SEP] columnist
3906,es,2.167684003,colina [SEP] Hay un lago al lado de esa colina donde nos podremos bañar. [SEP] h___ [SEP] hill
3907,es,-3.10027045,ladear [SEP] Lo que hizo fue ladear la cabeza y mirarme de una forma rara. [SEP] c___ [SEP] cock
3908,es,-1.878350763,gradualmente [SEP] La situación se hacía gradualmente más y más difícil. [SEP] p____________ [SEP] progressively
3909,es,1.188655258,redondeada [SEP] Su letra es clara y redondeada. [SEP] r______ [SEP] rounded
3910,es,-1.104385655,manual [SEP] Me tengo que comprar un manual sobre Suiza ya que voy ahí a pasar una semana. [SEP] g________ [SEP] guidebook
3911,es,1.73143605,entrevista [SEP] Tengo una entrevista para un puesto de trabajo en la empresa de mi vecino. [SEP] i________ [SEP] interview
3912,es,1.125402638,agresividad [SEP] Esa pobre mujer ha sufrido agresividad doméstica durante años. [SEP] v_______ [SEP] violence
3913,es,1.595317478,galleta [SEP] Me gusta tomar café con alguna galleta por la tarde. [SEP] b______ [SEP] biscuit
3914,es,2.992846021,"alemana [SEP] A pesar de ser alemana de nacimiento, ha vivido en Menorca casi toda la vida. [SEP] g_____ [SEP] german"
3915,es,0.14917557,venta [SEP] Los productos pasan por una cadena de producción antes de la venta. [SEP] s___ [SEP] sale
3916,es,1.99236522,comentar [SEP] Los expectadores tienen la posibilidad de comentar sus opiniones en la página del teatro [SEP] c______ [SEP] comment
3917,es,1.412509619,compresor [SEP] El aire llega al compresor a través del reactor y de la válvula [SEP] c_________ [SEP] compressor
3918,es,-0.149355913,"sombra [SEP] Prefiero sentarme a la sombra, hace mucho calor. [SEP] s____ [SEP] shade"
3919,es,-0.150565582,ordenada [SEP] La cocina del apartamento vacacional estaba muy limpia y ordenada. [SEP] n___ [SEP] neat
3920,es,1.491529506,de [SEP] Mariah siempre se queda en el hotel de lujo de la ciudad [SEP] l_____ [SEP] luxury
3921,es,-2.345169155,"desubicación [SEP] Para evitar dolores de cabeza, mareos o desubicación, no use esta medicación durante más de tres días. [SEP] d_____________ [SEP] disorientation"
3922,es,0.531121501,disponible [SEP] ¿Estás disponible mañana para hacer una suplencia? [SEP] a________ [SEP] available
3923,es,1.04249806,de [SEP] Sé que el cuadro no es bueno pero me gusta de todas formas. [SEP] a_____ [SEP] anyway
3924,es,3.158119792,árbol [SEP] Mi árbol preferido es el sauce llorón. [SEP] t___ [SEP] tree
3925,es,3.682860022,año [SEP] Se casaron casi todos mis amigos este año. [SEP] y___ [SEP] year
3926,es,0.690568312,discutir [SEP] A Paula y Clara les encanta discutir sobre la política. [SEP] a____ [SEP] argue
3927,es,2.186814008,debería [SEP] El contador de gas es nuevo y debería indicar cero. [SEP] s_____ [SEP] should
3928,es,0.270678504,capucha [SEP] Me he comprado un abrigo con una capucha grande. [SEP] h___ [SEP] hood
3929,es,-1.919359334,menos [SEP] Aruba es una de las islas menos conocidas del Caribe. [SEP] l_____ [SEP] lesser
3930,es,0.767453105,fotografiar [SEP] Estoy encargada de fotografiar los lugares mas importantes de nuestro viaje [SEP] p_________ [SEP] photograph
3931,es,2.289934057,girar [SEP] El taxi tuvo que girar a la izquierda en el cruce. [SEP] t___ [SEP] turn
3932,es,-0.340753281,bicicleta [SEP] Esta bicicleta era de mi hermano mayor. [SEP] b______ [SEP] bicycle
3933,es,-3.419062121,perspicaz [SEP] Me echó una mirada perspicaz como si supiera de lo que pensaba. [SEP] p__________ [SEP] penetrating
3934,es,-2.61903332,ecologista [SEP] No hay que ser ecologista para darse cuenta de los riesgos que corre este planeta. [SEP] e_______________ [SEP] environmentalist
3935,es,-0.026543857,finalizar [SEP] Las partes acordaron finalizar su colaboración. [SEP] t________ [SEP] terminate
3936,es,-1.479112192,choque [SEP] Hubo un choque de trenes terrible aquí hace unos años. [SEP] c________ [SEP] collision
3937,es,-0.028633975,traductor [SEP] Trabaja de traductor y tiene que acompañar al ministro vaya dónde vaya. [SEP] i__________ [SEP] interpreter
3938,es,3.048837408,poner [SEP] Haz el favor de poner este jarrón encima de la mesa. [SEP] p__ [SEP] put
3939,es,-1.047242383,surfista [SEP] Mi hija es una surfista de nieve y lo hace muy bien. [SEP] s__________ [SEP] snowboarder
3940,es,-2.700285561,protección [SEP] La vacuna ofrece mejor protección contra la gripe. [SEP] i_______ [SEP] immunity
3941,es,0.441823802,molestar [SEP] No le quiero molestar porque está en una reunión muy importante. [SEP] d______ [SEP] disturb
3942,es,2.722287886,"bien [SEP] Me encuentro muy bien ahora, mucho mejor que antes. [SEP] w___ [SEP] well"
3943,es,-2.543213441,molestia [SEP] Muchos sintieron molestia por el fracaso de sus planes después de tanto trabajo [SEP] f__________ [SEP] frustration
3944,es,2.820082135,este [SEP] Alcalá está al este de Madrid. [SEP] e___ [SEP] east
3945,es,1.781255006,correo [SEP] No abrí el correo electrónico sospechoso porque parecía no deseado. [SEP] s___ [SEP] spam
3946,es,1.914105839,dedo [SEP] Me he roto un dedo del pie y apenas puedo andar. [SEP] t__ [SEP] toe
3947,es,1.779403641,marca [SEP] Compra el más caro porque es una marca buenísima. [SEP] b____ [SEP] brand
3948,es,0.75282381,"hacia [SEP] Tenemos que seguir hacia adelante con el plan, a pesar de los problemas. [SEP] f______ [SEP] forward"
3949,es,3.341494991,"encontrar [SEP] Quiero encontrar el hombre de mi vida, pero es muy difícil. [SEP] f___ [SEP] find"
3950,es,-1.516632277,decisión [SEP] Estamos todos esperando la decisión del jurado. [SEP] v______ [SEP] verdict
3951,es,-2.419640659,valoración [SEP] Se volvió a abrir el caso después de la valoración de la nueva evidencia. [SEP] a_________ [SEP] assessment
3952,es,-0.117856912,distraído [SEP] Cuando no duermo lo suficiente soy distraído y siempre me tropiezo con todo [SEP] d_________ [SEP] distracted
3953,es,0.746455512,tazón [SEP] Hay que poner todos los ingredientes en este tazón y batirlos. [SEP] b___ [SEP] bowl
3954,es,-1.178319899,duplicación [SEP] Consiguieron una duplicación exacta del experimento anterior. [SEP] r__________ [SEP] replication
3955,es,-0.161102752,trotar [SEP] Troto por el parque todos los días por la mañana. [SEP] j______ [SEP] jogging
3956,es,3.125847102,cambiar [SEP] Hay que cambiar algunos aspectos de este artículo. [SEP] c_____ [SEP] change
3957,es,0.079375773,precisar [SEP] Creo que vamos a precisar un par de documentos más para cerrar el acuerdo. [SEP] n___ [SEP] need
3958,es,-2.67912372,empresarial [SEP] El aspecto empresarial es lo que ha llegado lejos su compañía [SEP] c________ [SEP] corporate
3959,es,1.052702432,genérico [SEP] Pescado es un término genérico para la carne de muchos diferentes tipos de peces. [SEP] g______ [SEP] generic
3960,es,1.761375918,humanístico [SEP] Mi padre siempre ha vivido según su pensamiento humanístico hacia la sociedad oriental [SEP] h_________ [SEP] humanistic
3961,es,-1.810355618,retirarse [SEP] El autor va a retirarse de la vida pública. [SEP] w_______ [SEP] withdraw
3962,es,0.12028008,historia [SEP] Los monumentos suelen hacernos recordar nuestra historia. [SEP] p___ [SEP] past
3963,es,1.595463463,marcar [SEP] Debes marcar el lugar en el jardín donde quieres que plante las flores. [SEP] m___ [SEP] mark
3964,es,-0.651383268,patriota [SEP] Es un patriota que va a trabajar toda su vida por hacer un mejor país. [SEP] n__________ [SEP] nationalist
3965,es,0.306692318,jardinería [SEP] Dicen que la jardinería y el contacto con las plantas relaja mucho [SEP] g________ [SEP] gardening
3966,es,-0.368030152,perdón [SEP] Me pidió perdón por lo que me había hecho. [SEP] f__________ [SEP] forgiveness
3967,es,-0.360765978,poco [SEP] Eso ha sido un comentario muy poco profesional en mi opinión. [SEP] u_____________ [SEP] unprofessional
3968,es,-0.261907105,recorrido [SEP] Mis amigos y yo hicimos un recorrido por las islas de Venecia. [SEP] t___ [SEP] tour
3969,es,-1.973833496,sujeción [SEP] La lluvia afecta la sujeción de los neumáticos a la carretera. [SEP] g___ [SEP] grip
3970,es,0.551558057,guardaespaldas [SEP] Los políticos a veces llevan guardaespaldas. [SEP] b________ [SEP] bodyguard
3971,es,-2.242532216,consecuencia [SEP] Las consecuencias del terremoto se pueden ver en todo el país [SEP] a________ [SEP] aftermath
3972,es,2.540776724,sangre [SEP] Rellené un formulario antes de donar sangre. [SEP] b____ [SEP] blood
3973,es,0.266765446,"preso [SEP] Están pidiendo la liberación del preso, pero no va a ser posible. [SEP] p_______ [SEP] prisoner"
3974,es,4.484411721,dos [SEP] Tengo dos hermanos mayores y uno pequeño. [SEP] t__ [SEP] two
3975,es,-1.286549937,"recibir [SEP] Antes de cobrar el dinero, hay que recibir el premio de forma oficial. [SEP] a_____ [SEP] accept"
3976,es,-1.306560955,incontroladamente [SEP] Su corazón latía incontroladamente. [SEP] w_____ [SEP] wildly
3977,es,-5.08069241,razonada [SEP] Dio una explicación muy razonada de la situación. [SEP] a_________ [SEP] analytical
3978,es,-3.455611917,esencial [SEP] La música es parte esencial de nuestro programa académica. [SEP] i_______ [SEP] integral
3979,es,-1.965523284,pauta [SEP] Hay que establecer una pauta regular del sueño. [SEP] p______ [SEP] pattern
3980,es,0.510003293,monitor [SEP] Mi monitor de esquí me ha ayudado a mejorar mucho este año. [SEP] i_________ [SEP] instructor
3981,es,0.016105478,hierbabuena [SEP] Esta pasta de dientes sabe a hierbabuena. [SEP] m___ [SEP] mint
3982,es,1.320549806,intonación [SEP] Paula tiene una intonación de voz muy melódica. [SEP] t___ [SEP] tone
3983,es,-1.530629132,prendado [SEP] Se quedó prendado de la belleza de la chica nueva. [SEP] f_________ [SEP] fascinated
3984,es,2.761231974,disfrutar [SEP] Tenemos que disfrutar de este buen tiempo mientras podamos. [SEP] e____ [SEP] enjoy
3985,es,-1.700171153,"sumo [SEP] Si lo ha ordenado el sumo comandante de las fuerzas armadas, tendremos que obedecer. [SEP] s______ [SEP] supreme"
3986,es,-1.1628316,absurdamente [SEP] La comida fue absurdamente cara. [SEP] r___________ [SEP] ridiculously
3987,es,2.277522067,araña [SEP] Había una araña enorme en el cuarto de baño anoche. [SEP] s_____ [SEP] spider
3988,es,3.425164319,siguiente [SEP] Quiero ver el siguiente episodio. [SEP] n___ [SEP] next
3989,es,-0.847223576,elevación [SEP] Las grúas se utilizan para la elevación de cargas. [SEP] l______ [SEP] lifting
3990,es,1.352736721,"postal [SEP] Si alguna vez voy a Australia, te mandaré una postal. [SEP] p_______ [SEP] postcard"
3991,es,1.367459264,tarro [SEP] Tengo que comprar un tarro de aceitunas. [SEP] j__ [SEP] jar
3992,es,0.241335453,no [SEP] La práctica de la medicina natural es generalmente no regulada. [SEP] u__________ [SEP] unregulated
3993,es,-1.159554725,casualidad [SEP] Fue una casualidad que nos encontrásemos en el avión. [SEP] c__________ [SEP] coincidence
3994,es,1.600832422,mediodía [SEP] ¿Nos vemos a mediodía para tomar un café? [SEP] n___ [SEP] noon
3995,es,-1.912314707,región [SEP] El país hizo un llamamiento por la paz en la región. [SEP] p_______ [SEP] province
3996,es,1.283123371,legislativo [SEP] El Gobierno aprueba un nuevo marco legislativo para la realización de actividades con drones [SEP] l__________ [SEP] legislative
3997,es,-0.179991456,efecto [SEP] Todas las acciones tienen su efecto. [SEP] c__________ [SEP] consequence
3998,es,0.244836094,enmarcar [SEP] Hay que enmarcar ese cuadro antes de que se estropee. [SEP] f____ [SEP] frame
3999,es,-0.130336249,aprobar [SEP] No estoy segura de aprobar tu decisión de dejar los estudios. [SEP] a______ [SEP] approve
4000,es,3.574911889,en [SEP] Hay muchas tiendas en esta calle. [SEP] o_ [SEP] on
4001,es,-2.31823063,tentempié [SEP] Se sirvió un tentempié durante el recreo. [SEP] r__________ [SEP] refreshment
4002,es,-0.38953594,sonido [SEP] El sonido no funciona en absoluto. [SEP] a____ [SEP] audio
4003,es,-1.113699919,pendiente [SEP] Los esquiadores se lanzaban por la pendiente a toda velocidad. [SEP] s____ [SEP] slope
4004,es,-0.438014542,extremista [SEP] Es un extremista que tiene opiniones religiosas muy peligrosas. [SEP] f______ [SEP] fanatic
4005,es,2.407111895,tarde [SEP] Siempre tomamos té por la tarde. [SEP] a________ [SEP] afternoon
4006,es,-1.682422598,"aplaudir [SEP] El público aplaude fuertemente, el show estuvo espectacular [SEP] a______ [SEP] applaud"
4007,es,-0.055419454,entregar [SEP] Tienes que entregar la carta en la ventanilla número diez. [SEP] h___ [SEP] hand
4008,es,-0.352149795,posible [SEP] Este reloj es posible de programar para llevar a cabo varias funciones. [SEP] p___________ [SEP] programmable
4009,es,2.320547503,campana [SEP] Sonó la campana y se terminó la clase. [SEP] b___ [SEP] bell
4010,es,-1.89241185,cirúrgica [SEP] La técnica cirúrgica hoy día ha hecho que la recuperación sea más rápido que antes. [SEP] s_______ [SEP] surgical
4011,es,-0.272871087,acordado [SEP] Necesitamos un precio acordado por todos. [SEP] a_____ [SEP] agreed
4012,es,0.430957214,reparto [SEP] El reparto de los actores se realizó meses atrás [SEP] c______ [SEP] casting
4013,es,-2.438498905,espiritual [SEP] Me regaló un libro espiritual acerca de los ángeles [SEP] m_______ [SEP] mystical
4014,es,0.618504525,ganar [SEP] Voy a intentar ganar a Rafael en el partido de tenis hoy. [SEP] b___ [SEP] beat
4015,es,-0.334691203,cancha [SEP] Celebraron el partido final en una cancha grande de deportes con cabida para diez mil personas [SEP] s______ [SEP] stadium
4016,es,-1.88904536,"pasear [SEP] Me encanta pasear por la playa en vacaciones, [SEP] s_____ [SEP] stroll"
4017,es,-2.231756206,definitivamente [SEP] Mi amiga es definitivamente encantadora [SEP] c________ [SEP] certainly
4018,es,0.692085892,salvaguardar [SEP] Han enviado tropas para salvaguardar a los trabajadores voluntarios de los ataques. [SEP] p______ [SEP] protect
4019,es,1.644463386,bromista [SEP] Siempre ha sido un poco bromista. [SEP] j____ [SEP] joker
4020,es,3.08723776,lápiz [SEP] Déjame un lápiz y te apunto el número. [SEP] p_____ [SEP] pencil
4021,es,2.055607192,mil [SEP] Cobré casi mil euros por el trabajo. [SEP] t_______ [SEP] thousand
4022,es,1.057273754,forma [SEP] El edificio de oficinas tiene la forma de un cubo. [SEP] s____ [SEP] shape
4023,es,2.490512654,verdura [SEP] La coliflor es mi verdura preferida. [SEP] v________ [SEP] vegetable
4024,es,-0.004516221,dicho [SEP] Hay un dicho que dice: 'Piensa mal y acertarás.' [SEP] s_____ [SEP] saying
4025,es,-0.949408048,exquisitamente [SEP] Está exquisitamente dulce y por lo tanto difícil de resistir. [SEP] d__________ [SEP] deliciously
4026,es,-2.012023087,expresión [SEP] Ese es una expresión científica y no la entiendo muy bien la verdad. [SEP] t___ [SEP] term
4027,es,1.906591838,integración [SEP] Su música es la integración de diferentes partes de tradición y tecnología. [SEP] i__________ [SEP] integration
4028,es,-3.06249141,fascinante [SEP] Viajar en el tiempo siempre ha sido algo fascinante y misterioso para todo el mundo. [SEP] i_________ [SEP] intriguing
4029,es,0.813622594,reproducir [SEP] Ne debes reproducir su estilo de pintar. Pinta lo que te gusta a ti. [SEP] i______ [SEP] imitate
4030,es,-0.396593163,"esfumar [SEP] Cuando gane la lotería, mis problemas económicos se van a esfumar. [SEP] v_____ [SEP] vanish"
4031,es,-1.653231423,opinión [SEP] No hubo ninguna posibilidad de poder aportar nuestra opinión al tema. [SEP] s__ [SEP] say
4032,es,1.949403863,aceituna [SEP] Las propiedades de la aceituna negra hacen que sea muy buena para bajar el colesterol. [SEP] o____ [SEP] olive
4033,es,-0.374608675,vínculo [SEP] El vínculo entre las hermanas es muy fuerte. [SEP] b___ [SEP] bond
4034,es,-0.803362304,impacto [SEP] La reforma tuvo un impacto positivo en la economía. [SEP] e_____ [SEP] effect
4035,es,-0.319919974,colocar [SEP] Hay que colocar el centro de flores en la mesa principal. [SEP] p____ [SEP] place
4036,es,0.742892401,Vacaciones [SEP] Este año tengo mis vacaciones en el mes de julio. [SEP] v_______ [SEP] vacation
4037,es,0.663232878,"huella [SEP] Gracias a una huella dactilar que encontraron en el cuchillo, pudieron identificar el asesino. [SEP] f__________ [SEP] fingerprint"
4038,es,-2.490959133,batalla [SEP] Perdió la vida en una batalla feroz en las afueras de la ciudad. [SEP] c_____ [SEP] combat
4039,es,-2.450636349,desestimar [SEP] El juez decidió desestimar todas las acusaciones. [SEP] d______ [SEP] dismiss
4040,es,-2.276034688,temperamento [SEP] El niño tiene un temperamento alegre y amable. [SEP] d__________ [SEP] disposition
4041,es,-0.588339544,valor [SEP] Mi biblioteca personal tiene un gran valor para mí. [SEP] w____ [SEP] worth
4042,es,-0.563689058,control [SEP] En mi empresa hacemos un control semanal de las cuentas. [SEP] c____ [SEP] check
4043,es,-2.184369436,desgarrador [SEP] Es desgarrador ver como tira su vida al vacío de esta forma. [SEP] h____________ [SEP] heartbreaking
4044,es,2.795465154,sociologia [SEP] A Pedro le gusta mucho la sociologia. [SEP] s________ [SEP] sociology
4045,es,-3.901992444,irreconciliable [SEP] Su actitud es irreconciliable con los principios de la unión europea. [SEP] i___________ [SEP] incompatible
4046,es,-1.25617275,pronosticar [SEP] El parte meteorológico va a pronosticar sol para el fin de semana. [SEP] p______ [SEP] predict
4047,es,-2.078411969,logro [SEP] ¡Enhorabuena!  Ha sido un gran logro. [SEP] a_____________ [SEP] accomplishment
4048,es,0.739415569,fracasado [SEP] El equipo marcó un gol después de un intento fracasado. [SEP] f_____ [SEP] failed
4049,es,0.497361005,pluma [SEP] Se ha comprado un ridículo sombrero que tiene una pluma de avestruz enorme. [SEP] f______ [SEP] feather
4050,es,-0.006763619,"concedido [SEP] Hay bastante dinero para los refugiados al final, todo concedido por los padres de los alumnos. [SEP] d______ [SEP] donated"
4051,es,2.507349513,bisexual [SEP] Ser bisexual significa que te atraen ambos sexos [SEP] b_______ [SEP] bisexual
4052,es,3.863525798,cortar [SEP] Me voy a cortar el pelo mañana. Lo tengo muy largo. [SEP] c__ [SEP] cut
4053,es,1.47347735,prueba [SEP] He pasado la prueba de matemáticas y ahora me queda la de lengua. [SEP] e___ [SEP] exam
4054,es,1.423779553,festejar [SEP] Vamos a festejar el aniversario con una comida en mi casa. [SEP] c________ [SEP] celebrate
4055,es,2.022643934,feminista [SEP] Las mujeres feministas han trabajado por el bienestar de la mujer en la sociedad durante muchos años [SEP] f_______ [SEP] feminist
4056,es,0.235419565,evitar [SEP] Hay vacunas que ayudan a evitar la gripe. [SEP] p______ [SEP] prevent
4057,es,-1.365587803,fortalecer [SEP] Tendrá que fortalecer su posición en el partido ahora. [SEP] s_________ [SEP] strengthen
4058,es,-1.015475218,columpio [SEP] A mi hija le gusta jugar en el columpio en el parque. [SEP] s____ [SEP] swing
4059,es,-2.872941538,tramitación [SEP] La tramitación de los papeles duró unos cuantos días. [SEP] p_________ [SEP] processing
4060,es,-2.326078292,digitalización [SEP] Tardamos varios minutos en terminar la digitalización. [SEP] s_______ [SEP] scanning
4061,es,2.306590274,grado [SEP] La temperatura todavía no ha subido ni un grado en el salón. [SEP] d_____ [SEP] degree
4062,es,2.605833563,violinista [SEP] Paganini fue el violinista más maravilloso de todos los tiempos. [SEP] v________ [SEP] violinist
4063,es,1.288700014,dulces [SEP] A los niños les suelen gustar los dulces. [SEP] c____ [SEP] candy
4064,es,-1.949528536,permanente [SEP] Me quedaba dormida escuchando el fluir permanente del río. [SEP] c_________ [SEP] continuous
4065,es,-2.944124421,sumido [SEP] Estuve sumido en la lectura toda la tarde. [SEP] a_______ [SEP] absorbed
4066,es,0.78912486,dimensional [SEP] La obra del artista se basa en lo dimensional de las formas [SEP] d__________ [SEP] dimensional
4067,es,1.077659614,preparación [SEP] La preparación para la fiesta empezó mucho antes. [SEP] p__________ [SEP] preparation
4068,es,3.286030106,odontólogo [SEP] Trabaja de odontólogo en un grupo bastante conocido de profesionales. [SEP] d______ [SEP] dentist
4069,es,0.760756587,deuda [SEP] Tiene que pagar su deuda con hacienda antes de fin de mes. [SEP] d___ [SEP] debt
4070,es,-1.728189102,intuir [SEP] ¿No eres capaz de intuir que estoy enfadada contigo? [SEP] s____ [SEP] sense
4071,es,1.236211724,agotado [SEP] Me siento agotado después de la carrera. [SEP] e________ [SEP] exhausted
4072,es,-0.881685171,escalera [SEP] Subiremos por la escalera mecánica. [SEP] e________ [SEP] escalator
4073,es,1.551491651,fe [SEP] Mi madre tiene fe en la bondad de la gente. [SEP] f____ [SEP] faith
4074,es,0.656178943,prototipo [SEP] Los científicos han desarrollado un prototipo operativo de una máquina traductora de voz. [SEP] p________ [SEP] prototype
4075,es,-2.398548247,ocultar [SEP] Dentro de unos minutos la luna va a ocultar el sol. [SEP] o______ [SEP] obscure
4076,es,-3.607697862,desconfiado [SEP] A veces es algo desconfiado y piensa que todo el mundo está hablando de él. [SEP] p_______ [SEP] paranoid
4077,es,0.659658703,ahorro [SEP] Puedes hacer un buen ahorro si compras en el supermercado. [SEP] s_____ [SEP] saving
4078,es,2.024761275,doloroso [SEP] Tengo un esguince en el tobillo y es muy doloroso. [SEP] p______ [SEP] painful
4079,es,3.579243377,"verde [SEP] Hay que esperar hasta que se ponga el muñeco verde y entonces, podremos cruzar. [SEP] g____ [SEP] green"
4080,es,-2.56093017,arrojar [SEP] Arroja tu carga y descansa. No es necesario que te esfuerces tanto [SEP] c___ [SEP] cast
4081,es,-4.231038385,desconocido [SEP] La pobre mujer ha sido el objetivo desconocido de chismes. [SEP] u________ [SEP] unknowing
4082,es,-2.6679654,golpe [SEP] Un golpe muy duro le dejó sin sentido. [SEP] b___ [SEP] blow
4083,es,0.557231094,diplomático [SEP] El nuevo presidente designó al anterior ministro como diplomático en la embajada. [SEP] d_______ [SEP] diplomat
4084,es,-1.608900338,en [SEP] La crisis bancaria dejó a mi padre en bancarrota. [SEP] r_____ [SEP] ruined
4085,es,-1.117596085,mariscal [SEP] Fue mariscal de campo en un equipo de fútbol americano. [SEP] q__________ [SEP] quarterback
4086,es,0.824095354,platino [SEP] Otros metales tienen un punto de fusión más elevado que el platino. [SEP] p_______ [SEP] platinum
4087,es,-0.818582621,asegurar [SEP] El equipo ha asegurado un lugar en la final con esta victoria. [SEP] s_____ [SEP] secure
4088,es,3.927285457,almuerzo [SEP] Nos veremos para el almuerzo a la una y media en la cafetería. [SEP] l____ [SEP] lunch
4089,es,-1.99878628,"regla [SEP] Como regla moral, ha rechazado la ayuda económica que le ofrecieron sus padres. [SEP] p________ [SEP] principle"
4090,es,3.222367155,"aprender [SEP] Hay que aprender matemáticas, lengua y todo eso en el colegio. [SEP] l____ [SEP] learn"
4091,es,0.235283208,alcance [SEP] La medicina debe mantenerse fuera del alcance de los niños. [SEP] r____ [SEP] reach
4092,es,0.173966775,gen [SEP] El color de ojos de una persona está determinado por gen especial en nuestro ADN [SEP] g___ [SEP] gene
4093,es,3.2144258,divertida [SEP] La fiesta fue divertida ¿verdad? [SEP] f__ [SEP] fun
4094,es,-0.295097792,hiperactivo [SEP] Mi sobrino es demasiado hiperactivo y tiene problemas de concentración. [SEP] h__________ [SEP] hyperactive
4095,es,0.663297229,solicitar [SEP] Voy a solicitar plaza en el curso de diseño gráfico. [SEP] a____ [SEP] apply
4096,es,-3.587281548,candente [SEP] Es un tema candente para tratar en la reunión mensual [SEP] e________ [SEP] explosive
4097,es,-0.542225931,"arruinado [SEP] Luego de hacer un mal negocio, el hombre quedó arruinado [SEP] b____ [SEP] broke"
4098,es,-0.644173703,desequilibrado [SEP] Está desequilibrado desde que le dejó su mujer hace años. [SEP] u_________ [SEP] unbalanced
4099,es,1.031942953,"martillo [SEP] Necesito un martillo para meter estos clavos en la pared, [SEP] h_____ [SEP] hammer"
4100,es,2.836560203,vidrio [SEP] La puerta está hecha de vidrio así que le veo perfectamente. [SEP] g____ [SEP] glass
4101,es,-0.619837229,percibido [SEP] El discurso del presidente fue percibido como un ataque hacia la democracia. [SEP] p________ [SEP] perceived
4102,es,-0.545419468,pensamiento [SEP] Tuve que aplicar un poco de pensamiento rápido para solucionar el problema cuanto antes. [SEP] t_______ [SEP] thinking
4103,es,0.58922504,carrera [SEP] El objetivo del atleta es ganar la carrera. [SEP] r___ [SEP] race
4104,es,-2.68576853,parte [SEP] Escribí una gran parte de mi tesis a lo largo del verano. [SEP] p_________ [SEP] proportion
4105,es,-0.654019665,fianza [SEP] Es normal tener que pagar tres meses de fianza cuando alquilas un piso. [SEP] d______ [SEP] deposit
4106,es,0.274638488,senderismo [SEP] El senderismo es un deporte que se puede practicar a cualquier edad. [SEP] w______ [SEP] walking
4107,es,-0.119031649,monopatín [SEP] Alcanza unas velocidades tremendas subido a ese monopatín. [SEP] s_________ [SEP] skateboard
4108,es,-1.072744572,director [SEP] Zubin Mehta es un director de orquesta muy famoso. [SEP] c________ [SEP] conductor
4109,es,-2.034861466,tutor [SEP] Tenemos reunión con el tutor de nuestro grupo esta tarde. [SEP] s_________ [SEP] supervisor
4110,es,-2.034429146,controlar [SEP] La cartografía digital nos ayuda a controlar la cubierta forestal en la zona. [SEP] m______ [SEP] monitor
4111,es,-1.542593765,propósito [SEP] Hemos preparado un propósito para abrir una academia de inglés el año que viene. [SEP] p___ [SEP] plan
4112,es,1.508335826,salsa [SEP] ¿Quieres salsa de tomate con la hamburguesa? [SEP] s____ [SEP] sauce
4113,es,0.325631279,"alternativamente [SEP] Este shampoo es muy recomendado. Alternativamente, podría usar este jabón especial [SEP] a____________ [SEP] alternatively"
4114,es,-0.142358617,carbón [SEP] Desgraciadamente el carbón se sigue utilizando para la calefacción de las viviendas. [SEP] c___ [SEP] coal
4115,es,3.18449248,laboratorio [SEP] Vámonos al laboratorio para ver si han llegado las muestras. [SEP] l__ [SEP] lab
4116,es,-2.748548533,arrastrar [SEP] Tuvimos que arrastrar el colchón por la escalera al piso de arriba. [SEP] h___ [SEP] haul
4117,es,-0.108321898,recordatorio [SEP] Recibí un correo electrónico como un recordatorio del vuelo. [SEP] r_______ [SEP] reminder
4118,es,3.065155745,kickboxing [SEP] Mi hijo recibe clases de kickboxing en el gimnasio de la esquina. [SEP] k_________ [SEP] kickboxing
4119,es,-1.947655863,umbral [SEP] Mejorar el nivel de vida de los que viven por debajo del umbral de la pobreza es prioridad. [SEP] t________ [SEP] threshold
4120,es,1.713081591,dirección [SEP] ¿Cuál es tu dirección? [SEP] a______ [SEP] address
4121,es,3.630473417,lluvia [SEP] La lluvia cayó durante todo el día. [SEP] r___ [SEP] rain
4122,es,-2.377406224,capacidad [SEP] Este chico tiene una capacidad mental impresionante. [SEP] f______ [SEP] faculty
4123,es,0.095065035,viajar [SEP] Mi hijo va a viajar con mochila por toda Europa este verano. [SEP] b_______ [SEP] backpack
4124,es,-1.311486123,transmisión [SEP] Habrá una transmisión en línea del concierto en directo. [SEP] s________ [SEP] streaming
4125,es,-1.989278992,alerón [SEP] El coche tenía un alerón en cada lado de la parte de atrás [SEP] s______ [SEP] spoiler
4126,es,1.515315393,fracasar [SEP] Mucha gente tiene miedo a fracasar en la vida. [SEP] f___ [SEP] fail
4127,es,0.982480624,literario [SEP] Los libros que tengo están ordenados por género literario y alfabéticamente. [SEP] l_______ [SEP] literary
4128,es,3.172990584,plástico [SEP] Las cortinas de baño que compré el otro día son de plástico. [SEP] p______ [SEP] plastic
4129,es,1.235867237,género [SEP] No nos importa en absoluto el género del bebé. [SEP] s__ [SEP] sex
4130,es,-2.096826005,enfrentamiento [SEP] Hay un enfrentamiento entre la empresa y el comité de empresa. [SEP] c_______ [SEP] conflict
4131,es,-2.574362556,flotar [SEP] Las nubes parecen flotar por encima de la casa. [SEP] d____ [SEP] drift
4132,es,-2.660508556,futuro [SEP] Estamos preparados para enfrentar un futuro desafío en la empresa. [SEP] p__________ [SEP] prospective
4133,es,-1.288551697,enojada [SEP] Mi madre estuvo muy enojada conmigo por llegar tarde. [SEP] a______ [SEP] annoyed
4134,es,0.267054177,advertir [SEP] Hay que advertir a los vecinos del peligro del hielo en la acera. [SEP] w___ [SEP] warn
4135,es,1.949999712,bacterial [SEP] La enfermedad fue algo bacterial y pudo ser controlada [SEP] b________ [SEP] bacterial
4136,es,-1.742208143,de [SEP] La música de voz me gusta mucho y canto en el coro de la iglesia- [SEP] v____ [SEP] vocal
4137,es,0.714557798,director [SEP] El director del grupo de trabajo nos tiene que informar de su decisión el lunes que viene. [SEP] l_____ [SEP] leader
4138,es,-4.036425671,golpear [SEP] El viento hizo golpear las olas contra el muelle de una forma alarmante. [SEP] p____ [SEP] pound
4139,es,-3.154439833,traslado [SEP] La ley regula el traslado internacional de mercancías. [SEP] t______ [SEP] transit
4140,es,3.511225983,guitarra [SEP] La guitarra es un instrumento musical de seis cuerdas muy usada en la musica popular occidental [SEP] g_____ [SEP] guitar
4141,es,-1.392921292,frecuentemente [SEP] Este método es el que usan frecuentemente los investigadores. [SEP] c_______ [SEP] commonly
4142,es,-1.65285363,emotivo [SEP] Guardó las cartas porque le producían un sentimiento emotivo y romántico. [SEP] s__________ [SEP] sentimental
4143,es,-0.611170321,inscripción [SEP] Llevé muchos documentos para la inscripción en la universidad [SEP] r___________ [SEP] registration
4144,es,-1.07150565,aviso [SEP] Por favor escuchen bien este aviso muy importante. [SEP] a___________ [SEP] announcement
4145,es,-1.753949097,incursión [SEP] Los vikingos perpetraron una incursión muy agresiva en la costa escocesa. [SEP] r___ [SEP] raid
4146,es,-1.351127889,título [SEP] El título de la novela es bueno. [SEP] h______ [SEP] heading
4147,es,2.006200599,vegetariano [SEP] Soy vegetariano desde hace 10 meses y me siento muy bien. [SEP] v_________ [SEP] vegetarian
4148,es,1.61441485,elegir [SEP] Vamos a elegir formalmente el candidato para la presidencia de la empresa hoy. [SEP] v___ [SEP] vote
4149,es,1.8364285,anuncio [SEP] ¿Has visto el anuncio para la lotería de Navidad este año? [SEP] a_ [SEP] ad
4150,es,-3.017651564,sartén [SEP] Frieron las salchichas en una sartén por encima del fuego que habían hecho en el suelo del bosque. [SEP] s______ [SEP] skillet
4151,es,-1.908332766,diluirse [SEP] El azucar tiene que diluirse en el agua antes de añadir a la mezcla. [SEP] d_______ [SEP] dissolve
4152,es,0.397926418,desvelar [SEP] La auditoría no tardó en desvelar varios errores de contabilidad. [SEP] r_____ [SEP] reveal
4153,es,-0.372161527,deber [SEP] Es mejor no deber nada a nadie pero a veces es difícil. [SEP] o__ [SEP] owe
4154,es,3.308570275,ti [SEP] Siempre quierete a ti mismo [SEP] y_______ [SEP] yourself
4155,es,0.297324825,lista [SEP] Le voy a dar la lista discográfica al chico de la música para la fiesta. [SEP] p_______ [SEP] playlist
4156,es,-0.148002828,insecto [SEP] Hay un pequeño insecto en la alfombra. [SEP] b__ [SEP] bug
4157,es,-0.648283666,cautivar [SEP] La idea de que pueda haber vida en otro planeta suele cautivar a la gente.. [SEP] f________ [SEP] fascinate
4158,es,-0.449903653,probable [SEP] No es probable que vaya a la fiesta. [SEP] l_____ [SEP] likely
4159,es,-1.277855095,burlarse [SEP] A mi hermano le encanta burlarse de mí para hacerme rabiar. [SEP] t____ [SEP] tease
4160,es,-2.826542057,delicadeza [SEP] La enfermera mostró gran delicadeza al tratar al niño. [SEP] s__________ [SEP] sensitivity
4161,es,2.415263714,aula [SEP] El profesor entró en el aula y nos mandó callar. [SEP] c________ [SEP] classroom
4162,es,-2.407153518,condenar [SEP] Los críticos se encargaron de condenar la obra de teatro por subversivo. [SEP] d___ [SEP] damn
4163,es,-2.862654961,medio [SEP] En el medio de tanto humo y tráfico encontramos un parque precioso. [SEP] m____ [SEP] midst
4164,es,-4.691354027,descontrolada [SEP] Esta violencia descontrolada tiene que parar. [SEP] u________ [SEP] unchecked
4165,es,2.345508626,regalo [SEP] Le he comprado un regalo precioso a mi marido por su cumpleaños. [SEP] g___ [SEP] gift
4166,es,-1.22152727,"entretenimiento [SEP] Los perros sirven de entretenimiento para los niños, que por unos momentos se olvidan de su enfermedad. [SEP] d__________ [SEP] distraction"
4167,es,0.420020275,trampa [SEP] El hombre mató al ratón con una trampa casera. [SEP] t___ [SEP] trap
4168,es,0.030515192,acantilado [SEP] El acantilado que hay en la playa cerca de nuestra casa es muy alto. [SEP] c____ [SEP] cliff
4169,es,-0.973305347,legamente [SEP] Acá estas casado legalmente cuando te presentas ante el juez del condado [SEP] o_________ [SEP] officially
4170,es,1.768249981,publicidad [SEP] La publicidad de Coca Cola es mundiualmente famosa [SEP] p________ [SEP] publicity
4171,es,2.610450749,rodilla [SEP] Me hice daño a la rodilla derecha cuando me caí. [SEP] k___ [SEP] knee
4172,es,-0.764725642,acera [SEP] El coche se subió a la acera y chocó contra la pared. [SEP] s_______ [SEP] sidewalk
4173,es,-0.255545831,cliente [SEP] El Sr. García es nuestro mejor cliente ya que todos los días nos compra algo. [SEP] c_______ [SEP] customer
4174,es,-1.035100253,doble [SEP] El doble sentido de una oración lo hace el contexto en que se pronuncia [SEP] d___ [SEP] dual
4175,es,0.049405173,padecimiento [SEP] La medicina alivió el padecimiento del hombre. [SEP] s________ [SEP] suffering
4176,es,-0.602851497,aterrador [SEP] El aterrizaje en el aeropuerto de Bilbao fue aterrador. [SEP] t_________ [SEP] terrifying
4177,es,0.27172629,calzoncillos [SEP] Mi madre siempre me regala calzoncillos y calcetines por mi cumpleaños. [SEP] p____ [SEP] pants
4178,es,-0.390025642,comerciante [SEP] Un comerciante compra y vende productos. [SEP] m_______ [SEP] merchant
4179,es,0.868658895,"guisante [SEP] Cómo le gustan las verduras, no ha dejado ni un guisante de la menestra. [SEP] p__ [SEP] pea"
4180,es,-0.784767922,interconexión [SEP] Las reuniones son útiles para la interconexión profesional. [SEP] n_________ [SEP] networking
4181,es,-1.437924061,sujeto [SEP] La literatura del siglo dieciocho es el sujeto del festival de este año. [SEP] t____ [SEP] theme
4182,es,2.517940795,aprendizaje [SEP] El aprendizaje es más fácil si se lleva de forma amena y agradable. [SEP] l_______ [SEP] learning
4183,es,-0.261377554,alumbrado [SEP] El alumbrado navideño del centro de la ciudad es muy bonito. [SEP] i___________ [SEP] illumination
4184,es,2.357825031,baloncesto [SEP] El baloncesto es un deporte muy popular. [SEP] b_________ [SEP] basketball
4185,es,-1.830291203,colaborador [SEP] Juana es muy colaboradora y me ayuda mucho en la clase. [SEP] c__________ [SEP] cooperative
4186,es,2.555419366,mezcla [SEP] La ciudad ofrece una mezcla genial de lo viejo y lo nuevo. [SEP] m__ [SEP] mix
4187,es,-1.265184003,organización [SEP] Hay una organización de investigación científica muy famosa en esta ciudad. [SEP] i________ [SEP] institute
4188,es,0.321190832,recipiente [SEP] Hay que reciclar ese recipiente de plástico.  Echalo en la bolsa amarilla. [SEP] c________ [SEP] container
4189,es,-2.334219177,acariciar [SEP] Se sentó en el sofá y se puso a acariciar al gato. [SEP] s_____ [SEP] stroke
4190,es,-1.332767668,corruptora [SEP] Has tenido una influencia corruptora en mi hijo. [SEP] c_________ [SEP] corrupting
4191,es,2.588002187,adinerada [SEP] Los Serrano son la familia más adinerada de la ciudad. [SEP] r___ [SEP] rich
4192,es,-0.682275288,arreglo [SEP] Mi madre cuida a los niños esta semana como arreglo provisional. [SEP] a__________ [SEP] arrangement
4193,es,-4.400583797,inactividad [SEP] La inmovilidad del tráfico en la ciudad ha aumentado con los años. [SEP] i_________ [SEP] immobility
4194,es,-1.817007846,retirada [SEP] La estrategia del ejército provocó la retirada del enemigo. [SEP] r______ [SEP] retreat
4195,es,-1.612439023,lograr [SEP] Podremos lograr muchas cosas juntas. [SEP] a_________ [SEP] accomplish
4196,es,-0.029697864,rodeado [SEP] De pequeño estaba rodeado de cariño y de bondad. [SEP] s_________ [SEP] surrounded
4197,es,-0.950766575,empresario [SEP] Juana pidió un aumento de sueldo al empresario que le contrató. [SEP] e_______ [SEP] employer
4198,es,2.087296921,encender [SEP] Vamos a encender las velas. [SEP] l____ [SEP] light
4199,es,3.801660801,brazo [SEP] Levanta el brazo si sabes la respuesta. [SEP] a__ [SEP] arm
4200,es,-1.883304038,aptitud [SEP] Ahora el nuevo futbolista tiene que pasar la prueba de aptitud física. [SEP] f______ [SEP] fitness
4201,es,-0.836398759,sudoración [SEP] La sudoración a veces puede ser un problema difícil de resolver. [SEP] s_______ [SEP] sweating
4202,es,3.69568965,cerdo [SEP] La familia de mi padre tenían un cerdo en al patio de su granja. [SEP] p__ [SEP] pig
4203,es,1.367224659,delante [SEP] Hay muchos coches delante de nosotros. [SEP] f____ [SEP] front
4204,es,-2.646955879,tradicional [SEP] La prensa tradicional informa de los acontecimientos de manera muy distinta. [SEP] m_________ [SEP] mainstream
4205,es,-1.684034154,totalmente [SEP] Este documento es totalmente incomprensible. [SEP] u______ [SEP] utterly
4206,es,3.664694321,voz [SEP] Tiene una voz muy bonita y canta en el coro del colegio. [SEP] v____ [SEP] voice
4207,es,-1.216681433,presentación [SEP] La presentación de la profesora sobre los descubrimientos fue maravillosa. [SEP] e_________ [SEP] exposition
4208,es,0.686620227,"altura [SEP] Por favor, dígame su altura y su peso también. [SEP] h_____ [SEP] height"
4209,es,-3.546610648,trepar [SEP] Conseguimos trepar por encima del muro. [SEP] s_______ [SEP] scramble
4210,es,-1.118681124,experto [SEP] Es un experto en física nuclear y da conferencias en todo el mundo. [SEP] s_________ [SEP] specialist
4211,es,-0.985602017,capacidad [SEP] Le vamos a dar el puesto ya que tiene una capacidad de trabajo impresionante. [SEP] c_________ [SEP] capability
4212,es,3.398957651,reina [SEP] La reina fue clemente y perdonó a los traidores. [SEP] q____ [SEP] queen
4213,es,-0.224391052,cuadro [SEP] El cuadro más famoso quizás sea La Gioconda de Leonardo Da Vinci. [SEP] p_______ [SEP] painting
4214,es,1.476221584,elegido [SEP] José ahora es el candidato elegido a la presidencia del comité. [SEP] e______ [SEP] elected
4215,es,0.876834639,testigo [SEP] El juez pidió al testigo que hablara. [SEP] w______ [SEP] witness
4216,es,3.46910981,ganar [SEP] El objetivo del atleta es ganar la carrera. [SEP] w__ [SEP] win
4217,es,1.347949752,abajo [SEP] La cocina y el salón están abajo. [SEP] d_________ [SEP] downstairs
4218,es,-1.489554451,exhaustivamente [SEP] Leí el contrato exhaustivamente antes de firmarlo. [SEP] t_________ [SEP] thoroughly
4219,es,3.410423965,lejano [SEP] Me gustan mucho las películas del lejano oeste. [SEP] f__ [SEP] far
4220,es,-0.482817258,"más [SEP] No hay que comprar leche, hay más que suficiente en el frigorífico. [SEP] p_____ [SEP] plenty"
4221,es,-1.160658469,dividir [SEP] La profesora decidió dividir a los alumnos en cuatro grupos. [SEP] s____ [SEP] split
4222,es,-1.115834321,representante [SEP] Los cantantes famosos siempre tienen un representante en cada país. [SEP] a____ [SEP] agent
4223,es,3.117182549,módem [SEP] La empresa telefonica reemplazó el módem por uno nuevo y más rápido [SEP] m____ [SEP] modem
4224,es,3.955697392,rosa [SEP] Las rosas del jardín se están marchitando por el verano intenso [SEP] r___ [SEP] rose
4225,es,-1.384286767,limpiar [SEP] ¿Puedes limpiar la mesa con este trapo por favor? [SEP] w___ [SEP] wipe
4226,es,-0.475943686,maldecir [SEP] Mi esposos estaba tan enojado que tuvo que maldecir en voz baja para evitar problemas [SEP] c____ [SEP] curse
4227,es,-2.822105818,tormento [SEP] Muchos refugiados que llegan aquí han sufrido terrible tormento en su país de origen. [SEP] t______ [SEP] torture
4228,es,0.078682896,cientificamente [SEP] El beneficio del ejercicio para la salud está comprobado cientificamente. [SEP] s_____________ [SEP] scientifically
4229,es,-0.735122634,local [SEP] Mi primo trabaja para el gobierno local de la ciudad. [SEP] m________ [SEP] municipal
4230,es,-2.588502968,compañerismo [SEP] Aprecio muchísimo el compañerismo de mis amigos que me han ayudado mucho. [SEP] s_________ [SEP] solidarity
4231,es,1.046915538,ensayo [SEP] Tengo que escribir un ensayo sobre 'El Quijote.' [SEP] e____ [SEP] essay
4232,es,-2.966913032,"área [SEP] No se puede tomar café en el área de trabajo, hay que salir fuera. [SEP] w________ [SEP] workspace"
4233,es,0.110960056,editar [SEP] Trabaja en una empresa que se dedica a editar libros de ciencia. [SEP] p______ [SEP] publish
4234,es,-5.022154334,entusiasmo [SEP] Hubo mucho entusiasmo por parte de los miembros al salir de la reunión. [SEP] p_________ [SEP] positivity
4235,es,-2.882120574,transitorio [SEP] Está en pleno período transitorio del aula al lugar de trabajo. [SEP] t___________ [SEP] transitional
4236,es,-0.470469704,editor [SEP] El autor envió su nuevo manuscrito al editor. [SEP] p________ [SEP] publisher
4237,es,0.078944812,carrera [SEP] Lleva una carrera impresionante como cantante de ópera. [SEP] c_____ [SEP] career
4238,es,2.448019757,perdedor [SEP] Tienes que aprender a ser buen perdedor en la vida. [SEP] l____ [SEP] loser
4239,es,4.247705416,familia [SEP] Nos vamos a reunir en familia para celebrar la navidad. [SEP] f_____ [SEP] family
4240,es,-0.463144886,desalojar [SEP] Tuvieron que desalojar el edificio por el incendio. [SEP] e_______ [SEP] evacuate
4241,es,-0.918984372,"recorrido [SEP] Este año, el desfile seguirá un recorrido muy largo. [SEP] r____ [SEP] route"
4242,es,2.277468619,"adverbio [SEP] En español, los adverbios generalmente tienen el sufijo -mente [SEP] a_____ [SEP] adverb"
4243,es,1.203378848,friegaplatos [SEP] Necesito un nuevo friegaplatos.  El mío no funciona bien. [SEP] d_________ [SEP] dishwasher
4244,es,3.442899991,soleado [SEP] Hace un día muy soleado. [SEP] s____ [SEP] sunny
4245,es,1.664494846,enfermedad [SEP] Tiene una enfermedad grave de la que está recuperándose lentamente. [SEP] i______ [SEP] illness
4246,es,0.803187359,carismático [SEP] La princesa Diana era una mujer carismática y todos la querían mucho [SEP] c__________ [SEP] charismatic
4247,es,-1.296005992,dificultosa [SEP] La situación es más dificultosa de lo que habíamos anticipado. [SEP] p__________ [SEP] problematic
4248,es,1.194544642,de [SEP] Hay que estar ahí a las 11 de la mañana [SEP] a_ [SEP] am
4249,es,-2.772261253,confrontado [SEP] Hicimos un estudio confrontado de los sistemas de educación de dos países. [SEP] c__________ [SEP] comparative
4250,es,-0.414419157,vivir [SEP] Volvió a España en el año 1939 después de vivir mucho años en el extranjero. [SEP] r_____ [SEP] reside
4251,es,-0.216221638,"termometro [SEP] Necesito un termometro, creo que tengo fiebre. [SEP] t__________ [SEP] thermometer"
4252,es,0.459474364,permanecer [SEP] Es obligatorio permanecer sentados aunque el avión haya aterrizado. [SEP] r_____ [SEP] remain
4253,es,-0.873742168,amigo [SEP] Fui a la fiesta con un viejo amigo. [SEP] b____ [SEP] buddy
4254,es,1.836814816,"visibilidad [SEP] La visibilidad está reducida a cien metros, así que conduce con cuidado. [SEP] v_________ [SEP] visibility"
4255,es,1.81980393,ecologísta [SEP] Andrea es un ecologista reconocida. Ha dado charlas de cómo mejorar la condicion ambiental en lass grandes ciudades [SEP] e________ [SEP] ecologist
4256,es,-1.543056344,que [SEP] No debemos tratar así a nuestros clientes que pagan. [SEP] p_____ [SEP] paying
4257,es,-1.2171681,sonora [SEP] La calidad sonora de la sala es fantástica. [SEP] a_______ [SEP] acoustic
4258,es,-1.750741737,"trámites [SEP] Está todo acordado, ahora sólo nos queda hacer los trámites. [SEP] p________ [SEP] paperwork"
4259,es,1.664360552,desarrollarse [SEP] Este niño tiene que desarrollarse un poco más antes de meterse en el equipo. [SEP] d______ [SEP] develop
4260,es,-0.603492462,ambientalmente [SEP] Esa política no es ambientalmente aceptable.  Es peligrosa. [SEP] e______________ [SEP] environmentally
4261,es,-0.972662335,responsablemente [SEP] Juan trabajó responsablemente toda la jornada laboral. [SEP] r__________ [SEP] responsibly
4262,es,2.944456981,único [SEP] Mi tío me dijo que seré su único heredero [SEP] o___ [SEP] only
4263,es,-2.606186883,"supuesto [SEP] En el supuesto de que tengas razón, tendremos que cambiar el contrato. [SEP] a_________ [SEP] assumption"
4264,es,-0.437806992,gobernar [SEP] El rey llegó a gobernar el país durante muchos años. [SEP] r___ [SEP] rule
4265,es,-1.703406273,fornido [SEP] Es un chico muy fornido ya que hace mucho ejercicio en el gimnasio. [SEP] m_______ [SEP] muscular
4266,es,-0.345105523,afectar [SEP] Sabes que tu ejemplo necesariamente ha de afectar a tus hijos y cómo piensan. [SEP] i________ [SEP] influence
4267,es,1.093142865,"a [SEP] A pesar de su aspecto rudo, es una persona encantadora. [SEP] d______ [SEP] despite"
4268,es,-1.702368216,unión [SEP] Hay una buena unión tanto económica como política entre los dos países. [SEP] a_______ [SEP] alliance
4269,es,-2.181726517,cuenta [SEP] Se me ha caído una cuenta de mi nueva pulsera. [SEP] b___ [SEP] bead
4270,es,0.983955957,cantante [SEP] Max es cantante con un grupo de rock. [SEP] v_______ [SEP] vocalist
4271,es,-1.057752544,ir [SEP] Tengo que ir con mi hermano al médico. [SEP] a________ [SEP] accompany
4272,es,1.88636176,orgulloso [SEP] Estoy muy orgulloso de los logros de mi hijo. [SEP] p____ [SEP] proud
4273,es,-2.270135205,afirmación [SEP] No me creo en absoluto su afirmación de haber visto todo y de saber quién es el ladrón. [SEP] c____ [SEP] claim
4274,es,-1.347452498,naturalmente [SEP] Nuestros estudios demuestran que estos dos plantas son naturalmente idénticas. [SEP] b___________ [SEP] biologically
4275,es,2.409014312,neutrón [SEP] El neutrón no se descubrió hasta 1932. [SEP] n______ [SEP] neutron
4276,es,4.105357579,amor [SEP] El amor es lo más importante en la vida. [SEP] l___ [SEP] love
4277,es,2.94856935,comida [SEP] Teníamos mucha comida así que invitamos a Carmen a cenar con nosotros. [SEP] f___ [SEP] food
4278,es,3.001490815,tarde [SEP] Date prisa o vas a llegar tarde. [SEP] l___ [SEP] late
4279,es,-3.328754203,coherencia [SEP] Para mí es muy importante la coherencia como cualidad personal. [SEP] c__________ [SEP] consistency
4280,es,1.773914222,escuchar [SEP] Escuchar esa canción me da ganas de llorar. [SEP] l________ [SEP] listening
4281,es,-1.558794664,Diagnóstica [SEP] El doctor de la familia es un especialista en diagnóstica. Siempre acudo a él cuando necesito un diagnóstico seguro [SEP] d__________ [SEP] diagnostics
4282,es,2.447676934,sentir [SEP] Mi madre va a sentir una gran alegría cuando reciba las flores. [SEP] f___ [SEP] feel
4283,es,-0.881061018,suavizar [SEP] Esta loción es para suavizar la piel. [SEP] s_____ [SEP] soften
4284,es,0.324645885,independientes [SEP] Mi esposo y yo tenemos cuentas bancarias independientes. [SEP] s_______ [SEP] separate
4285,es,1.833284127,boda [SEP] Hicieron una boda por todo lo alto. [SEP] w______ [SEP] wedding
4286,es,0.010244562,ponente [SEP] Mario es el ponente principal del congreso. [SEP] s______ [SEP] speaker
4287,es,0.27684751,foto [SEP] La foto de matrimonio de mis papás está en el cuarto principal [SEP] p_________ [SEP] photograph
4288,es,-1.858187931,teclado [SEP] Calculó lo que le iba a costar en su teclado numérico. [SEP] k_____ [SEP] keypad
4289,es,-1.290057017,vía [SEP] El puente pasa por encima de la vía del ferrocarril. [SEP] r_______ [SEP] railroad
4290,es,0.950576251,sin [SEP] Se quedó sin pelo después del tratamiento médico. [SEP] h_______ [SEP] hairless
4291,es,-3.524666077,caída [SEP] Los problemas de la empresa causó la caída de la bolsa. [SEP] d_______ [SEP] dropping
4292,es,-3.163038129,tramo [SEP] El último tramo de la maratón parecía el más largo. [SEP] s______ [SEP] stretch
4293,es,2.992670843,jaguar [SEP] El gran jaguar americano se parece al leopardo pero es más grande. [SEP] j_____ [SEP] jaguar
4294,es,0.5036305,electrónica [SEP] Paco se especializó en electrónica en la universidad de Valladolid. [SEP] e__________ [SEP] electronics
4295,es,-0.231399626,inactivo [SEP] Siempre hizo un papel muy inactivo en la relación. [SEP] p______ [SEP] passive
4296,es,1.573245815,frito [SEP] Me encanta comer huevo frito con pan en la mañana [SEP] f____ [SEP] fried
4297,es,-0.211053623,asamblea [SEP] La asamblea general duró ocho horas. Todos los miembros estaban cansados [SEP] a_______ [SEP] assembly
4298,es,1.197970768,camarera [SEP] La camarera nos trajo la comida en seguida. [SEP] w_______ [SEP] waitress
4299,es,0.354874559,encantadora [SEP] Es una persona encantadora que cae bien a todo el mundo. [SEP] c_______ [SEP] charming
4300,es,2.483549235,terminar [SEP] Tengo que terminar esta redacción antes de que cierren la oficina del periódico. [SEP] f_____ [SEP] finish
4301,es,-1.214202271,tropezar [SEP] Tenía miedo de tropezar en los escalones irregulares. [SEP] t___ [SEP] trip
4302,es,-1.906984812,constante [SEP] El tren se movía a un ritmo constante [SEP] s_____ [SEP] steady
4303,es,-1.59642772,librero [SEP] Paco es librero desde hace muchos años. [SEP] b_________ [SEP] bookseller
4304,es,-3.298121231,de [SEP] Las inspecciones ambientales se han llevado de forma parcial. [SEP] i___________ [SEP] incompletely
4305,es,2.033120769,grabación [SEP] Hicimos una grabación de imagen y sonido de nuestra boda. [SEP] v____ [SEP] video
4306,es,0.903524839,temporizador [SEP] Ajusté el temporizador del horno para veinte minutos. [SEP] t____ [SEP] timer
4307,es,1.398618343,recolectado [SEP] El dinero recolectado se usará para el mejoramiento de las vías de la ciudad. [SEP] c________ [SEP] collected
4308,es,-1.335766213,decepcionante [SEP] Tu comportamiento en el campo es decepcionante.  Mañana no juegas. [SEP] d____________ [SEP] disappointing
4309,es,-0.235064052,queja [SEP] Ha habído una queja por algo que pasó durante el desayuno esta mañana. [SEP] c________ [SEP] complaint
4310,es,0.071880193,adecuada [SEP] No tengo la ropa adecuada para ir a esquiar. [SEP] p_____ [SEP] proper
4311,es,-1.485231659,severo [SEP] El profesor recibió una crítica severa y cruel por parte del padre del joven. [SEP] h____ [SEP] harsh
4312,es,-0.090796739,cuello [SEP] El cuello de la camisa está sucio.  Tendré que cambiarme. [SEP] c_____ [SEP] collar
4313,es,-0.679903496,colgante [SEP] El puente colgante de Portugalete se construyó en 1893. [SEP] h______ [SEP] hanging
4314,es,2.458237316,nube [SEP] Hay una nube enorme gris en el cielo.  Esperemos que llueva. [SEP] c____ [SEP] cloud
4315,es,-0.64457965,puñado [SEP] Echa un puñado de arroz a la sopa. [SEP] h______ [SEP] handful
4316,es,2.621396877,frío [SEP] El café está frío. ¿Me lo calienta por favor? [SEP] c___ [SEP] cold
4317,es,0.71455776,juventud [SEP] Es su juventud había jugado al rugby. [SEP] y____ [SEP] youth
4318,es,0.725575807,grito [SEP] Nos asustamos al oír el grito de una mujer detrás de nosotros. [SEP] c__ [SEP] cry
4319,es,-0.104233583,conjunto [SEP] Las gemelas llevaban el mismo conjunto. [SEP] o_____ [SEP] outfit
4320,es,0.423269276,sangrar [SEP] La herida empezó a sangrar así que le llevamos al hospital. [SEP] b____ [SEP] bleed
4321,es,1.47038882,trato [SEP] Las dos partes se beneficiarán del trato al que han llegado. [SEP] d___ [SEP] deal
4322,es,2.227176837,ropa [SEP] Keti tiene tanta ropa que se ha tenido que comprar un armario. [SEP] c______ [SEP] clothes
4323,es,3.199307107,"llorar [SEP] Deja de llorar, María.  Llevas toda la mañana. [SEP] c__ [SEP] cry"
4324,es,-0.325542674,refugio [SEP] El refugio de animales ofrece adiestramiento para los perros. [SEP] s______ [SEP] shelter
4325,es,-0.387492816,gigantesco [SEP] Hay un árbol gigantesco en el parque que debe llevar ahí por lo menos cien años. [SEP] g_______ [SEP] gigantic
4326,es,-0.690482474,estaño [SEP] El estaño es un metal pesado. [SEP] t__ [SEP] tin
4327,es,-3.356565155,considerar [SEP] Es hora de considerar qué carrera vas a seguir en el futuro. [SEP] c__________ [SEP] contemplate
4328,es,-1.580978682,ecografía [SEP] La ecografía reveló que estaba esperando gemelos. [SEP] u_________ [SEP] ultrasound
4329,es,-0.80295597,cañón [SEP] El Cañón del Colorado es un lugar importante para conocer en Estados Unidos [SEP] c_____ [SEP] canyon
4330,es,-0.783541257,revisar [SEP] Un oficial se dispuso a revisar nuestro equipaje cuando llegamos. [SEP] i______ [SEP] inspect
4331,es,-0.12644049,intestino [SEP] Absorbemos los nutrientes por el intestino. [SEP] g__ [SEP] gut
4332,es,-1.709909702,señal [SEP] El olor es una señal de la calidad del te. [SEP] i_________ [SEP] indication
4333,es,0.714144654,huelga [SEP] Los controladores aéreos han convocado una huelga para el mes que viene. [SEP] s_____ [SEP] strike
4334,es,-4.626116876,supeditado [SEP] El proyecto está supeditado a la aprobación del comité. [SEP] c__________ [SEP] conditional
4335,es,4.292817489,héroe [SEP] A su vuelta le dieron una bienvenida digna de un héroe nacional [SEP] h___ [SEP] hero
4336,es,3.016909936,algún [SEP] Algún día nuestros sueños se harán realidad. [SEP] s______ [SEP] someday
4337,es,-2.4940933,"destacado [SEP] La explicación de Juan Valenzuela, descatado experto en la materia, fue muy interesante. [SEP] d____________ [SEP] distinguished"
4338,es,-1.7467146,natural [SEP] es natural que sientas miedo [SEP] n_____ [SEP] nature
4339,es,3.721017986,corte [SEP] Tengo un corte muy doloroso en la mano.  Me lo hice ayer con un cuchillo. [SEP] c__ [SEP] cut
4340,es,-4.614320169,blando [SEP] La piel del cachorrito es blanda y suavecita. Es muy agradable al tacto. [SEP] f_____ [SEP] floppy
4341,es,-3.25590003,cronista [SEP] Trabaja de cronista deportivo en la radio. [SEP] c__________ [SEP] commentator
4342,es,-2.269123802,eliminación [SEP] Los vecinos costean la eliminación de residuos urbanos. [SEP] r______ [SEP] removal
4343,es,2.105539419,taberna [SEP] Se han ido a la taberna para tomar una cerveza. [SEP] p__ [SEP] pub
4344,es,-1.589373313,inmóvil [SEP] Se quedó absolutamente inmóvil al oír la noticia. [SEP] m_________ [SEP] motionless
4345,es,0.235546681,carecer [SEP] Todos sabían que ella no soportaba carecer de lujos. [SEP] l___ [SEP] lack
4346,es,3.852040459,"ayudar [SEP] No te preocupes por el dinero, te voy a ayudar. [SEP] h___ [SEP] help"
4347,es,2.895052967,miel [SEP] La miel está muy buena con pan y mantequilla. [SEP] h____ [SEP] honey
4348,es,-0.480786461,rehén [SEP] Los ladrones han cogido al director del banco como rehén. [SEP] h______ [SEP] hostage
4349,es,3.216439003,correo [SEP] Estamos esperando el correo para ver si llega la carta. [SEP] m___ [SEP] mail
4350,es,-2.920471477,reducción [SEP] Las quejas han llevado a una reducción en cuanto a la complicación de las reglas que tenían. [SEP] s_____________ [SEP] simplification
4351,es,-2.216787485,intranquilamente [SEP] Esperamos intranquilamente mientras llegaba el autobús. [SEP] i__________ [SEP] impatiently
4352,es,0.182450629,grabar [SEP] Sergio se dedica a grabar dibujos sobre la piel en el barrio de Lavapiés. [SEP] t_____ [SEP] tattoo
4353,es,0.54778827,idilio [SEP] Miguel y Francisca mantuvieron su idilio en secreto durante muchos años. [SEP] r______ [SEP] romance
4354,es,1.001567125,posterior [SEP] Un estudio posterior mostró que se habían equivocado. [SEP] l____ [SEP] later
4355,es,-0.63197086,"suplir [SEP] Tienes que suplir a Diana, que está enferma y no ha podido venir. [SEP] s_________ [SEP] substitute"
4356,es,3.318505194,salto [SEP] El perro dió un salto hacia mí pero lo esquivé. [SEP] j___ [SEP] jump
4357,es,1.351975645,deformación [SEP] La deformación de los huesos fue causada por una mala alimentación. [SEP] d__________ [SEP] deformation
4358,es,-1.525814588,aprendizaje [SEP] Es importante cultivar unos buenos hábitos de aprendizaje. [SEP] s____ [SEP] study
4359,es,-2.420775828,culata [SEP] La culata de esta pistola está hecha de marfil. [SEP] b___ [SEP] butt
4360,es,2.183601477,rescatar [SEP] El guardacostas salió a rescatar a la tripulación del barco que se hundía. [SEP] r_____ [SEP] rescue
4361,es,1.39826639,jubilarse [SEP] Mi madre dice que tiene muchas ganas de jubilarse de su trabajo. [SEP] r_____ [SEP] retire
4362,es,-1.572818439,acuerdo [SEP] Finalmente las dos partes llegaron a un buen acuerdo de compra y venta [SEP] n__________ [SEP] negotiation
4363,es,0.340213953,mundo [SEP] La navidad es un festival que se celebra por todo el mundo. [SEP] g____ [SEP] globe
4364,es,-4.605284079,especialista [SEP] El presidente de Estados Unidos tiene un especialista internacional que le aconseja a la hora de tomar decisiones difíciles. [SEP] a______ [SEP] analyst
4365,es,0.00115271,constatar [SEP] Fui al lugar para constatar los hechos por mí misma. [SEP] v_____ [SEP] verify
4366,es,0.959567822,medio [SEP] El postre tiene una capa de crema en el medio. [SEP] m_____ [SEP] middle
4367,es,-1.206595947,distribución [SEP] El diseñador cambió la distribución de las fotos en la cubierta de la revista. [SEP] l_____ [SEP] layout
4368,es,-0.754775117,abrumadora [SEP] Tenía una sensación abrumadora de pérdida cuando falleció su madre. [SEP] o___________ [SEP] overwhelming
4369,es,-0.790454949,cristal [SEP] Tiene mucha miopía por lo que sus gafas llevan un cristal curvado muy gordo. [SEP] l___ [SEP] lens
4370,es,-1.289735331,"parroquia [SEP] En nuestra parroquia, el cura celebra misa todos los días. [SEP] p_____ [SEP] parish"
4371,es,2.4101701,calcular [SEP] Hay que calcular cuántos euros nos va a costar reparar el coche. [SEP] c________ [SEP] calculate
4372,es,-1.247720242,"cortar [SEP] Antes de manipular el aparato estropeado, deben cortar la luz. [SEP] d_________ [SEP] disconnect"
4373,es,-1.295178323,"mirada [SEP] Seguí la mirada de mi amiga, y ví a Carlos de pie junto a la barra. [SEP] g___ [SEP] gaze"
4374,es,-1.533941634,"caldo [SEP] Para hacer un buen caldo de pollo, hay que hervirlo durante mucho tiempo. [SEP] b____ [SEP] broth"
4375,es,2.809965761,barco [SEP] Cuando era pequeña teníamos un pequeño barco de pesca. [SEP] b___ [SEP] boat
4376,es,-0.942001224,alegato [SEP] Su alegato no logró ningún cambio en el resultado de la sentencia. [SEP] a_________ [SEP] allegation
4377,es,1.479861852,"materialista [SEP] Su familia sabía que ella se casaba con él por su dinero, era una materialista interesada [SEP] m__________ [SEP] materialist"
4378,es,-0.850903598,gatear [SEP] Nuestro bebé acaba de aprender a gatear. [SEP] c____ [SEP] crawl
4379,es,0.434848226,nublar [SEP] No hay que dejarse nublar la mente por los prejuicios. [SEP] c____ [SEP] cloud
4380,es,1.613091084,del [SEP] Nos vamos a una isla del trópico a pasar el verano. [SEP] t_______ [SEP] tropical
4381,es,1.31116051,geográfico [SEP] El mayor cambio geográfico del país ha sucedido por los terremotos ocurridos en los ultimos diez años [SEP] g_________ [SEP] geographic
4382,es,-0.097282805,rendirse [SEP] No tuvo más remedio que rendirse sin condiciones. [SEP] s________ [SEP] surrender
4383,es,-1.103928537,desacuerdo [SEP] Los líderes mostraron su desacuerdo frente a las nuevas normas presentaddas [SEP] o_________ [SEP] opposition
4384,es,0.372967069,mediante [SEP] La investigación se realizará mediante entrevistas personales. [SEP] t______ [SEP] through
4385,es,-1.470758991,"herido [SEP] A pesar de lo aparatoso del accidente, no hubo ningún herido. [SEP] c_______ [SEP] casualty"
4386,es,-0.11558486,"estrechamente [SEP] Habrá que vigilarle estrechamente, no se vaya a perder. [SEP] c______ [SEP] closely"
4387,es,-2.052096154,destinatario [SEP] El nombre del destinatario aparece en el sobre. [SEP] r________ [SEP] recipient
4388,es,-1.091291119,caro [SEP] El crucero es muy caro y no quiero hacer ese gasto. [SEP] c_____ [SEP] costly
4389,es,2.088718641,plata [SEP] Tanto la cubertería como la vajilla eran de plata. [SEP] s_____ [SEP] silver
4390,es,0.090303735,sin [SEP] Es un misterio sin resolver que ya no interesa a nadie. [SEP] u_______ [SEP] unsolved
4391,es,-1.583328101,perchero [SEP] Miró rápidamente por el perchero para ver si había una blusa roja. [SEP] r___ [SEP] rack
4392,es,-2.077604929,manejar [SEP] Empezó a manejar la situación a su gusto hace tiempo y ahora es un desastre. [SEP] m_________ [SEP] manipulate
4393,es,1.945221189,guapo [SEP] Mi novio está muy guapo con su nuevo traje. [SEP] h_______ [SEP] handsome
4394,es,-0.468930456,"complacer [SEP] Nada parece complacer a mi hermana, siempre se está quejando. [SEP] s______ [SEP] satisfy"
4395,es,0.251927694,diagnosticar [SEP] l fin pudimos diagnosticar los sintomas que presentaba el paciente [SEP] d_______ [SEP] diagnose
4396,es,-0.671205757,insultante [SEP] Lo que me acabas de decir es francamente insultante. [SEP] o________ [SEP] offensive
4397,es,3.641517181,pelo [SEP] Tiene el pelo rizado. [SEP] h___ [SEP] hair
4398,es,2.819555875,andar [SEP] El niño aprendió a andar al año justo de su nacimiento. [SEP] w___ [SEP] walk
4399,es,1.854582185,de [SEP] Este plato de carne con especias es de la India. [SEP] i_____ [SEP] indian
4400,es,0.872449611,autonomía [SEP] El país obtuvo su autonomía de la Unión Soviética durante los años noventa. [SEP] i___________ [SEP] independence
4401,es,-1.903832554,fugitivo [SEP] Este chico es un fugitivo que vive en la calle. [SEP] r______ [SEP] runaway
4402,es,-0.3905831,complacido [SEP] Nuestro director se siente complacido por las metas que alcanzamos. [SEP] s________ [SEP] satisfied
4403,es,-2.286408143,"misteriosamente [SEP] El hombre desapareció de la excena misteriosamente, nunca se volvió a saber de él [SEP] m___________ [SEP] mysteriously"
4404,es,-0.483052489,salida [SEP] Su salida del partido representó una gran pérdida política. [SEP] l______ [SEP] leaving
4405,es,2.986296696,respuesta [SEP] No sé la respuesta a esa pregunta. [SEP] a_____ [SEP] answer
4406,es,1.426208539,corto [SEP] Mi hermana acaba de escribir un cuento corto. [SEP] s____ [SEP] short
4407,es,-0.893584268,encía [SEP] Me duele una encía así que voy al dentista mañana. [SEP] g__ [SEP] gum
4408,es,0.572796871,de [SEP] Mi cuñado es de Turquía. [SEP] t______ [SEP] turkish
4409,es,-1.89312696,presencia [SEP] La presencia de la enzima en la sangre denota enfermedad. [SEP] e________ [SEP] existence
4410,es,1.851007396,"elegir [SEP] Había tanta variedad de flores, que no sabía elegir entre ellas. [SEP] c_____ [SEP] choose"
4411,es,0.027731242,cintura [SEP] Tendrás que estrechar el vestido un poco por la cintura. [SEP] w____ [SEP] waist
4412,es,2.267976906,nadie [SEP] Llamamos a la puerta pero no había nadie. [SEP] n_____ [SEP] nobody
4413,es,1.790324768,equivocación [SEP] Has cometido una gran equivocación de la que te arrepentirás. [SEP] e____ [SEP] error
4414,es,-1.063108881,apasionado [SEP] Luis es un gran apasionado del fútbol. [SEP] e_________ [SEP] enthusiast
4415,es,-1.184821372,enganchar [SEP] Hay que enganchar el arnés a una roca. [SEP] h___ [SEP] hook
4416,es,-0.442430688,objetivo [SEP] Estamos trabajando duro para lograr nuestro objetivo. [SEP] t_____ [SEP] target
4417,es,-0.309319024,taladrar [SEP] Hay que taladrar los agujeros en una línea recta. [SEP] d____ [SEP] drill
4418,es,-1.831631552,diferenciar [SEP] Hay que enseñar a los niños a diferenciar entre el bien y el mal. [SEP] d__________ [SEP] distinguish
4419,es,-2.93988707,explicar [SEP] Hay muchos factores a tener en cuenta para explicar la situación. [SEP] a______ [SEP] account
4420,es,-1.185449192,avance [SEP] El nuevo medicamento puede prevenir el avance de la enfermedad. [SEP] p__________ [SEP] progression
4421,es,0.342493199,recompensar [SEP] Te voy a recompensar por toda la ayuda que me has dado este mes. [SEP] r_____ [SEP] reward
4422,es,0.192576179,parcialmente [SEP] Las nubes cubren parcialmente la cima de la montaña. [SEP] p_____ [SEP] partly
4423,es,-2.458836567,giratoria [SEP] La hélice giratoria hace avanzar al barco. [SEP] s_______ [SEP] spinning
4424,es,-0.079022113,entrada [SEP] ¿Quedamos en la entrada del hotel a las ocho de la noche? [SEP] r________ [SEP] reception
4425,es,-1.637378251,"erróneamente [SEP] El artículo afirma erróneamente, que el Real Madrid ganó la liga ese año. [SEP] i__________ [SEP] incorrectly"
4426,es,1.567302667,completamente [SEP] Estoy completamente seguro de que todo va a ir bien. [SEP] t______ [SEP] totally
4427,es,-0.912618148,trabajo [SEP] La estudiante terminó su trabajo de ciencias justo a tiempo. [SEP] p______ [SEP] project
4428,es,0.209077167,atreverse [SEP] Hay que atreverse a hacer algo distinto de vez en cuando. [SEP] d___ [SEP] dare
4429,es,0.736634997,justo [SEP] ¡Eso no es justo! ¡No he hecho nada malo! [SEP] f___ [SEP] fair
4430,es,1.380283017,graduado [SEP] El investigador recopiló las muestras de sangre en un frasco graduado. [SEP] g________ [SEP] graduated
4431,es,1.532559481,complejo [SEP] El matemático logró resolver la ecuación compleja que lo tenía en vilo. [SEP] c______ [SEP] complex
4432,es,-0.178022404,imagen [SEP] Hay juegos online con los que primero tienes que crear tu imagen virtual. [SEP] a_____ [SEP] avatar
4433,es,-1.121585405,contibuyente [SEP] Mi madre es contribuyente oficial al banco de sangre en el hospital local. [SEP] d____ [SEP] donor
4434,es,-0.255418231,Fisicamente [SEP] Este curso te enseña a expresar tus sentimientos físicamente. [SEP] p_________ [SEP] physically
4435,es,-3.09469528,"desidia [SEP] Contestó a sus preguntas con desidia, mirando por la ventana. [SEP] i___________ [SEP] indifference"
4436,es,1.289145512,ciminología [SEP] El investigador encargado del caso es especializado en criminología [SEP] c__________ [SEP] criminology
4437,es,2.485878858,reloj [SEP] Solo un experto puede determinar el valor real de este reloj. [SEP] w____ [SEP] watch
4438,es,2.896337486,"ver [SEP] Quiero ver a mi familia, les echo mucho de menos. [SEP] s__ [SEP] see"
4439,es,1.90710617,casi [SEP] Casi se me olvidó cerrar la puerta con llave. [SEP] a_____ [SEP] almost
4440,es,2.586729701,éxito [SEP] La nueva canción es un verdadero éxito. [SEP] h__ [SEP] hit
4441,es,-3.914312078,asamblea [SEP] Los miembros de la asamblea legislativa que tiene el poder de hacer leyes son elegidos por el pueblo en las elecciones nacionales [SEP] l__________ [SEP] legislature
4442,es,-2.277881885,seguro [SEP] Estoy completamente seguro de su culpabilidad. [SEP] c________ [SEP] convinced
4443,es,1.526723037,tratar [SEP] La empresa va a tratar de fortalecer la confianza de su clientela. [SEP] t__ [SEP] try
4444,es,-1.233871155,cariño [SEP] Tenemos mucho cariño a esa familia. [SEP] a________ [SEP] affection
4445,es,0.514480974,engendro [SEP] Es un engendro con tres cabezas y seis piernas. [SEP] m______ [SEP] monster
4446,es,0.102846621,conferencia [SEP] Dio una conferencia magnífica sobre sus últimos descubrimientos. [SEP] l______ [SEP] lecture
4447,es,3.064553787,cebra [SEP] De pequeña ví una cebra en el zoo y me impresionó mucho. [SEP] z____ [SEP] zebra
4448,es,1.906226481,pentágono [SEP] El pentpagono es la oficvina central de operaciones del departamento de defensa de los Estados Unidos [SEP] p_______ [SEP] pentagon
4449,es,2.719883355,golpear [SEP] No es bueno golpear a los niños. [SEP] h__ [SEP] hit
4450,es,0.921077132,buceo [SEP] Le gusta mucho practicar el buceo en el Pacífico. [SEP] d_____ [SEP] diving
4451,es,-1.884205274,"suponer [SEP] Podemos suponer que van a pasar el verano aquí, ¿verdad? [SEP] p______ [SEP] presume"
4452,es,-1.704945696,norma [SEP] Las normas de calidad las establece el gobierno [SEP] s_______ [SEP] standard
4453,es,-1.482104968,ambulante [SEP] Una biblioteca ambulante nos visita todas las semanas. [SEP] m_____ [SEP] mobile
4454,es,0.304784559,paulatinamente [SEP] Perder peso paulatinamente es más sano que perderlo de repente. [SEP] g________ [SEP] gradually
4455,es,-0.487580718,sin [SEP] Al final salió el artículo sin censurar. [SEP] u_________ [SEP] uncensored
4456,es,0.020868847,corresponder [SEP] Yo creo que las huellas dactilares van a corresponder con las que encontramos en la escena del crimen. [SEP] m____ [SEP] match
4457,es,0.177470365,de [SEP] El pensaba de otra manera cuando lo conocí. Ahora está de acuerdo conmigo [SEP] d__________ [SEP] differently
4458,es,3.284611315,fumador [SEP] Mi abuelo era un fumador empedernido. [SEP] s_____ [SEP] smoker
4459,es,0.484460968,sin [SEP] Es un documento sin título y sin firma pero contiene mucha información. [SEP] u_______ [SEP] untitled
4460,es,-0.847308523,visual [SEP] El efecto visual de esta luz es de muchísima claridad. [SEP] o______ [SEP] optical
4461,es,-1.693256306,expresar [SEP] Muchos padres van a expresar su opinión sobre la seguridad en la reunión de hoy. [SEP] v____ [SEP] voice
4462,es,-3.857075366,"sensato [SEP] Tiene un carácter sensato. Es realista, práctico y sabe lo que quiere [SEP] g_______ [SEP] grounded"
4463,es,-1.567136987,elipse [SEP] La trayectoria del planeta Tierra es un elipse alrededor del Sol. [SEP] o____ [SEP] orbit
4464,es,3.62109878,invierno [SEP] El invierno en España puede ser bastante frío. [SEP] w_____ [SEP] winter
4465,es,-0.530810372,pelirrojo [SEP] Tenemos un gato pelirrojo precioso. [SEP] g_____ [SEP] ginger
4466,es,2.855519619,peligro [SEP] ¿Te das cuenta del peligro que puede suponer este viaje al desierto? [SEP] d_____ [SEP] danger
4467,es,1.605333285,tomada [SEP] Esta foto está tomada en casa de mi abuela. [SEP] t____ [SEP] taken
4468,es,2.540409985,gran [SEP] El famoso barco Titanic se chocó con una gran masa de hielo flotante. [SEP] i______ [SEP] iceberg
4469,es,-1.569212941,razonablemente [SEP] A ver si podemos solucionar el asunto razonablemente y sin enfadarnos. [SEP] l________ [SEP] logically
4470,es,-0.228663389,oración [SEP] Los monjes pasan gran parte del día en oración. [SEP] p_____ [SEP] prayer
4471,es,1.401019636,"ejercicio [SEP] Para estar sano, hay que hacer mucho ejercicio [SEP] e_______ [SEP] exercise"
4472,es,-0.788567298,pala [SEP] Jugamos en la playa con la pala y la pelota. [SEP] b__ [SEP] bat
4473,es,-3.254408113,autobiografía [SEP] Aprendí mucho de su vida cuando leí su autobiografía. [SEP] m_____ [SEP] memoir
4474,es,2.775984253,"aquí [SEP] Ven aquí, que quiero hablar contigo. [SEP] h___ [SEP] here"
4475,es,-1.874411769,poner [SEP] Vamos a poner a funcionar el sistema. [SEP] a_______ [SEP] activate
4476,es,1.454401561,sección [SEP] El libro está dividido en dos: la primera sección es mucho más larga que la segunda. [SEP] p___ [SEP] part
4477,es,1.754500446,"cerrado [SEP] No puedo entrar, está cerrado con llave. [SEP] l_____ [SEP] locked"
4478,es,2.654514095,champú [SEP] El champú que usaba le servía para mantener el color natural de su cabello [SEP] s______ [SEP] shampoo
4479,es,3.458343618,alquiler [SEP] No tenemos suficiente dinero para pagar el alquiler. [SEP] r___ [SEP] rent
4480,es,1.262602825,persona [SEP] Nunca coge el nombre de la persona que llama así que nunca sabemos quién es. [SEP] c_____ [SEP] caller
4481,es,-1.296639051,defensor [SEP] Yo siempre le he visto como amigo y como defensor personal. [SEP] p________ [SEP] protector
4482,es,-0.775811678,"zancudo [SEP] El otro día me atacó un zancudo, así que no voy con vosotros al bosque no vaya ser que me de fiebre amarilla. [SEP] m_______ [SEP] mosquito"
4483,es,-1.900621786,principalmente [SEP] Mi dieta está compuesta principalmente de fruta y verduras. [SEP] p________ [SEP] primarily
4484,es,-0.571703083,residente [SEP] Es el residente más mayor de un pueblo pequeño cerca de Barcelona. [SEP] i_________ [SEP] inhabitant
4485,es,4.556839879,alemán [SEP] Mi mejor amigo es alemán y vive en Berlín. [SEP] g_____ [SEP] german
4486,es,0.648320662,vainilla [SEP] Mi madre le añadió una pizca de vainilla a la masa. [SEP] v______ [SEP] vanilla
4487,es,-0.429561593,indemnización [SEP] No sabemos si vamos a recibir indemnización por los daños del incendio. [SEP] c___________ [SEP] compensation
4488,es,2.271966363,billete [SEP] Me olvidé de comprar un billete para el tren y tuve que pagar una multa. [SEP] t_____ [SEP] ticket
4489,es,2.46044165,ruido [SEP] Había mucho ruido en el bar. [SEP] n____ [SEP] noise
4490,es,-1.561994176,incluir [SEP] Nuestra propuesta tiene que incluir un presupuesto. [SEP] c______ [SEP] contain
4491,es,0.724769606,dulzura [SEP] Tenía una expresión de mucha dulzura. [SEP] s________ [SEP] sweetness
4492,es,0.475548094,arándano [SEP] Me gusta mucho la mermelada de arándano. [SEP] b________ [SEP] blueberry
4493,es,-0.495070155,parque [SEP] Hay un parque infantil muy grande para jugar en el colegio. [SEP] p_________ [SEP] playground
4494,es,-1.705933653,abogar [SEP] El representante de la asamblea abogó por una mejor propuesta. [SEP] a_______ [SEP] advocate
4495,es,-0.33866433,asegurar [SEP] Le puedo asegurar que el coche llegará a su hora. [SEP] g________ [SEP] guarantee
4496,es,-2.323870369,autóctonas [SEP] Estas plantas del jardín botánico no son autóctonas de esta región. [SEP] i_________ [SEP] indigenous
4497,es,4.662359465,naranja [SEP] Me encanta tomar zumo de naranja por la mañana para desayunar. [SEP] o_____ [SEP] orange
4498,es,-0.096532487,cosechar [SEP] Tendremos que cosechar el trigo pronto este año. [SEP] h______ [SEP] harvest
4499,es,0.842325854,chocar [SEP] Consiguió el conductor evitar chocar contra la parada del autobús. [SEP] c____ [SEP] crash
4500,es,-1.992444487,mancha [SEP] El gato de mi hermana tiene una mancha negra en la oreja. [SEP] p____ [SEP] patch
4501,es,-2.113515683,estilista [SEP] Miguel es estilista y acaba de montar una peluquería propia. [SEP] h__________ [SEP] hairstylist
4502,es,2.719001745,soñar [SEP] Me gusta mucho soñar en mi futuro. [SEP] d____ [SEP] dream
4503,es,0.952549817,frontera [SEP] La frontera entre Corea del Norte y Corea del Sur está muy vigilada. [SEP] b_____ [SEP] border
4504,es,-0.532668063,cúpula [SEP] La cúpula de la catedral de Segovia es muy grande. [SEP] d___ [SEP] dome
4505,es,2.573316008,desde [SEP] Hemos sido muy amigas desde que nos conocimos en 1963. [SEP] s____ [SEP] since
4506,es,1.806683382,morada [SEP] Mezclé el azul y el rojo para obtener pintura morada. [SEP] p_____ [SEP] purple
4507,es,0.091775223,"manejar [SEP] ¿No puede manejar a sus hijos, señora? Me están estropeando la tienda. [SEP] c______ [SEP] control"
4508,es,0.91634235,pastel [SEP] Mi madre siempre hace un delicioso pastel de frutas en navidad. [SEP] f________ [SEP] fruitcake
4509,es,-0.754345266,apretar [SEP] Hay que apretar las tuercas para asegurar la rueda. [SEP] t______ [SEP] tighten
4510,es,0.156150382,incorporar [SEP] Le excursión va a incorporar la visita al Museo del Prado. [SEP] i______ [SEP] include
4511,es,-1.514896293,cierre [SEP] Hubo un cierre de la fábrica debido al conflicto laboral entre la empresa y los trabajadores. [SEP] s_______ [SEP] shutdown
4512,es,-1.247913109,en [SEP] Este tipo de comportamiento ya no es aceptable en sociedad [SEP] s_______ [SEP] socially
4513,es,-1.541653334,reproducción [SEP] Había bastantes errores en la reproducción de los textos orales. [SEP] t____________ [SEP] transcription
4514,es,1.353048052,cubo [SEP] Las zanahorias deben estar cortadas en cubos antes de agregarlas al estofado [SEP] c___ [SEP] cube
4515,es,0.988946026,elegir [SEP] Habrá que elegir por voto al siguiente comité. [SEP] e____ [SEP] elect
4516,es,-1.467619059,húmedo [SEP] El clima del norte de España es bastante húmedo. [SEP] d___ [SEP] damp
4517,es,2.017834625,seguir [SEP] Voy a seguir aprendiendo alemán. [SEP] c_______ [SEP] continue
4518,es,3.214415169,en [SEP] Las compras en línea son prácticas y también cada vez más populares. [SEP] o_____ [SEP] online
4519,es,-1.081372375,canal [SEP] Apenas llegó a su casa busco el canal de radio para escuchar su prograa favorito [SEP] s______ [SEP] station
4520,es,-1.238029594,pacificador [SEP] Juan siempre hace de pacificador si hay problemas entre sus amigos. [SEP] p_________ [SEP] peacemaker
4521,es,-1.914011542,agotar [SEP] Se me va a agotar la paciencia en este tema. [SEP] e______ [SEP] exhaust
4522,es,-0.658157507,descanso [SEP] Las aves buscaban un lugar de descanso camino a Africa. [SEP] r______ [SEP] resting
4523,es,2.744418314,grupo [SEP] El grupo de actores se reunió a las afueras del teatro en protesta por la falta de recursos para la obra. [SEP] g____ [SEP] group
4524,es,3.271424121,continental [SEP] La paz es una misión continental. Todos los gobiernos del continente deben buscar la paz [SEP] c__________ [SEP] continental
4525,es,0.245045408,"elección [SEP] No tenemos elección, tenemos que aceptar la decisión. [SEP] c_____ [SEP] choice"
4526,es,3.008902288,superestrella [SEP] Ara Malikian es una superestrella del violín y conocido por todo el mundo. [SEP] s________ [SEP] superstar
4527,es,1.277735764,éxito [SEP] Ha tenido mucho éxito en el mundo de la moda. [SEP] s______ [SEP] success
4528,es,3.484300859,isla [SEP] Eata isla es una pequeña tierra rodeada de agua cerca de la costa escocesa. [SEP] i_____ [SEP] island
4529,es,-0.732806019,"enorme [SEP] Venía hacia nosotros una enorme ola, cuyo tamaño no había visto en mi vida. [SEP] g____ [SEP] giant"
4530,es,-0.067903749,gobernador [SEP] Su bisabuelo fue gobernador de Alicante y tiempo después de Madrid. Siempre estuvo en la política [SEP] g_______ [SEP] governor
4531,es,-1.324996326,castigo [SEP] El castigo por dejar el coche mal aparcado por aquí es una multa. [SEP] p______ [SEP] penalty
4532,es,0.052118523,tecnológico [SEP] El ingeniero ha hecho un descubrimiento tecnológico impresionante. [SEP] t____________ [SEP] technological
4533,es,-2.698168792,enérgicamente [SEP] Felipe se aplicó enérgicamente al problema. [SEP] a_______ [SEP] actively
4534,es,-1.483882321,camino [SEP] El camino de mi casa a la granja era sombreado en verano. [SEP] l___ [SEP] lane
4535,es,-1.216557443,de [SEP] Es moreno de piel con los ojos azules. [SEP] s______ [SEP] skinned
4536,es,-1.827766254,forrar [SEP] Voy a forrar la americana de seda roja. [SEP] l___ [SEP] line
4537,es,3.941028549,libre [SEP] Me quiero sentir libre así que me voy de casa de mis padres. [SEP] f___ [SEP] free
4538,es,1.96305628,culpable [SEP] La evidencia mostró que el sospechoso no era culpable. [SEP] g_____ [SEP] guilty
4539,es,-4.557905789,previsiones [SEP] Las previsiones que tomamos sirvieron para mitigar la situación de peligro. [SEP] p_________ [SEP] prevention
4540,es,1.621273178,sueldo [SEP] ¿Cuándo vamos a recibir nuestro sueldo? No tengo ni un duro. [SEP] p__ [SEP] pay
4541,es,3.30667996,academia [SEP] Grandes filosofos han hecho parte de la academia [SEP] a______ [SEP] academy
4542,es,-0.175435771,acercarse [SEP] La niña no debe acercarse a esos perros tan enormes. [SEP] a_______ [SEP] approach
4543,es,-0.597795901,calidez [SEP] Durante el día el sol proporciona calidez a la casa. [SEP] w_____ [SEP] warmth
4544,es,-1.5239586,agobiante [SEP] Tengo un trabajo bastante agobiante y tengo que acabar algo antes de mañana. [SEP] s________ [SEP] stressful
4545,es,3.631811571,elástico [SEP] Esta venda es elástica y se ajusta muy bien al cuerpo. [SEP] e______ [SEP] elastic
4546,es,-2.431354552,"creador [SEP] Fue un padre creador, entre un grupo de unos cincuenta, de nuestra patria. [SEP] f_______ [SEP] founding"
4547,es,0.894786958,hombre [SEP] Este político es un hombre de espectáculo y atrae a mucha gente. [SEP] s______ [SEP] showman
4548,es,-1.0011688,acreditación [SEP] La acreditación de los niveles de lengua es cada vez más importante para el universitario. [SEP] c____________ [SEP] certification
4549,es,-3.012730312,atentamente [SEP] Escuchó atentamente a todo lo que tenía que decir. [SEP] r___________ [SEP] respectfully
4550,es,0.316233168,hamburguesa [SEP] Comí una hamburguesa con queso con patatas. [SEP] c___________ [SEP] cheeseburger
4551,es,1.455891516,nosotros [SEP] No deberíamos culparnos a nosotros mismos por lo que ha pasado. [SEP] o________ [SEP] ourselves
4552,es,1.286144272,economicamente [SEP] Estoy pasando por una etapa economicamente difícil en este momento [SEP] e___________ [SEP] economically
4553,es,1.074519128,trueno [SEP] De repente oímos un trueno a lo lejos. [SEP] t______ [SEP] thunder
4554,es,-1.609588016,lucrativo [SEP] Mi amiga tiene dinero porque dirige un negocio muy lucrativo. [SEP] p_________ [SEP] profitable
4555,es,-0.086025491,Crónico [SEP] Padecía de insomnio crónico. Tuvo que ir al médico antes de que pasara algo peor [SEP] c______ [SEP] chronic
4556,es,-0.811644723,bañar [SEP] Ahora hay que bañar la fresa en el chocolate caliente. [SEP] d__ [SEP] dip
4557,es,3.603087959,ayer [SEP] Ayer estuve en el cine viendo una película de romanos. [SEP] y________ [SEP] yesterday
4558,es,-1.426557921,seguro [SEP] Mi hijo está seguro de que tomó  la decisión correcta. [SEP] c________ [SEP] confident
4559,es,-0.475190918,vivienda [SEP] El gobierno dice que se va a ocupar del problema de la vivienda por fin. [SEP] h______ [SEP] housing
4560,es,-2.861065862,muy [SEP] Es muy importante que los padres sean coherentes con sus hijos. [SEP] t_______ [SEP] terribly
4561,es,1.579090504,presidencial [SEP] Parece que ya han iniciado la campaña de presidencial de Francia. [SEP] p___________ [SEP] presidential
4562,es,-0.861140562,"independientemente [SEP] Mis padres siempre viajan independientemente, uno en coche y otro en avión. [SEP] s_________ [SEP] separately"
4563,es,0.120471988,fingir [SEP] No te olvides de fingir que no sabías nada de la fiesta. [SEP] p______ [SEP] pretend
4564,es,0.452863845,flojo [SEP] Después de la enfermedad se quedó bastante flojo. [SEP] w___ [SEP] weak
4565,es,1.000670787,fruto [SEP] La almendra es un fruto que se cultiva mucho en España. [SEP] n__ [SEP] nut
4566,es,2.566955525,literatura [SEP] La literatura contemporánea se basa en la vida moderna y las relaciones sociales complejas [SEP] l_________ [SEP] literature
4567,es,0.683073207,transfusión [SEP] Hay que hacerle al paciente un transfusión de sangre. [SEP] t__________ [SEP] transfusion
4568,es,-2.107961253,bactericida [SEP] El niño fue tratado con un antibiótico bactericida. [SEP] a____________ [SEP] antibacterial
4569,es,-0.139278877,natural [SEP] Bebo un vaso de zumo de naranja natural todas las mañanas. [SEP] f____ [SEP] fresh
4570,es,-0.877630853,niño [SEP] El niño pequeño de mi hermana empezó a hablar con dos añitos. [SEP] t______ [SEP] toddler
4571,es,-0.135625529,calificativo [SEP] La escritora nunca usaría ese calificativo. [SEP] a________ [SEP] adjective
4572,es,-2.86072482,ondulado [SEP] El paisaje ondulado de Galicia es muy relajante. [SEP] r______ [SEP] rolling
4573,es,1.732889174,oler [SEP] Me gusta oler las flores en mi jardín. [SEP] s____ [SEP] smell
4574,es,-0.60685985,indirecta [SEP] Nos dio una pequeña indirecta que nos hizo pensar que se va a jubilar. [SEP] h___ [SEP] hint
4575,es,0.14387909,elenco [SEP] ¡Vaya elenco de actores magníficos!  La obra fue preciosa. [SEP] c___ [SEP] cast
4576,es,1.912007661,pelea [SEP] Anoche hubo una pelea en el aparcamiento del club. [SEP] f____ [SEP] fight
4577,es,-0.157309732,pedregoso [SEP] Este terreno es bastante pedregoso y nada fértil. [SEP] r____ [SEP] rocky
4578,es,-2.0828325,desnudar [SEP] Al desnudar al niño se dio cuenta que tenía cardenales en la espalda. [SEP] s____ [SEP] strip
4579,es,-0.150952343,"delicado [SEP] Ese jarrón de porcelana es muy delicado, ten cuidado. [SEP] f______ [SEP] fragile"
4580,es,0.73009705,lana [SEP] Tengo un jersey de lana que abriga mucho. [SEP] w___ [SEP] wool
4581,es,1.734318185,visado [SEP] La expedición de tu visado está pendiente de aprobación. [SEP] v___ [SEP] visa
4582,es,2.758593449,económico [SEP] El conflicto económico que enfrenta el continente africano ha sido un tema mundial [SEP] e_______ [SEP] economic
4583,es,1.362896503,nitrógeno [SEP] Puede estar sufriendo de envenenamiento por nitrógeno. [SEP] n_______ [SEP] nitrogen
4584,es,0.138794514,sabiduría [SEP] El juez demostró sabiduría en su decisión. [SEP] w_____ [SEP] wisdom
4585,es,2.478931213,rana [SEP] Vi una rana en el estanque del jardín el otro día. [SEP] f___ [SEP] frog
4586,es,0.340878077,cosa [SEP] El barco parecía chocar contra una cosa sólida. [SEP] o_____ [SEP] object
4587,es,-3.118378755,melódico [SEP] Tiene un sentido melódico muy grande y es un pianista extraordinario. [SEP] m______ [SEP] musical
4588,es,2.704761534,pino [SEP] Hay un precioso pino árbol a la entrada de mi casa. [SEP] p___ [SEP] pine
4589,es,2.000859231,salir [SEP] Hay que salir por la parte de atrás del autobús. [SEP] e___ [SEP] exit
4590,es,-1.779579235,sonreír [SEP] Me encanta ver a mi hijo sonreír de oreja a oreja de esa manera. [SEP] g___ [SEP] grin
4591,es,-1.258742152,locutor [SEP] Trabaja de locutor en la radio local. [SEP] b__________ [SEP] broadcaster
4592,es,1.682810215,porvenir [SEP] Creo que estudiar economía me asegurará un porvenir seguro. [SEP] f_____ [SEP] future
4593,es,-2.090937009,"delicadeza [SEP] Es un hombre amable, educado y de gran delicadeza artística. [SEP] s__________ [SEP] sensibility"
4594,es,1.290052183,vuelo [SEP] Cogeremos el vuelo de la mañana y así llegamos para comer en Roma. [SEP] f_____ [SEP] flight
4595,es,2.352479999,puente [SEP] El puente que cruza el río es del tiempo de los romanos. [SEP] b_____ [SEP] bridge
4596,es,1.137508116,permitir [SEP] No debes permitir que hagan presion social [SEP] a____ [SEP] allow
4597,es,0.375868689,cobra [SEP] La expedición tuvo que salir de allí porque el lugar estaba infestado de cobras [SEP] c____ [SEP] cobra
4598,es,3.104451164,botella [SEP] Le regalé una botella de whisky por su cumpleaños. [SEP] b_____ [SEP] bottle
4599,es,-0.860868895,reacio [SEP] En el pasado mucha gente era reacia a la homosexualidad sin embargo muchos han entendido que todos somos iguales . [SEP] h_________ [SEP] homophobic
4600,es,1.428042801,cremoso [SEP] ¡Qué cremoso está este batido de leche! [SEP] c_____ [SEP] creamy
4601,es,-1.369607261,edición [SEP] La edición del libro está programada para noviembre. [SEP] p__________ [SEP] publication
4602,es,-0.210847958,arcilla [SEP] Es ceramista y trabaja mucho con la arcilla. [SEP] c___ [SEP] clay
4603,es,0.738441466,documento [SEP] La secretaria estaba encargada de recolectar los documentos de los asistentes [SEP] p____ [SEP] paper
4604,es,-0.928269619,moralmente [SEP] Lo que ha dicho es moralmente indefendible. [SEP] e________ [SEP] ethically
4605,es,0.096118002,ayudar [SEP] El ejercicio suave puede ayudar a la circulación de la sangre. [SEP] a__ [SEP] aid
4606,es,2.203185608,mujer [SEP] Es una mujer muy valiente y trabajadora. [SEP] w____ [SEP] woman
4607,es,-0.473384472,"civil [SEP] Cuando se retiró, el soldado volvió a ser civil en su país [SEP] c_______ [SEP] civilian"
4608,es,1.880642475,cuchara [SEP] Se te ha olvidado poner una cuchara grande para servir en la mesa. [SEP] s____ [SEP] spoon
4609,es,-0.775696635,de [SEP] El candidato para este trabajo tiene que tener la habilidad de palabra. [SEP] v_____ [SEP] verbal
4610,es,-0.624597423,estanque [SEP] Mi marido ha construido un estanque en el jardín y lo va a llenar de peces. [SEP] p___ [SEP] pond
4611,es,3.207948673,"primo [SEP] Mi primo se parece mucho a mi padre, ¡claro, es su sobrino! [SEP] c_____ [SEP] cousin"
4612,es,1.603086372,vapor [SEP] El hidrógeno es una sustancia parecida al vapor [SEP] g__ [SEP] gas
4613,es,2.963188145,ballet [SEP] Esta noche asistiré a la presentación de ballet de mi hija [SEP] b_____ [SEP] ballet
4614,es,1.927651603,"asiento [SEP] Este asiento está reservado ya, me temo. [SEP] s___ [SEP] seat"
4615,es,-0.82056103,muelle [SEP] El barco entró en el muelle para descargar lo que llevaba. [SEP] p___ [SEP] port
4616,es,-0.084999467,programar [SEP] El concierto se va a programar para la próxima semana. [SEP] s_______ [SEP] schedule
4617,es,-0.708680565,de [SEP] Siempre tengo un cartucho de repuesto por si se acaba la tinta. [SEP] s____ [SEP] spare
4618,es,-1.571654287,estafa [SEP] El crucero tan maravilloso en realidad fue una gran estafa. [SEP] c__ [SEP] con
4619,es,-0.47540637,tonto [SEP] Aprobé el examen a pesar de cometer un error tonto. [SEP] f______ [SEP] foolish
4620,es,0.070958883,nene [SEP] Mis padres se llaman nene o nena ¡y tienen más de cuarenta años! [SEP] b___ [SEP] babe
4621,es,-4.21567704,tensión [SEP] Los exámenes pueden causar tensión en los estudiantes. [SEP] s_____ [SEP] strain
4622,es,-2.058092081,directriz [SEP] La Unión Europea ha emitido una nueva directriz sobre la contaminación. [SEP] d________ [SEP] directive
4623,es,1.049822085,del [SEP] Acabo de leer un libro fantástico sobre la España del medievo. [SEP] m_______ [SEP] medieval
4624,es,-0.981047515,patria [SEP] Estaba dispuesto a morir por la patria. [SEP] m_________ [SEP] motherland
4625,es,-0.949003753,"revitalizar [SEP] Si quieres revitalizar esas pobres flores, ponlas en agua. [SEP] r_____ [SEP] revive"
4626,es,1.098151779,sospechoso [SEP] El sospechoso se negó a hablar desde un principio. [SEP] s______ [SEP] suspect
4627,es,0.755345567,fiesta [SEP] Fuimos a Alemania para ver la fiesta de la cerveza. [SEP] f_______ [SEP] festival
4628,es,1.172576547,útil [SEP] Hablar más de dos idiomas es una habilidad muy útil. [SEP] u_____ [SEP] useful
4629,es,-1.3834552,útil [SEP] La explicación de este manual es muy útil para montar el mueble. [SEP] h______ [SEP] helpful
4630,es,-2.963452868,fomentar [SEP] La exposición va a fomentar el interés en su trabajo. [SEP] s________ [SEP] stimulate
4631,es,0.988713354,japonés [SEP] Las casas japonesas tienen un lugar especial para meditar [SEP] j_______ [SEP] japanese
4632,es,-0.946432814,dependencia [SEP] La dependiencia a las drogas produce muchos problemas sociales [SEP] d_________ [SEP] dependence
4633,es,0.49600983,filete [SEP] Me apetece comer un filete con patatas. [SEP] s____ [SEP] steak
4634,es,-3.263316901,caos [SEP] Vaya caos.  No tengo la más remota idea de lo que tengo que hacer. [SEP] c________ [SEP] confusion
4635,es,2.613695102,arroz [SEP] El arroz es un plato típico de Valencia. [SEP] r___ [SEP] rice
4636,es,0.031624488,cadáver [SEP] Encontraron el cadáver escondido en el ático. [SEP] c_____ [SEP] corpse
4637,es,-2.363028168,distinta [SEP] La perspectiva del visionario es distinta a cualquier otra. [SEP] u_____ [SEP] unlike
4638,es,3.550320821,cultura [SEP] La cultura latinoamericana es muy diversa debido a su historia [SEP] c______ [SEP] culture
4639,es,2.895516439,campus [SEP] El campus de la universidad abarca más de dos hectáreas de tierra. [SEP] c_____ [SEP] campus
4640,es,-2.86263668,desfavorecido [SEP] Estos niños han sacado muy buenos resultados a pesar de ser un grupo socialmente desfavorecido. [SEP] d____________ [SEP] disadvantaged
4641,es,0.338859355,equitativo [SEP] Es un hombre muy equitativo que no va a tomar una decisión precipitada. [SEP] j___ [SEP] just
4642,es,-0.882025197,límite [SEP] Esta cerca marca el límite de mi parcela. [SEP] b_______ [SEP] boundary
4643,es,-1.524126171,naciente [SEP] Las tecnologías nacientes nos ayudan a mejorar la productividad. [SEP] e_______ [SEP] emerging
4644,es,2.88879333,espejo [SEP] Se miró al espejo apresurándose a pintar los labios. [SEP] m_____ [SEP] mirror
4645,es,2.735560448,polar [SEP] El oso polar blanco solo se encuentra en el pol norte. [SEP] p____ [SEP] polar
4646,es,-1.820654517,indecible [SEP] Me ha hecho un daño indecible y me voy. [SEP] u__________ [SEP] unspeakable
4647,es,0.327145587,nevado [SEP] Veíamos un bonito paisaje nevado desde la ventana del hotel. [SEP] s____ [SEP] snowy
4648,es,-0.881110854,picado [SEP] Añade un poco de perejil picado antes de servir el plato. [SEP] c______ [SEP] chopped
4649,es,1.839601973,serpiente [SEP] La serpiente muda la piel con regularidad. [SEP] s____ [SEP] snake
4650,es,-0.185878212,"aterrorizar [SEP] No digas eso, vas a aterrorizar a los niños. [SEP] t______ [SEP] terrify"
4651,es,0.004914187,colada [SEP] Mi abuelita siempre hacía la colada los viernes. [SEP] w______ [SEP] washing
4652,es,-2.031232571,tarea [SEP] Esta tarea es bonita pero difícil y no tengo mucho tiempo. [SEP] a_________ [SEP] assignment
4653,es,-2.050712639,eficacia [SEP] La eficacia de la nueva estrategia no está probada todavía. [SEP] e____________ [SEP] effectiveness
4654,es,-0.133868906,palestino [SEP] La comida palestina se caracteriza por las especias y condimentos que se usan [SEP] p__________ [SEP] palestinian
4655,es,-0.805407289,suspirar [SEP] Empezó a suspirar de pena cuando oyó la noticia. [SEP] s___ [SEP] sigh
4656,es,2.629414177,moneda [SEP] ¿Tienes cambio? Necesito una moneda para la máquina. [SEP] c___ [SEP] coin
4657,es,-0.01715214,incrementado [SEP] El alcalde busca que los ciudadanos tengan un interés incrementado en los asuntos ambientales de la ciudad. [SEP] i________ [SEP] increased
4658,es,1.814650698,criatura [SEP] La criatura era una niña preciosa de unos tres meses. [SEP] b___ [SEP] baby
4659,es,-2.532195993,aparición [SEP] Internet facilitó la apariencia de las redes sociales. [SEP] e________ [SEP] emergence
4660,es,0.007179964,difícil [SEP] El asunto está muy difícil y liado y lo está cada vez más. [SEP] c__________ [SEP] complicated
4661,es,-1.614549392,clara [SEP] La instrucción siempre tiene que ser clara y sencilla. [SEP] p____ [SEP] plain
4662,es,-0.518352049,inversor [SEP] La mayor inversora de la historia de la compañía se convertirá en la nueva presidente del equipo directivo [SEP] i_______ [SEP] investor
4663,es,-3.687515738,"menor [SEP] La experiencia es lo que importa, la edad es de menor importancia. [SEP] s________ [SEP] secondary"
4664,es,-0.584363563,tubería [SEP] Hay que reparar la tubería antes de que se rompa del todo. [SEP] p___ [SEP] pipe
4665,es,0.148026454,adelantadas [SEP] Mi padres tenían ideas muy adelantadas a su tiempo. [SEP] a_______ [SEP] advanced
4666,es,2.63812331,ignorar [SEP] No puedes ignorar ese dato ya que forma parte importante del contexto. [SEP] i_____ [SEP] ignore
4667,es,-1.394037232,coligadas [SEP] Las fuerzas coligadas consiguieron vencer al enemigo. [SEP] a_____ [SEP] allied
4668,es,-0.534027599,creciente [SEP] El número creciente de niños con obesidad es muy preocupante. [SEP] r_____ [SEP] rising
4669,es,-0.717537275,destierro [SEP] Murió en el destierro veinte años más tarde. [SEP] e____ [SEP] exile
4670,es,0.359330392,torneo [SEP] A la ciudad le faltaba la infraestructura adecuada para acoger el torneo. [SEP] t_________ [SEP] tournament
4671,es,0.945046784,politicamente [SEP] Hay que reformar el país politicamente antes de tomar esa decisión. [SEP] p__________ [SEP] politically
4672,es,1.889932967,"confiar [SEP] Hay que confiar en la pareja, si no la relación es muy difícil. [SEP] t____ [SEP] trust"
4673,es,0.225291391,manejar [SEP] Hay que saber manejar las redes sociales para hacer este trabajo. [SEP] h_____ [SEP] handle
4674,es,-2.024655305,apilar [SEP] Voy a apilar los libros encima de la mesa de momento. [SEP] s____ [SEP] stack
4675,es,3.233539214,nunca [SEP] Yo nunca les conté nada de lo que ocurrió el otro día. [SEP] n____ [SEP] never
4676,es,-2.102344712,círculo [SEP] El círculo de las estaciones del año se vive de forma intensa en el norte de Europa. [SEP] c____ [SEP] cycle
4677,es,0.013021178,cobro [SEP] Nos han hecho un cobro que no entiendo.  ¿Puede ser por el servicio? [SEP] c_____ [SEP] charge
4678,es,-0.730445964,fomentar [SEP] La campaña va a fomentar los derechos humanos y la igualdad social. [SEP] p______ [SEP] promote
4679,es,0.227593872,"Comercialmente [SEP] Hablando comercialmente, esto nos va a hacer perder ventas este año. [SEP] c___________ [SEP] commercially"
4680,es,1.09656723,ya [SEP] ¿Has terminado ya? [SEP] a______ [SEP] already
4681,es,-2.011214375,uniformemente [SEP] Se repartió todo uniformemente entre todos los hermanos. [SEP] e_____ [SEP] evenly
4682,es,-0.429167228,botón [SEP] Me falta un botón en la camisa. [SEP] b_____ [SEP] button
4683,es,0.877397815,saxofón [SEP] El saxofón es muy conocido por ser utilizado en el jazz [SEP] s________ [SEP] saxophone
4684,es,-3.95879948,promover [SEP] Intentaron promover la empresa a través de una campaña de marketing. [SEP] f______ [SEP] further
4685,es,-0.194109541,arrodillarse [SEP] A algunas personas les gusta arrodillarse para rezar. [SEP] k____ [SEP] kneel
4686,es,2.155757122,"sucio [SEP] El cuarto está muy sucio.  Por favor, hay que limpiarlo. [SEP] d____ [SEP] dirty"
4687,es,1.967381196,"cartera [SEP] En mi cartera guardo dinero, tarjetas y fotos familiares. [SEP] w_____ [SEP] wallet"
4688,es,0.24631561,aislamiento [SEP] Los monjes vivieron en aislamiento durante muchos meses del año. [SEP] i________ [SEP] isolation
4689,es,-1.266037664,colocación [SEP] La diseñadora de interiores se encargó de la colocación de los muebles. [SEP] p________ [SEP] placement
4690,es,-0.953566717,inculpar [SEP] El juez no dudó en inculpar a los bandidos del robo. [SEP] a_____ [SEP] accuse
4691,es,-1.66427268,fábrica [SEP] La fábrica del pueblo tuvo que cerrar hace dos años por falta de recursos [SEP] p____ [SEP] plant
4692,es,3.348429256,karaoke [SEP] Qué bien lo pasamos en el bar karaoke. Todos cantamos menos Ana. [SEP] k______ [SEP] karaoke
4693,es,-0.358164122,"propaganda [SEP] En la Unión Soviética utilizaban actividades de propaganda como discursos, películas, canciones, libros etc. [SEP] p_________ [SEP] propaganda"
4694,es,-1.03589574,eliminar [SEP] Uso detergente para eliminar las manchas. [SEP] r_____ [SEP] remove
4695,es,1.7674117,diamante [SEP] La corona de la reina tiene 15 diamantes. Por eso está tan custodiada [SEP] d______ [SEP] diamond
4696,es,3.056687323,valiente [SEP] El soldado fue muy valiente en el campo de guerra. [SEP] b____ [SEP] brave
4697,es,1.660823422,abrazar [SEP] Mi abuela no deja de abrazar a sus nietos cuando los ve. [SEP] h__ [SEP] hug
4698,es,3.720476811,"bolígrafo [SEP] Dame un bolígrafo un y papel, quiero escribirle una nota a Isabel. [SEP] p__ [SEP] pen"
4699,es,-1.92016755,inmiscuirse [SEP] No hay que inmiscuirse en los asuntos de los demás. [SEP] i________ [SEP] interfere
4700,es,2.198655387,zona [SEP] Esta zona de la ciudad es muy antigua. [SEP] a___ [SEP] area
4701,es,1.304684351,pista [SEP] Llamaron a la policía para que buscaran una pista sobre el robo. [SEP] c___ [SEP] clue
4702,es,-0.451258918,consulta [SEP] El presidente convocó una consulta con sus ministros antes de hacer el discurso. [SEP] c___________ [SEP] consultation
4703,es,-0.818521253,inmigración [SEP] Hay nuevas leyes de inmigración en Estados Unidos restringen la entrada de personas de otros países. [SEP] i__________ [SEP] immigration
4704,es,0.333915094,yacimiento [SEP] Estos hombres trabajan en el yacimiento de carbón que hay en el monte. [SEP] m___ [SEP] mine
4705,es,-4.197339278,publicitario [SEP] Tendremos que encargar nuevo material publicitario para los nuevos productos. [SEP] p__________ [SEP] promotional
4706,es,1.467680639,geológico [SEP] Las investigaciones geológicas hechas en el territorio de la antigua Grecia son muy interesantes [SEP] g_________ [SEP] geological
4707,es,2.80006994,clave [SEP] La prevención es un aspecto clave de la asistencia médica. [SEP] k__ [SEP] key
4708,es,3.980777772,"adiós [SEP] Me dijo ""adiós"" y se fue. [SEP] b__ [SEP] bye"
4709,es,0.131752598,actualización [SEP] Al presidente le han entregado una actualización sobre la situación de las tropas. [SEP] u_____ [SEP] update
4710,es,-2.353264774,sentimentalmente [SEP] Son muy amigos pero no están conectados sentimentalmente [SEP] r___________ [SEP] romantically
4711,es,2.599226685,"corrupción [SEP] La sociedad está cansada de la corrupción, sin embargo no hacen nada para cambiar. [SEP] c_________ [SEP] corruption"
4712,es,0.287357069,tampón [SEP] Hay una maquina expendedora de tampones en el baño de las mujeres [SEP] t_____ [SEP] tampon
4713,es,-0.423810865,finalización [SEP] No cumplir con estas condiciones resultará en la finalización del contrato. [SEP] t__________ [SEP] termination
4714,es,-0.945089754,hipoteca [SEP] Les concedieron una hipoteca en el banco así que se van a comprar la casa. [SEP] m_______ [SEP] mortgage
4715,es,2.545648842,activación [SEP] La activación del mecanismo se ejecutó a tiempo. [SEP] a_________ [SEP] activation
4716,es,1.781271094,peligrosamente [SEP] Vivir peligrosamente no me llama la atención en absoluto. [SEP] d__________ [SEP] dangerously
4717,es,1.739986457,escena [SEP] El decorado de la escena situada en la cárcel estuvo genial. [SEP] s____ [SEP] scene
4718,es,-3.116186464,"enmienda [SEP] Las enmiendas fiscales afectarná a mucha gente, en particular a los emprendedores. [SEP] r_____ [SEP] reform"
4719,es,2.664036774,"mojada [SEP] No dejes la gabardina en el sillón, está mojada. [SEP] w__ [SEP] wet"
4720,es,-0.66903252,más [SEP] Primero vamos a la comida y más tarde iremos a la fiesta. [SEP] a________ [SEP] afterward
4721,es,0.187139981,de [SEP] Este arte de la tribu es precioso y muy interesante. [SEP] t_____ [SEP] tribal
4722,es,-0.414827624,organizar [SEP] Vamos a organizar la boda para mayo del año que viene. [SEP] a______ [SEP] arrange
4723,es,0.823355334,biografico [SEP] Las novelas biográficas cuentan la historia de la vida de personas famosas [SEP] b_________ [SEP] biographic
4724,es,-0.481723328,paridad [SEP] El aumento de nuestros recursos nos darán paridad con nuestros competidores. [SEP] p__ [SEP] par
4725,es,0.533206217,"conectar [SEP] Después de quitar el virus, ya podéis volver a conectar de nuevo el sistema a internet. [SEP] r________ [SEP] reconnect"
4726,es,0.538187059,submarino [SEP] El buzo es un deporte submarino precioso. [SEP] u_________ [SEP] underwater
4727,es,-0.110856912,punta [SEP] Tengo la punta de la nariz fría. [SEP] t__ [SEP] tip
4728,es,-1.406498848,de [SEP] Es un gesto significativa de forma simbólica. [SEP] s___________ [SEP] symbolically
4729,es,1.315880587,diseño [SEP] El diseño del sofá hace que sea comodísima. [SEP] d_____ [SEP] design
4730,es,-2.564577295,servicio [SEP] La administración de este servicio público siempre nos ha causado problemas. [SEP] u______ [SEP] utility
4731,es,2.142094995,balonmano [SEP] Felipe juega en un equipo de balonmano todos los sábados. [SEP] h_______ [SEP] handball
4732,es,-2.025225004,acusado [SEP] El acusado afirma que dice la verdad. [SEP] d________ [SEP] defendant
4733,es,1.140733438,rollo [SEP] Descubrieron un rollo de pergamino del antiguo testamento sepultado cerca de las ruinas [SEP] r___ [SEP] roll
4734,es,1.443002829,horno [SEP] Lo metes en el horno a ciento ochenta grados durante veinte minutos. [SEP] o___ [SEP] oven
4735,es,-2.186749236,transformación [SEP] La transformación de la casa de una ruina en un hogar moderno sólo duró tres meses. [SEP] c_________ [SEP] conversion
4736,es,-0.314380992,superpotencia [SEP] Estados Unidos era considerado como una superpotencia mundial. [SEP] s_________ [SEP] superpower
4737,es,0.656707857,sin [SEP] Había un coche de policía sin marcar aparcado en la puerta de mis casa. [SEP] u_______ [SEP] unmarked
4738,es,1.20600338,fotogénico [SEP] Mi hermana es muy fotogénica pero yo siempre salgo fatal. [SEP] p_________ [SEP] photogenic
4739,es,-1.518377215,giro [SEP] Ella reescribió el guión y le dio un nuevo giro. [SEP] t____ [SEP] twist
4740,es,0.127647665,conectar [SEP] El puente va a conectar el norte de la ciudad con el sur. [SEP] l___ [SEP] link
4741,es,-0.666022597,astrónomo [SEP] Galileo fue un astrónomo famoso. Fue uno de los primeros en descubrir los anillos de Saturno [SEP] a_________ [SEP] astronomer
4742,es,-1.50409497,arce [SEP] Hay un arce precioso en el parque cerca de mi casa. [SEP] m____ [SEP] maple
4743,es,-2.868615769,legislativo [SEP] Un marco legislativo es un sistema de reglas. [SEP] r_________ [SEP] regulatory
4744,es,1.837936993,terminología [SEP] El terminología técnica en medicina no es fácil de entender pero creo que son buenas noticias. [SEP] t__________ [SEP] terminology
4745,es,-0.714463513,atrapar [SEP] La policía cree que va a atrapar al ladrón dentro de poco. [SEP] t___ [SEP] trap
4746,es,-0.823313326,comentarios [SEP] He recibido comentarios muy positivos sobre mi trabajo. [SEP] f_______ [SEP] feedback
4747,es,-1.75371932,duplicar [SEP] Es ilegal duplicar este material sin permiso expreso del editorial. [SEP] r________ [SEP] reproduce
4748,es,1.476850114,micrófono [SEP] Cuando empezó a canta su micrófono no funcionó y tuvo que deterner el show [SEP] m_________ [SEP] microphone
4749,es,0.83688877,negativamente [SEP] Siempre reacciona negativamente. [SEP] n_________ [SEP] negatively
4750,es,0.110953059,derrota [SEP] El equipo aceptó su derrota con dignidad. [SEP] d_____ [SEP] defeat
4751,es,1.149763192,"menos [SEP] Todos vinieron al evento, menos Rosa, que estaba enferma. [SEP] e_____ [SEP] except"
4752,es,0.415308709,arquetectura [SEP] La facultad de arquitectura tiene muy buenos docentes este sementre [SEP] a___________ [SEP] architecture
4753,es,0.016943685,apetito [SEP] Mi padre tiene mucho apetito. Siempre come dobe porción a la hora del almuerzo [SEP] a_______ [SEP] appetite
4754,es,-2.302250554,invitado [SEP] El profesor invitado fascinó a los niños con sus historias. [SEP] v_______ [SEP] visiting
4755,es,2.446713498,profundo [SEP] Tiene un sentido muy profundo de la amistad. [SEP] d___ [SEP] deep
4756,es,1.680989888,cercano [SEP] Mis hijos van a un colegio que está cercano a nuestra casa. [SEP] c____ [SEP] close
4757,es,1.276718661,acontecimiento [SEP] Celebramos el compromiso con un gran acontecimiento en el Hotel Palace. [SEP] e____ [SEP] event
4758,es,0.528630705,arreglo [SEP] ¿Quién va a pagar el arreglo de la bicicleta? [SEP] r_____ [SEP] repair
4759,es,-0.866401141,lesión [SEP] El corredor se recuperó de su lesión en seguida. [SEP] i_____ [SEP] injury
4760,es,0.195716075,chupar [SEP] La niña se puso a chupar la naranja para sacar el zumo. [SEP] s___ [SEP] suck
4761,es,-1.943106319,crianza [SEP] La buena crianza de un niño implica estar pendiente de todas sus necesidades. [SEP] p________ [SEP] parenting
4762,es,-3.793133148,notablemente [SEP] El evento fue notablemente bien organizado a pesar de las dificultades. [SEP] i___________ [SEP] impressively
4763,es,0.010849161,reconocer [SEP] Mi pobre padre tuvo que reconocer el cadaver del vecino cuando le sacaron del agua. [SEP] i_______ [SEP] identify
4764,es,2.737728187,industrial [SEP] Hubo un accidente industrial en la fábrica de textiles en el que murieron cinco trabajadores. [SEP] i_________ [SEP] industrial
4765,es,0.262846624,sencillez [SEP] Lo que más les gustó fue la sencillez de la idea. [SEP] s_________ [SEP] simplicity
4766,es,0.61657403,beato [SEP] Es el lugar de nacimiento del beato Juan de la Cruz. [SEP] s____ [SEP] saint
4767,es,2.748577947,seco [SEP] El fuego se propagó rápidamente en el bosque seco. [SEP] d__ [SEP] dry
4768,es,-2.847515336,perdurar [SEP] Sus palabras van a perdurar en mi mente durante mucho tiempo. [SEP] l_____ [SEP] linger
4769,es,-0.64955082,fama [SEP] Tiene muy buena fama en el barrio porque es muy buena persona. [SEP] r_________ [SEP] reputation
4770,es,-1.067458372,"requisito [SEP] Para solicitar el puesto, hay que cumplir el requisito de ser licenciado en derecho. [SEP] q____________ [SEP] qualification"
4771,es,-0.119085356,tacto [SEP] El jersey tiene un tacto muy suave. [SEP] f___ [SEP] feel
4772,es,0.290064272,esperanzada [SEP] La maestra está esperanzada por los buenos resultados de sus alumnos. [SEP] h______ [SEP] hopeful
4773,es,0.37967417,telepatía [SEP] Muchos hermanos gemelos dicen que practican la telepatía [SEP] t________ [SEP] telepathy
4774,es,0.588702671,pecho [SEP] Ese bebé está pegado al pecho de su madre todo el día. [SEP] b_____ [SEP] breast
4775,es,-1.945417139,hito [SEP] El descubrimiento de la radioactividad fue un hito histórico. [SEP] l_______ [SEP] landmark
4776,es,-0.907863698,compromiso [SEP] Muchas gracias por su trabajo y por su compromiso con la empresa. [SEP] d_________ [SEP] dedication
4777,es,1.595082402,"comida [SEP] Hace un día muy bueno, vamos al pinar hacer una comida en el campo. [SEP] p_____ [SEP] picnic"
4778,es,-1.612204588,ranura [SEP] Hay que introducir las monedas en la ranura. [SEP] s___ [SEP] slot
4779,es,2.125631674,cognitivo [SEP] Tenemos estudiantes con dificultados cognitivas que llevan un proceso de aprendizaje diferente. [SEP] c________ [SEP] cognitive
4780,es,-0.364765608,"timbre [SEP] Llama al timbre, a ver si hay alguien. [SEP] d_______ [SEP] doorbell"
4781,es,1.931210022,álgebra [SEP] Baldor fue un experto en álgebra y geometría [SEP] a______ [SEP] algebra
4782,es,-0.664192487,"mientras [SEP] A mí me gusta el dulce mientras que a mi hermano, le encanta lo salado. [SEP] w______ [SEP] whereas"
4783,es,2.960691224,cuaderno [SEP] La profesora dio un cuaderno a todos los niños. [SEP] n_______ [SEP] notebook
4784,es,2.999702044,galaxia [SEP] Hace unos años unos astrónomos encontraron una nueva galaxia [SEP] g_____ [SEP] galaxy
4785,es,2.943476862,muro [SEP] El constructor tuvo que reforzar el muro antes de empezar el trabajo. [SEP] w___ [SEP] wall
4786,es,3.158272741,uniforme [SEP] En este colegio tenéis que llevar uniforme. [SEP] u______ [SEP] uniform
4787,es,-1.509806006,absolutamente [SEP] Lo que has dicho es absolutamente claro. [SEP] p________ [SEP] perfectly
4788,es,-0.986230614,más [SEP] ¿Cual era el libro que más te gustaba de pequeña? [SEP] m___ [SEP] most
4789,es,-1.326745846,urgente [SEP] Esta situación requiere atención urgente. [SEP] i________ [SEP] immediate
4790,es,-1.440809022,reiteración [SEP] En sus novelas encontramos una reiteración constante de los mismos temas. [SEP] r_________ [SEP] repetition
4791,es,1.187389754,felizmente [SEP] Están felizmente casados desde hace muchos años. [SEP] h______ [SEP] happily
4792,es,-1.987658168,ocultar [SEP] Has hecho trampa porque te he visto ocultar la carta en la manga. [SEP] c______ [SEP] conceal
4793,es,0.834179411,avergonzado [SEP] Me siento avergonzado por el incidente de ayer. [SEP] a______ [SEP] ashamed
4794,es,-0.925487731,obturación [SEP] Hay una obturación en la cañería que está causando todos los problemas. [SEP] o__________ [SEP] obstruction
4795,es,-0.221045155,vapor [SEP] Salía vapor de la olla así que bajé el gas. [SEP] s____ [SEP] steam
4796,es,-0.392181514,hormigón [SEP] Este edificio es de hormigón armado por lo que es muy fuerte. [SEP] c_______ [SEP] concrete
4797,es,-2.414519967,ponderada [SEP] Nuestra respuesta fue ponderada ya que el asunto es muy delicado. [SEP] c_________ [SEP] considered
4798,es,-0.012251943,"con [SEP] Con suerte, hará buen tiempo mañana. [SEP] h________ [SEP] hopefully"
4799,es,-1.486444091,autobiográfico [SEP] Los librs utobiogrpaficos sirven para conocer mas a una persona [SEP] a_______________ [SEP] autobiographical
4800,es,-1.048899876,producción [SEP] Tenemos que controlar la producción de monóxido carbono en nuestras ciudades. [SEP] e_______ [SEP] emission
4801,es,0.886019228,cámara [SEP] Podemos ver a nuestra familia en Amércia gracias a la cámara del ordenador. [SEP] w_____ [SEP] webcam
4802,es,0.495918679,medio [SEP] Cociné la cebolla a fuego medio. [SEP] m_____ [SEP] medium
4803,es,-0.391128916,confidencialmente [SEP] ¿Podemos hablar confidencialmente por favor? [SEP] p________ [SEP] privately
4804,es,-2.803359142,tradicional [SEP] Mi tía es muy tradicional y no aguanta otras normas sociales que no sean las suyas. [SEP] c___________ [SEP] conventional
4805,es,3.696425154,"nombre [SEP] Mi nombre es Juan, me llamo igual que mi padre. [SEP] n___ [SEP] name"
4806,es,-1.523220284,acercarse [SEP] La muchedumbre debe acercarse a unas diez mil personas. [SEP] a__________ [SEP] approximate
4807,es,4.058788068,religión [SEP] Respetamos la religión de todo el mundo y proporcionamos los medios para practicarla. [SEP] r_______ [SEP] religion
4808,es,-1.278010002,rebote [SEP] El jugador atrapó el balón tras el rebote. [SEP] r______ [SEP] rebound
4809,es,1.719192497,jubilado [SEP] Mi abuelo está jubilado desde hace mucho tiempo. [SEP] r______ [SEP] retired
4810,es,-0.240593495,cinta [SEP] Decoré el regalo con una cinta roja. [SEP] r_____ [SEP] ribbon
4811,es,-1.126547663,responsabilidad [SEP] El hotel no asume ninguna responsabilidad de los objetos perdidos. [SEP] l________ [SEP] liability
4812,es,1.092904536,puñetazo [SEP] Me dio un puñetazo en la cara y me caí al suelo. [SEP] p____ [SEP] punch
4813,es,-3.047031462,cualidad [SEP] Que cualidad buscan en el nuevo personal [SEP] a________ [SEP] attribute
4814,es,-2.569094039,información [SEP] La información sobre las elecciones de ese canal ha sido muy interesante y además imparcial. [SEP] r________ [SEP] reporting
4815,es,-1.606373775,afortunadamente [SEP] Afortunadamente todo salió muy bien y le dieron el puesto. [SEP] t_________ [SEP] thankfully
4816,es,1.928585546,lugar [SEP] Todos los obreros llevan casco en el lugar de trabajo. [SEP] w________ [SEP] workplace
4817,es,-1.101501849,dinámica [SEP] La dinámica de la actividad consiste en relacionarse con los demás para poder cumplir con las tareas [SEP] d_______ [SEP] dynamics
4818,es,-0.305206692,reconstruido [SEP] Este motor está reconstruido de piezas de coches antiguos. [SEP] r______ [SEP] rebuilt
4819,es,-2.917326604,ley [SEP] El castigo corporal a los niños fue prohibido en Reino Unido por la ley de 1987. [SEP] s______ [SEP] statute
4820,es,3.986262458,pájaro [SEP] El pájaro se ha escapado de la jaula. [SEP] b___ [SEP] bird
4821,es,-3.637007371,crónica [SEP] La crónica de los resultados de las elecciones fue muy emocionante. [SEP] c_________ [SEP] commentary
4822,es,-3.850802378,ejemplo [SEP] La guerra es un ejemplo del lado destructivo de la naturaleza humana. [SEP] p_______ [SEP] paradigm
4823,es,0.973105308,confianza [SEP] Los obstáculos no socavaron la confianza del equipo. [SEP] c_________ [SEP] confidence
4824,es,-1.358162964,precavido [SEP] Juan es bastante precavido y no se arriesga si lo puede evitar. [SEP] c_______ [SEP] cautious
4825,es,0.462170991,repugnante [SEP] El baño está en un estado absolutamente repugnante.  Hay que limpiarlo. [SEP] d_________ [SEP] disgusting
4826,es,-2.219446575,apoyo [SEP] El apoyo de mis amigos me ayudó mucho. [SEP] e____________ [SEP] encouragement
4827,es,-1.997540399,taller [SEP] El pintor trabajó en un taller dentro de su casa. [SEP] s_____ [SEP] studio
4828,es,-2.42160743,agarrar [SEP] La vi agarrar la mano de su novio y tirar de él. [SEP] g___ [SEP] grip
4829,es,3.145808308,pistola [SEP] El ladrón sacó una pistola en el banco y se llevó todo el dinero. [SEP] g__ [SEP] gun
4830,es,-1.619899123,supervisar [SEP] El jefe de equipo va a supervisar el trabajo de sus compañeros. [SEP] o______ [SEP] oversee
4831,es,-1.583940367,funcionario [SEP] Mi tío trabaja como funcionario en el ayuntamiento. [SEP] o_______ [SEP] official
4832,es,-2.100053254,gritón [SEP] Llevaba un bebé muy gritón en los brazos. [SEP] s________ [SEP] screaming
4833,es,3.824423405,beso [SEP] Me dio un beso y subió al tren. [SEP] k___ [SEP] kiss
4834,es,1.408895171,fútbol [SEP] El fútbol se está haciendo muy popular en Estados Unidos. [SEP] s_____ [SEP] soccer
4835,es,-0.960725686,suponer [SEP] Es de suponer que dice la verdad. [SEP] a_____ [SEP] assume
4836,es,0.471792756,ladrar [SEP] El perro se puso a ladrar furiosamente. [SEP] b___ [SEP] bark
4837,es,0.90780018,piso [SEP] Viven en un piso en Córdoba. [SEP] a________ [SEP] apartment
4838,es,1.415472303,asar [SEP] Hay que asar esta carne muy despacio para que esté tierna. [SEP] r____ [SEP] roast
4839,es,0.393147835,cepillar [SEP] Cepillar los zapatos ayuda a sacar el brillo. [SEP] b_______ [SEP] brushing
4840,es,4.021796064,conducir [SEP] ¿Sabes conducir un camión? [SEP] d____ [SEP] drive
4841,es,-1.232713809,autopista [SEP] Hubo un accidente en la autopista a California y tardamos mucho en llegar. [SEP] f______ [SEP] freeway
4842,es,-0.004059613,canibalismo [SEP] Se puede encontrar muchas personas que practican el canibalismo como estilo de vida [SEP] c__________ [SEP] cannibalism
4843,es,-0.37757292,"relato [SEP] Su último relato, que se publica este mes, es una historia basada en un hecho real. [SEP] n____ [SEP] novel"
4844,es,0.78283815,"jersey [SEP] Me gusta mucho tu jersey, ¿dónde te lo compraste? [SEP] s______ [SEP] sweater"
4845,es,-0.723909051,autorizada [SEP] La publicación de las fotos no está autorizada por el fótógrafo. [SEP] p________ [SEP] permitted
4846,es,1.041637331,burro [SEP] Hay un burro viviendo en el campo de enfrente y hace mucho ruido. [SEP] d_____ [SEP] donkey
4847,es,-1.053878536,tener [SEP] Lo mejor  sue se puede tener en la vida es el amor. [SEP] p______ [SEP] possess
4848,es,1.428985834,gastos [SEP] Los gastos de viaje serán pagados por la empresa. [SEP] c___ [SEP] cost
4849,es,1.009555194,fundamental [SEP] La igualdad es un derecho fundamental. [SEP] b____ [SEP] basic
4850,es,-2.582863627,respectiva [SEP] La prosperidad no ha sido acompañada de una reducción respectiva en la actividad criminal. [SEP] c____________ [SEP] corresponding
4851,es,1.301788084,anfitrión [SEP] El anfitrión ofreció bebida y comida a sus invitados. [SEP] h___ [SEP] host
4852,es,-1.30971275,contribuyente [SEP] A veces parece que el contribuyente lo paga todo. [SEP] t_______ [SEP] taxpayer
4853,es,2.383760549,Soviéticas [SEP] La Unión de Rebúblicas Socialistas Soviéticas se disolvió en 1991. [SEP] s_____ [SEP] soviet
4854,es,-1.986458429,asunto [SEP] Este asunto ha sido muy difícil de resolver. [SEP] a_____ [SEP] affair
4855,es,-0.405188466,tres [SEP] Los precios de esa tienda son el doble o el tres veces mayor de los del supermercado. [SEP] t_____ [SEP] triple
4856,es,0.376940904,"además [SEP] He leído los libros de la lista y otros dos, además. [SEP] b______ [SEP] besides"
4857,es,3.194501545,historia [SEP] Es importante conocer la historia de nuestros antepasados para entender lo que sucede en la actualidad [SEP] h______ [SEP] history
4858,es,-1.280180372,adecuación [SEP] La adecuación de la novela al cine no tuvo mucho éxito. [SEP] a_________ [SEP] adaptation
4859,es,0.105406186,sentimentalmente [SEP] Es un chico un poco desequilibrado sentimentalmente. [SEP] e__________ [SEP] emotionally
4860,es,2.701616679,tipo [SEP] No me gusta este tipo de bromas. [SEP] k___ [SEP] kind
4861,es,3.246898417,enseñar [SEP] A mí me gusta enseñar matemáticas a los niños pequeños. [SEP] t____ [SEP] teach
4862,es,1.969539848,vendida [SEP] Esa casa ya está vendida. [SEP] s___ [SEP] sold
4863,es,-0.901583407,representable [SEP] La información debe ser representable a través de gráficos e imágenes de muestra. [SEP] r____________ [SEP] representable
4864,es,-1.24748402,de [SEP] Es increíble haya que juzgar estos crímenes en el tribunal de menores. [SEP] j_______ [SEP] juvenile
4865,es,3.248719057,digital [SEP] No quiero darle a mi hijo un reloj digital. Quiero que aprenda a dar la hora con un reloj tradicional [SEP] d______ [SEP] digital
4866,es,1.180939333,cadera [SEP] Le van a operar de la cadera. [SEP] h__ [SEP] hip
4867,es,2.949568579,caja [SEP] Lo metemos en una caja y lo enviamos por correo. [SEP] b__ [SEP] box
4868,es,-1.59575361,via [SEP] La vía respiratoria lleva el aire a los pulmones. [SEP] a_____ [SEP] airway
4869,es,-1.499492985,rival [SEP] Nuestro rival más peligroso son los grandes almacenes que han abierto muy cerca. [SEP] c_________ [SEP] competitor
4870,es,0.224847907,astrológico [SEP] Los signos astrológicos se definen de acuerdo a la fecha de necimiento [SEP] a___________ [SEP] astrological
4871,es,0.118776081,avanzar [SEP] Los niños van a avanzar mucho con la ayuda de su hermana mayor sin duda. [SEP] p_______ [SEP] progress
4872,es,0.905872655,hermandad [SEP] El equipo de fútbol tiene un gran sentido de hermandad. [SEP] b__________ [SEP] brotherhood
4873,es,1.50925578,padecer [SEP] Espero no padecer mucho en el dentista hoy. [SEP] s_____ [SEP] suffer
4874,es,1.279760654,entero [SEP] El número entero de accidentes de este año son ciento tres. [SEP] t____ [SEP] total
4875,es,-1.978589916,"actuación [SEP] Mi empresa ha decidido ampliar su campo de actuación, quieren exportar nuestro productos. [SEP] o________ [SEP] operation"
4876,es,0.041216982,"herir [SEP] La derrota pudo herir el orgullo del boxeador, pero aprendió de ella. [SEP] w____ [SEP] wound"
4877,es,3.488079645,zanahoria [SEP] La crema de zanahoria está muy buena y es nutritiva. [SEP] c_____ [SEP] carrot
4878,es,2.346799321,postre [SEP] Me encanta el postre de limón que hace mi tía. [SEP] d______ [SEP] dessert
4879,es,-0.086331523,rodear [SEP] La policía empezó a rodear el edificio. [SEP] s_______ [SEP] surround
4880,es,4.467879838,radio [SEP] Bájale el volumen a la radio que no puedo escuchar lo que me estas diciendo [SEP] r____ [SEP] radio
4881,es,0.753798327,por [SEP] Esperaba que Juana apareciera como por arte de magia. [SEP] m________ [SEP] magically
4882,es,-0.819639835,intimamente [SEP] Ellos pudieron conocers intimamente luego de meses de hablar por teléfono [SEP] p_________ [SEP] personally
4883,es,-2.505808763,aprovechado [SEP] No es más que un aprovechado y te va a sacar el dinero. [SEP] o__________ [SEP] opportunist
4884,es,-0.676178738,pancarta [SEP] Llevaban una pancarta grandísima a la cabeza de la manifestación. [SEP] b_____ [SEP] banner
4885,es,-0.097349904,dependencia [SEP] El tabaco crea dependencia. [SEP] a________ [SEP] addiction
4886,es,-0.567075574,encuesta [SEP] La encuesta predijo el resultado de las elecciones casi perfectamente. [SEP] p___ [SEP] poll
4887,es,1.028926,sensible [SEP] La piel sensible requiere un cuidado especial. [SEP] s________ [SEP] sensitive
4888,es,2.027190372,tamaño [SEP] El marco es perfecto para el tamaño de la foto. [SEP] s___ [SEP] size
4889,es,0.793620894,siguiente [SEP] Nosotros llegamos el lunes y ellos llegaron el día siguiente. [SEP] f________ [SEP] following
4890,es,-0.492294337,criar [SEP] Nuestra familia tiene un negocio de criar caballos. [SEP] b____ [SEP] breed
4891,es,-2.157453705,inolvidablemente [SEP] Su declaración de amor se quedó inolvidablemente escrita en mi corazón para toda la vida. [SEP] m________ [SEP] memorably
4892,es,-0.093795792,conmemoración [SEP] Vamos a la conmemoración de los cincuenta años de matrimonio de mis padres. [SEP] a__________ [SEP] anniversary
4893,es,1.990818856,escándalo [SEP] Tuvo una carrera prometedora arruinada por un escándalo. [SEP] s______ [SEP] scandal
4894,es,-1.194719364,dólar [SEP] Sólo me costó un dólar.  ¡Increíble! [SEP] b___ [SEP] buck
4895,es,0.566286728,descerebrado [SEP] ¡No seas descerebrado!  Esa es una idea ridícula. [SEP] b________ [SEP] brainless
4896,es,1.692927575,pintada [SEP] La mesa está pintada de blanco y queda muy bien. [SEP] p______ [SEP] painted
4897,es,-3.628900342,completamente [SEP] El tren fue cada vez más despacio hasta que se paró completamente. [SEP] a_________ [SEP] altogether
4898,es,2.25478614,toque [SEP] El más ligero toque activa la alarma. [SEP] t____ [SEP] touch
4899,es,0.368677109,detención [SEP] El conductor ingresó en prisión después de su detención. [SEP] a_____ [SEP] arrest
4900,es,-0.742641671,denominar [SEP] Van a denominar la película 'Muerte en la montaña'. [SEP] t____ [SEP] title
4901,es,-0.506044322,invernadero [SEP] Hay que meter los geranios en el invernadero durante la temporada de frío. [SEP] g_________ [SEP] greenhouse
4902,es,1.894878555,agradecer [SEP] Tenemos que agradecer a todo el mundo lo que han hecho por nosotros. [SEP] t____ [SEP] thank
4903,es,3.476952466,fiesta [SEP] Te quiero invitar a mi fiesta de cumpleaños. [SEP] p____ [SEP] party
4904,es,0.275077585,guión [SEP] Me gustó mucho el guión de la película. [SEP] s_____ [SEP] script
4905,es,3.24747127,italiano [SEP] La pasta es la comida italiana mas famosa del mundo [SEP] i______ [SEP] italian
4906,es,1.221877915,banda [SEP] Hay una banda muy peligrosa por aquí que se dedica a robar en las casas. [SEP] g___ [SEP] gang
4907,es,-0.285540425,lista [SEP] Hemos hecho una lista de verificación para confirmar que todo está completo [SEP] c________ [SEP] checklist
4908,es,-3.264577876,congresista [SEP] Los congresistas deben ser personas honrables y leales al país. [SEP] c__________ [SEP] congressman
4909,es,0.222945056,madrina [SEP] Mi madrina siempre me regala dinero en mi cumpleaños. [SEP] g________ [SEP] godmother
4910,es,-1.280721376,"plano [SEP] Pon el cuadro plano en el suelo, así lo podremos medir mejor. [SEP] h_________ [SEP] horizontal"
4911,es,-0.821455196,sin [SEP] La historia tiene lugar en un lugar lejano y en una fecha sin especificar. [SEP] u__________ [SEP] unspecified
4912,es,0.54144498,judío [SEP] El barrio judío de Córdoba es muy bonito. [SEP] j_____ [SEP] jewish
4913,es,1.201182257,hacia [SEP] El perro corrió con entusiasmo hacia su amo. [SEP] t_____ [SEP] toward
4914,es,1.235297083,afectar [SEP] Tendremos cuidado de no afectar en su decisión. [SEP] a_____ [SEP] affect
4915,es,1.412795212,ni [SEP] Los veganos no comen ni carne ni huevos. [SEP] n______ [SEP] neither
4916,es,1.369563776,principalmente [SEP] Comen principalmente frutas y verduras. [SEP] m_____ [SEP] mainly
4917,es,-0.626210202,masa [SEP] Me gusta añadir pasas y nueces a la masa. [SEP] d____ [SEP] dough
4918,es,1.718698109,innovar [SEP] Esa empresa tiene éxito porque no para de innovar en sus proyectos [SEP] i_______ [SEP] innovate
4919,es,2.5416284,usuario [SEP] ¿Hay un acceso de puerta ancha al edificio? Soy usuario de silla de ruedas. [SEP] u___ [SEP] user
4920,es,0.077885154,"fresca [SEP] Ayer fue ideal, muy caluroso durante el día y la noche fresca. [SEP] c___ [SEP] cool"
4921,es,-1.290582269,conectados [SEP] Mataron a todos los miembros de la familia conectados con el imperio. [SEP] i_______ [SEP] imperial
4922,es,-1.224973548,excusa [SEP] El entrenador no tenía ninguna excusa para la derrota de equipo. [SEP] j____________ [SEP] justification
4923,es,0.047073235,instalador [SEP] Necesitas un archivo instalador para introducir este nuevo programa en tu ordenador. [SEP] i________ [SEP] installer
4924,es,1.445250143,idea [SEP] La abstracción geométrica es un campo interesante para estudiar [SEP] a__________ [SEP] abstraction
4925,es,1.793867962,"bicho [SEP] Me ha picado un bicho, un mosquito creo, y me duele mucho. [SEP] i_____ [SEP] insect"
4926,es,1.407290288,pedir [SEP] Le tengo que pedir prestado dinero a mi padre. [SEP] b_____ [SEP] borrow
4927,es,-1.306389333,proceso [SEP] El proceso de cambio de la universidad al trabajo a veces puede ser complicado. [SEP] t_________ [SEP] transition
4928,es,1.212501398,licenciado [SEP] Soy licenciado de historia y trabajo de profesor. [SEP] g_______ [SEP] graduate
4929,es,-0.87624926,vida [SEP] Tanto a mi marido como a mí nos encanta la vida al aire libre. [SEP] o_______ [SEP] outdoors
4930,es,-1.105224475,lícito [SEP] El Estado encuentró lícito el uso de la marihuana como medicina alternativa [SEP] l____ [SEP] legal
4931,es,2.610371134,tigre [SEP] Peleó como un tigre para quedarse con la custodia de sus hijos. [SEP] t____ [SEP] tiger
4932,es,-0.59667313,incompleta [SEP] Esto es una solución incompleta al problema. [SEP] p______ [SEP] partial
4933,es,2.673815536,telegrama [SEP] Mandamos un telegrama a mi padre con la noticia. [SEP] t_______ [SEP] telegram
4934,es,-0.323276234,manifestación [SEP] Le compré rosas como manifestación de mi amor. [SEP] d____________ [SEP] demonstration
4935,es,1.754010677,"último [SEP] Los dos equipos que participaron el último partido, eran españoles. [SEP] f____ [SEP] final"
4936,es,3.047291994,"piscina [SEP] Hace un día precioso, vamos a la piscina a nadar un poco. [SEP] p___ [SEP] pool"
4937,es,-1.114113817,revisar [SEP] El corrector tiene que revisar el texto para detectar erratas. [SEP] r_____ [SEP] review
4938,es,3.28935009,juguete [SEP] La niña agarró su juguete con firmeza. [SEP] t__ [SEP] toy
4939,es,1.076696158,ladrón [SEP] El detective dedujo la estatura del ladrón a partir de sus huellas. [SEP] t____ [SEP] thief
4940,es,-3.206597198,desempate [SEP] Perdieron en el desempate después de jugar muy bien durante toda la temporada. [SEP] p______ [SEP] playoff
4941,es,2.875155439,violín [SEP] Mi hijo toca el violín  en la orquesta local. [SEP] v_____ [SEP] violin
4942,es,-1.037789369,con [SEP] Habló muy bien y con seguridad en la reunión de la empresa. [SEP] c__________ [SEP] confidently
4943,es,-2.923702575,meter [SEP] Ten cuidado de no meter el dedo en el ojo del niño mientras le secas el pelo con la toalla. [SEP] p___ [SEP] poke
4944,es,-2.978898083,posible [SEP] La novela es un posible éxito de ventas enorme. [SEP] p________ [SEP] potential
4945,es,-1.943927711,médico [SEP] El médico le recetó aspirina y unos antibióticos. [SEP] p________ [SEP] physician
4946,es,3.429436822,para [SEP] Te voy a querer para siempre. [SEP] f______ [SEP] forever
4947,es,-2.341929519,"no [SEP] No obstante, hay cuestiones que tenemos que superar. [SEP] n__________ [SEP] nonetheless"
4948,es,1.382153455,"hornear [SEP] Para su cumpleaños, su esposo horneó un pastel de limón [SEP] b___ [SEP] bake"
4949,es,-0.460842434,hipercatividad [SEP] La hiperactividad no es una enfermadad es solo un estado que se puede controlar con terapias [SEP] h____________ [SEP] hyperactivity
4950,es,2.421403986,milagro [SEP] Su curación a algunos les parecía un milagro de Dios. [SEP] m______ [SEP] miracle
4951,es,-1.822313536,producción [SEP] La fábrica ha doblado su producción este año. [SEP] o_____ [SEP] output
4952,es,-1.962970528,suprema [SEP] Durante el partido la fuerza suprema de Nadal se empezó a notar. [SEP] s_______ [SEP] superior
4953,es,-1.984302462,ajena [SEP] En mi tiempo libre me gusta hacer una actividad ajena a mi profesión. [SEP] u________ [SEP] unrelated
4954,es,-1.991621046,reconfortante [SEP] Fue reconfortante llegar a casa después de un día tan terrible. [SEP] c_________ [SEP] comforting
4955,es,3.110483165,"gloria [SEP] Volvió a casa hecho un hombre, con dinero y cubierto de gloria nacional. [SEP] g____ [SEP] glory"
4956,es,-0.307388698,tejido [SEP] Las células del tejido se regeneran constantemente. [SEP] t_____ [SEP] tissue
4957,es,0.575002351,gráfico [SEP] El gráfico muestra el crecimiento de las ventas a lo largo del último año. [SEP] g____ [SEP] graph
4958,es,1.176239078,renacidos [SEP] Lamentablemente creo que los movimientos racistas en nuestro país están renacidos. [SEP] r_____ [SEP] reborn
4959,es,-0.444385317,fuerte [SEP] Hacía un calor fuerte así que nos metimos en el hotel. [SEP] i______ [SEP] intense
4960,es,-0.423766057,increiblemente [SEP] Es una chica increiblemente inteligente que no creo que se fije en ti. [SEP] i_________ [SEP] incredibly
4961,es,2.004650604,mitad [SEP] La segunda mitad de la novela es mejor que la primera. [SEP] h___ [SEP] half
4962,es,-0.54335166,deambular [SEP] Me gusta deambular por el pueblo en mi tiempo libre. [SEP] w_____ [SEP] wander
4963,es,-1.365127894,agitador [SEP] Lenin fue un líder agitador que contribuyó de forma importante a la historia de Rusia. [SEP] r____________ [SEP] revolutionary
4964,es,-0.526345818,"ironía [SEP] Como profesor, no debes usar la irónia en el aula. [SEP] s______ [SEP] sarcasm"
4965,es,2.679957026,tenis [SEP] Compré una entrada para ver la final tenis en Wimbledon [SEP] t_____ [SEP] tennis
4966,es,-1.763350936,reunión [SEP] El presidente concluyó la reunión agradeciendo la participación de todos [SEP] s______ [SEP] session
4967,es,-2.67464226,al [SEP] El dueño de la  tienda consiguió vender la mercancía al por mayor [SEP] b___ [SEP] bulk
4968,es,-3.740977942,sin [SEP] Es una compañía sin cotización en bolsa. [SEP] u_______ [SEP] unlisted
4969,es,1.932220232,banquero [SEP] Hay muy pocos banqueros que den créditos bajos [SEP] b_____ [SEP] banker
4970,es,-0.310042275,despejar [SEP] Hay que despejar la mesa de todos estos papeles antes de irnos. [SEP] c____ [SEP] clear
4971,es,2.103297096,republicano [SEP] El candidato republicano ganó las votaciones a la presidencia [SEP] r_________ [SEP] republican
4972,es,-0.795437816,original [SEP] Esa idea es muy original.  Tienes una imaginación maravillosa. [SEP] c_______ [SEP] creative
4973,es,0.524821054,arbusto [SEP] La jara es un arbusto mediterráneo de flor muy bonita. [SEP] b___ [SEP] bush
4974,es,-1.993082695,correlación [SEP] La teoría de Einstein habla de la correlación entre el tiempo y el espacio. [SEP] r_________ [SEP] relativity
4975,es,-4.707570423,válido [SEP] El informe se revisó y es válido ante la ley. [SEP] a_______ [SEP] adequate
4976,es,-2.804384538,"abertura [SEP] Cuando llegues a la segunda abertura en la valla a la izquierda, verás la casa. [SEP] g______ [SEP] gateway"
4977,es,-2.630256365,plan [SEP] Los criminales fueron detenidos cuando la policía descubrió su plan. [SEP] s_____ [SEP] scheme
4978,es,-2.054671226,actualización [SEP] Estamos en medio del proceso de actualización de todos nuestros autobuses. [SEP] m____________ [SEP] modernization
4979,es,-2.723443299,director [SEP] El director del área es el que controla el uso del presupuesto [SEP] c_________ [SEP] controller
4980,es,2.215699023,línea [SEP] Mi proyecto de historia incluye una línea de tiempo interactiva. [SEP] t_______ [SEP] timeline
4981,es,0.080854763,amanecer [SEP] Me levanté a las cinco de la mañana para ver el amanecer. [SEP] d___ [SEP] dawn
4982,es,-0.620989539,prolongación [SEP] Tenemos que asegurar la prolongación de este proyecto. [SEP] c___________ [SEP] continuation
4983,es,-1.103335776,camioneta [SEP] Mandaron una camioneta para recoger la madera. [SEP] p_____ [SEP] pickup
4984,es,0.037971099,"inofensiva [SEP] La culebra es inofensiva, no como la víbora. [SEP] h_______ [SEP] harmless"
4985,es,1.086980945,béisbol [SEP] El béisbol es un juego popular en los Estados Unidos [SEP] b_______ [SEP] baseball
4986,es,2.374774728,Congreso [SEP] Mi primo trabaja para el Congreso en Washington. [SEP] c_______ [SEP] congress
4987,es,-0.681193311,"epidemia [SEP] Hubo doscientos catorce millones de afectados por la malaria en el año 2015, lo cual la convirtió en una epidemia de las más peligrosas que hay. [SEP] e_______ [SEP] epidemic"
4988,es,2.20444499,gracias [SEP] Hay que dar gracias por todo lo que tenemos. [SEP] t_____ [SEP] thanks
4989,es,0.505208613,diabetes [SEP] Cuando sufres de diabetes tienes que controlar el azucar en tu cuerpo a toda costa [SEP] d_______ [SEP] diabetes
4990,es,-1.476488051,en [SEP] Los clientes están satisfechos en gran medida gracias a nuestra atención personalizada. [SEP] l______ [SEP] largely
4991,es,0.640864401,ideológico [SEP] Hay muchas diferencias ideológicas políticas entre los dos grupos. [SEP] i__________ [SEP] ideological
4992,es,-0.229214316,estallar [SEP] La bomba va a estallar si no la desactivan. [SEP] e______ [SEP] explode
4993,es,1.731878292,fantasma [SEP] Dijo que había visto un fantasma en el sótano pero yo no me lo creo mucho. [SEP] g____ [SEP] ghost
4994,es,2.240666257,institución [SEP] Mi sobrino va a estudiar en una institución de educación superior en Estados Unidos. [SEP] u_________ [SEP] university
4995,es,-0.374814077,de [SEP] Me voy a hacer una limpieza de la cara antes de mi cumpleaños. [SEP] f_____ [SEP] facial
4996,es,1.01007988,traer [SEP] El país tiene que traer desde fuera la mayoría de los cereales que consume. [SEP] i_____ [SEP] import
4997,es,-1.906337997,varilla [SEP] Necesito comprar una varilla para colgar la cortina. [SEP] r__ [SEP] rod
4998,es,-0.569298692,presidencia [SEP] Quiere ser la primera mujer que ocupe la presidencia de los Estados Unidos. [SEP] p_________ [SEP] presidency
4999,es,1.971128713,cacto [SEP] El cactus es una planta que se encuentra comunmente en los desiertos [SEP] c_____ [SEP] cactus
5000,es,-1.147309525,resaltar [SEP] Hay que resaltar la importancia de esta última enmienda. [SEP] u________ [SEP] underline
5001,es,1.153673995,felicitar [SEP] Te tengo que felicitar por tu disco de oro. [SEP] c___________ [SEP] congratulate
5002,es,-0.926234265,ya [SEP] Ya no le quiero. [SEP] a______ [SEP] anymore
5003,es,0.486641557,sudor [SEP] Tenía la camiseta mojada de sudor. [SEP] s____ [SEP] sweat
5004,es,0.911216403,fluorescente [SEP] El parpadeo de los tubos de luz fluorescente de repente empezó a marearme. [SEP] n___ [SEP] neon
5005,es,-1.98480077,mágico [SEP] Dicen que tiene un poder mágico y que puede hablar con el más allá. [SEP] s___________ [SEP] supernatural
5006,es,-0.040909493,estético [SEP] Carlos se hizo unos retoques estéticos para verse más joven. [SEP] a________ [SEP] aesthetic
5007,es,0.036729877,desafortunado [SEP] Estuvo muy desafortunado ese día y no ganó el partido. [SEP] u______ [SEP] unlucky
5008,es,1.964876867,bola [SEP] Primero se oyó la explosión y después se vió una enorme bola de fuego. [SEP] f_______ [SEP] fireball
5009,es,2.936463842,yoga [SEP] El yoga sirve para fortalecer el cuerpo y también para relajarse. [SEP] y___ [SEP] yoga
5010,es,1.865685588,alguien [SEP] ¿Hay alguien en la oficina hoy? [SEP] a_____ [SEP] anyone
5011,es,2.738579349,"luz [SEP] Me lo dijo a la luz de la luna, fue muy romántico. [SEP] m________ [SEP] moonlight"
5012,es,0.655457384,caballito [SEP] El caballito de mar no se parece a nigún otro pez. [SEP] s_______ [SEP] seahorse
5013,es,-4.070380507,"inconveniente [SEP] La casa tiene un sólo inconveniente, que está muy lejos. [SEP] d_________ [SEP] difficulty"
5014,es,-2.342267776,proyección [SEP] Hay una proyección de la película por la mañana y otra por la tarde. [SEP] s______ [SEP] showing
5015,es,3.044424727,"caso [SEP] En este caso, el jurado debatió durante muchas horas. [SEP] c___ [SEP] case"
5016,es,1.491685856,limpieza [SEP] ¿Habéis terminado la limpieza de vuestra habitación todavía? [SEP] c_______ [SEP] cleaning
5017,es,-2.447556627,ilusionado [SEP] Está muy ilusionado con su plan de vivir en Australia pero yo no estoy tan segura. [SEP] o_________ [SEP] optimistic
5018,es,-2.792547155,típico [SEP] Este disfraz muestra el traje típico de la región del norte [SEP] r_____________ [SEP] representative
5019,es,-0.089459131,en [SEP] La carretera estaba bloqueada en parte por un árbol caído. [SEP] p________ [SEP] partially
5020,es,-1.266890457,"prever [SEP] Llegaron antes de hubiéramos podido prever, y no estábamos preparados. [SEP] a_________ [SEP] anticipate"
5021,es,-2.777680561,idear [SEP] El equipo tuvo que idear una estrategia para aumentar las ventas. [SEP] c_______ [SEP] conceive
5022,es,-0.985904861,aliciente [SEP] La medalla es un aliciente para entrenar más. [SEP] i________ [SEP] incentive
5023,es,-1.798759214,hincharse [SEP] Mis pies volvieron a hincharse el otro día por el calor. [SEP] s____ [SEP] swell
5024,es,2.47082888,ángulo [SEP] El ángulo del cuadrado es de 90 grados [SEP] a____ [SEP] angle
5025,es,-1.744034357,registrar [SEP] Deberías registrar todos los gastos que haces durante los viajes de trabajo. [SEP] r_____ [SEP] record
5026,es,2.054462161,deletrear [SEP] ¿Me puedes deletrear tu apellido por favor? [SEP] s____ [SEP] spell
5027,es,-0.139892877,hidrógeno [SEP] El hidrógeno se combina con el oxígeno para formar el agua. [SEP] h_______ [SEP] hydrogen
5028,es,-0.091592135,antepasado [SEP] Un antepasado mío era del norte de España. [SEP] a_______ [SEP] ancestor
5029,es,-0.490368233,proyectado [SEP] Tenemos un viaje proyectado a la India el año que viene. [SEP] p______ [SEP] planned
5030,es,2.345316816,vacía [SEP] Hay que comprar más vino.  Esta botella está vacía. [SEP] e____ [SEP] empty
5031,es,1.974932686,cuidar [SEP] Mi madre tiene que cuidar de sus nietos los fines de semana. [SEP] c___ [SEP] care
5032,es,-0.371478772,"resbalarse [SEP] Cuidado de no resbalarse aquí, es un poco peligroso. [SEP] s___ [SEP] slip"
5033,es,-0.817009189,de [SEP] Tengo un nuevo traje de baño para nuestro viaje a la playa. [SEP] b______ [SEP] bathing
5034,es,-0.310877672,columpiarse [SEP] A los niños les gusta mucho columpiarse en la cuerda que cuelga del árbol. [SEP] s____ [SEP] swing
5035,es,1.452349685,"aparentemente [SEP] Aparentemente, las cosas no salieron como las planearon [SEP] a_________ [SEP] apparently"
5036,es,2.655502319,gracioso [SEP] Es muy gracioso y cuenta unos chistes geniales. [SEP] f____ [SEP] funny
5037,es,-2.66586916,constantemente [SEP] Llovió constantemente durante todo el día. [SEP] c___________ [SEP] continuously
5038,es,-2.982769101,vendimia [SEP] La vendimia de este año es la más abundante de la década. [SEP] v______ [SEP] vintage
5039,es,-1.054259429,estadístico [SEP] El análisis estadístico fue lo que complementó la investigación y los resultados [SEP] s__________ [SEP] statistical
5040,es,-2.207757331,ajustes [SEP] Cambié los ajustes del programa para hacerlo funcionar mejor. [SEP] c____________ [SEP] configuration
5041,es,3.088807133,suite [SEP] El multimillonario reservó la suite principal por un mes [SEP] s____ [SEP] suite
5042,es,-0.666032902,desconexión [SEP] El equipo técnico de la oficina tuvo que encargarse de la desconexión de la red para evitar que se dañaran los computaddores [SEP] d____________ [SEP] disconnection
5043,es,0.313447779,tema [SEP] Me gustaría hablar de este tema en otro momento por favor. [SEP] s______ [SEP] subject
5044,es,-2.989817459,agarrar [SEP] Intenté agarrar la pistola que llevaba el asaltante pero no fui capaz. [SEP] s____ [SEP] seize
5045,es,-0.152359078,abofetear [SEP] Me dieron ganas de abofetear al chico pero no lo hice. [SEP] s___ [SEP] slap
5046,es,-0.963013919,cabaña [SEP] Blanca Nieves vivía en una cabaña en el bosque [SEP] c______ [SEP] cottage
5047,es,1.778104528,cansar [SEP] Hay que procurar no cansar al abuelo. [SEP] t___ [SEP] tire
5048,es,1.077058175,bolos [SEP] Vamos a jugar a los bolos. [SEP] b______ [SEP] bowling
5049,es,1.073308561,legalidad [SEP] Está en juego la legalidad de la empresa cuando se evaden los impuestos [SEP] l_______ [SEP] legality
5050,es,1.084073458,tiro [SEP] El asesino le pegó un tiro a bocajarro. [SEP] s___ [SEP] shot
5051,es,1.031845525,bebida [SEP] No habría que tomar bebida embriagadora con menos de dieciocho años. [SEP] a______ [SEP] alcohol
5052,es,2.037216979,magnetismo [SEP] El magnetismo es un fenómeno por el cual los objetos ejercen fuerzas de atracción el uno al otro. [SEP] m________ [SEP] magnetism
5053,es,1.814520729,tecnología [SEP] Los recientes avances en tecnología médica han cambiado la vida de pacientes y doctores por igual. [SEP] t_________ [SEP] technology
5054,es,-1.343818558,enorme [SEP] Se quedó impresionado por el enorme muro del castillo. [SEP] m______ [SEP] massive
5055,es,3.824185128,plátano [SEP] El plátano es una fruta que suele gustar mucho a los niños. [SEP] b_____ [SEP] banana
5056,es,-0.400412137,insomne [SEP] He pasado alguna noche insomne últimamente. [SEP] s________ [SEP] sleepless
5057,es,-1.964219595,desprevenido [SEP] Alguna pregunta me cogió un poco desprevenido. [SEP] u_________ [SEP] unprepared
5058,es,2.24036483,sano [SEP] Ha nacido un niño muy grande y sobre todo muy sano. [SEP] h______ [SEP] healthy
5059,es,1.402134107,dominación [SEP] Los villanos de las películass generalmente buscan la dominaión del mundo [SEP] d_________ [SEP] domination
5060,es,0.782530883,fraccionado [SEP] El gobierno está muy fraccionado en cuanto a esta cuestión. [SEP] d______ [SEP] divided
5061,es,-1.450310416,"parloteo [SEP] ¡Basta de todo ese parloteo, niños!  Escuchadme un poco ahora. [SEP] c_______ [SEP] chatting"
5062,es,-1.916294134,lista [SEP] Las visitas tienen que escribir sus nombres en la lista oficial. [SEP] r_______ [SEP] register
5063,es,-0.872989208,inédito [SEP] Tiene un poema inédito muy interesante según me ha dicho su hijo. [SEP] u__________ [SEP] unpublished
5064,es,1.006394196,ir [SEP] Quiero ir a ver a mi familia en Galicia. [SEP] v____ [SEP] visit
5065,es,-1.169094576,ente [SEP] Comencé a trabajar en un ente privado la semana pasada. [SEP] e_____ [SEP] entity
5066,es,0.460819483,singular [SEP] El hombre tiene un talento singular para tocar el piano. [SEP] u_____ [SEP] unique
5067,es,1.179006339,afición [SEP] Su afición principal es la lectura pero también le gusta el cine y la música. [SEP] h____ [SEP] hobby
5068,es,2.531768189,natural [SEP] Los desastres naturales son a menudo causados por el cambio climático. [SEP] n______ [SEP] natural
5069,es,0.442251133,caimán [SEP] El caimán es un animal peligroso. [SEP] a________ [SEP] alligator
5070,es,-0.285197094,estropear [SEP] Este mal tiempo va a estropear nuestro día en la playa. [SEP] r___ [SEP] ruin
5071,es,0.304456948,odontológico [SEP] El Doctor Suárez mandará el informe odontológico a su casa. [SEP] d_____ [SEP] dental
5072,es,1.362485734,galería [SEP] La galería más famosa de España quizás sea el Prado de Madrid. [SEP] m_____ [SEP] museum
5073,es,0.124183862,votación [SEP] El primer paso del proceso de votación es la campaña. [SEP] e_______ [SEP] election
5074,es,3.1823623,"ventana [SEP] Abre la ventana por favor, hace mucho calor. [SEP] w_____ [SEP] window"
5075,es,0.330979732,turno [SEP] Esperemos que el próximo turno de negociaciones surta efecto. [SEP] r____ [SEP] round
5076,es,-2.36459596,mostrar [SEP] El atleta corrío la carrera sin mostrar cansancio  en ningún momento. [SEP] e______ [SEP] exhibit
5077,es,3.984044202,"por [SEP] Tengo que salir una hora antes del colegio, ¡por favor! [SEP] p_____ [SEP] please"
5078,es,0.562129137,falta [SEP] La confusión se debió a una falta de comunicación. [SEP] l___ [SEP] lack
5079,es,-2.269054069,Desgraciadamente [SEP] Desgraciadamente se suicidó antes de saber la verdad. [SEP] t_________ [SEP] tragically
5080,es,-2.14676152,institución [SEP] Es una institución que se dedica a la educación de los adultos. [SEP] e____________ [SEP] establishment
5081,es,-0.342252255,económico [SEP] Necesito un apoyo económico para empezar mi doctorado. [SEP] f________ [SEP] financial
5082,es,-1.727573103,ojear [SEP] De vez en cuando me gusta ojear mi viejo álbum de fotos. [SEP] g_____ [SEP] glance
5083,es,-0.345454084,permiso [SEP] Mi hermano ha vuelto al trabajo después de su permiso de paternidad. [SEP] l____ [SEP] leave
5084,es,-3.667684465,apoyo [SEP] Es famoso por su apoyo a la causa de los derechos animales . [SEP] a_______ [SEP] advocacy
5085,es,-5.271040639,demostración [SEP] La nueva máquina es una demostración de la dedicación y el trabajo de nuestros equipos. [SEP] t________ [SEP] testament
5086,es,-2.500702389,enigmático [SEP] Mi abuelo es un hombre bastante enigmático y reservado. [SEP] m_________ [SEP] mysterious
5087,es,2.194565673,bota [SEP] Había perdido una bota así que tuvo que llevar zapatos. [SEP] b___ [SEP] boot
5088,es,2.05004486,de [SEP] Este vino de Australia es magnífico. [SEP] a_________ [SEP] australian
5089,es,2.14894902,homosexual [SEP] Una persona homosexual tiene los mismos derechos que cualquier persona [SEP] h_________ [SEP] homosexual
5090,es,-1.045907935,provenir [SEP] Dicen que esta enfermedad tiene que provenir del trópico. [SEP] o________ [SEP] originate
5091,es,0.103320688,descargar [SEP] Tenemos media hora para descargar el camión. [SEP] u_____ [SEP] unload
5092,es,-2.67502022,penalidades [SEP] Las penalidades económicas impuestas a ese país por Naciones Unidos han sido levantadas. [SEP] s_______ [SEP] sanction
5093,es,-1.597457577,avisar [SEP] Si ve algo sospechoso no dude en avisar a la policía inmediatamente. [SEP] a____ [SEP] alert
5094,es,1.52496186,atlético [SEP] No tengo un cuerpo atlético pero tengo gran reistencia física [SEP] a_______ [SEP] athletic
5095,es,-0.760678774,estirar [SEP] Estirar te ayudará a reducir la tensión de los músculos. [SEP] s______ [SEP] stretch
5096,es,-3.546528244,eminencia [SEP] Napoleón es considerado una gran eminencia debido a la revolución Francesa. [SEP] g________ [SEP] greatness
5097,es,-1.220577205,carro [SEP] Los caballos tiraban bien del carro y después de unas horas llegaron a su destino. [SEP] w____ [SEP] wagon
5098,es,2.020932679,diccionario [SEP] Un diccionario de bolsillo es la mejor herramienta que puedes tener cuando viajas [SEP] d_________ [SEP] dictionary
5099,es,0.491817245,comunismo [SEP] Cuba es un país que se caracteriza por el comunismo que se practica en la isla [SEP] c________ [SEP] communism
5100,es,-1.114901362,carga [SEP] No quiero ser una carga para mis hijos cuando sea mayor. [SEP] b_____ [SEP] burden
5101,es,0.682165067,poco [SEP] Pedí ayuda porque la instrucción que nos dieron era poco clara. [SEP] u______ [SEP] unclear
5102,es,1.261318169,adolecente [SEP] Enrique tiene una hija adolecente [SEP] a_________ [SEP] adolescent
5103,es,-2.273183086,responsable [SEP] Soy responsable de todo lo que pasa aquí. [SEP] a__________ [SEP] accountable
5104,es,4.003626446,luna [SEP] Hay luna llena esta noche. [SEP] m___ [SEP] moon
5105,es,-2.606804353,pensativo [SEP] Es un hombre pensativo que nunca toma una decisión de forma precipitada. [SEP] r_________ [SEP] reflective
5106,es,0.371565537,terapeuta [SEP] Un terapeuta puede ayudar a los pacientes a expresar sus temores. [SEP] t________ [SEP] therapist
5107,es,0.525774531,cuerda [SEP] Necesito una cuerda para sujetar el sofá a la baca. [SEP] r___ [SEP] rope
5108,es,-1.14030916,informática [SEP] Este artilugio es un pedazo genial de informática. [SEP] t___ [SEP] tech
5109,es,-0.195108271,especializado [SEP] El candidato debe ser especializado en medicina nuclear. [SEP] q________ [SEP] qualified
5110,es,-3.95459734,"murmurar [SEP] Se puso a murmurar sola, sin hacer caso a nadie. [SEP] m_____ [SEP] mutter"
5111,es,0.8719627,autómata [SEP] Dicen que en un futuro no muy lejano habrá un autómata para cualquier ocasión. [SEP] r____ [SEP] robot
5112,es,2.389044471,maíz [SEP] Cultivan el maíz en esta zona. [SEP] c___ [SEP] corn
5113,es,-0.764300367,sistema [SEP] Hay que realizar todos los procedimientos según el sistema numérico indicado. [SEP] o____ [SEP] order
5114,es,-1.321830411,prácticamente [SEP] Penetrar en la fortaleza es prácticamente imposible. [SEP] v________ [SEP] virtually
5115,es,-0.603789582,cubeta [SEP] Llena el cubeta de agua por favor. [SEP] b_____ [SEP] bucket
5116,es,-0.984465283,rechazo [SEP] Los estudiantes manifestaron su rechazo absoluto al nuevo sistema. [SEP] r________ [SEP] rejection
5117,es,-2.399605641,"desafiante [SEP] No le hagas caso, a veces le gusta ser desafiante con sus profesores. [SEP] p__________ [SEP] provocative"
5118,es,-0.861264957,provisionalmente [SEP] Sentimos avisarles que estla línea de tren está provisionalmente fuera de servicio. [SEP] t__________ [SEP] temporarily
5119,es,1.546090725,triunfo [SEP] El equipo local marcó un gol y logró el triunfo. [SEP] v______ [SEP] victory
5120,es,0.177881219,grueso [SEP] El libro es muy grueso y pesado. [SEP] t____ [SEP] thick
5121,es,-0.556748126,exigente [SEP] Hay que saber lidiar con un cliente exigente. [SEP] d________ [SEP] demanding
5122,es,1.900930761,impresora [SEP] Hemos encontrado una impresora muy buena y estupenda de precio. [SEP] p______ [SEP] printer
5123,es,0.711724247,medir [SEP] Te vamos a medir para tu nuevo traje de boda. [SEP] m______ [SEP] measure
5124,es,-0.327896016,taladro [SEP] Le hemos regalado un taladro eléctrico a mi hermano por su cumpleaños. [SEP] d____ [SEP] drill
5125,es,0.214227225,albergar [SEP] ¿Qué ciudad va a albergar los próximos juegos olímpicos? [SEP] h___ [SEP] host
5126,es,-0.642152844,afiliación [SEP] La afiliación a nuestra asociación aporta muchas ventajas. [SEP] m_________ [SEP] membership
5127,es,-1.609729819,"reconocer [SEP] Más tarde o más temprano, tendrá de reconocer su crimen. [SEP] c______ [SEP] confess"
5128,es,1.799067596,hamburguesa [SEP] Me apetece mucho una hamburguesa con patatas. [SEP] b_____ [SEP] burger
5129,es,-3.686686545,impasible [SEP] El gobierno no puede permitirse el lujo de permanecer impasible ante la opinión pública. [SEP] i__________ [SEP] indifferent
5130,es,3.223732462,escanear [SEP] El dispositivo va a escanear cuidadosamente la superficie del planeta en busca de agua. [SEP] s___ [SEP] scan
5131,es,-0.266654974,"devuelto [SEP] Este vestido está devuelto, tendrá algún problema supongo. [SEP] r_______ [SEP] returned"
5132,es,1.661359755,hormona [SEP] El estrógeno es una hormona activa principalmente femenina. [SEP] h______ [SEP] hormone
5133,es,-0.266230564,ventaja [SEP] Hacer ese curso no me ha aportado ninguna ventaja. [SEP] b______ [SEP] benefit
5134,es,1.501124163,hija [SEP] Mi hija mayor vive en Colombia con su marido e hijos. [SEP] d_______ [SEP] daughter
5135,es,-1.059111702,vigoroso [SEP] Mi abuelo es muy vigoroso y no se cansa nunca. [SEP] e________ [SEP] energetic
5136,es,1.728704704,hecho [SEP] Este jersey tan bonito está hecho a mano por mi abuela. [SEP] h_______ [SEP] handmade
5137,es,-0.966130165,pulverizar [SEP] Hay que pulverizar estas plantas tropicales con agua todos los días. [SEP] s____ [SEP] spray
5138,es,-1.840289274,declarar [SEP] El presidente va a declarar un estado de emergencia. [SEP] p_______ [SEP] proclaim
5139,es,-0.215654868,anciano [SEP] El anciano recibe descuentos en los museos. [SEP] s_____ [SEP] senior
5140,es,-1.021691274,náutica [SEP] La historia náutica de España es muy interesante. [SEP] n____ [SEP] naval
5141,es,2.248118046,vestir [SEP] Habrá que vestir bien para la fiesta ¿verdad? [SEP] d____ [SEP] dress
5142,es,-0.047016,fósil [SEP] Los biólogos encontraron un fósil de unas plantas que vivieron hace cientos de años. [SEP] f_____ [SEP] fossil
5143,es,-0.740348847,sumergible [SEP] España acaba de comprar un sumergible nuclear. [SEP] s________ [SEP] submarine
5144,es,-1.13268943,regulable [SEP] Menos mal que el aire acondicionado es regulable. [SEP] a_________ [SEP] adjustable
5145,es,3.434758333,"karate [SEP] Leonardo ha practicado karate desde los diez años, ahora es un experto en artes marciales [SEP] k_____ [SEP] karate"
5146,es,-1.544596317,sustituible [SEP] El dinero es sustituible pero la familia no. [SEP] r__________ [SEP] replaceable
5147,es,1.951316458,apuntar [SEP] El pequeño tiene la fea costumbre de apuntar con el dedo a las personas [SEP] p____ [SEP] point
5148,es,-0.703363591,comprensible [SEP] Su reacción es completamente comprensible. [SEP] u_____________ [SEP] understandable
5149,es,0.202005892,creíble [SEP] Su versión de la historia no es nada creíble. [SEP] b_________ [SEP] believable
5150,es,1.911051217,cereza [SEP] La cereza es una fruta muy rica y siempre la tomamos en primavera. [SEP] c_____ [SEP] cherry
5151,es,0.132718684,sembrar [SEP] Hay que sembrar los tomates una vez que se quite el frío. [SEP] p____ [SEP] plant
5152,es,-2.579368443,bienes [SEP] El tribunal decidió dividir los bienes entre las partes. [SEP] e_____ [SEP] estate
5153,es,-2.350527944,abonado [SEP] Soy abonado a una revista de historia. [SEP] s_________ [SEP] subscriber
5154,es,0.331844172,no [SEP] Tenemos el libro que quiere pero no está disponible en este momento. [SEP] u__________ [SEP] unavailable
5155,es,-1.371199028,someterse [SEP] Los atletas tienen que someterse a un entrenamiento intensivo. [SEP] u______ [SEP] undergo
5156,es,1.116342492,encanto [SEP] Este chico no es nada guapo pero tiene encanto. [SEP] c____ [SEP] charm
5157,es,1.251182439,alimentar [SEP] Hay que alimentar a las vacas con heno. [SEP] f___ [SEP] feed
5158,es,-1.436578445,reconocimiento [SEP] Después de hablar con la policía el preso escribió un reconocimiento pleno de lo que había hecho. [SEP] c_________ [SEP] confession
5159,es,2.879516079,combustible [SEP] El vehículo tiene poco combustible. [SEP] f___ [SEP] fuel
5160,es,1.968300364,hora [SEP] Llámame a la hora del almuerzo mañana. [SEP] l________ [SEP] lunchtime
5161,es,-0.55177092,"nieto [SEP] Tenemos un nuevo nieto, hijo de nuestra hija mayor. [SEP] g_________ [SEP] grandchild"
5162,es,-1.72983651,estudiar [SEP] Hay que estudiar la situación para determinar qué apectos del proyecto tenemos que cambiar. [SEP] e______ [SEP] examine
5163,es,3.062430127,virus [SEP] Contrajo un virus que le dejó muy débil. [SEP] v____ [SEP] virus
5164,es,-3.660539084,posibilidad [SEP] El mercado europeo ofrece una gran posibilidad de ventas que no habíamos considerado. [SEP] p________ [SEP] potential
5165,es,-0.891796582,transversalmente [SEP] Corta el bizcocho transversalmente y extiende la mermelada en las dos mitades. [SEP] h___________ [SEP] horizontally
5166,es,0.001000928,acelerado [SEP] Miriam está haciendo un curso acelerado de francés. [SEP] i________ [SEP] intensive
5167,es,-3.016776746,soberbia [SEP] El buque se hundió debido a tu soberbia [SEP] a_______ [SEP] arrogant
5168,es,-2.840126995,"incapaz [SEP] Cuando le acusaron del crimen, se sintió incapaz de negarlo [SEP] p________ [SEP] powerless"
5169,es,-0.066976664,ayudante [SEP] Trabaja como profesor ayudante en la universidad. [SEP] a________ [SEP] assistant
5170,es,-2.936023473,aspiración [SEP] La aspiración humana no debe estar por encima de la honradez. [SEP] a_______ [SEP] ambition
5171,es,3.049610963,"lesbiana [SEP] Safo,una poetisa lesbiana, vivió toda su vida en la isla de Lesbos. [SEP] l______ [SEP] lesbian"
5172,es,2.756592226,música [SEP] Me encanta la música popular moderna para bailar. [SEP] p__ [SEP] pop
5173,es,1.451639664,solitario [SEP] Maria se ha sentido un poco solitaria ya que no tiene muchos amigos. [SEP] l___ [SEP] lone
5174,es,0.362959582,protagonizar [SEP] Le invitaron a prtgonizar una película junto a Johnny Depp. [SEP] s___ [SEP] star
5175,es,2.012981036,tímido [SEP] Es muy tímido y no le gustan las fiestas. [SEP] s__ [SEP] shy
5176,es,3.965546339,besar [SEP] ¿Es normal en España besar a la persona a la que te presentan? [SEP] k___ [SEP] kiss
5177,es,0.114330652,lesionado [SEP] Nuestro mejor jugador está lesionado. [SEP] i______ [SEP] injured
5178,es,2.436266712,"dulce [SEP] Este té está muy dulce, tiene demasiado azúcar. [SEP] s____ [SEP] sweet"
5179,es,0.919558553,ajedrez [SEP] El ajedrez es un juego que requiere mucha concentración. [SEP] c____ [SEP] chess
5180,es,-0.880890827,chispa [SEP] Se veía la chispa del encendedor en la oscuridad. [SEP] s____ [SEP] spark
5181,es,-1.400968816,prestación [SEP] La empresa siempre dan una prestación excelente de toda su actividad profesional. [SEP] s______ [SEP] service
5182,es,-1.838397057,secretario [SEP] El secretario preparó toda la documentación. [SEP] c____ [SEP] clerk
5183,es,1.9812628,"tenedor [SEP] El tenedor están al lado de tu plato, junto a tu cuchillo. [SEP] f___ [SEP] fork"
5184,es,-0.225654712,pistola [SEP] Se compró una pistola para robar un banco. [SEP] r_______ [SEP] revolver
5185,es,-0.442871921,exposición [SEP] La exposición prolongada al sol puede ser muy peligrosa. [SEP] e_______ [SEP] exposure
5186,es,0.940087093,sabio [SEP] Es una persona sin estudios pero es muy sabio e inteligente. [SEP] w___ [SEP] wise
5187,es,0.479275842,saludo [SEP] El saludo entre amigos es generalmente completado de un abrazo. [SEP] g_______ [SEP] greeting
5188,es,-0.880220562,eje [SEP] El planeta Tierra gira sobre su eje de forma imperceptible. [SEP] a___ [SEP] axis
5189,es,1.829409037,guerrero [SEP] Se supone que los restos encontrado son de un guerrero. [SEP] w______ [SEP] warrior
5190,es,-0.510590465,específico [SEP] No tenemos un plan específico todavía. [SEP] c_______ [SEP] concrete
5191,es,0.929074695,"celebridad [SEP] A pesar de su celebridad, tiene una vida bastante normal. [SEP] f___ [SEP] fame"
5192,es,0.633872143,extranjero [SEP] Los Pérez han alquilado una habitación a un estudiante extranjero. [SEP] f______ [SEP] foreign
5193,es,4.566609161,sol [SEP] El sol brilló durante todo el día. [SEP] s__ [SEP] sun
5194,es,3.365668329,noche [SEP] Nos vemos mañana por la noche en el bar. [SEP] n____ [SEP] night
5195,es,-0.818407364,financiación [SEP] Compramos el nuevo televisor con financiación del banco. [SEP] c_____ [SEP] credit
5196,es,0.781488636,picante [SEP] La comida picante no le gusta a todo el mundo. [SEP] s____ [SEP] spicy
5197,es,-5.216882421,afinidad [SEP] Hay cierta afinidad entre la vida real y la narrativa bíblica. [SEP] a______ [SEP] analogy
5198,es,3.189733035,europeo [SEP] Todos estos productos son de orígen europeo [SEP] e_______ [SEP] european
5199,es,-2.024365657,"consiguiente [SEP] Cuando un profesional edita una foto, la imagen consiguiente es mucho más bonita. [SEP] r________ [SEP] resulting"
5200,es,0.839042156,mundialmente [SEP] Los productos de la empresa están reconocidos mundialmente. [SEP] w________ [SEP] worldwide
5201,es,2.123638487,dentro [SEP] Me quedé dentro de casa durante la tormenta. [SEP] i_____ [SEP] inside
5202,es,0.835725927,"barbilla [SEP] Levanta la barbilla, Manuel.  No se te ve la cara. [SEP] c___ [SEP] chin"
5203,es,-1.175107976,industralización [SEP] El proceso de industralización en España ocurrió principalmente en el norte del país. [SEP] i________________ [SEP] industrialization
5204,es,-4.678447507,específicas [SEP] Tomamos medidas específicas para solucionar el problema. [SEP] t_______ [SEP] targeted
5205,es,2.173298393,retrasado [SEP] El avión estuvo retrasado por el mal tiempo. [SEP] d______ [SEP] delayed
5206,es,-2.730082488,anticuada [SEP] La compañía está remplazando la maquinaria anticuada. [SEP] o_______ [SEP] outdated
5207,es,2.861358525,"enfermo [SEP] Mi hermano está enfermo hoy, con gripe. [SEP] i__ [SEP] ill"
5208,es,-1.133465435,defensor [SEP] Él era un defensor férreo de este partido. [SEP] s________ [SEP] supporter
5209,es,-2.925337151,seminario [SEP] Tenemos un seminario universitaria esta tarde sobre nuestro proyecto. [SEP] t_______ [SEP] tutorial
5210,es,-2.07136751,tranquilizar [SEP] Tenemos que tranquilizar a los clientes y decirles que todo va bien. [SEP] r_______ [SEP] reassure
5211,es,2.287778927,irreal [SEP] Es una situación irreal pero nos tendremos que acostumbrar. [SEP] u_____ [SEP] unreal
5212,es,-2.12549586,correr [SEP] Borja va a correr contra el campeón de la ciudad. [SEP] r___ [SEP] race
5213,es,1.439977648,automóvil [SEP] El nuevo sistema mejora el funcionamiento del automóvil. [SEP] v______ [SEP] vehicle
5214,es,-0.09667404,esquiar [SEP] Me encanta esquiar por diferentes calles. [SEP] s__ [SEP] ski
5215,es,-2.748175275,sin [SEP] Trabajó sin formación durante años y después hizo la carrera. [SEP] u________ [SEP] untrained
5216,es,1.119627244,líquido [SEP] Hay que beber por lo menos un litro de líquido diario. [SEP] f____ [SEP] fluid
5217,es,-1.39263691,persuasivo [SEP] Quería que le acompañara pero no fue nada persuasivo y no acudí con él. [SEP] c_________ [SEP] convincing
5218,es,1.314417491,pecado [SEP] Dicen que mentir es pecado pero lo hace mucha gente. [SEP] s__ [SEP] sin
5219,es,0.297864679,metálico [SEP] La puerta metálica no permite que el calor se concentre en la habitación [SEP] m_______ [SEP] metallic
5220,es,-4.914629487,lugar [SEP] El café es un lugar de encuentro popular entre los turistas. [SEP] h______ [SEP] hangout
5221,es,-0.475017187,muchacho [SEP] Esta empresa fue montada por un muchacho de dieciseis años. [SEP] a_________ [SEP] adolescent
5222,es,-1.280634817,"primaria [SEP] Tienen una visión del mundo bastante primaria, nada moderna. [SEP] p________ [SEP] primitive"
5223,es,0.331182544,secreto [SEP] El documento que te voy a enseñar es secreto así que no debes hablar con nadie de esto después. [SEP] c___________ [SEP] confidential
5224,es,-0.860353305,propiedad [SEP] El costo total de propiedad no es lo mismo que el costo de una vivienda. [SEP] o________ [SEP] ownership
5225,es,-3.27380492,usuario [SEP] Los coches están llegando al usuario con tres semanas de retraso. [SEP] c_______ [SEP] consumer
5226,es,3.079102514,limón [SEP] El límón hace parte de las frutas conocidas como cítricas [SEP] l____ [SEP] lemon
5227,es,-1.839981301,atormentar [SEP] Ha sido la policía la que se ha encargado de atormentar a los detenidos. [SEP] t______ [SEP] torture
5228,es,-2.191040555,ineludible [SEP] La pobreza es un hecho ineludible en cualquier país. [SEP] i_________ [SEP] inevitable
5229,es,0.586180447,"ocupante [SEP] El autobús tenía un único ocupante, que se bajó en la estación de Filadelfia. [SEP] p________ [SEP] passenger"
5230,es,3.908387094,rey [SEP] El rey de España hace un discurso en la televisión en nochebuena todos los años. [SEP] k___ [SEP] king
5231,es,-0.037190214,manga [SEP] Esta camisa es de manga larga. [SEP] s_____ [SEP] sleeve
5232,es,-2.595268791,ciudadanos [SEP] El palacio ya está abierto a los ciudadanos para visitas. [SEP] p_____ [SEP] public
5233,es,0.630559242,símbolo [SEP] Pincha en el símbolo de la impresora para imprimir. [SEP] i___ [SEP] icon
5234,es,0.419253512,patio [SEP] Tiene muchas plantas en el patio trasero de su casa. [SEP] b_______ [SEP] backyard
5235,es,1.517797424,ventaja [SEP] La ventaja de aprender un idioma de pequeño es evidente. [SEP] a________ [SEP] advantage
5236,es,0.472014934,agente [SEP] Es agente municipal y trabaja en el área de tráfico. [SEP] p________ [SEP] policeman
5237,es,2.819254361,arábico [SEP] El café arábico es un poco fuerte en comparación al colombiano [SEP] a_____ [SEP] arabic
5238,es,1.77910838,"morir [SEP] Si dejas las plantas fuera durante el invierno, van a morir. [SEP] d__ [SEP] die"
5239,es,-0.3253753,abono [SEP] Mi madre quiere cancelar su abono a la revista. [SEP] s___________ [SEP] subscription
5240,es,-1.914254415,afición [SEP] El baile es una afición mía. [SEP] l___ [SEP] like
5241,es,2.305929329,tranquilizar [SEP] La enfermera intentó tranquilizar a la familia del enfermo. [SEP] c___ [SEP] calm
5242,es,-1.597950792,"próximo [SEP] Mi cumpleaños está próximo, sólo quedan dos días. [SEP] n___ [SEP] near"
5243,es,1.77371607,dolor [SEP] Tengo un dolor de cabeza horrible. [SEP] h_______ [SEP] headache
5244,es,-2.076208326,indefensa [SEP] El niño es una víctima indefensa de esta horrible guerra. [SEP] h_______ [SEP] helpless
5245,es,0.044134067,matriz [SEP] Para evaluar las posibilidades de negocio es necesario realizar la matriz FODA como primera medida. [SEP] m_____ [SEP] matrix
5246,es,2.126680646,selectivo [SEP] Tendrás que ser un poco mas selectivo a la hora de elegir qué información incluir en el informe. [SEP] s________ [SEP] selective
5247,es,-1.480990637,clasificar [SEP] Hay que clasificar los residuos y después separaremos los reciclables. [SEP] s___ [SEP] sort
5248,es,2.444524848,enfadada [SEP] Mi hermana estaba enfadada ayer porque perdió su equipo. [SEP] a____ [SEP] angry
5249,es,3.324058757,azul [SEP] Ese vestido azul te queda muy bien. [SEP] b___ [SEP] blue
5250,es,2.588973416,documentar [SEP] El historiador tuvo qu documentar todos los hechos tal y como sucedierion en su cuadernillo [SEP] d_______ [SEP] document
5251,es,2.476656655,café [SEP] Bebo cuatro tazas de café al día. [SEP] c_____ [SEP] coffee
5252,es,-1.947130632,insignificante [SEP] Es un problema insignificante y se podrá resolver fácilmente. [SEP] t______ [SEP] trivial
5253,es,-0.283317563,enamorado [SEP] Le voy a mandar una tarjeta de San Valentín a mi enamorado [SEP] v________ [SEP] valentine
5254,es,-1.040684325,limitado [SEP] Si dejas de fumar el riesgo de sufrir una enfermedad coronaria en el futuro será limitado. [SEP] r______ [SEP] reduced
5255,es,-3.99727837,ilógica [SEP] Tu respuesta es completamente ilógica y no tiene sentido. [SEP] i_________ [SEP] irrational
5256,es,1.896698395,"país [SEP] Croacia es un país independiente desde el año 1991, cuando se independizó de Yugoslavia. [SEP] n_____ [SEP] nation"
5257,es,-3.838778603,"sobresaltada [SEP] ¡Estoy aquí!' susurró el niño, con voz sobresaltada. [SEP] a______ [SEP] alarmed"
5258,es,-1.298943503,idea [SEP] No tiene ni idea de la gravedad del asunto. [SEP] n_____ [SEP] notion
5259,es,2.672642919,sonido [SEP] Me gusta mucho el sonido de la lluvia contra la ventana. [SEP] s____ [SEP] sound
5260,es,-1.423966474,eternidad [SEP] El paisaje espacial parecía extenderse ante ellos hacia la eternidad. [SEP] i_______ [SEP] infinity
5261,es,0.856567772,elección [SEP] La elección del nombre del bebé nos llevó varios días. [SEP] s________ [SEP] selection
5262,es,-3.666099572,consenso [SEP] Al principio estaban muy enfrentadas pero luego llegaron a un buen consenso. [SEP] c_________ [SEP] compromise
5263,es,-0.887892125,contagio [SEP] Advirtí que tuvieran cuidado con el contagio. [SEP] i________ [SEP] infection
5264,es,0.783154538,borrar [SEP] Vamos a borrar tu nombre de la lista inmediatamente. [SEP] d_____ [SEP] delete
5265,es,-0.596202279,fastuoso [SEP] El hotel era tan fastuoso que no se atrevieron ni a entrar. [SEP] l________ [SEP] luxurious
5266,es,-3.345019819,recortar [SEP] Mi empresa está a punto de recortar el personal [SEP] d_______ [SEP] downsize
5267,es,2.222476845,carne [SEP] Voy a pedir la carne asada con patatas fritas para segundo plato. [SEP] m___ [SEP] meat
5268,es,-0.017481115,compromiso [SEP] No pude ir a la reunión porque tenía otro compromiso. [SEP] e_________ [SEP] engagement
5269,es,1.90054314,firma [SEP] Mi hermana tiene un cuadro muy pequeño con la firma de Picasso. [SEP] s________ [SEP] signature
5270,es,2.038728451,hueso [SEP] El hueso más largo del cuerpo humano es el fémur. [SEP] b___ [SEP] bone
5271,es,-1.176259352,respecto [SEP] La candidata tiene algunas preguntas respecto a la entrevista. [SEP] r________ [SEP] regarding
5272,es,1.296628082,laguna [SEP] Había una laguna preciosa azul en la cima del monte. [SEP] l___ [SEP] lake
5273,es,-0.390718816,genuino [SEP] Esta carta firmada por el compositor es absolutamente genuina. [SEP] a________ [SEP] authentic
5274,es,-2.554483793,alta [SEP] El Doctor Reina el firmó el alta y salió del hospital esta tarde. [SEP] d________ [SEP] discharge
5275,es,-2.577307538,bulto [SEP] Me quitaron un bulto que me había salido en un dedo. [SEP] b___ [SEP] bump
5276,es,-2.249442572,signo [SEP] El color blanco siempre ha sido el signo de la pureza. [SEP] s_____ [SEP] symbol
5277,es,0.113707673,independientemente [SEP] Los dos departamentos trabajan independientemente sin embargo deben ser supervisados por el mismo director [SEP] i____________ [SEP] independently
5278,es,0.152384991,dificultar [SEP] La intromisión de las dos familias va dificultar mucho el divorcio. [SEP] c_________ [SEP] complicate
5279,es,2.12974905,medicina [SEP] Sólo se puede obtener esta medicina con receta médica. [SEP] m_______ [SEP] medicine
5280,es,-3.510376969,dispararse [SEP] El paro va a dispararse como sigan las cosas así. [SEP] s___ [SEP] soar
5281,es,2.958861437,urgencia [SEP] Hubo una urgencia anoche en el centro de salud. [SEP] e________ [SEP] emergency
5282,es,1.424662173,hoja [SEP] Leí la novela en un día desde la primera hoja hasta la última. [SEP] p___ [SEP] page
5283,es,1.947782179,paseo [SEP] Vamos a dar un paseo por la tarde. [SEP] w___ [SEP] walk
5284,es,0.698229273,externo [SEP] Trajimos un especialista externo para evaluar la situación. [SEP] e_______ [SEP] external
5285,es,-1.439083992,"penalmente [SEP] Se le considera penalmente demente, eso es según la definición legal. [SEP] c_________ [SEP] criminally"
5286,es,3.800525481,puerta [SEP] Llamaron a la puerta a las doce de la noche. [SEP] d___ [SEP] door
5287,es,0.202654258,ver [SEP] La familia va a ver un cambio en el estado del paciente durante los próximos días. [SEP] o______ [SEP] observe
5288,es,-1.052033331,alojamiento [SEP] La universidad ofrece alojamiento en la residencia de estudiantes. [SEP] a____________ [SEP] accommodation
5289,es,-2.475628229,giratoria [SEP] La puerta giratoria del hotel no dejaba de dar vueltas. [SEP] r_______ [SEP] rotating
5290,es,-0.021032002,vacuna [SEP] El otro día me puse la vacuna contra la gripe. [SEP] v______ [SEP] vaccine
5291,es,2.870581647,granjero [SEP] El granjero enseñó a los niños todos los animales. [SEP] f_____ [SEP] farmer
5292,es,0.024409921,desenchufado [SEP] El televisor está desenchufado porque va a haber una tormenta muy grande. [SEP] u________ [SEP] unplugged
5293,es,-3.588759776,discrepancia [SEP] El problema se centra en la discrepancia entre la profesión y la vida familiar. [SEP] i______________ [SEP] incompatibility
5294,es,2.137282744,preocupado [SEP] Estoy un poco preocupado por la salud de mi tía. [SEP] w______ [SEP] worried
5295,es,-1.13882948,satisfecho [SEP] Estoy muy satisfecho con los resultados de la auditoría. [SEP] c______ [SEP] content
5296,es,-1.197537489,girar [SEP] En la película se ve la Tierra girar alrededor del Sol. [SEP] s___ [SEP] spin
5297,es,-2.880079103,urgente [SEP] Tenemos un plazo urgente que cumplir esta semana. [SEP] p_______ [SEP] pressing
5298,es,2.061506629,anular [SEP] Tuvimos que anular el evento por la lluvia. [SEP] c_____ [SEP] cancel
5299,es,-1.481369516,elegancia [SEP] Camina con una elegancia típica de una bailarina profesional. [SEP] g____ [SEP] grace
5300,es,2.947055075,"heroína [SEP] Por desgracia, hay muchos adictos a la heroína [SEP] h_____ [SEP] heroin"
5301,es,-1.897532596,catastrófica [SEP] La tormenta fue absolutamente catastrófica. [SEP] d__________ [SEP] devastating
5302,es,3.560679259,república [SEP] Francia es una república con un gobierno elegido por el pueblo. [SEP] r_______ [SEP] republic
5303,es,1.305819472,verdaderamente [SEP] El piloto era un hombre verdaderamente encantador. [SEP] r_____ [SEP] really
5304,es,1.647285497,ser [SEP] María es un ser afectuoso y agradable. [SEP] p_____ [SEP] person
5305,es,-2.337110124,tranquilamente [SEP] Llegué tarde pero me estuvo esperando tranquilamente. [SEP] p________ [SEP] patiently
5306,es,1.954433913,bolsillo [SEP] Se metió la mano en el bolsillo y sacó el monedero. [SEP] p_____ [SEP] pocket
5307,es,1.492021808,"individual [SEP] Por su supuesto, esto es una opinión individual mía, nada más. [SEP] p_______ [SEP] personal"
5308,es,0.866025698,nido [SEP] Hay un nido de golondrinas en la ventana de mi dormitorio. [SEP] n___ [SEP] nest
5309,es,1.863488124,constructor [SEP] Mañana vendrá el constructor y nos dará el presupuesto. [SEP] b______ [SEP] builder
5310,es,-1.656252528,régimen [SEP] Los subsidios se reparten más justamente en el nuevo régimen de gobierno. [SEP] s_____ [SEP] system
5311,es,0.734905733,compras [SEP] Tendrá que llevarme las compras en un taxi. [SEP] s_______ [SEP] shopping
5312,es,1.816311558,patada [SEP] Me dio una patada tan fuerte que me dejó marca. [SEP] k___ [SEP] kick
5313,es,0.745088927,cicatriz [SEP] Tiene una cicatriz en la frente por una caída que tuvo de pequeño. [SEP] s___ [SEP] scar
5314,es,2.5927582,periódico [SEP] Mi abuelo lee el periódico todos los días. [SEP] n________ [SEP] newspaper
5315,es,-4.124321511,periódo [SEP] El año pasado pasé por un periódo de mala salud. [SEP] b___ [SEP] bout
5316,es,0.104532851,química [SEP] La fábrica química está demasiado cerca de las viviendas. [SEP] c_______ [SEP] chemical
5317,es,-0.139196285,bombardeo [SEP] El bombardeo ha destrozado la ciudad. [SEP] b______ [SEP] bombing
5318,es,-0.37903607,aportar [SEP] Es muy importante aportar lo que puedes a la sociedad en la que vives. [SEP] c_________ [SEP] contribute
5319,es,-0.068709788,rasgo [SEP] Mi hermano es una persona muy cariñosa.  Es su rasgo más entrañable. [SEP] c_____________ [SEP] characteristic
5320,es,-1.701631657,gestor [SEP] Antonio trabaja de gestor en una oficina de Segovia. [SEP] a____________ [SEP] administrator
5321,es,3.15288584,Biblia [SEP] La biblia es el libro mas importante del cristianismo [SEP] b____ [SEP] bible
5322,es,-1.571374525,previo [SEP] Estudió mucho previo a hacer el examen. [SEP] p____ [SEP] prior
5323,es,-1.121115816,orientación [SEP] Tu trabajo es proporcionar orientación a los nuevos empleados. [SEP] g_______ [SEP] guidance
5324,es,-0.29664219,atención [SEP] La atención sanitaria de ahora es mejor que la de hace unos años. [SEP] h_________ [SEP] healthcare
5325,es,-2.811615926,calidad [SEP] Conseguimos unos materiales de alta calidad para la obra. [SEP] g____ [SEP] grade
5326,es,-0.295489337,decano [SEP] El decano de la universidad de Sevilla dio un buen discurso este año. [SEP] d___ [SEP] dean
5327,es,3.057930821,abuela [SEP] Su abuela es de Cuba y salió de ahí hace cincuenta años. [SEP] g__________ [SEP] grandmother
5328,es,2.282190982,en [SEP] ¿Has visto mi abrigo en algún sitio? [SEP] a_______ [SEP] anywhere
5329,es,0.933343909,desarrollo [SEP] Animamos a nuestros empleados a que participen en su propio desarrollo profesional. [SEP] d__________ [SEP] development
5330,es,-1.00573121,madrina [SEP] Mi madrina me quiere como si fuera su propia hija. [SEP] s_________ [SEP] stepmother
5331,es,-2.895024944,admitida [SEP] Mi solicitud fue admitida por el tribunal a pesar de estar fuera de plazo. [SEP] a_______ [SEP] accepted
5332,es,-0.375423825,colar [SEP] Hay que colar el café para quitar los posos. [SEP] f_____ [SEP] filter
5333,es,1.143948773,patrocinador [SEP] El ayuntamiento es el patrocinador de este programa de radio. [SEP] s______ [SEP] sponsor
5334,es,-3.257806121,"comodidad [SEP] La ubicación de la casa combina tranquilidad con comodidad, ya que las tiendas están muy cerca. [SEP] c__________ [SEP] convenience"
5335,es,-0.547318831,enorme [SEP] La empresa invirtió una enorme cantidad de dinero. [SEP] t_________ [SEP] tremendous
5336,es,-2.695063158,casualmente [SEP] Casualmente trabajamos para la misma empresa y no lo sabíamos. [SEP] c_____________ [SEP] coincidentally
5337,es,-0.302909384,bote [SEP] Salieron al mar con el bote salvavidas y rescataron a los chicos. [SEP] l_______ [SEP] lifeboat
5338,es,0.125853908,pastilla [SEP] Tomé una pastilla para mi dolor de cabeza. [SEP] t_____ [SEP] tablet
5339,es,-1.011358167,nocturno [SEP] Cogimos el tren nocturno desde Moscú a San Petesburgo. [SEP] o________ [SEP] overnight
5340,es,-1.314053639,ampliar [SEP] Vamos a ampliar el plazo para solicitar la beca hasta el fin de semana. [SEP] e_____ [SEP] extend
5341,es,-3.133774805,afirmar [SEP] Tuvo que afirmar varias veces que no lo había hecho. [SEP] a_____ [SEP] assert
5342,es,0.404342365,"cambiar [SEP] Como son caseras, las galletas pueden cambiar en cuanto a forma. [SEP] v___ [SEP] vary"
5343,es,-1.236969046,a [SEP] Los niños no rompieron el cuadro a propósito. Estaban jugando al fútbol. [SEP] i____________ [SEP] intentionally
5344,es,0.729080411,fuente [SEP] Han puesto una fuente muy bonita en la plaza del pueblo. [SEP] f_______ [SEP] fountain
5345,es,1.461260198,morder [SEP] Dile a tu hijo que no está bien morder a otros niños. [SEP] b___ [SEP] bite
5346,es,0.417063465,capítulo [SEP] Mi matrimonio fue un capítulo corto en mi vida que prefiero olvidar. [SEP] e______ [SEP] episode
5347,es,-1.562286869,demografía [SEP] La demografía ayuda a entender las variables poblacionales de un país [SEP] d___________ [SEP] demographics
5348,es,-0.915291204,"incertidumbre [SEP] Debido a la incertidumbre política, la economía retrocederá el año próximo. [SEP] u__________ [SEP] uncertainty"
5349,es,1.130867824,archivo [SEP] Guardé el documento en el archivo que me indicaste. [SEP] f___ [SEP] file
5350,es,-1.044516014,incapacidad [SEP] El insomnio es la incapacidad de dormir. [SEP] i________ [SEP] inability
5351,es,-0.068665918,exitosa [SEP] Una empresa exitosa consigue grandes beneficios. [SEP] s_________ [SEP] successful
5352,es,-0.073007248,contestación [SEP] Los usuarios esperan una contestación rápida de la empresa. [SEP] r_______ [SEP] response
5353,es,-1.087291657,retrasar [SEP] El estricto acuerdo comercial va a retrasar el crecimiento económico. [SEP] s___ [SEP] slow
5354,es,2.592343957,"espacio [SEP] Por lo que respecta al espacio, prefiero esta oficina a la anterior. [SEP] s____ [SEP] space"
5355,es,-0.080859025,preciosa [SEP] La novia estaba absolutamente preciosa con su vestido blanco. [SEP] g_______ [SEP] gorgeous
5356,es,1.590918258,evidente [SEP] Ellos se acaban de casar y es evidente que están enamorados. [SEP] o______ [SEP] obvious
5357,es,-0.59236357,trasera [SEP] Salimos por la puerta trasera del edificio para que no nos vieran. [SEP] r___ [SEP] rear
5358,es,0.505344415,patología [SEP] Estamos esperando el informe de patología para continuar con el tratamiento [SEP] p________ [SEP] pathology
5359,es,-2.019587092,conflicto [SEP] Hubo un conflicto largo entre el sindicato y la empresa que costó mucho dinero a las dos partes. [SEP] d______ [SEP] dispute
5360,es,1.446088211,"delgado [SEP] Estás muy delgado, tienes que comer más. [SEP] t___ [SEP] thin"
5361,es,0.007240778,tabla [SEP] Podemos montar una pista para la gente que monta en su tabla para surfear por la nieve. [SEP] s________ [SEP] snowboard
5362,es,1.425642176,desinformado [SEP] El público esta desinformado acerca de lo que suceda con el caso de asesinato. [SEP] u_________ [SEP] uninformed
5363,es,-2.74876885,de [SEP] Los residentes de las afueras de la ciudad se demoran una hora en llegar al centro [SEP] s_______ [SEP] suburban
5364,es,2.484425431,"galería [SEP] La nueva galeria de arte es todo un éxito en la ciudad, muchos artistas quieren presentar sus obrar allí [SEP] g______ [SEP] gallery"
5365,es,-0.521933998,con [SEP] Nuestros empleados trabajan la madera con las manos. [SEP] m_______ [SEP] manually
5366,es,0.520213469,lector [SEP] El reactor se encuentra en proceso de reparación. [SEP] r_____ [SEP] reader
5367,es,-0.160635718,relevancia [SEP] El primer libro de este autor fue de una relevancia significativa cuando se publicó. [SEP] i_________ [SEP] importance
5368,es,-0.155969719,escrita [SEP] Recibí una carta escrita a mano en el correo hoy. [SEP] h__________ [SEP] handwritten
5369,es,-0.512533532,fiabilidad [SEP] El control de calidad asegura la fiabilidad del producto. [SEP] r__________ [SEP] reliability
5370,es,-2.024430468,trámite [SEP] Sabía que le iban a dar el trabajo y que la entrevista era sólo un trámite. [SEP] f________ [SEP] formality
5371,es,4.036254832,rojo [SEP] Tengo un nuevo vestido rojo muy bonito. [SEP] r__ [SEP] red
5372,es,1.559510618,traducción [SEP] La traducción de los documentos es una simple formalidad. [SEP] t__________ [SEP] translation
5373,es,0.679050374,"carretera [SEP] Ten mucho cuidado al cruzar la carretera, hay mucho tráfico. [SEP] h______ [SEP] highway"
5374,es,-1.157793878,conferida [SEP] La tarea conferida a este trabajador es muy complicada. [SEP] a_______ [SEP] assigned
5375,es,0.681833856,promediar [SEP] Hay que promediar el valor de las ventas de este mes [SEP] a______ [SEP] average
5376,es,2.589286755,maravilla [SEP] Mi sueño es visitar por lo menos una maravilla del mundo. [SEP] w_____ [SEP] wonder
5377,es,1.005395716,absorber [SEP] Él usó una esponja para absorber el líquido que se derramó. [SEP] a_____ [SEP] absorb
5378,es,-2.980722364,diligentemente [SEP] Mi vecina toma té verde todos los días diligentemente [SEP] r__________ [SEP] religiously
5379,es,0.42064992,vestíbulo [SEP] Te espero en el vestíbulo del hotel. [SEP] l____ [SEP] lobby
5380,es,0.616838002,ligeramente [SEP] Le besó ligeramente en la mejilla y se fue. [SEP] l______ [SEP] lightly
5381,es,-1.308110501,contratista [SEP] Un contratista se encargará del transporte de los productos. [SEP] c_________ [SEP] contractor
5382,es,1.651209834,maravillosamente [SEP] Marisa canta tan maravillosamente que ha grabado un disco ya. [SEP] w__________ [SEP] wonderfully
5383,es,0.762174014,"citar [SEP] Al final del ensayo, tienes que citar las fuentes que has usado. [SEP] q____ [SEP] quote"
5384,es,-1.545274927,molestar [SEP] La crítica constructiva no tiene por qué molestar. [SEP] u____ [SEP] upset
5385,es,-3.568847427,guarda [SEP] El guarda del aparcamiento nos ayudó a buscar plaza. [SEP] a________ [SEP] attendant
5386,es,-0.719522554,librar [SEP] No sé cuándo me voy a librar de esta responsabilidad. [SEP] r__ [SEP] rid
5387,es,-0.963732713,estar [SEP] El vínculo entre la teoría y la práctica ha de estar presente para que la teoría tenga credibilidad. [SEP] e____ [SEP] exist
5388,es,-0.453704561,levantar [SEP] Es un intento de levantar el fútbol a un nivel merecedor de estudio serio. [SEP] e______ [SEP] elevate
5389,es,-0.536366787,propósito [SEP] El propósito del corazón es el de bombear la sangre por el cuerpo. [SEP] f_______ [SEP] function
5390,es,0.687032009,fregadero [SEP] El fregadero se usa para lavar los platos sucios. [SEP] s___ [SEP] sink
5391,es,3.585298229,iglesia [SEP] Se celebra misa en la iglesia todos los días. [SEP] c_____ [SEP] church
5392,es,-1.643625421,psicopático [SEP] El paciente tuvo un cuadro psicopático de esquizofrenia [SEP] p___________ [SEP] psychopathic
5393,es,-1.165555191,padrino [SEP] Mi padrino siempre me hace un regalo muy bueno en mi cumpleaños. [SEP] s_________ [SEP] stepfather
5394,es,-0.463646532,conseguir [SEP] A pesar de sus dificultades pudo conseguir sonreír un poco. [SEP] m_____ [SEP] manage
5395,es,3.107744245,huevo [SEP] Me apetece un huevo frito. [SEP] e__ [SEP] egg
5396,es,0.930963892,cristalino [SEP] La explicación fue absolutamente cristalina y no nos quedó ninguna duda. [SEP] c____ [SEP] clear
5397,es,2.401530066,águila [SEP] El águila es un ave fascinante. [SEP] e____ [SEP] eagle
5398,es,-0.808150727,entidad [SEP] Esta entidad promueve la igualdad y la justicia social. [SEP] i__________ [SEP] institution
5399,es,-0.839827829,olimpiadas [SEP] A mi madre y a mi nos gusta ver la gimnasia ritmica en las olimpiadas de cada cuatro años [SEP] o_______ [SEP] olympics
5400,es,-0.103772845,resolución [SEP] El presidente ha tomado una resolución muy coherente. [SEP] d_______ [SEP] decision
5401,es,1.393636747,apoyar [SEP] Mis padres no tuvieron ningún problema en apoyar mi decisión de ser actor. [SEP] s______ [SEP] support
5402,es,-2.358754473,requisito [SEP] Debes tener los requisitos mencionados para poder presentarte al puesto [SEP] s____________ [SEP] specification
5403,es,2.775856041,norte [SEP] El oso polar se encuentra unicamente en el polo norte [SEP] n____ [SEP] north
5404,es,1.968572408,escaleras [SEP] Para llegar al piso de arriba hay que subir por las escaleras. [SEP] s_____ [SEP] stairs
5405,es,0.437135652,congelador [SEP] Mete la carne en el congelador y la comeremos la semana que viene. [SEP] f______ [SEP] freezer
5406,es,1.316133544,caído [SEP] Hay una estatua al ángel caído en el parque del Retiro. [SEP] f_____ [SEP] fallen
5407,es,-3.052770243,miembro [SEP] Es miembro de un grupo de presión de la industria del petróleo. [SEP] l_______ [SEP] lobbyist
5408,es,1.98135415,"a [SEP] Antes de hacerme vegetariano, comía pescado a menudo. [SEP] o____ [SEP] often"
5409,es,0.953562354,programador [SEP] Es un programador para ordenador y trabaja en California. [SEP] p_________ [SEP] programmer
5410,es,-0.175910431,parecer [SEP] Hay que parecer tranquilo aunque estés nervioso. [SEP] a_____ [SEP] appear
5411,es,3.817675437,látex [SEP] Todo el equipo médico del hospital deben usar guantes de látex. [SEP] l____ [SEP] latex
5412,es,-2.943000356,suposición [SEP] La suposición de la disertación está bien planteada [SEP] p______ [SEP] premise
5413,es,1.869763847,dominó [SEP] El niño no encontraba el dominó que le hacía falta para completar su juego [SEP] d_____ [SEP] domino
5414,es,-0.866309609,"colaborar [SEP] Si queremos que salga esto bien, tenemos que colaborar todos. [SEP] c________ [SEP] cooperate"
5415,es,-0.634468721,sobre [SEP] El presidente del comité dio un discurso muy interesante sobre el medio ambiente. [SEP] c_________ [SEP] concerning
5416,es,0.452694112,irrompible [SEP] Esta vajilla es prácticamente irrompible. [SEP] u__________ [SEP] unbreakable
5417,es,3.066481342,exportar [SEP] ¿Cómo vamos a empezar a exportar nuestros productos sin el aval del gobierno? [SEP] e_____ [SEP] export
5418,es,-0.066026303,alentar [SEP] Los padres deben alentar a sus hijos a luchar por sus sueños. [SEP] e________ [SEP] encourage
5419,es,-0.540654331,sellar [SEP] No te olvides de sellar el sobre antes de mandarlo. [SEP] s___ [SEP] seal
5420,es,-1.758312199,práctica [SEP] La matemática práctica es tan interesante como la pura. [SEP] a______ [SEP] applied
5421,es,-1.895370675,incluir [SEP] El diseño del nuevo coche tiene que incluir todos los nuevos elementos de seguridad. [SEP] i__________ [SEP] incorporate
5422,es,0.375149569,incentivar [SEP] Tenemos que intentar incentivar a los empleados para que trabajen un poco más. [SEP] m_______ [SEP] motivate
5423,es,-1.28597815,local [SEP] El conflicto entre el interés local y el nacional nos está haciendo mucho daño. [SEP] r_______ [SEP] regional
5424,es,2.648188376,"broma [SEP] No te enfades, sólo era una broma. [SEP] j___ [SEP] joke"
5425,es,-1.138646481,redactar [SEP] Voy a redactar una primera versión de la carta. [SEP] d____ [SEP] draft
5426,es,-3.586179366,constituir [SEP] Las células tienen la función de constituir tejidos. [SEP] c______ [SEP] compose
5427,es,-3.691448831,optimista [SEP] La posición financiera de la compañía es muy optimista. [SEP] p________ [SEP] promising
5428,es,-0.319880002,"recíproco [SEP] Ese señor me cae bastante mal, sentimiento recíproco creo, ¡por cómo me mira cada vez que me ve! [SEP] m_____ [SEP] mutual"
5429,es,-0.902400697,destacada [SEP] El actor recibió una ovación por su destacada actuación [SEP] o__________ [SEP] outstanding
5430,es,-0.861071162,postura [SEP] Tendrás que cambiar tu postura ante la situación y ser más positivo. [SEP] a_______ [SEP] attitude
5431,es,-1.143207264,crucero [SEP] El nuevo crucero es el barco más grande y más rápido de la marina. [SEP] c______ [SEP] cruiser
5432,es,3.308005621,pantalones [SEP] Llévate los pantalones cortos ya que va a hacer calor. [SEP] s_____ [SEP] shorts
5433,es,-4.410292223,estrategia [SEP] Me parece que una estrategia para resolver el problema nos va a resultar complicada. [SEP] l________ [SEP] logistics
5434,es,0.273025345,probar [SEP] Utilizamos un proceso de dos etapas para probar nuestros productos. [SEP] t___ [SEP] test
5435,es,-2.095273374,aptitud [SEP] Leandro tiene una gran aptitud musical. [SEP] a______ [SEP] ability
5436,es,-2.979847708,capacidad [SEP] Tiene un gran nivel de capacidad en lengua inglesa. [SEP] c_________ [SEP] competence
5437,es,0.72883064,sobrecalentar [SEP] Hay que tener cuidado de no sobrecalentar la leche. [SEP] o_______ [SEP] overheat
5438,es,0.099492295,simplicado [SEP] El ingeniero desarrolló un proceso simplicado para la fabricación del producto [SEP] s_________ [SEP] simplified
5439,es,1.699717915,cristiano [SEP] El mensaje cristiano se basa en el evangélio de Jesús y su slavación [SEP] c________ [SEP] christian
5440,es,-3.198229681,disposición [SEP] El gobierno debe ocuparse de la disposición de la sanidad en todo el país. [SEP] p________ [SEP] provision
5441,es,-0.620980971,clandestino [SEP] Dicen que tiene un amante clandestino. [SEP] s_____ [SEP] secret
5442,es,3.048487297,alrededor [SEP] El pueblo tiene una plaza en el centro con casas alrededor. [SEP] a_____ [SEP] around
5443,es,0.063270976,cumplido [SEP] El hecho de que te guste tanto para mí es un gran cumplido. [SEP] c_________ [SEP] compliment
5444,es,-1.768808464,insinuar [SEP] Su silencio parecía insinuar que no estaba de acuerdo conmigo. [SEP] i____ [SEP] imply
5445,es,3.128931019,metal [SEP] El metal es un género de musica muy popular en los adultos contemporáneos [SEP] m____ [SEP] metal
5446,es,0.896453916,opuesta [SEP] Las respuestas están en la página opuesta. [SEP] o_______ [SEP] opposite
5447,es,3.52114249,euro [SEP] ¿Tienes idea si aceptan euros ahí? [SEP] e___ [SEP] euro
5448,es,-1.663462599,sin [SEP] Es sin duda la novela más interesante que he leído estos años. [SEP] u__________ [SEP] undoubtedly
5449,es,0.044353049,datos [SEP] Recogimos muchos datos antes de escribir el informe. [SEP] i__________ [SEP] information
5450,es,1.057811961,presupuesto [SEP] Mi presupuesto es bajo así que voy a pintar la casa yo mismo. [SEP] b_____ [SEP] budget
5451,es,3.543009696,"salida [SEP] ¿Dónde está la salida, por favor? [SEP] e___ [SEP] exit"
5452,es,0.641786544,sonriente [SEP] Cuando veo tu cara sonriente me alegra el día. [SEP] s______ [SEP] smiling
5453,es,0.169522367,arrepentido [SEP] Estoy muy arrepentido por cómo me porté contigo. [SEP] s____ [SEP] sorry
5454,es,-0.42145541,vivacidad [SEP] Los niños normalmente son muy activos y tienen mucha vivacidad. [SEP] e_____ [SEP] energy
5455,es,-0.092624572,iluminación [SEP] Me ha gustado la obra pero la iluminación era muy pobre. [SEP] l_______ [SEP] lighting
5456,es,-0.931220951,disturbio [SEP] Hubo un disturbio bastante violento en nuestro barrio anoche. [SEP] r___ [SEP] riot
5457,es,-0.320908724,intento [SEP] Aprobó el examen de conducir en el primer intento. [SEP] a______ [SEP] attempt
5458,es,-2.711773877,destacado [SEP] La obra del artista descatado en la exposición es una maravilla. [SEP] f_______ [SEP] featured
5459,es,0.885450839,islámico [SEP] Nuestros amigos Malika y Ayoub profesan la religión islámica. [SEP] m_____ [SEP] muslim
5460,es,1.386500526,eliminación [SEP] Todo el mundo está de acuerdo con la eliminación de la pena de muerte. [SEP] e__________ [SEP] elimination
5461,es,2.546248196,ciencia [SEP] El área que más me gusta es la ciencia. [SEP] s______ [SEP] science
5462,es,4.168167602,chico [SEP] Este chico es muy inteligente. [SEP] b__ [SEP] boy
5463,es,0.632663328,cívico [SEP] Los líderes cívicos decidieron marchar hasta el palacio den justicia [SEP] c____ [SEP] civic
5464,es,-0.902079927,deshabilitada [SEP] Tu cuenta en esta red social está deshabilitada. [SEP] b______ [SEP] blocked
5465,es,0.228362304,fijo [SEP] La empresa me ha ofrecido un puesto fijo. [SEP] p________ [SEP] permanent
5466,es,-0.250032365,declarar [SEP] Se negó a declarar en contra de su marido. [SEP] t______ [SEP] testify
5467,es,0.3261736,"ceja [SEP] Cuando me levantó una ceja mi madre, sabía que estaba enfadada. [SEP] e______ [SEP] eyebrow"
5468,es,0.920445733,felicidad [SEP] El dinero no trae necesariamente la felicidad. [SEP] h________ [SEP] happiness
5469,es,2.021520857,columna [SEP] La columna de opinión del periódico de hoy esta muy interesante [SEP] c_____ [SEP] column
5470,es,3.039383726,mar [SEP] Me voy a comprar una casa cerca del mar. [SEP] s__ [SEP] sea
5471,es,-1.120995374,propensión [SEP] La niña siempre ha mostrado una propensión artística desde muy pequeña. [SEP] t_______ [SEP] tendency
5472,es,-0.034264756,tela [SEP] La tela del traje es seda. [SEP] f_____ [SEP] fabric
5473,es,2.317405375,baño [SEP] Tenemos que renovar el baño. [SEP] b_______ [SEP] bathroom
5474,es,1.58337488,hamburguesa [SEP] En su primera cita Andrés llevó a Marcela a comer hamburguesa [SEP] h________ [SEP] hamburger
5475,es,2.078614969,derecho [SEP] El derecho a la huelga figura en la constitución. [SEP] r____ [SEP] right
5476,es,-0.487713243,ilusión [SEP] Tenía la ilusión del mundo de justicia sin violencia. [SEP] v_____ [SEP] vision
5477,es,-1.549183513,alegoría [SEP] El escritor hace un uso de la alegoría muy sofisticado. [SEP] m_______ [SEP] metaphor
5478,es,-3.562742375,"masivo [SEP] La reunión fue masiva, miles de personas llegaron al lugar de encuentro progarmado [SEP] m_________ [SEP] monumental"
5479,es,0.216144963,conversador [SEP] Pedro es un gran conversador pero luego a la hora de actuar le cuesta. [SEP] t_____ [SEP] talker
5480,es,-0.998335754,atractivo [SEP] Aquella mujer tiene un gran atractivo para los hombres [SEP] a_____ [SEP] appeal
5481,es,-1.187121813,tapa [SEP] Pon la tapa en la sartén y así no salpica el aceite. [SEP] l__ [SEP] lid
5482,es,1.005543016,"irónicamente [SEP] Como habla irónicamente tan a menudo, nunca sé si habla en serio. [SEP] i_________ [SEP] ironically"
5483,es,-3.821040874,evolucionista [SEP] La teoría evolucionista nos hace pensar que vamos a vivir más años. [SEP] e___________ [SEP] evolutionary
5484,es,0.839406154,sencillamente [SEP] ¡Tu traje es sencillamente sensacional! [SEP] s_____ [SEP] simply
5485,es,3.549326708,pescar [SEP] Vo a ir a pescar con mi hermana el sábado. [SEP] f___ [SEP] fish
5486,es,1.415731488,premio [SEP] Lola ganó el premio nacional de la poesía el año pasado. [SEP] a____ [SEP] award
5487,es,1.013052881,escritura [SEP] La historia de la humanidad empieza con el descubrimiento de la escritura. [SEP] w______ [SEP] writing
5488,es,0.001973471,"debate [SEP] Tras un largo debate, tomaron la decisión de cerrar la tienda. [SEP] d_________ [SEP] discussion"
5489,es,-0.564852578,fervor [SEP] Expuso su caso con gran fervor y convenció al jurado. [SEP] p______ [SEP] passion
5490,es,1.972065042,careta [SEP] Llevaba una careta de bruja y no la reconocía. [SEP] m___ [SEP] mask
5491,es,-2.495476976,precisar [SEP] El primer capítulo se encarga de precisar los términos generales. [SEP] d_____ [SEP] define
5492,es,-1.689955728,segregación [SEP] En algunos países hay una clara segregación entre el estado y la religión. [SEP] s_________ [SEP] separation
5493,es,-0.346236303,"implicado [SEP] Julián no estuvo implicado en el robo en la biblioteca.  No tuvo nada que ver, [SEP] i_______ [SEP] involved"
5494,es,1.201675121,subjetivo [SEP] Me parece que tu opinión de este tema es totalmente subjetiva [SEP] s_________ [SEP] subjective
5495,es,-0.504575191,muelle [SEP] El barco estaba atracado en el muelle. [SEP] d___ [SEP] dock
5496,es,0.483775896,recoger [SEP] La policía tuvo que recoger información de muchas fuentes. [SEP] c______ [SEP] collect
5497,es,-0.977623489,"entrar [SEP] Para entrar en el curso, tienes aprobar el examen. [SEP] a_____ [SEP] access"
5498,es,-4.32971146,radical [SEP] La nueva alcaldesa ha prometido una reforma radical del sistema. [SEP] s_______ [SEP] sweeping
5499,es,-0.855426881,"ofender [SEP] No le digas eso, le vas a ofender. [SEP] i_____ [SEP] insult"
5500,es,0.873340815,tripulación [SEP] La tripulación ayudó a los pasajeros a salir del avión. [SEP] c___ [SEP] crew
5501,es,2.321561914,collage [SEP] Hay una exposición de collage muy original en la galería.  La artista ha usado una variedad de telas impresionante. [SEP] c______ [SEP] collage
5502,es,-1.879834294,trámite [SEP] Poner una queja oficial es un trámite bastante sencillo. [SEP] p______ [SEP] process
5503,es,-2.8614352,aturdir [SEP] No sigas dando vuetas no vaya ser que te vayas a aturdir. [SEP] s___ [SEP] stun
5504,es,-2.398479755,poco [SEP] Esta carretera es poco apropiada para vehículos pesados. [SEP] u_________ [SEP] unsuitable
5505,es,0.487029569,estereotipo [SEP] No corresponde al estereotipo del hombre de negocios con traje oscuro y portafolios. [SEP] s_________ [SEP] stereotype
5506,es,-1.361594132,barata [SEP] Esa tienda vende ropa bastante barata. [SEP] e_________ [SEP] economical
5507,es,-2.586504281,contratar [SEP] La empresa tendrá que contratar a tres empleados nuevos. [SEP] r______ [SEP] recruit
5508,es,0.215851222,además [SEP] La verdura es muy buena para la salud y además está buenísima. [SEP] m_______ [SEP] moreover
5509,es,-0.7776974,licor [SEP] Siempre agrego un poco de licor a la masa del biscocho para mejorar su sabor. [SEP] l_____ [SEP] liquor
5510,es,-2.411991551,despacho [SEP] El abogado entró al despacho del juez para presentar su renuncia [SEP] c______ [SEP] chamber
5511,es,0.255701272,disculpa [SEP] Me debes una disculpa por ofenderme el otro día. [SEP] a______ [SEP] apology
5512,es,2.431784764,reunión [SEP] Tenemos una reunión con dirección mañana. [SEP] m______ [SEP] meeting
5513,es,-1.029608003,hechas [SEP] Es difícil saber si sus acciones fueron hechas a propósito o sin querer. [SEP] i__________ [SEP] intentional
5514,es,2.854225615,"Piano [SEP] Mozart, Beethoven y Chopin todos tocaban el piano. [SEP] p____ [SEP] piano"
5515,es,0.149698641,frecuente [SEP] Es un visitante frecuente en nuestro país. [SEP] f_______ [SEP] frequent
5516,es,-1.117425322,insurgente [SEP] Se hizo insurgente uniéndose a un grupo antisistema revolucionario. [SEP] r____ [SEP] rebel
5517,es,-1.78401011,diurno [SEP] Trabar por la noche es muy duro.  Prefiero tener un trabajo diurno. [SEP] d______ [SEP] daytime
5518,es,-2.15008401,convocar [SEP] Va a convocar a sus asesores para una reunión. [SEP] s_____ [SEP] summon
5519,es,-2.236712809,incorporado [SEP] Nos alegramos de presentar un programa incorporado que permitirá la conexión y el trabajo en conjunto omucho más eficaz [SEP] i_________ [SEP] integrated
5520,es,-1.555959739,fuertemente [SEP] Empezó a temblar fuertemente y se echó a llorar. [SEP] v________ [SEP] violently
5521,es,-0.727292397,tratado [SEP] Los dos países acordaron firmar el tratado. [SEP] t_____ [SEP] treaty
5522,es,-1.663802664,límite [SEP] Hay unos ejemplos de casos límite en el diagnóstico de esta enfermedad. [SEP] b_________ [SEP] borderline
5523,es,1.657893193,cima [SEP] La vista desde la cima de la montaña era magnífica. [SEP] t__ [SEP] top
5524,es,-2.305822106,perturbadora [SEP] Tuvo una experiencia perturbadora en su juventud pero nadie sabe exactamente qué. [SEP] t________ [SEP] traumatic
5525,es,-1.250248399,extremidad [SEP] El fisio dijo que la extremidad inferior derecha iba a ser un problema. [SEP] l___ [SEP] limb
5526,es,-1.773104383,a [SEP] La periodista sacó a la luz la investigación que había hecho sobre la corrupción. [SEP] p_____ [SEP] public
5527,es,-1.735255431,drásticamente [SEP] Los avances tecnológicos han cambiado drásticamente nuestra calidad de vida. [SEP] d___________ [SEP] dramatically
5528,es,-0.261073427,amanecer [SEP] Se levantaron pronto para ver el amanecer por encima del mar. [SEP] s______ [SEP] sunrise
5529,es,-1.18952786,vigilancia [SEP] Los soldados aumentaron la vigilancia de la zona. [SEP] s___________ [SEP] surveillance
5530,es,-2.040253771,magnicido [SEP] El preso había cometido el magnicidio del presidente. [SEP] a____________ [SEP] assassination
5531,es,-0.81613729,psiquiátrico [SEP] Está ingresado en un hospital psiquiátrico por problemas mentales [SEP] p__________ [SEP] psychiatric
5532,es,1.065451858,muchas [SEP] Hay muchas tiendas en esta calle. [SEP] m___ [SEP] many
5533,es,2.04927435,Chaqueta [SEP] Mi padre se ha comprado una chaqueta muy elegante. [SEP] j_____ [SEP] jacket
5534,es,-3.42055436,componente [SEP] El metano es el componente principal del gas natural. [SEP] c__________ [SEP] constituent
5535,es,2.57146282,durante [SEP] Escuché la radio durante el viaje. [SEP] d_____ [SEP] during
5536,es,1.936798519,knockout [SEP] El boxeador ganó la pelea con un knockout a su adversario [SEP] k_______ [SEP] knockout
5537,es,-1.359206078,innecesaria [SEP] El informe incorrecto causó una ansiedad innecesaria a miles de mujeres. [SEP] n_______ [SEP] needless
5538,es,0.40121718,caribeño [SEP] La comida caribeña se caracteriza por ser a base de comida del mar [SEP] c________ [SEP] caribbean
5539,es,-0.109506979,frecuente [SEP] El resfriado es una dolencia bastante frecuente en invierno. [SEP] c_____ [SEP] common
5540,es,0.811652006,por [SEP] Los felinos son animales carnívoros por naturaleza [SEP] n________ [SEP] naturally
5541,es,-1.28421025,superar [SEP] El atleta va a superar su mejor marca personal. [SEP] t__ [SEP] top
5542,es,-0.272078951,hallazgo [SEP] La comisión presentó el hallazgo más importante de la investigación. [SEP] f______ [SEP] finding
5543,es,2.561981187,hierro [SEP] La verja está hecha de hierro fundido. [SEP] i___ [SEP] iron
5544,es,-0.902587318,maltrato [SEP] Hubo maltrato en algunas de estas instituciones. [SEP] a____ [SEP] abuse
5545,es,-0.055000943,tonel [SEP] Hay un tonel de cerveza en el sótano. [SEP] b_____ [SEP] barrel
5546,es,-2.995179181,exhibición [SEP] La puesta del sol fue una exhibición maravillosa de la naturaleza. [SEP] s________ [SEP] spectacle
5547,es,-3.57628762,variación [SEP] Cada año hay una leve variación en la temperatura. [SEP] v_______ [SEP] variance
5548,es,1.869651889,discriminación [SEP] La discrimincación de todo tipo es un acto repudiable para la sociedad [SEP] d_____________ [SEP] discrimination
5549,es,-0.759801752,acertijo [SEP] A los niños les dieron un acertijo para resolver durante el viaje para que se entretuvieran. [SEP] p_____ [SEP] puzzle
5550,es,-1.463901981,acogedor [SEP] Nos gustó el ambiente acogedor de la fiesta. [SEP] w________ [SEP] welcoming
5551,es,0.395042913,cargado [SEP] El camión estaba cargado de madera. [SEP] l_____ [SEP] loaded
5552,es,3.030826382,mundo [SEP] Nuestra empresa contrata a expertos de todo el mundo. [SEP] w____ [SEP] world
5553,es,0.181678307,"banco [SEP] Siéntate a descansar en ese banco, ahí al sol. [SEP] b____ [SEP] bench"
5554,es,-0.164480389,acogido [SEP] Guillermo es un acogido que huyó de su país hace unos años. [SEP] r______ [SEP] refugee
5555,es,-1.055602068,emancipación [SEP] La emancipación de las mujeres en todo el mundo es una tarea muy complicada. [SEP] l_________ [SEP] liberation
5556,es,2.063358298,casa [SEP] La Reina de Inglaterra vive en la casa real de Buckingham. [SEP] p_____ [SEP] palace
5557,es,-0.696797772,guardar [SEP] Los dos países siempre han intentado guardar una relación pacífica. [SEP] m_______ [SEP] maintain
5558,es,2.992962804,"capital [SEP] Madrid es la capital de España, el centro de gobierno se ubica allí [SEP] c______ [SEP] capital"
5559,es,-2.982836246,imponer [SEP] No son nadie para imponer los términos de esta forma. [SEP] d______ [SEP] dictate
5560,es,1.657946916,"joya [SEP] Según su testamento, mi abuela me ha dejado una joya muy valiosa. [SEP] j____ [SEP] jewel"
5561,es,1.925707405,"visitante [SEP] Mañana tendremos un visitante en casa, viene mi prima. [SEP] v______ [SEP] visitor"
5562,es,0.302092893,cortado [SEP] El partido estuvo cortado repetidamente por los fallos en el suministro de luz. [SEP] i__________ [SEP] interrupted
5563,es,3.51975168,"uno [SEP] No tengo cuatro hermanos, sólo tengo uno. [SEP] o__ [SEP] one"
5564,es,1.288327577,deshonesto [SEP] Pepe tiene fama de deshonesto. No hay que fiarse de él. [SEP] d________ [SEP] dishonest
5565,es,0.587154322,aumento [SEP] Las estadísticas muestran un aumento anual en las ventas de automóviles. [SEP] r___ [SEP] rise
5566,es,-3.153942406,asomarse [SEP] Ella se asomaba por la ventana tratando de ocultarse para no ser vista [SEP] p___ [SEP] peer
5567,es,2.90934643,terminal [SEP] Tenemos que ir a la terminal número uno del aeropuerto para facturar y dejar las maletas. [SEP] t_______ [SEP] terminal
5568,es,2.775366285,joven [SEP] Nunca he visto semejante talento en un cantante joven. [SEP] y____ [SEP] young
5569,es,-0.000758268,grito [SEP] Oímos un grito desgarrador y salimos para ver qué pasaba. [SEP] s_____ [SEP] scream
5570,es,2.397840668,muerto [SEP] Está tan atontado que se comporta como un muerto viviente. [SEP] z_____ [SEP] zombie
5571,es,1.904260989,Actriz [SEP] Lola Velasco fue una actriz muy famosa en los años treinta. [SEP] a______ [SEP] actress
5572,es,-1.262471241,genial [SEP] Este grupo de pop es absolutamente genial. [SEP] s____ [SEP] super
5573,es,0.787618924,argumento [SEP] El título de la película no tiene nada que ver con el argumento. [SEP] p___ [SEP] plot
5574,es,2.211841203,músculo [SEP] Hacer ejercicio diariamente mantiene los músculos en forma [SEP] m_____ [SEP] muscle
5575,es,-0.763102678,único [SEP] El joven príncipe era el único heredero del rey. [SEP] s___ [SEP] sole
5576,es,1.312732429,desorden [SEP] Tienes que arreglar el desorden de tu habitación inmediatamente. [SEP] m___ [SEP] mess
5577,es,-0.82446212,remover [SEP] Hay que remover la salsa hasta que hierve. [SEP] s___ [SEP] stir
5578,es,0.962738175,quejarse [SEP] No tienen por qué quejarse de nada.  Tienen de todo. [SEP] c_______ [SEP] complain
5579,es,-1.013758319,paja [SEP] Las vacas se acuestan sobre la paja para descansar. [SEP] s____ [SEP] straw
5580,es,0.013450323,híbrido [SEP] Los cultivos híbridos se caracterizan por su resistencia a las plagas y al clima [SEP] h_____ [SEP] hybrid
5581,es,0.388369514,dejar [SEP] Su madre no quiso dejarle cuando sólo tenía tres meses pero no tuvo más remedio. [SEP] a______ [SEP] abandon
5582,es,-0.906268707,reactivo [SEP] Este sistema reactivo de aprender con el programa del ordenador les encanta a los niños porque tienen que participar siempre. [SEP] i__________ [SEP] interactive
5583,es,2.612063145,amigable [SEP] El personal del hotel es muy amigable. [SEP] f_______ [SEP] friendly
5584,es,1.393019527,cordero [SEP] Las chuletas de cordero están buenísimas con romero. [SEP] l___ [SEP] lamb
5585,es,0.038323528,pulgar [SEP] El bebé se estaba chupando el pulgar. [SEP] t____ [SEP] thumb
5586,es,-2.555357283,acuerdo [SEP] El acuerdo se logró luego de varios días de negociación [SEP] s_________ [SEP] settlement
5587,es,-0.27502821,cotidiana [SEP] Son cosas normales de la vida cotidiana. [SEP] e_______ [SEP] everyday
5588,es,1.636915449,embajador [SEP] Este señor es el embajador de las Islas Filipinas. [SEP] a_________ [SEP] ambassador
5589,es,-4.116307099,constante [SEP] Muchas gracias por vuestro apoyo constante. [SEP] c________ [SEP] continued
5590,es,0.192077528,"contestar [SEP] Tengo que contestar a Pedro, me escribió la semana pasada. [SEP] r______ [SEP] respond"
5591,es,-1.245594912,refinamiento [SEP] Angeles tiene mucho refinamiento en su forma de vestir. [SEP] e_______ [SEP] elegance
5592,es,-1.392474776,continuo [SEP] Esta clase forma parte de nuestro programa continuo de formación para empleados. [SEP] o______ [SEP] ongoing
5593,es,2.467410131,mercurio [SEP] Muchos termómetros contienen mercurio [SEP] m______ [SEP] mercury
5594,es,-1.236911951,desagradable [SEP] Su actitud ha sido muy desagradable para ser dependiente en una tienda. [SEP] u_________ [SEP] unpleasant
5595,es,-1.853092291,revisar [SEP] Antes de contestar voy a revisar con mi abogado. [SEP] c______ [SEP] consult
5596,es,-2.924747783,"especialmente [SEP] La reforma fiscal afectará a mucha gente, especialmente a los emprendedores. [SEP] n______ [SEP] notably"
5597,es,-0.584492094,proporcionar [SEP] Será necesario proporcionar ropa y alimentos primero. [SEP] p______ [SEP] provide
5598,es,0.604625503,cimiento [SEP] El cimiento de la casa esta hecho de acero y concreto [SEP] b___ [SEP] base
5599,es,-0.085270755,programas [SEP] Espero que estos programas se puedan usar en mi ordenador. [SEP] s_______ [SEP] software
5600,es,-3.338893917,rebatir [SEP] Tuvo que rebatir las críticas pero lo hizo con bastante tranquilidad. [SEP] c______ [SEP] counter
5601,es,-2.561283784,desear [SEP] ¿Por qué desear tanto algo que es imposible obtener? [SEP] l___ [SEP] long
5602,es,1.980981287,abonar [SEP] Tuvimos que abonar lo que debíamos antes de irnos. [SEP] p__ [SEP] pay
5603,es,3.046273073,frente [SEP] La foto de presentacion debe estar en la página del frente de tu solicitud [SEP] f____ [SEP] front
5604,es,0.820949055,país [SEP] La nieve transformó la ciudad en un país de las maravillas invernal. [SEP] w_________ [SEP] wonderland
5605,es,-4.081134159,repetido [SEP] Hay que llevar las tareas a cabo en orden repetido. [SEP] s_____ [SEP] serial
5606,es,-0.457854603,cuchilla [SEP] Esa navaja tiene una cuchilla muy peligrosa. [SEP] b____ [SEP] blade
5607,es,0.639852458,sentar [SEP] La azafata dijo que nos iba a sentar en el pasillo. [SEP] s___ [SEP] seat
5608,es,-0.698817294,egipcio [SEP] La pirámides egipcias son una obra aquitectonica importante [SEP] e_______ [SEP] egyptian
5609,es,2.729016848,académico [SEP] He trabajado como coordinador académico hace bastante tiempo en esta universidad. [SEP] a_______ [SEP] academic
5610,es,-0.046342567,entretenimiento [SEP] Los niños necesitan entretenimiento durante las vacaciones. [SEP] e____________ [SEP] entertainment
5611,es,2.826045978,"ninja [SEP] Finalmente, los ninja se marcharon corriendo. [SEP] n____ [SEP] ninja"
5612,es,-0.123006442,cuestión [SEP] El director planteó la cuestión de los salarios durante la reunión. [SEP] i____ [SEP] issue
5613,es,-2.774562064,actas [SEP] Las actas de la reunión de la junta están disponibles en línea. [SEP] p__________ [SEP] proceedings
5614,es,0.39262131,colega [SEP] Hoy fue la despedida de un colega de la oficina. El presidente dio unas palabras de despedida [SEP] c________ [SEP] colleague
5615,es,-0.50767128,fisiculturista [SEP] Mario ha entrenado mucho para convertirse en fisiculturista [SEP] b__________ [SEP] bodybuilder
5616,es,2.903640802,"palabra [SEP] No hace falta que digas ni una palabra más, te entiendo perfectamente. [SEP] w___ [SEP] word"
5617,es,-2.138480241,"claraboya [SEP] Me han instalado una claraboya, tragaluz en el cuarto de baño. [SEP] s_______ [SEP] skylight"
5618,es,0.135533525,catástrofe [SEP] El piloto lanzó suministros en la zona afectada por la catástrofe. [SEP] d_______ [SEP] disaster
5619,es,-2.98707476,comentar [SEP] Fue desagradable oír comentar sobre el aspecto de mi mejor amiga. [SEP] r_____ [SEP] remark
5620,es,-0.574063732,maldito [SEP] Estoy harto de este maldito trabajo.  No me gusta nada. [SEP] d___ [SEP] damn
5621,es,-1.344717697,foso [SEP] Los obreros cavaron un foso y colocaron las tuberías. [SEP] p__ [SEP] pit
5622,es,1.520470667,contaminación [SEP] Hay mucha contaminación en Madrid durante los meses de verano. [SEP] p________ [SEP] pollution
5623,es,-1.362056632,detener [SEP] Los activistas quieren detener la destrucción del bosque. [SEP] h___ [SEP] halt
5624,es,0.33964686,ferrocarril [SEP] El ferrocarril llegará en cinco minutos a la plataforma dos de la estación central [SEP] r______ [SEP] railway
5625,es,1.993924701,sonar [SEP] Te va a sonar muy raro lo que te voy a contar. [SEP] s____ [SEP] sound
5626,es,1.279454211,"del [SEP] A mí me gusta el chico del medio, el que no tiene barba. [SEP] m_____ [SEP] middle"
5627,es,0.281569875,callado [SEP] El chico se quedó callado cuando le preguntaron por sus notas. [SEP] s_____ [SEP] silent
5628,es,-0.456314089,misericordia [SEP] No hubo misericordia ni siquiera para los niños pequeños. [SEP] m____ [SEP] mercy
5629,es,2.483075826,perla [SEP] Esa es perla es muy fina. [SEP] p____ [SEP] pearl
5630,es,-1.616916223,"fisiología [SEP] Theiler recibió, en 1951, el premio Nobel de Medicina y Fisiología. [SEP] p_________ [SEP] physiology"
5631,es,-0.531087899,irritante [SEP] No soporto ese hábito tan irritante que tienes de silbar todo el día. [SEP] a_______ [SEP] annoying
5632,es,-1.334811961,especialmente [SEP] Esta herramienta es especialmente útil para cortar raíces. [SEP] p___________ [SEP] particularly
5633,es,-0.216553635,asentir [SEP] Sólo tienes que asentir con la cabeza si estás de acuerdo. [SEP] n__ [SEP] nod
5634,es,1.124086184,muebles [SEP] Me gustan mucho los muebles antiguos. [SEP] f________ [SEP] furniture
5635,es,0.366151899,ética [SEP] Siempre intento comportarme de una forma ética. [SEP] m____ [SEP] moral
5636,es,-0.229349454,captura [SEP] El  venado que agarraste ha sido la mejor captura del día [SEP] c____ [SEP] catch
5637,es,2.561178592,demócrata [SEP] El partido demócrata tiene muchos seguidores en Estados Unidos [SEP] d_______ [SEP] democrat
5638,es,1.599495384,en [SEP] Llevo tres meses entrenando así que estoy en forma para la maratón la semana que viene. [SEP] f__ [SEP] fit
5639,es,0.490868354,coalición [SEP] Se unieron en coalizión para promover el referendo electoral [SEP] c________ [SEP] coalition
5640,es,0.614949398,fugarse [SEP] Dijo que iba a fugarse de la cárcel en cuanto pudiera. [SEP] e_____ [SEP] escape
5641,es,1.524027778,gallina [SEP] Tengo una gallina en mi jardín que pone un huevo todos los días. [SEP] c______ [SEP] chicken
5642,es,3.032877744,clásico [SEP] Hamlet es un clásico de la literatura inglesa [SEP] c______ [SEP] classic
5643,es,1.310833354,bonito [SEP] A Aurora le han comprado un gatito negro muy bonito. [SEP] c___ [SEP] cute
5644,es,-0.415585964,potable [SEP] El agua está potable aquí en esta zona. [SEP] d________ [SEP] drinkable
5645,es,0.470668239,asustar [SEP] Una alta volatilidad en los mercados puede asustar a los inversores. [SEP] s____ [SEP] scare
5646,es,-1.735062718,"momento [SEP] Fue un momento para celebrar y compartir en familia, nunca lo olvidaremos [SEP] o_______ [SEP] occasion"
5647,es,1.822831412,"hierba [SEP] Por favor, ¡no pises la hierba! [SEP] g____ [SEP] grass"
5648,es,-2.397494581,"oposición [SEP] Como casi siempre con las ideas nuevas, hubo mucha oposición. [SEP] r_________ [SEP] resistance"
5649,es,-2.008727999,recurso [SEP] Tuvieron que comprar un nuevo pasaje como último recurso [SEP] r_____ [SEP] resort
5650,es,-0.737248099,vida [SEP] El estilo de vida de los Flórez es muy excéntrico [SEP] l_____ [SEP] living
5651,es,1.395175701,"hora [SEP] Vamos niños, es hora de acostarse. [SEP] b______ [SEP] bedtime"
5652,es,-1.864279476,conseguir [SEP] Tuvimos que conseguir las entradas directamente en el teatro. [SEP] a______ [SEP] acquire
5653,es,0.696515712,dirigido [SEP] Me parece que ese comentario fue dirigido a mi persona. [SEP] d_______ [SEP] directed
5654,es,-0.722995601,"rechazar [SEP] La compañía me ofreció un puesto, pero lo tuve que rechazar. [SEP] r_____ [SEP] refuse"
5655,es,0.704176331,agradecido [SEP] Estoy muy agradecido con mis padres y  mi familia por su apoyo. [SEP] g_______ [SEP] grateful
5656,es,0.978613915,amabilidad [SEP] Agradecimos al dueño del hostal su amabilidad. [SEP] k_______ [SEP] kindness
5657,es,-0.15916988,tradicionalista [SEP] Mi padre es una persona tradicionalista. [SEP] t_____________ [SEP] traditionalist
5658,es,0.876169904,jubilación [SEP] Organizamos una fiesta por la jubilación de nuestro compañero. [SEP] r_________ [SEP] retirement
5659,es,-1.453335505,previa [SEP] El candidato debe tener experiencia previa en un puesto similar. [SEP] p____ [SEP] prior
5660,es,-1.487938394,relación [SEP] No hay ninguna relación entre esos dos hechos. [SEP] c_________ [SEP] connection
5661,es,2.551008033,marido [SEP] Mi marido es muy guapo y también trabajador. [SEP] h______ [SEP] husband
5662,es,-1.089409565,suceso [SEP] Un suceso de aquella época se me quedó en la memoria durante mucho tiempo. [SEP] i_______ [SEP] incident
5663,es,-0.820647551,modalidad [SEP] El libro está disponible en modalidad electrónica. [SEP] f_____ [SEP] format
5664,es,0.230258316,retrato [SEP] Hay un retrato de la reina en el salón de actos. [SEP] p_______ [SEP] portrait
5665,es,-0.542230335,agresión [SEP] Menos mal que consiguieron repeler la agresión. [SEP] a_____ [SEP] attack
5666,es,-0.217762342,creador [SEP] Y ya tenemos otra fantástica nueva película del creador de 'Terminator'. [SEP] m____ [SEP] maker
5667,es,1.102662573,adornar [SEP] Hay que adornar la iglesia con flores blancas. [SEP] d_______ [SEP] decorate
5668,es,0.178340143,juicio [SEP] El juicio comenzó con el testimonio de un testigo. [SEP] t____ [SEP] trial
5669,es,-1.018278001,pragmático [SEP] Un líder debe ser una persona pragmática no un idealista [SEP] r______ [SEP] realist
5670,es,-2.025974864,muda [SEP] La niña se ha vuelto muda de repente y no puede hablar. [SEP] d___ [SEP] dumb
5671,es,-0.934511839,"dañar [SEP] La lluvia podría dañar la cosecha, me temo. [SEP] h___ [SEP] hurt"
5672,es,1.351175276,última [SEP] Es la última advertencia que te voy a hacer así que ten cuidado. [SEP] f____ [SEP] final
5673,es,0.906949123,reflejada [SEP] La luz reflejada del espejo daba mucha luz a la sala.. [SEP] r________ [SEP] reflected
5674,es,-0.81463832,procreativo [SEP] El útero es un órgano procreativo. [SEP] r___________ [SEP] reproductive
5675,es,-0.895233444,acceso [SEP] El acceso al evento es gratuito. [SEP] e____ [SEP] entry
5676,es,-0.586928807,sostenible [SEP] La agricultura sostenible constituye una protección contra la inseguridad alimentaria. [SEP] s__________ [SEP] sustainable
5677,es,0.800911768,enviar [SEP] Envío las cartas de invitación hoy en las horas de la tarde [SEP] p___ [SEP] post
5678,es,0.162542866,patrimonio [SEP] Este edificio forma parte del patrimonio de mi país. [SEP] h_______ [SEP] heritage
5679,es,-2.115116497,esporádico [SEP] El trabajo de Manuela es algo esporádico pero trabaja casi todas las semanas [SEP] o_________ [SEP] occasional
5680,es,-1.333971578,emprendedor [SEP] Francisco es un emprendedor que ha hecho negocio en el mundo del turismo rural. [SEP] e___________ [SEP] entrepreneur
5681,es,-1.468971747,"como [SEP] Se hará el proceso de devolución, como corresponde [SEP] a__________ [SEP] accordingly"
5682,es,-0.808006258,locomotora [SEP] La locomotora entró a la estación diez minutos antes de lo esperado [SEP] l_________ [SEP] locomotive
5683,es,-1.849500279,empresa [SEP] La gran empresa domina la industria alimentaria del país. [SEP] c__________ [SEP] corporation
5684,es,4.054135187,caliente [SEP] Me gusta tomarme una taza de café caliente por la mañana. [SEP] h__ [SEP] hot
5685,es,-0.047396758,sujetapapeles [SEP] La oficina hizo un pedido anual de sujetapapeles pero aún no hallegado [SEP] c___ [SEP] clip
5686,es,-0.157511682,saludar [SEP] No te olvides de saludar a los padres de Juan. [SEP] g____ [SEP] greet
5687,es,0.084149376,incontrolado [SEP] Tuvo una reacción de enfado incontrolado. [SEP] u___________ [SEP] uncontrolled
5688,es,1.227755965,fácilmente [SEP] Las personas persistentes no se rinden fácilmente. [SEP] e_____ [SEP] easily
5689,es,4.124354287,zapato [SEP] Perdí un zapato cuando corría delante de los toros en Pamplona. [SEP] s___ [SEP] shoe
5690,es,1.762748846,ignoratne [SEP] Es completamente ignorante en el área de la ciencia pero se empeña en pronunciarse [SEP] i_______ [SEP] ignorant
5691,es,-4.131576997,accesorio [SEP] Este accesorio es muy fácil de acoplar al aparato. [SEP] a_________ [SEP] attachment
5692,es,0.858353771,desnudo [SEP] Encontaron un cadáver desnudo de hombre mayor en la playa. [SEP] n____ [SEP] naked
5693,es,1.419036535,creador [SEP] ¿Quién fue el creador de la bicicleta? [SEP] i_______ [SEP] inventor
5694,es,-2.457038146,proyecto [SEP] Ahorré dinero para invertir en un nuevo proyecto de negocio. [SEP] v______ [SEP] venture
5695,es,2.429856953,hablar [SEP] Dejad de hablar ahí atrás y prestad atención. [SEP] t___ [SEP] talk
5696,es,-4.157439492,inicios [SEP] El diseño del producto ha cambiado desde sus inicios. [SEP] c_________ [SEP] conception
5697,es,3.794432561,"acabar [SEP] Ese matrimonio va a acabar pronto, digo yo. [SEP] e__ [SEP] end"
5698,es,-5.28611374,planificado [SEP] Hay que tener un enfoque planificado para abordar este problema. [SEP] s_________ [SEP] systematic
5699,es,0.047644038,cromo [SEP] La bicicleta que compre tiene unas aleaciones de cromo que la hacen mas resistente [SEP] c_____ [SEP] chrome
5700,es,1.082982735,ceniza [SEP] El incendio en el monte dejó mucha ceniza. [SEP] a__ [SEP] ash
5701,es,-1.536932909,celebración [SEP] La celebración del matrimonio tuvo lugar en la iglesia del pueblo y la realizó el párraco. [SEP] c_______ [SEP] ceremony
5702,es,-1.873905369,muy [SEP] Es un oncólogo muy experimentado y sigue practicando en el hospital local. [SEP] v______ [SEP] veteran
5703,es,-0.463702538,espaciadas [SEP] Procura que las plantas estén regularmente espaciadas. [SEP] s_____ [SEP] spaced
5704,es,-1.150131577,empeñado [SEP] Está empeñado con la idea de pasar las navidades en Bogotá. [SEP] o_______ [SEP] obsessed
5705,es,-1.599771692,rigurosamente [SEP] Lo que te acabo de contar es rigurosamente cierto. [SEP] s_______ [SEP] strictly
5706,es,0.803371629,crear [SEP] Solía crear historias pero no se las creía nadie. [SEP] i_____ [SEP] invent
5707,es,-1.634948009,oferta [SEP] El empresario hizo una muy buena oferta para conseguir el negcio [SEP] b__ [SEP] bid
5708,es,-0.524307216,librería [SEP] Compré la novela en la librería de mi calle. [SEP] b________ [SEP] bookstore
5709,es,0.733852575,hereditaria [SEP] Un cromosoma es el portador de información hereditaria. [SEP] g______ [SEP] genetic
5710,es,-2.407844419,comprensiva [SEP] Mi amiga fue comprensiva e intentó ayudarme. [SEP] s__________ [SEP] sympathetic
5711,es,-0.920847451,oxígeno [SEP] Le tuvieron que poner oxígeno para ayudarle a respirar mejor. [SEP] o_____ [SEP] oxygen
5712,es,-0.261102095,resuelta [SEP] Le fecha de la boda ya está resuelta.  Va a ser en mayo. [SEP] d______ [SEP] decided
5713,es,-0.596191963,transmisión [SEP] La transmisión de ideas más efectiva entre los seres humanos es a través del habla. [SEP] c____________ [SEP] communication
5714,es,3.747857416,edad [SEP] Nuestras hijas son de la misma edad. [SEP] a__ [SEP] age
5715,es,2.475370489,ideología [SEP] La ideología política Marxista no es tan popular como lo era el siglo pasado. [SEP] i_______ [SEP] ideology
5716,es,-1.328557964,adquisición [SEP] Comprar una casa es una gran adquisición hoy en día [SEP] a__________ [SEP] acquisition
5717,es,0.072559709,no [SEP] Es sorprendente que hayan dado el puesto a una persona no cualificada. [SEP] u__________ [SEP] unqualified
5718,es,0.791685665,antiguo [SEP] Dicen la gente mayor que el tiempo antiguo era mejor que ahora pero no me lo creo. [SEP] p___ [SEP] past
5719,es,0.662430788,equitación [SEP] A mis hijos les encanta la equitación. [SEP] r_____ [SEP] riding
5720,es,1.691920344,bueno [SEP] Es un poquito arrogante pero es buena persona en el fondo. [SEP] k___ [SEP] kind
5721,es,-1.454975306,apogeo [SEP] El autor escribió ese libro en el apogeo de su carrera. [SEP] p___ [SEP] peak
5722,es,1.824054029,vida [SEP] La vida silvestre de la selva tropical es muy diversa. [SEP] w_______ [SEP] wildlife
5723,es,1.237289642,advertencia [SEP] Las autoridades lanzaron una advertencia sobre la contaminación del aire. [SEP] w______ [SEP] warning
5724,es,3.026812361,armar [SEP] El gobierno arma a los soldados con potentes explosivos [SEP] a__ [SEP] arm
5725,es,0.340107952,rompehielos [SEP] El rompehielos abrió camino en el Artico para que pasaran los científicos con su equipo. [SEP] i_________ [SEP] icebreaker
5726,es,2.045430893,ocupado [SEP] Nos veremos mañana porque hoy estoy muy ocupado. [SEP] b___ [SEP] busy
5727,es,-0.053103102,conciencia [SEP] Tengo mi conciencia tranquila.  Creo que no he hecho nada malo. [SEP] c_________ [SEP] conscience
5728,es,2.833068573,mezclar [SEP] Hay que mezclar la mantequilla con el azúcar. [SEP] m__ [SEP] mix
5729,es,-2.452148216,inadmisible [SEP] Su comportamiento es admisible en esta institución. [SEP] u___________ [SEP] unacceptable
5730,es,1.216319444,alérgico [SEP] Cuando una persona es alérgica a algo debe ser cuidadosa en todo momento [SEP] a_______ [SEP] allergic
5731,es,2.725668346,"paquete [SEP] Puedes comprar un paquete de diez sobres, te sale más barato. [SEP] p___ [SEP] pack"
5732,es,-1.887415864,borde [SEP] Los niños frotaron el borde de la copa para hacer sonidos. [SEP] r__ [SEP] rim
5733,es,-0.558256297,enfado [SEP] Sintió un enfado enorme cuando le contaron la cruel historia. [SEP] a____ [SEP] anger
5734,es,1.821644758,persona [SEP] ¡Parece que te olvidas que soy persona! [SEP] h____ [SEP] human
5735,es,1.781028777,multimedia [SEP] La nueva exposición de la galeria se caracteriza por el uso de multimedia en sus estructurass [SEP] m_________ [SEP] multimedia
5736,es,-2.309511095,decrecer [SEP] Los recursos del planeta Tierra van a decrecer todavía más durante los siguientes años. [SEP] d_______ [SEP] diminish
5737,es,-0.259797742,"hipótesis [SEP] Según la hipótesis de Einstein, nada viaja tan de prisa como la luz. [SEP] t_____ [SEP] theory"
5738,es,-1.602909031,asistente [SEP] Tuve la suerte de ser un asistente entre los cincuenta mil que vieron el partido. [SEP] s________ [SEP] spectator
5739,es,0.502787789,mejora [SEP] Esperamos seguir viendo la mejora el año que viene. [SEP] i__________ [SEP] improvement
5740,es,-2.980717904,insuficiente [SEP] La ayuda humanitaria es claramente insuficiente. [SEP] i_________ [SEP] inadequate
5741,es,1.781068012,rápido [SEP] Es un alumno rápido que entiende las cosas en seguida. [SEP] q____ [SEP] quick
5742,es,-2.489691716,amontonamiento [SEP] Siempre había un amontonamiento de cartas en correos en Navidades. [SEP] a___________ [SEP] accumulation
5743,es,3.432534896,cena [SEP] ¡Qué cena más buena tomamos la otra noche! [SEP] d_____ [SEP] dinner
5744,es,1.031410277,antioxidante [SEP] Es necesario tomar antioxidantes para mantener una piel sana [SEP] a__________ [SEP] antioxidant
5745,es,0.45300643,comprensión [SEP] Ha mostrado tener una comprensión honda del problema. [SEP] u____________ [SEP] understanding
5746,es,-1.035298465,"humilde [SEP] Su familia, de clase obrera, llevaba una vida bastante humilde. [SEP] m_____ [SEP] modest"
5747,es,-2.010457562,"siembra [SEP] Antes de la siembra, los agricultores deben preparar el terreno. [SEP] p_______ [SEP] planting"
5748,es,-1.336162093,fieltro [SEP] Esta bolsa es de fieltro y es muy fuerte. [SEP] f___ [SEP] felt
5749,es,-2.362195164,catalogar [SEP] Tenemos que catalogar todo antes del fin de semana. [SEP] c_______ [SEP] classify
5750,es,1.612098681,mal [SEP] Los superhéroes siempre luchan contra el mal. [SEP] e___ [SEP] evil
5751,es,-1.447975032,paterno [SEP] La casa paterna debe contar con suficientes condiciones para asegurar el bienestar del niño. [SEP] p_______ [SEP] parental
5752,es,-1.766601952,reputación [SEP] Manuel tiene un puesto importante que goza de mucha reputación entre sus colegas [SEP] p_______ [SEP] prestige
5753,es,-2.007947676,burocracia [SEP] La burocracia en este país hace que todo se demore más de lo debido [SEP] b__________ [SEP] bureaucracy
5754,es,0.697568792,interior [SEP] El interior de la casa es casi tan bonito como el exterior. [SEP] i_____ [SEP] inside
5755,es,-1.25948088,zumbar [SEP] Desde el puente veíamos los coches pasaban sumbando por el autopista. [SEP] z___ [SEP] zoom
5756,es,0.406723691,"actualmente [SEP] Actualmente, no salgo con nadie. [SEP] c________ [SEP] currently"
5757,es,0.684808311,rato [SEP] Todo el mundo necesita un rato de ocio para relajarse. [SEP] m_____ [SEP] moment
5758,es,-1.982071997,revelar [SEP] Mi trabajo como periodista es revelar la verdad. [SEP] e_____ [SEP] expose
5759,es,0.214457057,porcentaje [SEP] Un alto porcentaje de gente respondió a la encuesta. [SEP] p_________ [SEP] percentage
5760,es,-1.945815245,tejido [SEP] Esta fábrica produce un tejido local muy famoso en el mundo de la confección. [SEP] t______ [SEP] textile
5761,es,-0.565446181,espesor [SEP] El espesor de la vegetación les impidió ver el cuerpo. [SEP] d______ [SEP] density
5762,es,-2.268392374,"reiterativo [SEP] Es un poco reiterativo con el tema de lavarse las manos, lo hace a todas horas. [SEP] o________ [SEP] obsessive"
5763,es,-1.05519272,artículo [SEP] El editor escribió un magnífico artículo de opinión sobre la situación política. [SEP] e________ [SEP] editorial
5764,es,-0.627441244,en [SEP] Quiso volar en solitario por encima del Atlántico. [SEP] s___ [SEP] solo
5765,es,1.434124729,mejorar [SEP] Su calidad de vida va a mejorar considerablemente después de la operación. [SEP] i______ [SEP] improve
5766,es,0.777071268,provocar [SEP] La caída de la bolsa va a provocar muchos efectos negativos en la economía. [SEP] c____ [SEP] cause
5767,es,-3.072994749,tirar [SEP] Le agarró de un mechón de pelo para tirar bruscamente de ella. [SEP] j___ [SEP] jerk
5768,es,1.238170913,carne [SEP] Voy a hacer un guiso de carne de cerdo para el domingo. [SEP] p___ [SEP] pork
5769,es,-3.604285468,montaje [SEP] Los delegados vieron un montaje informático sobre el funcionamiento de la nueva máquina. [SEP] s_________ [SEP] simulation
5770,es,1.576771687,militar [SEP] Nunca un civil se había sentado delante de un tribunal militar [SEP] m_______ [SEP] military
5771,es,0.35977442,andén [SEP] ¿De qué andén sale el tren para Barcelona? [SEP] p_______ [SEP] platform
5772,es,3.131548063,mirar [SEP] Es importante mirar bien antes de cruzar la carretera. [SEP] l___ [SEP] look
5773,es,0.460890467,"ajustar [SEP] Para quedar bien, un traje tiene que ajustar bien al cuerpo. [SEP] f__ [SEP] fit"
5774,es,2.264526355,despacio [SEP] Anduve despacio a lo largo de la carretera. [SEP] s_____ [SEP] slowly
5775,es,-0.557842268,estufa [SEP] La estufa calienta la casa en invierno. [SEP] s____ [SEP] stove
5776,es,3.376651495,"cero [SEP] Cinco, cuatro, tres, dos, uno,  cero … ¡despegue! [SEP] z___ [SEP] zero"
5777,es,3.348164214,doce [SEP] Hay doce chicos y once chicas en esta clase. [SEP] t_____ [SEP] twelve
5778,es,4.068247966,"jugar [SEP] Vamos a jugar al fútbol con mis primos antes de irnos, si quieres. [SEP] p___ [SEP] play"
5779,es,1.592846325,arma [SEP] Sacó un arma del bolsillo y disparó al aire. [SEP] w_____ [SEP] weapon
5780,es,-0.294724836,básico [SEP] El ingrediente básico del pan es la harina. [SEP] f__________ [SEP] fundamental
5781,es,-2.967787942,infrecuente [SEP] Su asistencia a clase sigue siendo infrecuente. [SEP] u_______ [SEP] uncommon
5782,es,1.51180711,velocidad [SEP] Este dispositivo mide la velocidad del viento. [SEP] s____ [SEP] speed
5783,es,-0.369709523,aportación [SEP] Hacemos una aportación todos los años al club de deportes local. [SEP] c___________ [SEP] contribution
5784,es,1.409145245,bestia [SEP] El elefante es la bestia más grande de la jungla. [SEP] a_____ [SEP] animal
5785,es,-0.377620176,reiterar [SEP] ¡No quiero tener que reiterar lo que ya he dicho miles de veces! [SEP] r_____ [SEP] repeat
5786,es,0.92390239,"nacionalidad [SEP] Consideraremos a todos los solicitantes, sin tener en cuenta su nacionalidad, su edad, sexo o religión. [SEP] n__________ [SEP] nationality"
5787,es,0.863831157,quizás [SEP] Quizás algún día podremos viajar a otro planeta. [SEP] p______ [SEP] perhaps
5788,es,1.67027771,legalmente [SEP] El uso del cinturón de seguridad es legalmente obligatorio. [SEP] l______ [SEP] legally
5789,es,-1.393044722,dieta [SEP] Claudio decidió hacer una estrticta dieta de proteínas durante un mes [SEP] r_____ [SEP] regime
5790,es,1.63187705,caos [SEP] Luego del terremoto todo parecía un caos completo [SEP] c____ [SEP] chaos
5791,es,1.402737394,conocimiento [SEP] Mi hermano tiene un buen conocimiento de francés. [SEP] k________ [SEP] knowledge
5792,es,2.390546382,bikini [SEP] El bikini causó escándaloen los años cuarenta. [SEP] b_____ [SEP] bikini
5793,es,-3.487658186,ámbito [SEP] La profesora es una autoridad en el ámbito de la filosofía. [SEP] r____ [SEP] realm
5794,es,-0.567517784,traje [SEP] El traje que lleva Nerea en el festival de danza es una maravilla. [SEP] c______ [SEP] costume
5795,es,-0.273552141,cercano [SEP] Fuímos a comer a un restaurante cercano. [SEP] n_____ [SEP] nearby
5796,es,1.292556604,Red [SEP] Vamos a mirar en la Red a ver si encontramos algo. [SEP] w__ [SEP] web
5797,es,-1.38271032,recién [SEP] Ese profesor es recién llegado y todavía no se ha hecho con los chicos. [SEP] n_______ [SEP] newcomer
5798,es,0.536669122,interior [SEP] El forro interior del abrigo es de seda. [SEP] i_____ [SEP] inside
5799,es,-1.326793034,destacado [SEP] Es un destacado juez y se le ve de vez en cuando en la televisión. [SEP] p________ [SEP] prominent
5800,es,1.122763645,codo [SEP] Me he caído de la bicicleta y me duele mucho el codo. [SEP] e____ [SEP] elbow
5801,es,-0.392994552,de [SEP] Las palabras de cierre de presentador hicieron llorar a los asistentes [SEP] c______ [SEP] closing
5802,es,1.486866881,negar [SEP] No tardó nada en negar que había estado con el grupo ese día. [SEP] d___ [SEP] deny
5803,es,2.128575455,monopolio [SEP] Mi abuelo tenía un gran monopolio de empresas de contrucción y diseño [SEP] m_______ [SEP] monopoly
5804,es,-1.21749927,santa [SEP] Cantaron una música santa preciosa durante la misa. [SEP] s_____ [SEP] sacred
5805,es,0.086545447,lavado [SEP] Parecía de otro mundo. Se nota que le habían hecho un lavado de cerebro [SEP] b___________ [SEP] brainwashing
5806,es,0.367996105,informe [SEP] El informe ya está en la mesa del jefe. [SEP] r_____ [SEP] report
5807,es,4.233998574,día [SEP] Hoy es un día muy especial para mí.  Es mi cumpleaños. [SEP] d__ [SEP] day
5808,es,2.147663301,ganar [SEP] Quiero ganar mucho dinero con esto. [SEP] e___ [SEP] earn
5809,es,1.982104434,corona [SEP] Esta corona sólo la puede llevar el monarca actual. [SEP] c____ [SEP] crown
5810,es,1.221032118,indígena [SEP] Esta danza indígena forma parte de los rituales religiosos. [SEP] n_____ [SEP] native
5811,es,-1.982287994,"a [SEP] A la larga, esta estrategia nos beneficiará a todos. [SEP] u_________ [SEP] ultimately"
5812,es,1.595252351,fresa [SEP] Voy a tomar un trozo de tarta de fresa. [SEP] s_________ [SEP] strawberry
5813,es,-1.139051638,hablar [SEP] Me gusta mucho hablar con gente de otros países. [SEP] c_______ [SEP] converse
5814,es,2.059948553,adolescente [SEP] La edad más difícil es la de un adolescente [SEP] t___ [SEP] teen
5815,es,-0.811848497,mezcla [SEP] El curry es un plato típico asiático que se cocina con una mezcla de muchas especias variadas [SEP] c__________ [SEP] combination
5816,es,-0.717177886,Comprometedor [SEP] Estas fotos son muy comprometedoras y podrían arruinar su reputación. [SEP] c___________ [SEP] compromising
5817,es,-2.647630252,minúsculo [SEP] Era tan minúsculo que hubo que mandarlo al laboratorio para ser examinado con una lente especial. [SEP] m__________ [SEP] microscopic
5818,es,0.849059311,debida [SEP] El comité actuó con diligencia debida. [SEP] d__ [SEP] due
5819,es,0.198245986,ciervo [SEP] El otro día vi a un ciervo desde mi casa. [SEP] d___ [SEP] deer
5820,es,2.591258938,temprana [SEP] Ha habido una helada temprana que nos ha estropeado la fruta. [SEP] e____ [SEP] early
5821,es,0.840523272,"interés [SEP] Por favor, pongan interés en lo que les voy a decir ya que no lo volveré a explicar. [SEP] a________ [SEP] attention"
5822,es,-0.174668846,"molestarse [SEP] Si lo quiere conseguir, habrá que molestarse. [SEP] b_____ [SEP] bother"
5823,es,-0.237515108,pliegue [SEP] Esa falda tiene un pliegue muy bonito por delante y sienta muy bien. [SEP] f___ [SEP] fold
5824,es,-1.349567032,sencillamente [SEP] Vi la carta sencillamente por casualidad. [SEP] p_____ [SEP] purely
5825,es,-0.637130736,cargamento [SEP] El cargamento del barco era joyas de muchísimo valor. [SEP] c____ [SEP] cargo
5826,es,0.340166416,honradez [SEP] Nadie le está cuestionando su honradez. [SEP] h______ [SEP] honesty
5827,es,-0.298549078,nulo [SEP] El documento es nulo si no lleva firma. [SEP] i______ [SEP] invalid
5828,es,-1.859672382,significativamente [SEP] El novio es significitativamente mayor que la novia. [SEP] c___________ [SEP] considerably
5829,es,1.993501544,portátil [SEP] Tengo mucho trabajo así que me voy a llevar el portátil de vacaciones. [SEP] l_____ [SEP] laptop
5830,es,-2.416401712,solemnidad [SEP] Aceptó la crítica con solemnidad silenciosa. [SEP] d______ [SEP] dignity
5831,es,-1.69362144,de [SEP] Los calculadoras tienen teclado de número. [SEP] n______ [SEP] numeric
5832,es,0.102588344,ancla [SEP] Tira el ancla aquí mismo en el puerto. [SEP] a_____ [SEP] anchor
5833,es,1.024225384,"quien [SEP] Quien quiera que haya dicho eso, no es verdad. [SEP] w______ [SEP] whoever"
5834,es,1.739211977,nostálgico [SEP] En medio de un nostálgico suspiro tomó su mano y salieron de aquel lugar en silencio [SEP] n________ [SEP] nostalgic
5835,es,3.394423647,"algunas [SEP] La mayoría de las preguntas eran fáciles, pero algunas eran difíciles. [SEP] s___ [SEP] some"
5836,es,0.08154967,completamente [SEP] Estoy completamente convencido. [SEP] a_________ [SEP] absolutely
5837,es,3.837763506,cinco [SEP] Mi nieta tiene cinco años. [SEP] f___ [SEP] five
5838,es,1.889143366,concentrarse [SEP] Para poder realizar el exámen debes concertrarte en las preguntas [SEP] c__________ [SEP] concentrate
5839,es,-3.881255812,camión [SEP] El camión grande llevaba los coches al puerto. [SEP] t__________ [SEP] transporter
5840,es,0.257723734,aportar [SEP] Vamos a convocar una reunión para empezar a aportar ideas. [SEP] b_________ [SEP] brainstorm
5841,es,-0.278377157,ganso [SEP] El ganso es un ave muy gracioso que hace un ruido muy raro. [SEP] g____ [SEP] goose
5842,es,-3.455426256,oposición [SEP] No hubo oposición al proyecto de desarrollo. [SEP] o________ [SEP] objection
5843,es,2.188157398,zorro [SEP] Ayer se cruzó un zorro delante de mí en la carretera y casi lo atropello. [SEP] f__ [SEP] fox
5844,es,-3.710316554,reconfortante [SEP] Un baño reconfortante es lo que necesitas ahora. [SEP] r_________ [SEP] refreshing
5845,es,0.024494092,trabajo [SEP] Es muy buen alumno y hace el trabajo en el aula muy bien pero nunca hace los deberes. [SEP] c________ [SEP] classwork
5846,es,-1.296890207,lugar [SEP] La pareja eligió un bonito lugar de celebración para la boda. [SEP] v____ [SEP] venue
5847,es,-3.79880573,carísimo [SEP] El precio de la langosta es carísimo. [SEP] a___________ [SEP] astronomical
5848,es,-0.943552056,barrio [SEP] Vive en un barrio residencial de Madrid. [SEP] s_____ [SEP] suburb
5849,es,0.220379727,agenda [SEP] Tengo una agenda colgada en mi habitación donde me apunto todo. [SEP] c_______ [SEP] calendar
5850,es,-1.52438743,presentación [SEP] Nos dio una conferencia y una presentación con diapositivas sobre el arte gótico. [SEP] s________ [SEP] slideshow
5851,es,0.327288215,fraile [SEP] El fraile ha venido para contarnos su vida en el monasterio. [SEP] m___ [SEP] monk
5852,es,-0.074318959,avance [SEP] Le mantendré informado del avance de nuestro proyecto. [SEP] p_______ [SEP] progress
5853,es,1.680223943,radioactividad [SEP] El aparato diseñado sirve para medir la radioactividad del lugar del accidente [SEP] r____________ [SEP] radioactivity
5854,es,-1.911616643,finalidad [SEP] La finalidad de la atención que presta a la abuela es su dinero. [SEP] m_____ [SEP] motive
5855,es,1.25709485,dar [SEP] Quiero dar dinero todas las semanas a una organización voluntaria para los refugiados. [SEP] d_____ [SEP] donate
5856,es,-2.241168185,"pura [SEP] De pura casualidad, me encontré con mi jefe en la ciudad. [SEP] s____ [SEP] sheer"
5857,es,-2.435630883,adelantada [SEP] El nuevo partido político apoya la filosofía adelantada de la izquierda. [SEP] p__________ [SEP] progressive
5858,es,-0.343733053,patria [SEP] Muchos refugiados tienen que salir de su patria para salvar su vida. [SEP] h_______ [SEP] homeland
5859,es,-0.2921302,maravillosamente [SEP] Elsa baila maravillosamente. [SEP] b__________ [SEP] beautifully
5860,es,-3.245437062,"tradicionalmente [SEP] Tiene una belleza tradicionalmente hermosa, de las que no pasan de moda. [SEP] c__________ [SEP] classically"
5861,es,0.170522328,microscopio [SEP] El laboratorio del hospital cuenta con 20 microscopios de ultima tecnología [SEP] m_________ [SEP] microscope
5862,es,-0.657491295,primer [SEP] Tomaremos sopa de primer plato. [SEP] s______ [SEP] starter
5863,es,1.15052338,especialidad [SEP] La especialidad de nuestro restaurante es pulpo con azafrán y es muy popular. [SEP] s_________ [SEP] speciality
5864,es,2.210045223,deberes [SEP] Creo que a los niños los profesores les dan demasiados deberes. [SEP] h_______ [SEP] homework
5865,es,0.050400133,trabajador [SEP] Es un trabajador leal y muy valioso. [SEP] e_______ [SEP] employee
5866,es,1.863418912,amistad [SEP] Nuestra amistad es muy importante para mí. [SEP] f_________ [SEP] friendship
5867,es,-3.621172597,inyección [SEP] Nos vendría de maravilla una inyeccción de entusiasmo en esta oficina. [SEP] i_______ [SEP] infusion
5868,es,2.410894795,poco [SEP] Este pantalón me está un poco estrecho. [SEP] b__ [SEP] bit
5869,es,0.945425624,lidiar [SEP] El vendedor sabe lidiar con clientes exigentes. [SEP] d___ [SEP] deal
5870,es,1.141932557,gótico [SEP] Se construyeron muchas iglesias en el estilo gótico entre los siglos doce y quince. [SEP] g_____ [SEP] gothic
5871,es,-1.87471786,área [SEP] La empresa está orgullosa de su liderazgo en el área de la alimentación. [SEP] s_____ [SEP] sector
5872,es,-0.964847862,complicado [SEP] Organizar una boda es complicado. [SEP] c______ [SEP] complex
5873,es,-2.562615325,llamativa [SEP] La similitud entre ambos libros es llamativa. [SEP] s_______ [SEP] striking
5874,es,-0.745391802,suave [SEP] Tuvo un episodio suave de gripe el mes pasado. [SEP] m___ [SEP] mild
5875,es,-2.378632062,débito [SEP] La balanza comercial presenta un débito estructural. [SEP] d______ [SEP] deficit
5876,es,2.442482815,"despertar [SEP] No hagas ruido, vas a despertar al bebé. [SEP] w___ [SEP] wake"
5877,es,0.382402861,sótano [SEP] Guardamos esos muebles viejos en el sótano. [SEP] b_______ [SEP] basement
5878,es,1.137963214,apostar [SEP] A mi tío le gustaba apostar en las carreras de caballos. [SEP] b__ [SEP] bet
5879,es,-2.221595771,bajada [SEP] El avión empezó su bajada al aeropuerto de Barcelona. [SEP] d______ [SEP] descent
5880,es,0.169106782,prejuicio [SEP] Orgullo y prejuicio es un libro escrito por Jane Austen [SEP] p________ [SEP] prejudice
5881,es,0.760573512,calor [SEP] Hace mucho calor en verano en Castilla. [SEP] h___ [SEP] heat
5882,es,2.571414141,gladiador [SEP] Espartaco fue un gladiador romano de los más famosos. [SEP] g________ [SEP] gladiator
5883,es,-2.730320947,penetrante [SEP] Me echó una mirada penetrante que me puso muy nervioso. [SEP] p_______ [SEP] piercing
5884,es,0.072356161,"desacuerdo [SEP] Hubo mucho desacuerdo entre ellos, por desgracia, y se enfadaron. [SEP] d___________ [SEP] disagreement"
5885,es,-2.255441069,raspar [SEP] Tuvo que raspar sus botas para quitar el barro. [SEP] s_____ [SEP] scrape
5886,es,-2.20036314,"pertrechar [SEP] Como hace tanto frío, tendremos que pertrecharnos de ropa que abrigue. [SEP] e____ [SEP] equip"
5887,es,-2.37719286,beneficio [SEP] Dicen que cobraremos un beneficio de por lo menos un cuatro por ciento. [SEP] d_______ [SEP] dividend
5888,es,-2.758367052,opuesta [SEP] La traducción del texto está en la página opuesta. [SEP] f_____ [SEP] facing
5889,es,-3.24721789,lengüeta [SEP] En esta agenda cada letra tiene una lengüeta así que es fácil encontrar el nombre que buscas. [SEP] t__ [SEP] tab
5890,es,-0.437849378,etiqueta [SEP] Corté la etiqueta de mi nuevo vestido. [SEP] t__ [SEP] tag
5891,es,-0.783852459,trastos [SEP] Nos dehicimos de toda los trastos que había en el piso. [SEP] j___ [SEP] junk
5892,es,0.966804513,invertir [SEP] Sería buena época para invertir capital en este producto. [SEP] i_____ [SEP] invest
5893,es,-0.982782735,controlar [SEP] La ley se ocupa de controlar las actividades de las compañías de seguros. [SEP] r_______ [SEP] regulate
5894,es,1.054509277,negatividad [SEP] Mi hermana siempre muestra negatividad antes las cosas que le suceden a diario [SEP] n_________ [SEP] negativity
5895,es,2.545570485,adolescente [SEP] Los adolescentes son un poco complicados pero hay que apoyarlos en todo [SEP] t_______ [SEP] teenager
5896,es,2.667277299,esquina [SEP] La esquina es la exterior de la unión de dos lados. [SEP] c_____ [SEP] corner
5897,es,-1.677843624,ajustar [SEP] Tienes que ajustar tu comportamiento a la situación. [SEP] a____ [SEP] adapt
5898,es,-0.433269288,turno [SEP] Mi turno de trabajo comienza a las 5am y termina a medio día [SEP] s____ [SEP] shift
5899,es,1.673024889,conversación [SEP] Tuve una conversación interesante con mi abuela sobre su niñez. [SEP] t___ [SEP] talk
5900,es,-2.703258805,presuntamente [SEP] Fueron muchos los crímenes que presuntamente había cometido. [SEP] a________ [SEP] allegedly
5901,es,2.651353349,falda [SEP] Ahora está de moda otra vez la falda larga por el tobillo. [SEP] s____ [SEP] skirt
5902,es,-1.478949242,principal [SEP] Mi madre es la cuidadora principal de mi abuela. [SEP] p______ [SEP] primary
5903,es,1.46721345,fábrica [SEP] Trabajo en una fábrica de zapatos. [SEP] f______ [SEP] factory
5904,es,-0.9200461,filosoficamente [SEP] A veces hay que ver las cosas filosóficamente. [SEP] p______________ [SEP] philosophically
5905,es,0.762412431,volador [SEP] La mariposa es un insecto volador muy bonito. [SEP] f_____ [SEP] flying
5906,es,-3.033148446,moderación [SEP] Los médicos recomiendan beber alcohol con moderación. [SEP] r________ [SEP] restraint
5907,es,-3.507522082,admisible [SEP] Tienes que revisar los requisitos para confirmar si eres admisible al programa [SEP] a_________ [SEP] acceptable
5908,es,-2.800131895,considerablemente [SEP] Las nuevas técnicas aumentaron considerablemente la producción. [SEP] s____________ [SEP] significantly
5909,es,0.016956983,"apenas [SEP] Apenas te oigo, tendrás que hablar más alto. [SEP] b_____ [SEP] barely"
5910,es,1.175578085,al [SEP] Siéntate al lado de Pedro. [SEP] b_____ [SEP] beside
5911,es,-0.226185545,"simbolizar [SEP] Los colores de la bandera simbolizan el mar, el oro y la sangre de nuestros héroes nacionales [SEP] r________ [SEP] represent"
5912,es,0.300527149,física [SEP] En mi primer año de la universidad tuve que tomar clases de física cuántica [SEP] p______ [SEP] physics
5913,es,-0.728301583,"infiel [SEP] Que yo sepa, ha sido infiel toda la vida y en muchas ocasiones. [SEP] u_________ [SEP] unfaithful"
5914,es,-0.133905008,programación [SEP] El proceso de programación del sistema durará toda la noche [SEP] p__________ [SEP] programming
5915,es,-1.284604596,dependencia [SEP] Algunos hijos tienen una dependencia a sus padres hasta cuando cumplen la mayoría de edad [SEP] d_________ [SEP] dependency
5916,es,-1.129581833,media [SEP] Se me ha roto una media y no tengo otro par. [SEP] s_______ [SEP] stocking
5917,es,1.596193644,corregido [SEP] El error que encontraste ya fue corregido [SEP] c________ [SEP] corrected
5918,es,3.507641667,conductor [SEP] Trabaja de conductor de autobúses en Salamanca. [SEP] d_____ [SEP] driver
5919,es,0.769619391,musulmán [SEP] Malika es musulmán y da clases de árabe en el ayuntamiento. [SEP] m_____ [SEP] muslim
5920,es,-1.820942164,operativamente [SEP] Los adultos que son operativamente analfabetos tienen muchas dificultades en la vida. [SEP] f___________ [SEP] functionally
5921,es,-2.214619569,reventar [SEP] Los niños se pusieron a reventar los globos después de la fiesta. [SEP] p__ [SEP] pop
5922,es,0.421590419,colaborar [SEP] Me gustaría colaborar en la encuesta. [SEP] p__________ [SEP] participate
5923,es,-3.060124068,"maravillosamente [SEP] Nelson murió maravillosamente, lleno de valor y serenidad, en la batalla de Trafalgar. [SEP] g_________ [SEP] gloriously"
5924,es,-2.238747977,entrada [SEP] Nuestra intención es conseguir una mayor entrada en el mercado. [SEP] p__________ [SEP] penetration
5925,es,-1.912237215,vitalicio [SEP] Había sido un miembro vitalicio del club de fútbol local. [SEP] l_______ [SEP] lifelong
5926,es,2.042997527,"prueba [SEP] Es una prueba de inteligencia, creo. [SEP] t___ [SEP] test"
5927,es,0.715277144,revisada [SEP] Mi tarjeta de embarque fue revisada por el personal del aeropuerto. [SEP] c______ [SEP] checked
5928,es,1.917622443,sexista [SEP] Sus comentarios sexistas lo pusieron en aprietos con sus compañeros de trabajo [SEP] s_____ [SEP] sexist
5929,es,1.310312234,monja [SEP] Mi tía es monja y vive en un convento en Alcalá de henares. [SEP] n__ [SEP] nun
5930,es,1.493095387,borracho [SEP] Estaba borracho y empezó a meterse con los demás. [SEP] d____ [SEP] drunk
5931,es,0.11131532,gastar [SEP] Mis padres quieren reducir la cantidad de agua que vamos a gastar en verano. [SEP] c______ [SEP] consume
5932,es,-0.584381641,en [SEP] El restaurante está cerrado así que tendré que comer en otro lugar. [SEP] e________ [SEP] elsewhere
5933,es,-0.264806455,aprobación [SEP] Hay que buscar la aprobación del comité. [SEP] a_______ [SEP] approval
5934,es,0.374319238,atleta [SEP] El atleta ganó la medalla de oro y se coronó el campeón [SEP] a______ [SEP] athlete
5935,es,-1.271890973,infracción [SEP] El conductor pagó una fuerte multa por la infracción de tráfico. [SEP] v________ [SEP] violation
5936,es,0.946961431,receta [SEP] Me ha dado el médico una receta de un antibiótico para la infección. [SEP] p___________ [SEP] prescription
5937,es,0.793645309,"variado [SEP] El menú era muy variado, con muchas opciones para elegir. [SEP] d______ [SEP] diverse"
5938,es,-2.576635843,medida [SEP] Los problemas se deben en gran medida al cambio climático. [SEP] e_____ [SEP] extent
5939,es,0.639968652,reservado [SEP] El billete a Santander ya está reservado. [SEP] b_____ [SEP] booked
5940,es,-0.337067295,surf [SEP] El surf de nieve se está poniendo de moda últimamente. [SEP] s___________ [SEP] snowboarding
5941,es,0.185402125,diagrama [SEP] El diagrama muestra la participación por sexos en el mundo laboral de esta ciudad. [SEP] g______ [SEP] graphic
5942,es,-3.430093747,clara [SEP] Hay una diferencia clara entre los dos coches: el precio. [SEP] d_______ [SEP] distinct
5943,es,-0.28435527,garantizar [SEP] Le vamos a garantizar que iremos para que se quede más tranquilo. [SEP] a_____ [SEP] assure
5944,es,2.158596983,baile [SEP] Las fiestas con baile siempre son divertidas. [SEP] d______ [SEP] dancing
5945,es,-0.029558754,tela [SEP] Voy a comprar la tela para mi vestido de novia mañana. [SEP] c____ [SEP] cloth
5946,es,2.264693393,paranomal [SEP] Dicen que el ruido extraño que se oye por la noche en el castillo se debe un fenómeno paranormal [SEP] p_________ [SEP] paranormal
5947,es,-1.427168068,detector [SEP] El departamento de seguridad encontró que el detector de movimiento había sido desactivaddo [SEP] s_____ [SEP] sensor
5948,es,-2.366408966,relacionado [SEP] El salario está relacionado con el número de años trabajados. [SEP] p___________ [SEP] proportional
5949,es,3.024480405,tango [SEP] Para bailar tango es necesario tener equilibrio [SEP] t____ [SEP] tango
5950,es,0.343609395,reflejo [SEP] El espejo que había colocado cerca de la puerta sirvió para mostrar el reflejo quién entraba en la sala. [SEP] r______ [SEP] reflect
5951,es,-2.848638581,controlador [SEP] Un nuevo comité independiente será el máximo controlador de la banca. [SEP] r________ [SEP] regulator
5952,es,-0.636924456,desconocido [SEP] Había un completo desconocido sentado en el asiento de mi mesa. [SEP] s_______ [SEP] stranger
5953,es,-2.983796538,gerente [SEP] El director gerente es el que toma las decisiones principales. [SEP] m_______ [SEP] managing
5954,es,-0.822066201,"ilícito [SEP] Es ilícito pasar cuando el semáforo está en rojo, y también peligroso. [SEP] i______ [SEP] illegal"
5955,es,2.291986206,internacional [SEP] Es experto en derecho internacional y trabaja en Bruselas. [SEP] i____________ [SEP] international
5956,es,3.189710725,país [SEP] España es un país mediterráneo. [SEP] c______ [SEP] country
5957,es,-2.352502504,difícil [SEP] Había alguna pregunta difícil en el examen. [SEP] t_____ [SEP] tricky
5958,es,-3.03486692,con [SEP] Los antibióticos funcionan con eficacia contra las infecciones. [SEP] e__________ [SEP] effectively
5959,es,-0.104635784,sustituir [SEP] El nuevo diseño al final va a sustituir a todos los modelos. [SEP] r______ [SEP] replace
5960,es,-3.036147785,aprobación [SEP] La monarquía recibió la aprobación de todo el país. [SEP] a_________ [SEP] acceptance
5961,es,0.032285306,radiación [SEP] Hay un vínculo entre el cáncer infantil y la exposición a rayos fuertes y peligrosos. [SEP] r________ [SEP] radiation
5962,es,-0.471258574,favorable [SEP] Nuestros esfuerzos tuvieron un efecto favorable en la empresa. [SEP] p_______ [SEP] positive
5963,es,-0.559759856,empírico [SEP] La mayoría de los trabajos actuales emplean un concepto empírico. [SEP] e________ [SEP] empirical
5964,es,1.564285412,cazador [SEP] Vi un cazador con su escopeta en el bosque. [SEP] h_____ [SEP] hunter
5965,es,2.847048787,acrobática [SEP] La gimnasta realizó una rutina acrobática espectacular. [SEP] a________ [SEP] acrobatic
5966,es,0.446131398,colgar [SEP] Hay que colgar los abrigos en este armario. [SEP] h___ [SEP] hang
5967,es,0.88482603,filosofía [SEP] Siempre me ha gustado la filosofía [SEP] p_________ [SEP] philosophy
5968,es,-0.84316172,protector [SEP] Parece que considerarse protector de la moralidad de todos. [SEP] g_______ [SEP] guardian
5969,es,1.130711454,dibujo [SEP] Qué bonito es ese dibujo.  ¿De verdad que lo hizo tu hijo? [SEP] d______ [SEP] drawing
5970,es,0.039652383,musa [SEP] Para ambos poetas el mar fue siempre su musa. [SEP] i__________ [SEP] inspiration
5971,es,-1.886597744,ampliar [SEP] Quiero ampliar mi red de contactos. [SEP] e_____ [SEP] expand
5972,es,-2.436903229,respaldar [SEP] Tendremos que respaldar el nuevo plan. [SEP] e______ [SEP] endorse
5973,es,-2.206128251,vistazo [SEP] Un vistazo a la foto no es suficiente para ver bien los detalles. [SEP] g______ [SEP] glimpse
5974,es,-0.377924636,forjar [SEP] Habrá que forjar buenas relaciones entre las empresas europeas. [SEP] f____ [SEP] forge
5975,es,1.861437717,armado [SEP] Los policías estan armados con pistolas [SEP] a____ [SEP] armed
5976,es,2.461761728,pareja [SEP] Esos dos hacen una pareja estupenda. [SEP] c_____ [SEP] couple
5977,es,-2.097111815,localmente [SEP] Es un canal de televisión localmente financiado. [SEP] r_________ [SEP] regionally
5978,es,1.171576124,"discriminar [SEP] Nadie tiene el derecho de discriminarte por tu raza, tu género o tus ideas [SEP] d___________ [SEP] discriminate"
5979,es,-0.958798975,suplente [SEP] Trabaja de profesor suplente en un colegio secundario. [SEP] s_________ [SEP] substitute
5980,es,0.665401246,bendecir [SEP] El obispo bajó a bendecir a los niños. [SEP] b____ [SEP] bless
5981,es,0.936835525,líquido [SEP] Esto significa que hemos tenido un beneficio líquido de unas quinientas libras esterlinas este mes. [SEP] n__ [SEP] net
5982,es,3.128547696,dormitorio [SEP] Mi dormitorio es la mejor habitación de la casa. [SEP] b______ [SEP] bedroom
5983,es,3.554725363,homosexual [SEP] Hay un festival del orgullo homosexual este mes en Madrid. [SEP] g__ [SEP] gay
5984,es,0.953717817,ayuda [SEP] Es bueno aportar ayuda humanitaria a un país que ha sufrido una catástrofe. [SEP] a__ [SEP] aid
5985,es,-2.631851753,duplicados [SEP] Los datos duplicados fueron eliminados de la base de datos. [SEP] r_________ [SEP] replicated
5986,es,3.495633319,"ayuda [SEP] Cuando una persona necesita ayuda, no hay que darle la espalda. [SEP] h___ [SEP] help"
5987,es,-2.481488812,pista [SEP] Veíamos la pista de aterrizaje desde el aire. [SEP] r_____ [SEP] runway
5988,es,1.762236584,canadiense [SEP] Mi primo es canadience y dice que es un país muy bonito. [SEP] c_______ [SEP] canadian
5989,es,-0.073611586,reproductor [SEP] Utilizan un reproductor de vuelo para formar a los pilotos futuros. [SEP] s________ [SEP] simulator
5990,es,0.584242244,de [SEP] Tengo que comprar unos guantes de goma. [SEP] r_____ [SEP] rubber
5991,es,0.673058889,enfurecido [SEP] Se puso enfurecido cuando se dio cuenta de que le habían engañado. [SEP] f______ [SEP] furious
5992,es,0.129076617,tragar [SEP] Tenía un dolor de garganta muy fuerte y no podía tragar. [SEP] s______ [SEP] swallow
5993,es,-0.129769571,página [SEP] La página de inicio está muy mal diseñada por eso nadie entra a revisar tu perfil [SEP] h_______ [SEP] homepage
5994,es,-2.066251377,hogar [SEP] Tenemos que compartir las tareas del hogar. [SEP] h________ [SEP] household
5995,es,-0.107137615,preservar [SEP] El nuevo sistema de rociadores ayuda a preservar el agua. [SEP] c_______ [SEP] conserve
5996,es,-1.553803331,sin [SEP] No tiene ningún sentido preocuparle sin necesidad. [SEP] u____________ [SEP] unnecessarily
5997,es,0.854570452,confianza [SEP] Mi relación con mi pareja se basa en la confianza. [SEP] t____ [SEP] trust
5998,es,1.468900866,problema [SEP] El perro se portó bien y no causó ningún problema. [SEP] t______ [SEP] trouble
5999,es,-1.43376826,tallar [SEP] Para tallar bien la madera es necesario practicarlo durante muchísimos años [SEP] c____ [SEP] carve
6000,es,1.864975403,"red [SEP] Si no lo sabes, siempre lo puedes buscar en la red. [SEP] i_______ [SEP] internet"
6001,es,-2.44825219,desbloquear [SEP] Por fin logramos desbloquear el computaddor. [SEP] u_______ [SEP] unlocked
6002,es,2.042923377,vaciar [SEP] Hay que vaciar las botellas antes de devolverlas a la tienda. [SEP] e____ [SEP] empty
6003,es,0.69020872,paraíso [SEP] Era como estar en el paraíso viajar por aquellos montes tan maravillosos. [SEP] h_____ [SEP] heaven
6004,es,-2.401661439,romper [SEP] La explosión pudo romper en pedazos varias ventanas del edificio cercano. [SEP] s______ [SEP] shatter
6005,es,-1.773641536,vigilancia [SEP] Los guardias de seguridad hacen vigilancia por todo el edificio varias veces al día. [SEP] p_____ [SEP] patrol
6006,es,1.143232844,seguro [SEP] La póliza del seguro incluye cobertura por robo. [SEP] i________ [SEP] insurance
6007,es,-0.594318789,habitual [SEP] Soy cliente habitual de ese restaurante. [SEP] r______ [SEP] regular
6008,es,-2.12867259,consejo [SEP] Valoro mucho el consejo de los mayores. [SEP] c______ [SEP] counsel
6009,es,1.044771893,detección [SEP] La temprana detección de la enfermedad ayudó a su pronta recuperación. [SEP] d________ [SEP] detection
6010,es,0.506632843,alambre [SEP] Los palos estaban atados con un alambre. [SEP] w___ [SEP] wire
6011,es,1.307852704,tratamiento [SEP] Está recibiendo tratamiento por una infección que tiene. [SEP] t________ [SEP] treatment
6012,es,1.253105829,"opuesto [SEP] Opuesto a lo que todos piensan, yo no voy a hacerlo [SEP] c_______ [SEP] contrary"
6013,es,-1.233558095,"apresar [SEP] Después de apresar a todos los hombres, los enviaron a un campo de concentración. [SEP] c______ [SEP] capture"
6014,es,0.418425204,maleta [SEP] No puedes meter una maleta tan grande en cabina. [SEP] s_______ [SEP] suitcase
6015,es,-0.696176387,máquina [SEP] El cortacésped tiene una máquina eléctrica. [SEP] m____ [SEP] motor
6016,es,3.961914889,"pausa [SEP] Tras una breve pausa, el candidato continuó su discurso. [SEP] p____ [SEP] pause"
6017,es,0.613081498,luz [SEP] En el norte de Escocia en invierno hay pocas horas de luz del sol. [SEP] s_______ [SEP] sunlight
6018,es,0.664898907,masticar [SEP] Hay que masticar bien antes de tragar la comida. [SEP] c___ [SEP] chew
6019,es,-0.787152922,afinar [SEP] Los músicos tienen que afinar sus instrumentos antes del concierto [SEP] t___ [SEP] tune
6020,es,-2.43190769,de [SEP] El producto está todavía en una etapa de desarrollo. [SEP] d____________ [SEP] developmental
6021,es,-1.153831729,pastel [SEP] Me gusta tomarme un pastel de arándanos con el café por la mañana. [SEP] m_____ [SEP] muffin
6022,es,-0.4815589,intemporal [SEP] Tiene una belleza absolutamente intemporal. [SEP] t_______ [SEP] timeless
6023,es,2.539412436,gradduación [SEP] Mañana asistimos a la graduación de nuestro hijo en la universidad. [SEP] g_________ [SEP] graduation
6024,es,-0.471972586,malinterpretar [SEP] Es fácil malinterpretar lo que dice ya que no habla claro. [SEP] m____________ [SEP] misunderstand
6025,es,0.052688933,tribu [SEP] La tribu de los Maguire es de Fermanagh en Irlanda del Norte. [SEP] c___ [SEP] clan
6026,es,1.822237394,pescador [SEP] Había un pescador solitario en la orilla del lago. [SEP] f________ [SEP] fisherman
6027,es,-2.149616488,bando [SEP] Hay un bando rival a nosotros dentro de la empresa que nos quiere hundir. [SEP] f______ [SEP] faction
6028,es,2.333825384,racismo [SEP] El racismo sigue siendo un problema social en Europa y Estados Unidos [SEP] r_____ [SEP] racism
6029,es,-1.184558529,clausura [SEP] Las autridades solicitaron la clausura del restaurante por la falta de aseo. [SEP] c______ [SEP] closure
6030,es,-0.156538769,antiagua [SEP] Esta gabardina es antiagua y no pasa ni una gota de lluvia. [SEP] w_________ [SEP] waterproof
6031,es,1.088722848,"suciedad [SEP] Hay mucha suciedad en la bañera, hay que limpiarla. [SEP] d___ [SEP] dirt"
6032,es,2.026382366,"saber [SEP] El buen vino no puede saber a vinagre, ¡por favor! [SEP] t____ [SEP] taste"
6033,es,2.737500311,maravilloso [SEP] El concierto de anoche fue maravilloso. [SEP] w________ [SEP] wonderful
6034,es,-1.184073557,seguir [SEP] Le pudimos seguir la pista hasta la fábrica y después le perdimos. [SEP] t____ [SEP] track
6035,es,1.03598224,congelado [SEP] Me resbalé en el charco congelado pero no me caí. [SEP] f_____ [SEP] frozen
6036,es,-0.977000761,controlada [SEP] La actividad de los bancos está controlada por la ley. [SEP] r________ [SEP] regulated
6037,es,1.378953913,patear [SEP] El niño estaba tan enfadado que empezó a patear la pared del aula. [SEP] k___ [SEP] kick
6038,es,-0.456426166,"sin [SEP] Este asesinato está sin resolver, lleva años. [SEP] u_________ [SEP] unresolved"
6039,es,-0.431132346,"tinieblas [SEP] Podíamos ver una luz lejana, a pesar de las tinieblas del bosque. [SEP] d_______ [SEP] darkness"
6040,es,-1.222502864,escurrir [SEP] Hay que escurrir la pasta y luego mezclarla con la salsa. [SEP] d____ [SEP] drain
6041,es,-1.206496869,anónimo [SEP] El mensaje anónim llegó en un obre sellado [SEP] a________ [SEP] anonymous
6042,es,-0.859037706,vale [SEP] ¿Me quieres acompañar a la fiesta? Vale. [SEP] o___ [SEP] okay
6043,es,-1.225979285,"moler [SEP] Para tomar siempre el café fresco, tienes que moler los granos según los vas gastando. [SEP] g____ [SEP] grind"
6044,es,-1.315894152,"de [SEP] El asunto no es de risa francamente, es muy serio. [SEP] l_______ [SEP] laughing"
6045,es,-1.617778955,habitualmente [SEP] El festival se celebra habitualmente en el mes de mayo. [SEP] t____________ [SEP] traditionally
6046,es,0.501705342,aventurero [SEP] Mi abuelo fue un aventurero que viajó por todo el mundo. [SEP] a_________ [SEP] adventurer
6047,es,-0.577613149,elegante [SEP] Cenaron en un restaurante bastante elegante. [SEP] f____ [SEP] fancy
6048,es,-0.757056152,gente [SEP] La gente de Andalucía es abierta y amable. [SEP] f___ [SEP] folk
6049,es,-1.051628187,estreno [SEP] El estreno de su nueva película va a ser el mes que viene. [SEP] d____ [SEP] debut
6050,es,-2.313525566,conferir [SEP] Habrá que conferir la responsabilidad de esta tarea a una persona muy capaz. [SEP] a_____ [SEP] assign
6051,es,-1.267085701,oferta [SEP] Recibimos una oferta de negocio muy interesante por parte de una empresa extranjera. [SEP] p__________ [SEP] proposition
6052,es,0.680971358,"parecer [SEP] A mi parecer, sería una inversión magnífica. [SEP] o______ [SEP] opinion"
6053,es,-2.179529279,excepcional [SEP] Es una persona excepcional que ha logrado mucho en la vida. [SEP] e____________ [SEP] extraordinary
6054,es,0.384880603,del [SEP] Tiene un acento del sur muy bonito. [SEP] s_______ [SEP] southern
6055,es,1.583209835,juez [SEP] Estamos esperando a que el señor juez dicte sentencia. [SEP] j____ [SEP] judge
6056,es,-2.518961872,perdedor [SEP] El equipo perdedor felicitó a los campeones. [SEP] l_____ [SEP] losing
6057,es,3.853904165,calma [SEP] El mar está en calma. [SEP] c___ [SEP] calm
6058,es,4.056219539,coche [SEP] Mi coche favorito es el Mini. [SEP] c__ [SEP] car
6059,es,0.775624368,gestión [SEP] La gestión del hotel ha mejorado mucho gracias a Sandra. [SEP] m_________ [SEP] management
6060,es,1.262142194,simplicficar [SEP] Vamos a simplificar el proceso de entrada al país [SEP] s_______ [SEP] simplify
6061,es,1.561621961,embarcarse [SEP] Hay ir a la puerta veintitres para embarcar el avión. [SEP] b____ [SEP] board
6062,es,-0.645902193,exactitud [SEP] La exactitud de su descripción fue fundamental. [SEP] a_______ [SEP] accuracy
6063,es,1.916770465,curioso [SEP] Los niños son curiosos cuando están creciendo. Debes tener paciencia. [SEP] c______ [SEP] curious
6064,es,2.671681892,anatompia [SEP] La anatomía humana es algo complejo y su estudio es algo interesante [SEP] a______ [SEP] anatomy
6065,es,-2.865357131,oleaje [SEP] Me encanta el sonido del oleaje cayendo sobre la arena. [SEP] s___ [SEP] surf
6066,es,-0.561947752,agrietarse [SEP] El huevo comenzó a agrietarse y en seguida salió el pollito. [SEP] c____ [SEP] crack
6067,es,-0.934708912,material [SEP] El laboratorio tiene todo el material necesario para realizar el experimento. [SEP] e________ [SEP] equipment
6068,es,0.308477984,"matemáticamente [SEP] Tu cálculo está mal, es matemáticamente imposible. [SEP] m_____________ [SEP] mathematically"
6069,es,0.961668138,trauma [SEP] Después de ataque terrorista Elena sufrió un trauma emocional que le duró mucho tiempo. [SEP] t_____ [SEP] trauma
6070,es,1.84773045,evitar [SEP] Hay que evitar el tráfico así que saldremos pronto. [SEP] a____ [SEP] avoid
6071,es,-0.142950558,precioso [SEP] Pasaron el fin de semana en un lugar precioso en la sierra Granadina. [SEP] l_____ [SEP] lovely
6072,es,-0.757810916,"conseguir [SEP] Si quieres conseguir lo que quieres, debes trabjar fuerte [SEP] a______ [SEP] achieve"
6073,es,1.046865258,comprendido [SEP] Pasamos un fin de semana en la costa: viaje comprendido en el precio. [SEP] i_______ [SEP] included
6074,es,1.576473632,época [SEP] Vivimos en la época de la tecnología. [SEP] e__ [SEP] era
6075,es,0.500892597,previsión [SEP] Necesitamos saber la previsión del tiempo para la semana que viene. [SEP] f_______ [SEP] forecast
6076,es,1.15870524,submundo [SEP] La película trata de la vida en el submundo criminal el siglo pasado. [SEP] u_________ [SEP] underworld
6077,es,0.911516602,"cualquiera [SEP] Cualquiera que sea la situación, apoyaré a mi hijo. [SEP] w_______ [SEP] whatever"
6078,es,2.325946827,estando [SEP] Estando contigo me siento feliz. [SEP] b____ [SEP] being
6079,es,1.585828057,anciano [SEP] Todos querían hablar con el anciano del pueblo. [SEP] e____ [SEP] elder
6080,es,-2.015533918,sin [SEP] Menos mal que me contestó sin retraso. [SEP] i__________ [SEP] immediately
6081,es,0.862005698,somnoliento [SEP] El niño estaba somnoliento así que le acostamos en el sofá. [SEP] s_____ [SEP] sleepy
6082,es,-0.14109207,nave [SEP] La nave espacial volvió a Tierra a la hora prevista. [SEP] s________ [SEP] spaceship
6083,es,-1.204994168,próximo [SEP] El desempleo va a bajar considerablemente el año próximo. [SEP] c_____ [SEP] coming
6084,es,2.431449044,invitación [SEP] Me ha mandado una invitación a su boda en julio. [SEP] i_________ [SEP] invitation
6085,es,1.700055767,fuerte [SEP] Gritó tan fuerte que se le oía desde la casa de enfrente. [SEP] l___ [SEP] loud
6086,es,1.644317089,multicultural [SEP] El event fue una expresión multicultural de las distintas regiones del país [SEP] m____________ [SEP] multicultural
6087,es,1.085787791,espera [SEP] La espera se nos hizo muy larga. [SEP] w______ [SEP] waiting
6088,es,3.285602577,pelota [SEP] Los niños pasaban el día jugando a la pelota en la plaza. [SEP] b___ [SEP] ball
6089,es,-0.448654331,conservación [SEP] El colegio paga la calefacción y la conservación de los edificios. [SEP] m__________ [SEP] maintenance
6090,es,-0.607408708,concebido [SEP] Este material está concebido para resistir al calor. [SEP] d_______ [SEP] designed
6091,es,-2.26044506,complot [SEP] Hubo un complot entre los más cercanos al presidente. [SEP] c_________ [SEP] conspiracy
