item_id,L1,GLMM_score,joined_text
1,de,-2.76940803,Zeitraum [SEP] Über einen Zeitraum von fünf Monaten wurden Zeugenaussagen gesammelt und Beweise sichergestellt. [SEP] s___ [SEP] span
2,de,-1.567125557,fundamental [SEP] Nach unserem Gespräch hat sich seine Einstellung fundamental geändert. [SEP] r________ [SEP] radically
3,de,1.578899839,Supermarkt [SEP] Die Frau geht in dem Supermarkt einkaufen. [SEP] s__________ [SEP] supermarket
4,de,0.127510273,Flugzeug [SEP] Der Pilot flog das Flugzeug. [SEP] a_______ [SEP] airplane
5,de,-3.642623474,"anstrengend [SEP] Seine Kinder sind ziemlich anstrengend. (NICHT taxing, NICHT tiring) [SEP] t_____ [SEP] trying"
6,de,0.197889082,Rennsport [SEP] Als aktiver Fahrer konnte er schon viel Erfahrung im Rennsport sammeln. [SEP] r_____ [SEP] racing
7,de,2.704855899,"schlafen [SEP] Ich schlafe schon seit Jahren hervorragend dank der Matratze, die wir damals gekauft haben. [SEP] s____ [SEP] sleep"
8,de,0.544554828,Militär [SEP] Er ist ein wichtiger Offizier beim Militär. [SEP] m_______ [SEP] military
9,de,-2.044385253,Fassungsvermögen [SEP] Dieser Tank hat ein Fassungsvermögen von dreißig Litern. [SEP] c_______ [SEP] capacity
10,de,-1.344922248,Rohr [SEP] Ich verwende hauptsächlich Rohrzucker. [SEP] c___ [SEP] cane
11,de,-0.47525357,sich [SEP] Rosa hat sich ihr Knie an der Tür angestoßen. [SEP] k____ [SEP] knock
12,de,-0.446275153,"Flur [SEP] Die Schüler müssen den langen Flur entlang laufen, um ins Chemielabor zu gelangen. [SEP] h______ [SEP] hallway"
13,de,-1.755048423,ausgelegt [SEP] Die Nachfrage nach den ausgelegten Uhren war groß. [SEP] d________ [SEP] displayed
14,de,-0.388801358,herausfordernd [SEP] Die herausfordernde Aufgabe konnte gut bewältigt werden. [SEP] c__________ [SEP] challenging
15,de,-0.859479017,Missionar [SEP] Sie arbeitete als Missionarin für viele Jahre in Afrika. [SEP] m_________ [SEP] missionary
16,de,1.25600929,groß [SEP] Er war ein großer und dünner Mann. [SEP] t___ [SEP] tall
17,de,-0.185057379,ausbleichen [SEP] Die Operationsnarbe verblasst. [SEP] f___ [SEP] fade
18,de,3.406414525,Straße [SEP] In dieser Straße wurde Beethoven geboren. [SEP] s_____ [SEP] street
19,de,0.359557952,Handgelenk [SEP] Ich habe mir das Handgelenk verstaucht. [SEP] w____ [SEP] wrist
20,de,-0.077003042,derzeitig [SEP] In seinem derzeitigen Zustand sollte er sich nicht zu sehr aufregen. [SEP] p______ [SEP] present
21,de,2.154828071,Softball [SEP] Softball ist sehr ähnlich wie Baseball und bei vielen Amerikanern sehr beliebt. [SEP] s_______ [SEP] softball
22,de,2.631080844,"sitzen [SEP] Den Kindern war so langweilig, dass sie kaum mehr sitzen wollten. [SEP] s__ [SEP] sit"
23,de,-2.650761357,Einstellung [SEP] Was ist seine Einstellung gegenüber dem Grundeinkommen? [SEP] s_____ [SEP] stance
24,de,1.150954842,gläubig [SEP] Die ganze Familie ist sehr gläubig und geht regelmäßig in die Kirche. [SEP] r________ [SEP] religious
25,de,-1.355967472,"entsetzen [SEP] Heutzutage ist es als Künstler gar nicht mehr so leicht, das Publikum zu entsetzen. [SEP] s____ [SEP] shock"
26,de,-0.187940097,besuchen [SEP] Ich besuche die Konferenz im Mai. [SEP] a_____ [SEP] attend
27,de,-3.620795374,Team [SEP] Ein Expertenteam beurteilt die Eignung der Kandidaten. [SEP] p____ [SEP] panel
28,de,0.781253939,Scheibe [SEP] Kannst du mir auch bitte noch eine Scheibe Brot abschneiden? [SEP] s____ [SEP] slice
29,de,-0.665605007,"Samen [SEP] Wenn Samen auf eine gesunde Eizelle trifft, kommt es zur Befruchtung und ein Baby beginnt zu entstehen. [SEP] s____ [SEP] sperm"
30,de,-0.455851144,vietnamesisch [SEP] Sie liebt die vietnamesische Küche. [SEP] v_________ [SEP] vietnamese
31,de,-2.452214195,Mord [SEP] Er wurde des Mordes an seiner Frau und seinem Kinde angeklagt. [SEP] m________ [SEP] murdering
32,de,3.23037624,Lächeln [SEP] Sie begrüßten uns mit einem breiten Lächeln in ihren Gesichtern. [SEP] s____ [SEP] smile
33,de,-1.829146773,grell [SEP] Ich muss die Augen schließen. Das Licht ist grell. [SEP] b_______ [SEP] blinding
34,de,-0.540535459,"bemerkenswert [SEP] Das Stück, das gerade im Theater läuft, ist wirklich sehr bemerkenswert. [SEP] r_________ [SEP] remarkable"
35,de,-1.580679661,Grafik [SEP] Die aktuellen Geburtsraten sind in der Grafik auf Seite 19 dargestellt. [SEP] c____ [SEP] chart
36,de,-0.684106069,Pullover [SEP] Er zieht einen warmen Pullover über. [SEP] j_____ [SEP] jumper
37,de,0.367602909,erinnern [SEP] Das Gebäude erinnert an frühere Zeiten. [SEP] r_____ [SEP] remind
38,de,0.382553342,Unfug [SEP] Glaubst du den Unfug über Ufos? [SEP] n_______ [SEP] nonsense
39,de,-1.399462542,atemberaubend [SEP] Sie kam in einem atemberaubenden Kleid zur Preisverleihung. [SEP] s_______ [SEP] stunning
40,de,2.037427671,Tee [SEP] Wie wäre es mit einer Tasse Tee? [SEP] t__ [SEP] tea
41,de,-2.656339942,Haushalt [SEP] Mein Mann und ich teilen uns den Haushalt. [SEP] h___________ [SEP] housekeeping
42,de,-0.937601484,Bürgermeister [SEP] Die Stadt hat eine neue Bürgermeisterin. [SEP] m____ [SEP] mayor
43,de,0.469227471,"Land [SEP] Auf dem Land gibt es viele Bauern, die Gemüse anbauen. [SEP] c__________ [SEP] countryside"
44,de,0.790146502,Feuerzeug [SEP] Susanne zündet sich die Zigarette mit einem Feuerzeug an. [SEP] l______ [SEP] lighter
45,de,2.487187575,Drama [SEP] Gestern habe ich ein packendes Fernsehdrama gesehen. [SEP] d____ [SEP] drama
46,de,0.899060632,schieben [SEP] Voller Vorfreude schiebt er den Einkaufswagen durch den Markt. [SEP] p___ [SEP] push
47,de,-3.561702273,glanzlos [SEP] Das Mittagessen war eine glanzlose Angelegenheit. [SEP] u__________ [SEP] unglamorous
48,de,-2.892769889,fein [SEP] Die Bedeutungsunterschiede zwischen diesen zwei Wörtern ist wirklich sehr fein. [SEP] s_____ [SEP] subtle
49,de,-1.565453345,Stamm [SEP] Diese Rosen haben einen sehr dicken Stamm. [SEP] s___ [SEP] stem
50,de,-0.073637248,"behaupten [SEP] Der Reporter behauptet, dass die Aufstände bereits vorbei wären. [SEP] c____ [SEP] claim"
51,de,-0.422869382,ansprechend [SEP] Der ansprechende Pool lädt zum Verweilen ein. [SEP] i_______ [SEP] inviting
52,de,0.225140572,an [SEP] Der Zug fährt gleich ab. Kommen Sie an Bord! [SEP] a_____ [SEP] aboard
53,de,0.634880408,vorsichtig [SEP] Sie ging vorsichtig die Straße entlang. [SEP] c________ [SEP] carefully
54,de,-1.150721647,trennen [SEP] Der Lehrer trennt die beiden streitenden Schülerinnen und versucht sie zu beruhigen. [SEP] s_______ [SEP] separate
55,de,-0.128627389,Kater [SEP] Er hat gestern Nacht zu viel getrunken und hat deshalb heute einen Kater. [SEP] h_______ [SEP] hangover
56,de,-0.341267955,Delegierter [SEP] Die Delegierten erschienen pünktlich zur Versammlung. [SEP] d_______ [SEP] delegate
57,de,1.049578673,Schloss [SEP] Ich schütze mein Fahrrad mit einem Schloss vor Diebstahl. [SEP] l___ [SEP] lock
58,de,1.498761596,jeder [SEP] Jede Stunde klingelt die Glocke. [SEP] e____ [SEP] every
59,de,-1.436285385,terroristisch [SEP] Es war der schlimmste Terroranschlag seit langem. [SEP] t________ [SEP] terrorist
60,de,0.990040296,"sich [SEP] Ich frage mich, warum sie gekündigt hat. [SEP] w_____ [SEP] wonder"
61,de,-1.30462693,überempfindlich [SEP] Die überempfindliche Reaktion der Frau ist nicht nachzuvollziehen. [SEP] h_____________ [SEP] hypersensitive
62,de,0.281646046,fallen [SEP] Die Jugendlichen lassen Steine von der Brücke fallen. [SEP] d___ [SEP] drop
63,de,0.469391675,"bemerken [SEP] Ich bemerkte, dass ich meinen Schal verloren hatte. [SEP] n___ [SEP] note"
64,de,2.392998918,"Himmel [SEP] Die Luft ist dermaßen trocken, dass keine einzige Wolke am Himmel zu sehen ist. [SEP] s__ [SEP] sky"
65,de,-0.172713646,"Seufzer [SEP] Als die Wahlergebnisse bekannt wurden, ging ein Seufzer der Erleichterung durch die Menge. [SEP] s___ [SEP] sigh"
66,de,-1.032633751,ängstlich [SEP] Ich habe ihn immer als recht ängstlichen Jungen in Erinnerung. [SEP] s_____ [SEP] scared
67,de,0.73008275,"global [SEP] Global gesehen, hat sich die Wirtschaft stark verändert. [SEP] g_______ [SEP] globally"
68,de,-0.214675885,ausgewählt [SEP] Einige ausgewählte Studierende können an der Exkursion teilnehmen. [SEP] s_____ [SEP] select
69,de,0.807918468,römisch [SEP] Die römischen Soldaten haben in Großbritannien viele Wälder gerodet. [SEP] r____ [SEP] roman
70,de,-1.971714609,Rassen [SEP] Als Verein wollen wir uns ganz besonders gegen Rassendiskriminierung einsetzen. [SEP] r_____ [SEP] racial
71,de,1.609188498,Vibrator [SEP] Er hatte noch nie einen Vibrator gesehen. [SEP] v_______ [SEP] vibrator
72,de,2.347184888,klug [SEP] Der Junge begreift neue Dinge sehr schnell. Er ist extrem klug. [SEP] c_____ [SEP] clever
73,de,-1.618262594,Aussicht [SEP] Die Aussicht für die Zukunft ist positiver als angenommen. [SEP] o______ [SEP] outlook
74,de,1.328578962,studieren [SEP] Er studierte an drei unterschiedlichen Universitäten. [SEP] s____ [SEP] study
75,de,-3.329180236,anhaltend [SEP] Die anhaltende Waffenruhe wirkt sich positiv auf die Bewohner der betroffenen Gegend aus. [SEP] c_________ [SEP] continuing
76,de,-0.91317109,schrumpfen [SEP] Muskeln ziehen sich bei Kälte zusammen. [SEP] c_______ [SEP] contract
77,de,-3.309763679,"zweideutig [SEP] Sie machte eine zweideutige Bemerkung und machte eine sehr eindeutige Geste, die alle erröten ließ. [SEP] s_________ [SEP] suggestive"
78,de,2.945735177,Küche [SEP] Die Mutter kocht in der Küche. [SEP] k______ [SEP] kitchen
79,de,1.348278335,historisch [SEP] Das Ereignis muss auch in seinem historischen Kontext gesehen werden. [SEP] h_________ [SEP] historical
80,de,-1.214519941,rückgängig [SEP] Nur dieses Medikament kann die Symptome langfristig rückgängig machen. [SEP] r______ [SEP] reverse
81,de,-0.545605345,herstellen [SEP] Die Fabrik stellt Schuhe her. [SEP] m__________ [SEP] manufacture
82,de,-3.338124843,"unzeitgemäß [SEP] Sie bewunderte seinen Stil, auch wenn er etwas unzeitgemäß war. [SEP] u____________ [SEP] unfashionable"
83,de,0.745244301,"Vorhang [SEP] Schließe den Vorhang und schalte das Licht aus, dann können wir mit dem Film beginnen. [SEP] c______ [SEP] curtain"
84,de,-1.8071745,"Umrechner [SEP] Ich benutze einen Umrechner im Internet, um herauszufinden wie viel 50 Euro in britischen Pfund sind. [SEP] c________ [SEP] converter"
85,de,0.019868085,klebrig [SEP] Die Arbeitsplatte in der Küche ist ganz klebrig und muss geputzt werden. [SEP] s_____ [SEP] sticky
86,de,0.907872582,konzentriert [SEP] Man braucht nur wenig von dem konzentrierten Waschmittel. [SEP] c___________ [SEP] concentrated
87,de,-1.606850613,Kegel [SEP] Wir zeichneten einen Kegel laut der Anleitung des Geometrielehrers. [SEP] c___ [SEP] cone
88,de,-0.080794948,"direkt [SEP] Sie soll bitte direkt nach Hause gehen, wenn sie diese Nachricht erhält. [SEP] s_______ [SEP] straight"
89,de,-0.959177517,"Rundfunk [SEP] Der Rundfunksender spielt vor allem klassische Musik und kaum Werbung, darum mag ich ihn so. [SEP] b___________ [SEP] broadcasting"
90,de,2.191565648,"reisen [SEP] Er liebt es, mit dem Zug zu reisen. [SEP] t_____ [SEP] travel"
91,de,-0.260603203,Ausstellung [SEP] Wir besuchten gemeinsam die Ausstellung des Künstlers. [SEP] e_________ [SEP] exhibition
92,de,0.366525629,Spritze [SEP] Sie braucht eine tägliche Spritze Insulin. [SEP] i________ [SEP] injection
93,de,2.960306817,Papa [SEP] Ich nenne meinen Vater PapI. [SEP] d____ [SEP] daddy
94,de,2.608008065,Erwachsener [SEP] Tickets für Erwachsene kosten 12 Euro. [SEP] a____ [SEP] adult
95,de,-2.935482449,Unruhe [SEP] Es war eine Zeit der politischen Unruhe in der Geschichte des Landes. [SEP] t_________ [SEP] turbulence
96,de,-1.465491744,Echtheit [SEP] Ich zweifle die Echtheit dieses Dokuments an. [SEP] a___________ [SEP] authenticity
97,de,2.744341337,zehn [SEP] Sie hat zehn Knödel gegessen. [SEP] t__ [SEP] ten
98,de,-0.407523044,Schranke [SEP] Die Schranke des Bahnübergangs ist geschlossen. [SEP] b______ [SEP] barrier
99,de,0.390577733,Kommentar [SEP] Bitte hör jetzt auf mit deinen sarkastischen Kommentaren. [SEP] c______ [SEP] comment
100,de,4.252493959,englisch [SEP] Ich lese ein englisches Buch. [SEP] e______ [SEP] english
101,de,3.941696937,Elite [SEP] Meine Kinder machten ihren Abschluss an einer Eliteuniversität. [SEP] e____ [SEP] elite
102,de,-2.986326142,reißen [SEP] In genau diesem Moment riss das Seil und die Fracht fiel ins Wasser. [SEP] s___ [SEP] snap
103,de,1.246002231,Leben [SEP] Jedes Leben ist kostbar. [SEP] l___ [SEP] life
104,de,1.311924746,"sicher [SEP] Weißt du, wo Maria ist? – Nein, ich bin mir nicht sicher. [SEP] s___ [SEP] sure"
105,de,1.483731544,"versprechen [SEP] Du musst mir versprechen, dass du jeden Tag anrufst. [SEP] p______ [SEP] promise"
106,de,0.907172443,kämpfen [SEP] Mein Großvater kämpfte im Zweiten Weltkrieg. [SEP] f____ [SEP] fight
107,de,0.486817888,Zweifel [SEP] Ich bin voller Zweifel. [SEP] d____ [SEP] doubt
108,de,-2.207585202,anschaulich [SEP] Wir hörten einen anschaulichen Bericht über die Ereignisse. [SEP] v____ [SEP] vivid
109,de,-3.648614079,atemberaubend [SEP] Die Aussicht vom Gipfel aus war wirklich atemberaubend. [SEP] s__________ [SEP] spectacular
110,de,-1.240045421,jdn/etw [SEP] Ich habe das Kind beim Zebrastreifen fast übersehen. [SEP] o_______ [SEP] overlook
111,de,0.34612255,einen [SEP] Sie hat an der Universität in Wien ihren Abschluss gemacht. [SEP] g_______ [SEP] graduate
112,de,-2.930150002,belasten [SEP] Der lange Abstieg ins Tal belastet die Kniegelenke. [SEP] s_____ [SEP] strain
113,de,-0.121909851,verbunden [SEP] Die Gesellschaft und die mit ihr verbundenen Unternehmen werden überprüft. [SEP] a_________ [SEP] associated
114,de,-1.207930443,"weben [SEP] Er brauchte Monate, um diesen Teppich zu weben. [SEP] w____ [SEP] weave"
115,de,0.890344881,Sammlung [SEP] Anna hat eine riesige Sammlung von antiken Büchern zu Hause. [SEP] c_________ [SEP] collection
116,de,-1.240926653,Schrotflinte [SEP] Der Täter besaß eine Schrotflinte und benutzte ein Motorrad als Fluchtfahrzeug. [SEP] s______ [SEP] shotgun
117,de,-2.224351724,"einschätzen [SEP] Das Team versuchte einzuschätzen, ob er für den Job geeignet ist. [SEP] a_____ [SEP] assess"
118,de,-1.040160185,subjektiv [SEP] Jeder legt diese Aufgabe subjektiv aus und kommt zu einem anderen Ergebnis. [SEP] s___________ [SEP] subjectively
119,de,-1.624880493,Notwendigkeit [SEP] Für viele Menschen ist eine Tasse Kaffee am frühen Morgen eine Notwendigkeit. [SEP] n________ [SEP] necessity
120,de,-1.247711226,"in [SEP] Für sie besteht Glück darin, eine gesunde und glückliche Familie zu haben. [SEP] c______ [SEP] consist"
121,de,0.923223478,Rückkehr [SEP] Nach seiner Rückkehr feierten wir ein großes Fest. [SEP] r_____ [SEP] return
122,de,0.012807918,lagern [SEP] Meine Mutter lagert hunderte Gläser mit Marmelade im Keller. [SEP] s____ [SEP] store
123,de,2.267141762,Cowboy [SEP] Der Cowboy reitet auf einem Pferd. [SEP] c_____ [SEP] cowboy
124,de,-1.764276789,Lager [SEP] Wir sollten dieses Produkt auf Lager haben. [SEP] s____ [SEP] stock
125,de,2.871450697,Hass [SEP] Er schaute sie voller Hass an. [SEP] h___ [SEP] hate
126,de,0.918178965,"kochen [SEP] Gib die Spaghetti erst ins Wasser, wenn es richtig kocht. [SEP] b___ [SEP] boil"
127,de,-2.50543436,Kälteschauer [SEP] Sie trug einen dicken Mantel gegen den Kälteschauer. [SEP] c____ [SEP] chill
128,de,-1.659459381,Untätigkeit [SEP] Ich muss etwas gegen die Untätigkeit dieser Kinder unternehmen. [SEP] i_________ [SEP] inactivity
129,de,-1.267158248,umgewandelt [SEP] Die umgewandelte Datei funktioniert nicht auf meinem Computer. [SEP] c________ [SEP] converted
130,de,-3.225969896,sich [SEP] Der angekündigte Lehrermangel hat sich nie verwirklicht. [SEP] m__________ [SEP] materialize
131,de,-0.734387441,Jugendlicher [SEP] Der Film ist für einen Jugendlichen geeignet. [SEP] y________ [SEP] youngster
132,de,-1.474098776,einreichen [SEP] Nächste Woche werden wie den Antrag einreichen. [SEP] s_____ [SEP] submit
133,de,2.491881176,Weinen [SEP] Das Weinen hatte kein Ende. [SEP] c_____ [SEP] crying
134,de,-1.24388308,"warm [SEP] Zieht euch warm an, ihr seid die Kälte hier nicht gewohnt. [SEP] w_____ [SEP] warmly"
135,de,1.250259614,pro [SEP] Die Firma zahlt ihm 15 Euro pro Stunde. [SEP] p__ [SEP] per
136,de,-2.242341884,Quäntchen [SEP] Dieses Ergebnis nahm ihm das letzte Quäntchen Hoffnung. [SEP] q______ [SEP] quantum
137,de,-1.470396402,"Stapel [SEP] Der Stapel an ungeöffneten Briefen fällt einem sofort auf, wenn man in das Büro kommt. [SEP] s____ [SEP] stack"
138,de,1.518879993,Archiv [SEP] Im Archiv werden viele wichtige Dokumente und Akten gelagert. [SEP] a______ [SEP] archive
139,de,-0.945752121,reizen [SEP] Ich bin total entspannt. Du kannst mich mit deinen blöden Kommentaren nicht reizen. [SEP] i_______ [SEP] irritate
140,de,-1.257276239,Naturereignis [SEP] Die letzten Überschwemmungen waren ein Naturereignis mit verheerenden Folgen. [SEP] c__________ [SEP] catastrophe
141,de,2.348575044,"klicken [SEP] Als wir uns der Sehenswürdigkeit näherten, hörten wir die Kameras klicken. [SEP] c____ [SEP] click"
142,de,4.060356116,nicht [SEP] Sandra hat heute nicht angerufen. [SEP] n__ [SEP] not
143,de,-0.891838076,wahrscheinlich [SEP] Er geht gerade nicht ans Telefon. Er ist wahrscheinlich im Keller. [SEP] p_______ [SEP] probably
144,de,0.525559573,jdn/etw [SEP] Die Firmen werden aufgrund ihrer Erfolge beurteilt. [SEP] j____ [SEP] judge
145,de,-0.933732761,chronologisch [SEP] Die Ereignisse sind chronologisch geordnet. [SEP] c______________ [SEP] chronologically
146,de,0.956895512,statisch [SEP] Die Verkaufszahlen für dieses Modell sind statisch. [SEP] s_____ [SEP] static
147,de,0.335387387,Vertrag [SEP] Sie bekam sofort einen unbefristeten Arbeitsvertrag. [SEP] c_______ [SEP] contract
148,de,1.002312137,Feminismus [SEP] Der Feminismus kämpft für die Rechte der Frauen. [SEP] f_______ [SEP] feminism
149,de,-2.451129424,"Internetseite [SEP] Wir haben im Kurs gelernt, wie man eine Internetseite erstellt. (NICHT: Website) [SEP] w______ [SEP] webpage"
150,de,-0.179803142,erhalten [SEP] Wir haben Ihre Bestellung gestern erhalten. [SEP] r______ [SEP] receive
151,de,1.10215892,winzig [SEP] Nur eine winzige Minderheit vertritt diese Ansicht. [SEP] t___ [SEP] tiny
152,de,-3.136131713,Strategie [SEP] Die Geschäftsleitung arbeitet gerade an einer neuen Strategie. [SEP] p_____ [SEP] policy
153,de,0.32527474,zweitens [SEP] Erstens ist das Wetter heute prächtig und zweitens solltet ihr alle ohnehin an die frische Luft. [SEP] s_______ [SEP] secondly
154,de,0.190760313,Mystiker [SEP] Die Mystikerin glaubt an eine Verschwörung. [SEP] m_____ [SEP] mystic
155,de,1.420142049,Versprechen [SEP] Er hat sein Versprechen eingelöst und mit ihnen einen Ausflug aufs Land gemacht. [SEP] p______ [SEP] promise
156,de,0.153215908,Sterblichkeit [SEP] Das oberste Ziel ist die Senkung der Kindersterblichkeit. [SEP] m________ [SEP] mortality
157,de,1.735932066,Nylon [SEP] Die Schneiderin näht mit einem Nylonfaden. [SEP] n____ [SEP] nylon
158,de,-2.823917771,wesentliche [SEP] Wir gehen hier ein wesentliches Risiko ein. [SEP] s__________ [SEP] substantial
159,de,-1.850446056,starr [SEP] Das Metall war äußerst starr und hart. [SEP] r____ [SEP] rigid
160,de,-0.945808662,Tat [SEP] Er hat eine gute Tat vollbracht. [SEP] d___ [SEP] deed
161,de,-2.81171856,Bauunternehmer [SEP] Sie arbeitet als Bauunternehmerin in Kanada. [SEP] d________ [SEP] developer
162,de,-2.758859511,empfänglich [SEP] Er war als Chef immer empfänglich für neue Ideen. [SEP] r________ [SEP] receptive
163,de,-0.224507612,"stark [SEP] Meinem Vater wurde stark empfohlen, seine Ernährung umzustellen. [SEP] s_______ [SEP] strongly"
164,de,-0.428989944,verhältnismäßig [SEP] Diese Prüfung war verhältnismäßig einfach. [SEP] r_________ [SEP] relatively
165,de,-2.163293317,bewohnen [SEP] Die Familie Müller bewohnt diese Farm seit Jahrzehnten. [SEP] o_____ [SEP] occupy
166,de,1.208062765,Albtraum [SEP] Das Kind hatte einen bösen Albtraum. [SEP] n________ [SEP] nightmare
167,de,-2.786846584,Mobilmachung [SEP] Die Gruppe hat sich für die Mobilmachung der Wirtschaft eingesetzt. [SEP] m___________ [SEP] mobilization
168,de,3.082731392,mein [SEP] Das Weinglas auf dem Tisch ist meins. [SEP] m___ [SEP] mine
169,de,0.412789654,Phönix [SEP] Die Phönix ist das Sinnbild der Unsterblichkeit. [SEP] p______ [SEP] phoenix
170,de,1.836711205,vielleicht [SEP] Es kamen vielleicht zwanzig Leute zu seiner Feier. [SEP] m____ [SEP] maybe
171,de,-3.813078126,vernehmlich [SEP] Viele Menschen protestierten vernehmlich gegen die Pläne der Regierung. [SEP] v______ [SEP] vocally
172,de,2.603526089,Träumer [SEP] Du bist ein Träumer! [SEP] d______ [SEP] dreamer
173,de,0.226406226,experimentell [SEP] Der neuen Methode sind jahrelange experimentelle Versuche vorausgegangen. [SEP] e___________ [SEP] experimental
174,de,2.491420746,rein [SEP] Wir konnten mehrere Klumpen reines Gold aus dem Fluss sieben. [SEP] p___ [SEP] pure
175,de,2.59316423,elektrisch [SEP] Sie kauften einen elektrischen Bohrer. [SEP] e_______ [SEP] electric
176,de,-1.487760623,Kerl [SEP] Er ist ein netter Kerl. [SEP] f_____ [SEP] fellow
177,de,-0.799885037,ermutigend [SEP] Seine Worte waren ermutigend. [SEP] e__________ [SEP] encouraging
178,de,-1.944515913,"kippen [SEP] Die Sitze kippen nach vorne, wenn man diesen Hebel betätigt. [SEP] t___ [SEP] tilt"
179,de,-2.786763654,wütend [SEP] Der wütende Mann konnte sich nur langsam beruhigen. [SEP] f________ [SEP] furiously
180,de,-1.980998654,wirksam [SEP] Das ist ein wirksames Medikament. [SEP] e________ [SEP] effective
181,de,-1.971437787,"ausdrücklich [SEP] Ich sagte ihm ausdrücklich, dass er an diesem Tag an der Veranstaltung teilnehmen musste. [SEP] e_________ [SEP] explicitly"
182,de,-2.416662902,Fusion [SEP] Die Fusion der beiden Firmen ist bereits abgeschlossen. [SEP] m_____ [SEP] merger
183,de,2.712899134,bald [SEP] Bitte schicke mir die E-Mail so bald wie möglich. [SEP] s___ [SEP] soon
184,de,-2.394661815,"wiederbeleben [SEP] Die Gelder werden dafür verwendet, den Ortskern wiederzubeleben. [SEP] r_________ [SEP] regenerate"
185,de,0.96993815,Verstand [SEP] Die alte Frau hat ihren Verstand verloren. [SEP] m___ [SEP] mind
186,de,3.276458368,Zug [SEP] Ich muss den Zug nach Edinburgh unbedingt erreichen. [SEP] t____ [SEP] train
187,de,1.444546624,Brutalität [SEP] Die Brutalität des Überfalls ist unfassbar. [SEP] b________ [SEP] brutality
188,de,-3.86907664,Stelle [SEP] Ich habe die richtige Stelle für dich gefunden. Du solltest dich für diesen Job bewerben. [SEP] n____ [SEP] niche
189,de,-2.356797266,einführen [SEP] Der Chef hat die neuen Regelungen nie umgesetzt. [SEP] i________ [SEP] implement
190,de,0.858594922,Mozzarella [SEP] Ich hätte gerne einen Tomaten-Mozzarella-Salat. [SEP] m_________ [SEP] mozzarella
191,de,-2.729649021,sich [SEP] Deutschlands Regierung verpflichtet sich zu sofortigen Hilfsmaßnahmen. [SEP] p_____ [SEP] pledge
192,de,-0.411402875,Anwesenheit [SEP] Die Lehrerin nahm meine Anwesenheit nicht zur Kenntnis. [SEP] p_______ [SEP] presence
193,de,2.30673801,"Ding [SEP] Leg dieses Ding weg, wenn ich mich mit dir unterhalte! [SEP] t____ [SEP] thing"
194,de,0.684100882,unregelmäßige [SEP] Man kann nur unregelmäßige Herztöne hören. [SEP] i________ [SEP] irregular
195,de,-1.301240446,erschüttert [SEP] Die erschütterten Augenzeugen standen betreten neben dem Unfallort. [SEP] s______ [SEP] shocked
196,de,2.235780849,weniger [SEP] Du solltest eindeutig mehr lernen und weniger mit mir diskutieren. [SEP] l___ [SEP] less
197,de,-0.633311762,kränklich [SEP] Ihre Haut sah blass und kränklich aus. [SEP] u________ [SEP] unhealthy
198,de,-4.758644309,gemäß [SEP] Die Arbeit wurde gemäß der Gebäudevorschriften renoviert. [SEP] c_________ [SEP] compliance
199,de,1.900717954,Klinik [SEP] Sie lässt sich in einer geburtsvorbereitenden Klinik beraten. [SEP] c_____ [SEP] clinic
200,de,-0.960264824,Mietbetrag [SEP] Der Mietbetrag für dieses Auto ist wirklich verhältnismäßig sehr günstig. [SEP] r_____ [SEP] rental
201,de,1.54051535,Viertel [SEP] Es ist Viertel vor fünf. [SEP] q______ [SEP] quarter
202,de,0.535093449,"Schwangerschaft [SEP] Eine geplante Schwangerschaft ist ein guter Grund, um regelmäßig Sport zu treiben. [SEP] p________ [SEP] pregnancy"
203,de,-3.504409281,unterstreichen [SEP] Ihr könnt die wichtigsten Wörter rot unterstreichen. [SEP] u_________ [SEP] underscore
204,de,-0.133856095,Prüfen [SEP] Das Prüfen und Beurteilen sind wichtige Elemente des Schulbetriebs. [SEP] t______ [SEP] testing
205,de,0.715100703,Gesellschaft [SEP] In einer modernen Gesellschaft kann der Einzelne mehr über das eigene Leben entscheiden als in einer rückständigen Gesellschaft. [SEP] s______ [SEP] society
206,de,1.422369512,"Kapitalist [SEP] Ein Kapitalist ist bemüht, seinen Reichtum und Wohlstand zu vergrößern. [SEP] c_________ [SEP] capitalist"
207,de,-1.445741026,misstrauisch [SEP] Er warf ihr einen misstrauischen Blick zu. [SEP] s_________ [SEP] suspicious
208,de,-1.265597214,Riss [SEP] Unsere neue Dachterrasse hat schon Risse. [SEP] c____ [SEP] crack
209,de,0.759598866,beliebt [SEP] Diese Marke ist gerade bei Jugendlichen sehr beliebt. [SEP] p______ [SEP] popular
210,de,1.262105167,oft [SEP] Dieses Nagetier hat in der Kanalisation unserer Stadt leider Überhand gewonnen und muss wieder zurückgedrängt werden. [SEP] r__ [SEP] rat
211,de,1.250933369,Kopf [SEP] Beim Sturz hat er sich am Kopf verletzt. [SEP] h___ [SEP] head
212,de,0.028352469,Bestätigung [SEP] Ich habe die Versandbestätigung per Mail erhalten. [SEP] c___________ [SEP] confirmation
213,de,-3.653213321,"ziemlich [SEP] Wir sind uns ziemlich sicher, dass wir das Problem bald lösen können. [SEP] r_________ [SEP] reasonably"
214,de,1.166091161,Zuwanderer [SEP] Europa hat viele Zuwanderer aufgenommen. [SEP] m______ [SEP] migrant
215,de,0.445070789,"Frau [SEP] Der Zahnarzt dachte, dass ich eine von den hysterischen Frauen wäre. [SEP] f_____ [SEP] female"
216,de,-2.294051803,verstärken [SEP] Die guten Gespräche verstärken die freundschaftliche Beziehung zwischen den beiden Ländern. [SEP] r________ [SEP] reinforce
217,de,1.623956916,Leder [SEP] Dieser Schuh ist aus Leder. [SEP] l______ [SEP] leather
218,de,-2.261722465,"lindern [SEP] Um diese Kopfschmerzen zu lindern, müssen die Tabletten rechtzeitig eingenommen werden. [SEP] r______ [SEP] relieve"
219,de,-0.539186349,Regal [SEP] Sie baute ein Regal aus Ziegelsteinen und alten Holzpaletten. [SEP] s____ [SEP] shelf
220,de,-1.919439291,Strategie [SEP] Wegschauen ist hier wohl die falsche Strategie. [SEP] t_____ [SEP] tactic
221,de,1.673691579,ironisch [SEP] Das war eine ironische Aussage. [SEP] i_____ [SEP] ironic
222,de,-1.426682667,Gaspedal [SEP] Ich drückte vorsichtig auf das Gaspedal des Autos. [SEP] a__________ [SEP] accelerator
223,de,-2.21110025,Konservierungsmittel [SEP] Das Produkt ist frei von künstlichen Geschmacksträgern und Konservierungsmitteln. [SEP] p___________ [SEP] preservative
224,de,0.206729441,drücken [SEP] Drücken Sie fest eine Handfläche gegen die andere. [SEP] p____ [SEP] press
225,de,-0.151370624,furchtbar [SEP] Ich habe eine furchtbare Nacht hinter mir. Ich habe überhaupt nicht geschlafen. [SEP] a____ [SEP] awful
226,de,1.804406204,abfeuern [SEP] Er feuerte die Handschusswaffe ab. [SEP] f___ [SEP] fire
227,de,0.15430736,digital [SEP] Die Daten sind alle digital erfasst. [SEP] d________ [SEP] digitally
228,de,-1.82161048,Methodik [SEP] Unser Trainer ist dieser neuen Methodik gegenüber aufgeschlossen. [SEP] m__________ [SEP] methodology
229,de,-2.131378649,"jdm [SEP] Ich bin mir ziemlich sicher, dass der Verkäufer mir zu viel für die Vase berechnet hat. [SEP] o_________ [SEP] overcharge"
230,de,0.355213184,Weg [SEP] Es führt ein steiler Weg zu der Hütte. [SEP] p___ [SEP] path
231,de,2.347787302,Verwendung [SEP] Die Verwendung von biologischen Waffen wurde international verboten. [SEP] u__ [SEP] use
232,de,-0.7080428,seinen [SEP] Wo wird dein Büro seinen Sitz haben? [SEP] b___ [SEP] base
233,de,-0.351582395,"begehen [SEP] Der Student beschreibt in seiner Bachelorarbeit die Gründe, warum Menschen Verbrechen begehen. [SEP] c_____ [SEP] commit"
234,de,0.294568117,austauschen [SEP] Die Geschäftsleute tauschen ihre Kontaktdaten aus. [SEP] e_______ [SEP] exchange
235,de,2.562718002,Helfer [SEP] Ich habe Kuchen und Kaffee für die Helfer vorbereitet. [SEP] h_____ [SEP] helper
236,de,3.007146155,Kleid [SEP] Die Frau hatte ein blaues Kleid an. [SEP] d____ [SEP] dress
237,de,-1.588982995,zufällig [SEP] Diese Entdeckung war völlig zufällig. [SEP] a_________ [SEP] accidental
238,de,-1.139925317,schweben [SEP] Das Flugzeug hat noch keine Landeerlaubnis erhalten und schwebt in der Luft. [SEP] h____ [SEP] hover
239,de,1.854756648,Grill [SEP] Ich brate das Hähnchen auf dem Grill an. [SEP] g____ [SEP] grill
240,de,0.088634418,Senat [SEP] Der Senat muss noch über den Gesetzesentwurf abstimmen. [SEP] s_____ [SEP] senate
241,de,-1.31092207,"Spitzhacke [SEP] Gärtner nutzen die Spitzhacke regelmäßig, um harte Erde aufzulockern. [SEP] p___ [SEP] pick"
242,de,-0.898829339,Verteilung [SEP] Die Verteilung der Lebensmittel hat ohne Probleme funktioniert. [SEP] d___________ [SEP] distribution
243,de,-1.187531357,um [SEP] Ein Pilot muss vor der Landung um Landeerlaubnis ansuchen. [SEP] r______ [SEP] request
244,de,-1.057840832,Hass [SEP] Gleichgültigkeit ist schlimmer als Hass. [SEP] h_____ [SEP] hatred
245,de,1.708847137,Designer [SEP] Die Designerin entwirft die neue Herbstkollektion. [SEP] d_______ [SEP] designer
246,de,0.587895726,untergewichtig [SEP] Für seine Größe ist er leicht untergewichtig. [SEP] u__________ [SEP] underweight
247,de,-1.023199716,verschütten [SEP] Sie verschüttet ständig Kaffee oder Wein auf unserem schönen Esstisch. [SEP] s____ [SEP] spill
248,de,1.752140644,berühmt [SEP] Er ist ein berühmter Tennisspieler. [SEP] f_____ [SEP] famous
249,de,3.159749157,Geschichte [SEP] Die Geschichte nahm schließlich ein glückliches Ende. [SEP] s____ [SEP] story
250,de,0.501929221,"wollen [SEP] Was ich wirklich will, hast du nie verstanden. [SEP] w___ [SEP] want"
251,de,-0.367486312,"Musikanlage [SEP] Mein Vater hat eine sehr teure Musikanlage, an die er auch wirklich niemanden heranlässt. [SEP] s_____ [SEP] stereo"
252,de,2.915378825,leicht [SEP] Die Kinder lösen die Aufgabe leicht. [SEP] e___ [SEP] easy
253,de,-0.202395682,sehr [SEP] In diesem Land sehen wir derzeit ein sehr schnelles wirtschaftliches Wachstum. [SEP] r____ [SEP] rapid
254,de,-0.243236617,ökologisch [SEP] Mein ökologischer Fußabdruck ist mir wichtig. [SEP] e_________ [SEP] ecological
255,de,-1.400910588,Gültigkeit [SEP] Diese Untersuchung hat keinerlei wissenschaftliche Gültigkeit. [SEP] v_______ [SEP] validity
256,de,-2.101228679,"passend [SEP] Wenn es passend ist, kontaktiere mich bitte morgen in der Früh. [SEP] c_________ [SEP] convenient"
257,de,1.88119097,Kurve [SEP] Die Straße hat viele Kurven. [SEP] c____ [SEP] curve
258,de,0.733720447,akut [SEP] Es handelt sich um eine akute Entzündung. [SEP] a____ [SEP] acute
259,de,-1.929294382,einem [SEP] Die Summe wurde auf deinem Konto gutgeschrieben. [SEP] c_____ [SEP] credit
260,de,2.694336388,links [SEP] Wir lesen von links nach rechts. [SEP] l___ [SEP] left
261,de,-0.724318477,jdm [SEP] Ich fächelte mir mit einem Stück Papier Luft zu. [SEP] f__ [SEP] fan
262,de,-2.517231095,Lehre [SEP] Die Lehre des christlichen Glaubens wird in dieser Gegend verbreitet. [SEP] d_______ [SEP] doctrine
263,de,-0.082168266,verraten [SEP] Sie haben ihr Land verraten. [SEP] b_____ [SEP] betray
264,de,-0.603442964,Absicht [SEP] Er hat schließlich seine Absichten allen verkündet. [SEP] i_____ [SEP] intent
265,de,-1.310723766,Verbrauch [SEP] Der Umwelt zuliebe sollten wir unseren Verbrauch von Wasser und Energie verringern. [SEP] c__________ [SEP] consumption
266,de,-1.249014866,Motorradfahrer [SEP] Lukas ist ein erfahrener Motorradfahrer. [SEP] m___________ [SEP] motorcyclist
267,de,-1.062153173,ungewiss [SEP] Die Entwicklung bleibt weiterhin ungewiss. [SEP] u________ [SEP] uncertain
268,de,3.284272722,golden [SEP] Der Engel hat goldenes Haar. [SEP] g_____ [SEP] golden
269,de,0.505952077,"Wut [SEP] Ohnmächtig vor Wut und Frustration, begann sie, tobend um sich zu treten. [SEP] r___ [SEP] rage"
270,de,0.367770013,"vereinigen [SEP] Oft vereinigen sich die verschiedensten Gruppen, um gegen Regierungsbeschlüsse zu protestieren. [SEP] u____ [SEP] unite"
271,de,2.441987671,Thriller [SEP] Er hat wieder einen extrem spannenden Thriller geschrieben. [SEP] t_______ [SEP] thriller
272,de,-2.23292209,"vorausgesetzt [SEP] Wir werden die Geburtstagsfeier im Garten feiern, vorausgesetzt, das Wetter hält. [SEP] p_______ [SEP] provided"
273,de,-3.704899623,"stören [SEP] Er war darauf bedacht, die Sitzung nicht zu stören. [SEP] d______ [SEP] disrupt"
274,de,-2.611027355,zwanghaft [SEP] Er ist ein zwanghafter Spieler. [SEP] c_________ [SEP] compulsive
275,de,-1.28178811,einführen [SEP] Mein Vater hat eine erfolgreiche Firma gegründet. [SEP] e________ [SEP] establish
276,de,-0.26920442,Sachen [SEP] Ich habe einfach zu viele Sachen in meiner Wohnung. [SEP] s____ [SEP] stuff
277,de,2.691980439,"bedeuten [SEP] Bedeutet das, dass du deinen Job kündigen wirst? [SEP] m___ [SEP] mean"
278,de,1.923072831,zeichnen [SEP] Der Junge zeichnet gerne. [SEP] d___ [SEP] draw
279,de,0.33398016,mechanisch [SEP] Die mechanische Maschine muss erneuert werden. [SEP] m_________ [SEP] mechanical
280,de,-1.42893723,Stromausfall [SEP] Heute Nacht gab es einen Stromausfall von mehreren Stunden. [SEP] b_______ [SEP] blackout
281,de,0.674423141,Gebiet [SEP] Dieses Gebiet eignet sich hervorragend für den Anbau von Wein und Obst. [SEP] r_____ [SEP] region
282,de,-3.90775895,"unbestreitbar [SEP] Ich bewundere seine unbestreibaren Leistungen, aber das ist nicht alles. [SEP] u_____________ [SEP] unquestionable"
283,de,-1.015049823,beleidigend [SEP] Seine Kommentare waren schwer beleidigend. [SEP] i________ [SEP] insulting
284,de,-0.093603576,Motorrad [SEP] Lukas fährt mit seinem Motorrad eine kurvenreiche Strecke. [SEP] m________ [SEP] motorbike
285,de,-0.668626162,Ingenieurwesen [SEP] Sie hat Ingenieurwesen an einer technischen Universität studiert. [SEP] e__________ [SEP] engineering
286,de,1.364825422,echt [SEP] Diese Halskette ist aus echtem Gold und Silber. [SEP] r___ [SEP] real
287,de,-1.919192075,Beständigkeit [SEP] Eine größere politische und wirtschaftliche Beständigkeit ist für alle Europäer ein Gewinn. [SEP] s________ [SEP] stability
288,de,0.653875818,"Ansicht [SEP] Wir sind der Ansicht, dass man nicht gleich eingreifen sollte. [SEP] v___ [SEP] view"
289,de,2.163104282,"Schlüssel [SEP] Verwende den kleinen Schlüssel, um die Tür aufzuschließen. [SEP] k__ [SEP] key"
290,de,-2.995499027,Arbeitsplatz [SEP] Er saß an seinem Arbeitsplatz und starrte auf den Bildschirm. [SEP] w__________ [SEP] workstation
291,de,2.783739629,"Zimmer [SEP] Du kannst dir gar nicht vorstellen, wie schön der Ausblick von dem Zimmer aus war. [SEP] r___ [SEP] room"
292,de,-2.559499571,Farbstoff [SEP] Der Stoff dieser T-Shirts wurde mit natürlichen Farbstoffen gefärbt. [SEP] p______ [SEP] pigment
293,de,2.497414364,Englisch [SEP] Sprichst du Englisch? [SEP] e______ [SEP] english
294,de,0.166688774,multiplizieren [SEP] Sie konnten ihre Gewinne multiplizieren. [SEP] m_______ [SEP] multiply
295,de,-1.036499147,liebevoll [SEP] Er ist ein liebevoller Vater für unsere drei Kinder. [SEP] l_____ [SEP] loving
296,de,-1.835093428,schreckliche [SEP] Er hatte eine schreckliche Angst vor Spinnen. [SEP] t_____ [SEP] terror
297,de,0.655308475,jdn/etw [SEP] Wir erwarten traumhaftes Wetter für kommendes Wochenende. [SEP] e_____ [SEP] expect
298,de,-0.334194236,siegreich [SEP] Die siegreiche Mannschaft feierte noch lange ausgelassen. [SEP] v_________ [SEP] victorious
299,de,-0.179836174,wiederverwerten [SEP] Möchtest du diese alten Blumentöpfe nicht wiederverwerten? Man könnte zum Beispiel Vogelfutter darin aufbewahren. [SEP] r______ [SEP] recycle
300,de,1.494663209,"Angst [SEP] Sie wussten, dass ihr Vorhaben gefährlich ist. Trotzdem hatten sie keine Angst. [SEP] f___ [SEP] fear"
301,de,-2.790100493,klammern [SEP] Sie hatte große Angst und klammerte sich an ihren Freund. [SEP] c____ [SEP] cling
302,de,-2.720500209,richten [SEP] Er schaute in den Spiegel und richtete seine Krawatte. [SEP] s_________ [SEP] straighten
303,de,-2.210638207,Kommando [SEP] Die Bedrohung durch Drogenringe hat in dieser Region zugenommen und ein Anti-Drogen-Kommando muss zusammengestellt werden. [SEP] s____ [SEP] squad
304,de,-1.094105158,unterbringen [SEP] Das Haus kann zwei Familien unterbringen. [SEP] a__________ [SEP] accommodate
305,de,-0.903106221,Denkmal [SEP] Das Denkmal steht in der Empfangshalle und ist wegen seiner Schönheit weltberühmt. [SEP] s_____ [SEP] statue
306,de,0.841566874,Intelligenz [SEP] Ihre Intelligenz ist außergewöhnlich. Das Mädchen ist ein Genie. [SEP] i___________ [SEP] intelligence
307,de,2.846857698,"Ski [SEP] Du musst dir wirklich einen neuen Ski zulegen, weil dieses Modell ist ja mindestens 20 Jahre alt und kann jederzeit brechen. [SEP] s__ [SEP] ski"
308,de,-3.131521974,Musterung [SEP] Das Fell eines Leoparden hat eine ähnliche Musterung wie das Fell des Jaguars. [SEP] m______ [SEP] marking
309,de,-0.25120047,Rat [SEP] Meine Mutter hat mir immer schon gute Ratschläge gegeben. [SEP] a_____ [SEP] advice
310,de,-0.793464122,Verständnis [SEP] Die Übung soll den Schülern das Verständnis des Textes erleichtern. [SEP] c____________ [SEP] comprehension
311,de,-1.007497301,erschwinglich [SEP] Das neue Auto war erschwinglich. [SEP] a_________ [SEP] affordable
312,de,0.770468519,reserviert [SEP] Wir konnten unsere gebuchten Sitze zuerst gar nicht finden. [SEP] r_______ [SEP] reserved
313,de,3.033666175,niedrig [SEP] Der Helikopter fliegt ziemlich niedrig. [SEP] l__ [SEP] low
314,de,1.772187519,Skulptur [SEP] Die Skulptur im Park hat viele Diskussionen ausgelöst. [SEP] s________ [SEP] sculpture
315,de,-1.542388246,reaktionsfreudig [SEP] Diese Chemikalie ist äußerst reaktionsfreudig und muss vorsichtig gehandhabt werden. [SEP] r_______ [SEP] reactive
316,de,0.255574432,Weinrebe [SEP] Die Blätter der Weinrebe machen sich hübsch als Dekoration. [SEP] v___ [SEP] vine
317,de,0.159644183,"Streichholz [SEP] Verwende die Streichhölzer, um die Kerzen anzuzünden. [SEP] m____ [SEP] match"
318,de,2.198712586,Gast [SEP] Wir haben einen Gast! Magst du dich zu uns setzen? [SEP] g____ [SEP] guest
319,de,-1.24423216,"Gasse [SEP] Wenn du nach der zweiten Gasse rechts abbiegst, kommst du zur Universität. [SEP] a____ [SEP] alley"
320,de,-0.941418467,katastrophal [SEP] Katastrophale Überschwemmungen haben die Region unbefahrbar gemacht. [SEP] c___________ [SEP] catastrophic
321,de,1.374329767,männlich [SEP] Meine männlichen Kollegen sind alle sehr nett. [SEP] m___ [SEP] male
322,de,-1.040396332,Anlage [SEP] Das Hotel hat seit einem Jahr eine tolle Sportanlage. [SEP] f_______ [SEP] facility
323,de,-0.937101117,Ungerechtigkeit [SEP] Die Organisation kämpft gegen soziale Ungerechtigkeit. [SEP] i________ [SEP] injustice
324,de,0.871177366,Bisexualität [SEP] Das Thema der Bisexualität wird nur am Rande diskutiert. [SEP] b__________ [SEP] bisexuality
325,de,-1.488798525,Verhältnis [SEP] Für ein Salatdressing mische ich Öl und Essig immer im Verhältnis zwei zu eins. [SEP] r____ [SEP] ratio
326,de,0.888432378,neu [SEP] Nach der Reparatur musste man die Anlage neu starten. [SEP] r______ [SEP] restart
327,de,-1.578695435,"gelingen [SEP] Wenn du dich gut vorbereitest, wird dir die Übertrittsprüfung sicher gelingen. [SEP] s______ [SEP] succeed"
328,de,-0.053800192,gebildet [SEP] Er macht einen gebildeten und kultivierten Eindruck. [SEP] e_______ [SEP] educated
329,de,-0.538555099,anschaffen [SEP] Ich kaufe meine Zugtickets meist Wochen vorher. [SEP] p_______ [SEP] purchase
330,de,0.08701825,Mut [SEP] Sie hat Mut in dieser Situation bewiesen. [SEP] c______ [SEP] courage
331,de,-1.986940714,übersteigen [SEP] Die Temperaturen übersteigen zum ersten Mal die 30-Grad-Marke. [SEP] e_____ [SEP] exceed
332,de,1.281180507,Reisen [SEP] Die Firma schickt sie sehr oft auf Auslandsreisen. [SEP] t_____ [SEP] travel
333,de,1.724802174,kubanisch [SEP] Kubanische Zigarren gelten als die besten der Welt. [SEP] c____ [SEP] cuban
334,de,-1.035793105,"Wärter [SEP] Der Wärter schließt das Tor, das zu den Elefanten führt. [SEP] k_____ [SEP] keeper"
335,de,2.067634805,Schritt [SEP] Nach dem Mittagessen geht er immer ein paar Schritte im Park. [SEP] s___ [SEP] step
336,de,-1.377622056,auslösen [SEP] Schon die geringste Erschütterung kann den Alarm auslösen. [SEP] t______ [SEP] trigger
337,de,0.125988768,Alkoholsucht [SEP] Die Verbreitung von Alkoholsucht und Fettleibigkeit nehmen zu. [SEP] a_________ [SEP] alcoholism
338,de,1.178439023,"unfähig [SEP] Er lag am Boden und war unfähig, sich zu rühren. [SEP] u_____ [SEP] unable"
339,de,1.160426408,interessiert [SEP] Sie zeigt sich interessiert an der Politik. [SEP] i_________ [SEP] interested
340,de,-1.146320415,Pfad [SEP] Der Pfad führte direkt in den Wald hinein. (NICHT track) [SEP] t____ [SEP] trail
341,de,0.093086544,Drehbewegung [SEP] Wir Menschen können Drehbewegung der Erde nicht am eigenen Leib spüren. [SEP] r_______ [SEP] rotation
342,de,3.122453486,Hotel [SEP] Wir übernachten in einem Viersternehotel. [SEP] h____ [SEP] hotel
343,de,-0.774093961,"Quittung [SEP] Wenn man mit Kreditkarte bezahlt, sollte man unbedingt die dazugehörige Quittung aufbewahren. [SEP] r______ [SEP] receipt"
344,de,-0.226001352,regelmäßig [SEP] Die Treffen wurden immer regelmäßig im Abstand von zwei Monaten abgehalten. [SEP] r________ [SEP] regularly
345,de,-1.589512181,"unvorhersehbar [SEP] Es ist schwierig, beim derzeitigen unvorhersehbaren Wetter etwas zu planen. [SEP] u____________ [SEP] unpredictable"
346,de,-1.745942914,"wiegen [SEP] Er wiegt das Baby in seinem Arm, bis es friedlich einschläft. [SEP] r___ [SEP] rock"
347,de,1.501351966,täglich [SEP] Eine tägliche Sporteinheit ist gesund. [SEP] d____ [SEP] daily
348,de,-0.974091405,Beitrag [SEP] Wir schätzen den Beitrag von unabhängigen Experten sehr. [SEP] i____ [SEP] input
349,de,2.009838985,beladen [SEP] Der LKW wird gerade beladen. [SEP] l___ [SEP] load
350,de,2.273089089,"ja [SEP] Ja, das ist richtig. [SEP] y__ [SEP] yes"
351,de,0.836132741,Ziege [SEP] Der Bauer hat zwei Ziegen. [SEP] g___ [SEP] goat
352,de,-0.436833381,Verwaltung [SEP] Die Universitätsverwaltung senkte die Studiengebühren. [SEP] a_____________ [SEP] administration
353,de,0.832817421,dominant [SEP] Meine Mutter war sehr dominant in unserer Familie. [SEP] d_______ [SEP] dominant
354,de,-2.543294664,Gruppe [SEP] Die Studenten standen in Gruppen um die Präsentationstafeln. [SEP] c______ [SEP] cluster
355,de,-1.40341888,"sich [SEP] Sich dem Berg von Westen nähernd, hat man eine tolle Aussicht auf das Dorf. [SEP] a__________ [SEP] approaching"
356,de,-0.34886425,Soziologe [SEP] Als Soziologin hat sie sich vor allem mit Geschlechterrollen innerhalb der Gesellschaft beschäftigt. [SEP] s__________ [SEP] sociologist
357,de,0.229384528,Bildungs [SEP] Das Bildungswesen ist in einer Übergangszeit. [SEP] e__________ [SEP] educational
358,de,1.375470972,Heimatstadt [SEP] Meine Heimatstadt hat mittlerweile 20 000 Einwohner. [SEP] h_______ [SEP] hometown
359,de,0.256031369,Aufnahme [SEP] Diese Aufnahme von Johnny Cash entstand während der Arbeit an seinem ersten Album. [SEP] r________ [SEP] recording
360,de,-2.477560618,über [SEP] Die Politiker diskutieren noch über den neuen Gesetzesentwurf. [SEP] d_____ [SEP] debate
361,de,0.682124446,"Menschenmenge [SEP] Es ist leicht, sich in der Menschenmenge zu verlieren. [SEP] c____ [SEP] crowd"
362,de,-0.877249656,großstädtisch [SEP] Die Freunde lieben den großstädtischen Charme von Wien. [SEP] m___________ [SEP] metropolitan
363,de,-0.075960903,Beleidigung [SEP] Die Beleidigung hat uns schwer getroffen. [SEP] i_____ [SEP] insult
364,de,1.012606531,neutral [SEP] Österreich ist ein neutrales Land. [SEP] n______ [SEP] neutral
365,de,-2.081648645,Kriegsführung [SEP] Die Erfindung hatte Auswirkungen auf die Wirtschaft und die Kriegsführung. [SEP] w______ [SEP] warfare
366,de,0.140270636,"bestehen [SEP] Ich möchte dich zum Abendessen einladen, ich bestehe darauf. [SEP] i_____ [SEP] insist"
367,de,-0.516736464,Finsternis [SEP] Alle warteten gespannt auf die Sonnenfinsternis. [SEP] e______ [SEP] eclipse
368,de,-1.685712974,erforderlich [SEP] Die erforderliche Geldsumme muss bis Monatsbeginn überwiesen werden. [SEP] r_______ [SEP] required
369,de,-2.917526739,Sperre [SEP] Der Mittelstürmer protestierte gegen seine zweimonatige Sperre. [SEP] s_________ [SEP] suspension
370,de,-1.934457415,offenbar [SEP] Er hat offenbar gelogen. [SEP] c______ [SEP] clearly
371,de,-0.160147782,Gegner [SEP] Du musst dich gut vorbereiten. Dein Gegner ist ein starker Spieler. [SEP] o_______ [SEP] opponent
372,de,-1.073218131,jdn/etw [SEP] In diesem Abschnitt darf nicht überholt werden. [SEP] o_______ [SEP] overtake
373,de,-1.837682658,"betonen [SEP] In ihrer Rede betonte die Direktorin, wie wichtig ihr eine gute Zusammenarbeit der Lehrkräfte ist. [SEP] s_____ [SEP] stress"
374,de,-2.230755437,Radio [SEP] Ich habe es soeben im Radio gehört. [SEP] w_______ [SEP] wireless
375,de,1.56725961,normalerweise [SEP] Normalerweise beschwere ich mich nicht in einem Restaurant. [SEP] n_______ [SEP] normally
376,de,-0.670563154,ziemlich [SEP] Unser Auto ist ziemlich neu. [SEP] p_____ [SEP] pretty
377,de,0.420484708,"brüllen [SEP] Die Löwen brüllen so laut, dass man sie schon aus der Ferne gut hören kann. [SEP] r___ [SEP] roar"
378,de,-0.744745263,ertragen [SEP] Ich ertrage diese Lügerei nicht mehr länger. [SEP] b___ [SEP] bear
379,de,-1.273409912,"zu [SEP] Ich beabsichtige, in der nächsten Zeit zu verreisen. [SEP] a__ [SEP] aim"
380,de,-3.103006349,"erzählen [SEP] Können Sie uns noch einmal im Detail erzählen, was an diesem Abend passiert ist? [SEP] r______ [SEP] recount"
381,de,1.095862928,ansteigen [SEP] Die Kosten für dieses Projekt steigen an. [SEP] i_______ [SEP] increase
382,de,1.088089352,ziemlich [SEP] Das Essen im Restaurant war eigentlich ziemlich gut. [SEP] q____ [SEP] quite
383,de,0.095063003,Genehmigung [SEP] Ohne eine Genehmigung dürfen Sie dieses Areal nicht betreten. [SEP] p_________ [SEP] permission
384,de,-4.463753247,hervorstehend [SEP] Blöderweise habe ich mir bei diesem hervorstehenden Nagel die Hand verletzt. [SEP] p_________ [SEP] projecting
385,de,-2.376049901,Kotelett [SEP] Wir hatten Schweinskoteletts zum Mittagessen. [SEP] c___ [SEP] chop
386,de,3.566343365,Anruf [SEP] Du hast einen Anruf von deiner Mutter bekommen. Bitte ruf sie zurück. [SEP] c___ [SEP] call
387,de,-1.555956277,Anwärter [SEP] Die Oscar-Anwärter saßen im Publikum. [SEP] n______ [SEP] nominee
388,de,-1.726098919,Ziel [SEP] Nach einer Stunde und zehn Minuten überquerte er die Ziellinie. [SEP] f________ [SEP] finishing
389,de,1.189424018,"Feuerschutzwand [SEP] Die Feuerschutzwand verhinderte, dass sich das Feuer noch weiter ausbreitete. [SEP] f_______ [SEP] firewall"
390,de,-0.880641119,Rat [SEP] Der Gemeinderat stimmte einstimmig für die Genehmigung des Projekts. [SEP] c______ [SEP] council
391,de,0.417448768,Geldtasche [SEP] Jemand hat in der U-Bahn ihre Geldtasche gestohlen. [SEP] p____ [SEP] purse
392,de,0.42543222,"Flickzeug [SEP] Wenn ich eine große Radtour mache, nehme ich immer mein Flickzeug mit. [SEP] k__ [SEP] kit"
393,de,-1.226947056,verarbeiten [SEP] Unser Gehirn verarbeitet ähnlich wie ein Computer viele Daten gleichzeitig. [SEP] p______ [SEP] process
394,de,2.26287612,"gefährlich [SEP] Klettern kann gefährlich sein, wenn man nicht die richtige Ausrüstung besitzt. [SEP] d________ [SEP] dangerous"
395,de,-1.087389472,"offensichtlich [SEP] Es ist offensichtlich, dass der mutmaßliche Täter schuldig ist. [SEP] e______ [SEP] evident"
396,de,3.28344858,Ego [SEP] Sein Ego leidet unter der harschen Kritik. [SEP] e__ [SEP] ego
397,de,-0.299895688,elend [SEP] Er fühlt sich in seinem elenden Leben gefangen. [SEP] m________ [SEP] miserable
398,de,-0.015788432,"kritisch [SEP] Man muss kritisch denken, um die Aufgabe richtig zu lösen. [SEP] c_________ [SEP] critically"
399,de,-0.839573077,bedeutsam [SEP] Das war eine bedeutsame Rede. [SEP] m_________ [SEP] meaningful
400,de,-1.256205145,geordnet [SEP] Die geordneten Gegenstände sind bereit zur Abholung. [SEP] o______ [SEP] ordered
401,de,2.760489766,arbeiten [SEP] Ich arbeite in der Möbelbranche. [SEP] w___ [SEP] work
402,de,-0.916506236,angehen [SEP] Die Probleme der Dritten Welt gehen uns alle etwas an. [SEP] c______ [SEP] concern
403,de,-3.125110287,umfassen [SEP] Der neue Lehrplan beinhaltet sowohl theoretische als auch praktische Aspekte. [SEP] e________ [SEP] encompass
404,de,1.605268742,Körper [SEP] Mein ganzer Körper juckt. [SEP] b___ [SEP] body
405,de,-4.50286589,"vorausschauend [SEP] Eine besonders vorausschauende Maßnahme ist, wenn wir schon Kinder über die Gefahren des Rauchens aufklären. [SEP] p________ [SEP] proactive"
406,de,1.595988334,demokratisch [SEP] Die Schüler haben eine demokratische Entscheidung gefällt. [SEP] d_________ [SEP] democratic
407,de,1.996753014,Kindheit [SEP] Ich hatte eine sehr glückliche Kindheit. [SEP] c________ [SEP] childhood
408,de,-1.762170376,Flachland [SEP] Das Flachland in dieser Region wird im Sommer sehr trocken. [SEP] p____ [SEP] plain
409,de,-2.292373265,"dagegen [SEP] Meine Eltern missbilligten meine Entscheidung, nach Holland zu fahren. [SEP] d_________ [SEP] disapprove"
410,de,-2.293830391,Höflichkeit [SEP] Die Verkäuferin behandelt alle Kunden mit Höflichkeit. [SEP] c_______ [SEP] courtesy
411,de,-0.562891918,"Intellektueller [SEP] Intellektuelle treffen sich gerne in diesem Café, um über wichtie Themen zu diskutieren. [SEP] i___________ [SEP] intellectual"
412,de,-1.162563079,schnell [SEP] Wir wünschen ihr eine schnelle Genesung. [SEP] s_____ [SEP] speedy
413,de,-2.175696198,maßgeblich [SEP] Die UNO spielt in diesem Konflikt eine maßgebliche Rolle. [SEP] v____ [SEP] vital
414,de,-3.537504695,"unbestimmt [SEP] Die ist eine noch unbestimmte Pflanzenart., lLasst sie uns für Forschungszwecke unbedingt fotografieren. [SEP] u___________ [SEP] undetermined"
415,de,0.955328082,Traube [SEP] Ich esse gerne Trauben. [SEP] g____ [SEP] grape
416,de,-0.99520001,Bote [SEP] Der Bote überbringt die schlechten Nachrichten. [SEP] m________ [SEP] messenger
417,de,0.245232079,Bezirk [SEP] Dieser Bezirk ist berüchtigt wegen der Luftverschmutzung. [SEP] d_______ [SEP] district
418,de,-2.11887459,"sinnvoll [SEP] Ich finde, das war eine wirklich sinnvolle und gute Entscheidung. [SEP] s_______ [SEP] sensible"
419,de,1.010392407,Leopard [SEP] Das Fell des Leoparden ist gefleckt. [SEP] l______ [SEP] leopard
420,de,-0.450308581,"Verhältnisse [SEP] Peter kam aus armen Verhältnissen, aber er wurde später sehr reich. [SEP] b_________ [SEP] background"
421,de,-2.850153306,elegant [SEP] Die Schritte der Tänzerin waren elegant und geschmeidig. [SEP] g_______ [SEP] graceful
422,de,-2.48470154,beilegen [SEP] Nach einem langen Gespräch konnten wir unseren Streit endlich beilegen. [SEP] s_____ [SEP] settle
423,de,1.272298434,Ganzes [SEP] Acht Achtel bilden ein Ganzes. [SEP] w____ [SEP] whole
424,de,-1.815269278,Wohn [SEP] Dieser Stadtteil ist vor allem ein beliebtes Wohngebiet mit wenigen Betrieben und nur ein paar Lokalen und Geschäften. [SEP] r__________ [SEP] residential
425,de,0.189125954,"Rhythmus [SEP] Ich mag dieses neue Lied, weil es einen interessanten Rhythmus hat. [SEP] r_____ [SEP] rhythm"
426,de,0.343748841,Jahreszeit [SEP] Der Frühling ist eine besonders schöne Jahreszeit in dieser Gegend. [SEP] s_____ [SEP] season
427,de,0.849203492,antik [SEP] Ich liebe antike Möbelstücke. [SEP] a______ [SEP] antique
428,de,-0.837672026,Schuld [SEP] Er nahm die Schuld auf sich. [SEP] b____ [SEP] blame
429,de,-0.814769483,Gedächtnisschwund [SEP] Nach dem Unfall litt sie drei Wochen an Gedächtnisschwund. [SEP] a______ [SEP] amnesia
430,de,1.116194611,Bildschirm [SEP] Der Computer hat einen 15-Zoll-Bildschirm. [SEP] m______ [SEP] monitor
431,de,-1.596450902,Meeres [SEP] Das Leben vieler Meeresbewohner ist durch die Ölkatastrophe in Gefahr. [SEP] m_____ [SEP] marine
432,de,1.046443395,Kräcker [SEP] Ich esse ein paar Kräcker am Nachmittag. [SEP] c______ [SEP] cracker
433,de,-0.119447874,verschwinden [SEP] Sie verabschiedete sich und verschwand in ihr Zimmer. [SEP] d________ [SEP] disappear
434,de,-4.150994927,"Erkenntnis [SEP] Wie aus dem Nichts traf sie die Erkenntnis, dass sie den Menschen fürs Leben getroffen hat. [SEP] r__________ [SEP] realization"
435,de,-1.316115802,Diskurs [SEP] Es wird ein öffentlicher Diskurs über Dialekte geführt. [SEP] d________ [SEP] discourse
436,de,-1.543645869,Idee [SEP] Die Firma entwickelt ständig neue Ideen für innovative Produkte. [SEP] c______ [SEP] concept
437,de,0.562231022,informativ [SEP] Das war ein sehr informativer Infoabend. [SEP] i__________ [SEP] informative
438,de,0.329879879,Überblick [SEP] Ich muss mir zuerst einen Überblick davon verschaffen. [SEP] o_______ [SEP] overview
439,de,-2.980990591,unversöhnlich [SEP] Diese Erfahrungen machten ihn hart und unversöhnlich. [SEP] u__________ [SEP] unforgiving
440,de,0.693303892,Hausfrau [SEP] Meine Frau ist Hausfrau und erzieht unsere Kinder. [SEP] h________ [SEP] housewife
441,de,-0.860915796,ungefähr [SEP] Der Zug hat an diesem Bahnhof einen geplanten Aufenthalt von ungefähr zwei Minuten. [SEP] a____________ [SEP] approximately
442,de,-0.551410539,Siedler [SEP] Das Leben war sehr hart für die ersten Siedler in dieser Region. [SEP] s______ [SEP] settler
443,de,-0.012243113,Welpen [SEP] Einige Tage später nahmen sie den Welpen mit nach Hause. [SEP] p____ [SEP] puppy
444,de,-2.10407375,überschlagen [SEP] Beim Unfall überschlug sich unser Auto. [SEP] f___ [SEP] flip
445,de,-1.808984358,Bach [SEP] Der Bach fließt in den See. [SEP] c____ [SEP] creek
446,de,-2.511427089,"von [SEP] Man muss endlich begreifen, dass auch die kleinsten Veränderungen von Bedeutung sind. [SEP] m_____ [SEP] matter"
447,de,-3.886472597,eingefleischt [SEP] Mein Vater und seine Kumpels sind eingefleischte Fans des heimischen Fußballvereins. [SEP] c________ [SEP] confirmed
448,de,-2.357128383,gleichwertig [SEP] Die beiden Gewinner der Sportveranstaltung erhielten gleichwertige Preise. [SEP] e_________ [SEP] equivalent
449,de,-0.296488353,Forschungsreise [SEP] Wir planen eine Forschungsreise in die Antarktis. [SEP] e_________ [SEP] expedition
450,de,-0.388999603,"einer [SEP] Glaubst du, Tim wurde einer Gehirnwäsche unterzogen? [SEP] b__________ [SEP] brainwashed"
451,de,1.812788072,überraschen [SEP] Ich möchte meinen Mann mit einer Geburtstagsparty überraschen. [SEP] s_______ [SEP] surprise
452,de,-1.568696133,"brechen [SEP] Wenn sie diese Maßnahme durchführen, brechen sie internationales Recht. [SEP] v______ [SEP] violate"
453,de,-3.490119124,"nicht [SEP] Diese Dokumente sind nicht geheim, jede/r hat Zugang dazu. [SEP] u___________ [SEP] unclassified"
454,de,-1.944414281,Rahmen [SEP] Der Anwalt muss im Rahmen der Gesetze handeln. [SEP] f________ [SEP] framework
455,de,-0.84005879,Entwurf [SEP] Tom zeigte seiner Frau den Entwurf des Briefes. [SEP] d____ [SEP] draft
456,de,-5.083264799,Wiederbelebung [SEP] Die Wiederbelebung des Ortskernes sollte uns allen am Herzen liegen. [SEP] r___________ [SEP] regeneration
457,de,1.086419099,Lachs [SEP] Sie kann Lachs überhaupt nicht ausstehen und wir sollten uns für sie etwas anderes überlegen. [SEP] s_____ [SEP] salmon
458,de,0.321465623,vorherig [SEP] Die vorherigen Besitzer haben an dieser Wohnung nur sehr wenig geändert. [SEP] p_______ [SEP] previous
459,de,2.509845454,füllen [SEP] Darf ich dein Glas noch einmal füllen? [SEP] f___ [SEP] fill
460,de,-0.146680305,modisch [SEP] Sie trägt ein modisches Kleid. [SEP] f__________ [SEP] fashionable
461,de,-2.955112677,Leid [SEP] Er möchte ihr kein Leid zufügen. [SEP] d_______ [SEP] distress
462,de,1.0245684,Schwert [SEP] Der Ritter steckte das Schwert in die Scheide. [SEP] s____ [SEP] sword
463,de,2.50033788,Tradition [SEP] Diese Tradition wird heute noch hochgehalten. [SEP] t________ [SEP] tradition
464,de,0.363368971,Vorstellungskraft [SEP] Der Angestellte hatte nicht die Vorstellungskraft für die visionären Pläne seines Chefs. [SEP] i__________ [SEP] imagination
465,de,2.382276295,Sklave [SEP] Kriegsgefangene wurden früher oft als Sklaven verkauft. [SEP] s____ [SEP] slave
466,de,-0.548467859,stimmungsvoll [SEP] Am Ende des Abends machten wir noch einen Spaziergang am Strand und das war wirklich sehr stimmungsvoll und wie in einem Liebesfilm! [SEP] r_______ [SEP] romantic
467,de,-0.180233915,"Gehalt [SEP] Die Firma, bei der sie jetzt arbeitet, konnte ihr ein wirklich attraktives Gehalt anbieten. [SEP] s_____ [SEP] salary"
468,de,1.404740053,Puppe [SEP] Die Kinder spielen mit Puppen. [SEP] d___ [SEP] doll
469,de,0.493052415,reparieren [SEP] Der Vater reparierte das Fahrrad seiner Tochter. [SEP] f__ [SEP] fix
470,de,0.039422083,Wirtschaftswissenschaftler [SEP] Der Wirtschaftswissenschaftler stellt eine düstere Prognose. [SEP] e________ [SEP] economist
471,de,1.26890116,gerade [SEP] Ich kann gerade nicht. [SEP] j___ [SEP] just
472,de,0.052964049,"Fassung [SEP] Es gibt eine leicht unterschiedliche Fassung dieses Spiels, die besonders in Schottland gerne gespielt wird. [SEP] v______ [SEP] version"
473,de,-0.114130686,gefälscht [SEP] Die Jugendlichen hatten gefälschte Ausweise dabei. [SEP] f___ [SEP] fake
474,de,-0.436382753,beschäftigen [SEP] Die Familie hat einen Gärtner angestellt. [SEP] e_____ [SEP] employ
475,de,-3.247090278,Kasse [SEP] Wir bezahlen unseren Einkauf an der Kasse. [SEP] c_______ [SEP] checkout
476,de,-0.332365457,Rückblende [SEP] Der Film begann mit einer Rückblende. [SEP] f________ [SEP] flashback
477,de,-0.760056097,äußerst [SEP] Im Herbst ist wieder äußerste Vorsicht vor Wildunfällen geboten. [SEP] e______ [SEP] extreme
478,de,1.950806072,im [SEP] Ich habe Zutritt zu dem hinteren Bereich der Bühne. [SEP] b________ [SEP] backstage
479,de,-1.177284309,ziemlich [SEP] Sie erklärt ihre Gründe ziemlich gut. [SEP] f_____ [SEP] fairly
480,de,2.180659982,Biss [SEP] Kann ich einen Bissen haben? [SEP] b___ [SEP] bite
481,de,-1.167701446,jdm [SEP] Der Auslandsaufenthalt wurde bewilligt. [SEP] g____ [SEP] grant
482,de,-1.519901727,bedingungslos [SEP] Ich unterstütze ihn bedingungslos. [SEP] u______________ [SEP] unconditionally
483,de,2.012671648,Einkommen [SEP] In dieser Region haben die Menschen ein hohes Durchschnittseinkommen. [SEP] i_____ [SEP] income
484,de,-1.46356155,abnehmen [SEP] Die Zahl der Museumsbesucher ist zurückgegangen. [SEP] d_______ [SEP] decrease
485,de,-1.684503061,Zustimmung [SEP] Er hat das Grundstück betreten ohne die Zustimmung des Eigentümers. [SEP] c______ [SEP] consent
486,de,-2.424144646,technisch [SEP] Wir gehören sicher zu den technisch fortgeschrittenen Ländern. [SEP] t______________ [SEP] technologically
487,de,-1.615759179,zusammendrücken [SEP] Ich zerquetschte die Nüsse und fügte sie dem Kuchenteig hinzu. [SEP] c____ [SEP] crush
488,de,0.761748448,trotzdem [SEP] Die Straßenverhältnisse in dieser Gegend sind sehr schlecht. Trotzdem gibt es hier viel Verkehr. [SEP] n___________ [SEP] nevertheless
489,de,-1.479833202,Bewerber [SEP] Sie wurde aus zehntausend Bewerbern ausgewählt. [SEP] a________ [SEP] applicant
490,de,1.343655298,"Traurigkeit [SEP] Ihn überkam ein Gefühl von großer Traurigkeit, als er das Zimmer betrat. [SEP] s______ [SEP] sadness"
491,de,-2.796376358,Berater [SEP] Ein hochrangiger Militärberater ist angeklagt. [SEP] a___ [SEP] aide
492,de,0.613089472,heimlich [SEP] Sie buchte den Urlaub ganz geheim und ohne ihrer Familie etwas davon zu verraten. [SEP] s_______ [SEP] secretly
493,de,-1.002683653,diplomatisch [SEP] Die beiden Staatsvertreter verhalten sich diplomatisch. [SEP] d_____________ [SEP] diplomatically
494,de,4.323404651,Bombe [SEP] Die Wissenschaft hat die Atombombe erfunden. [SEP] b___ [SEP] bomb
495,de,1.067807419,sich [SEP] Wo sind wir? Wir haben uns verirrt. [SEP] l___ [SEP] lost
496,de,0.154619493,starren [SEP] Während des Unterrichts starrte sie immer wieder auf ihr Handy. [SEP] s____ [SEP] stare
497,de,2.26497647,hoch [SEP] Das höchste Gebäude dieser Stadt wurde vor zehn Jahren errichtet. [SEP] h___ [SEP] high
498,de,1.92247894,Hexe [SEP] Die Hexe lockte die Kinder ins Pfefferkuchenhaus. [SEP] w____ [SEP] witch
499,de,3.311844815,herunter [SEP] Man sitzt nicht auf dem Tisch. Komm sofort vom Tisch herunter! [SEP] d___ [SEP] down
500,de,0.326429399,geräuchert [SEP] Als Vorspeise servieren wir geräucherten Lachs mit frischen Kräutern und hausgemachter Mayonnaise. [SEP] s_____ [SEP] smoked
501,de,1.255074541,Unterschied [SEP] Es gibt große kulturelle Unterschiede zwischen den zwei Völkern. [SEP] d_________ [SEP] difference
502,de,1.646529664,Pfirsich [SEP] Ich esse gerne Pfirsiche. [SEP] p____ [SEP] peach
503,de,0.588853499,gründen [SEP] Die Firma wurde neu gegründet. [SEP] f____ [SEP] found
504,de,0.284502794,Magier [SEP] Sie möchte eines Tages als Magierin vor Publikum auftreten. [SEP] m_______ [SEP] magician
505,de,1.456913793,"Wurzel [SEP] Eichenbäume bilden sehr tiefe Wurzeln aus, um sich mit Wasser und Nährstoffen zu versorgen. [SEP] r___ [SEP] root"
506,de,1.428122084,Bass [SEP] Mein Vater hat eine tiefe Stimme und singt Bass im Chor. [SEP] b___ [SEP] bass
507,de,1.210937783,Lage [SEP] Die Lage in Nordkorea ist derzeit wirklich ernst. [SEP] s________ [SEP] situation
508,de,-0.500629225,atmosphärisch [SEP] Atmosphärische Schadstoffe beunruhigen die Ärzte. [SEP] a__________ [SEP] atmospheric
509,de,0.079963226,Art [SEP] Es handelt sich dabei um eine vom Aussterben bedrohte Art. [SEP] s______ [SEP] species
510,de,-1.106439405,Maßnahme [SEP] Es ist eine sofortige Maßnahme notwendig. [SEP] a_____ [SEP] action
511,de,-3.335335218,"Gedanke [SEP] Der ursprüngliche Gedanke hinter der Reform war gut, aber die Umsetzung war sehr mangelhaft. [SEP] s________ [SEP] sentiment"
512,de,3.504497123,"stehen [SEP] Wir mussten fast die ganze Reise über stehen, da der Zug so überfüllt war. [SEP] s____ [SEP] stand"
513,de,-2.755601968,darstellen [SEP] Das Bild stellt eine traumhafte Landschaft dar. [SEP] f______ [SEP] feature
514,de,-0.69973764,den [SEP] Kommandant Müller hatte den Oberbefehl über die Fahrzeugkolonne. [SEP] c______ [SEP] command
515,de,-0.428978818,Kreislauf [SEP] Regelmäßiger Sport stabilisiert den Kreislauf. [SEP] c__________ [SEP] circulation
516,de,1.562546383,Flügel [SEP] Die Ente schien einen lahmen Flügel zu haben. [SEP] w___ [SEP] wing
517,de,2.725651964,überqueren [SEP] Er überquerte die Straße. [SEP] c____ [SEP] cross
518,de,1.719264949,"Preis [SEP] Gute Produkte haben oft einen höheren Wert. Das schlägt sich in dem Preis nieder, den man dafür bezahlen muss. [SEP] p____ [SEP] price"
519,de,-0.111397101,"neigen [SEP] Bei Müdigkeit neigen wir dazu, mehr Fehler zu machen. [SEP] t___ [SEP] tend"
520,de,0.002685327,Eintrittskarte [SEP] Ab hier brauchst du eine Eintrittskarte für das Festivalgelände. [SEP] p___ [SEP] pass
521,de,1.523733927,Felsen [SEP] Ein großer Felsen löste sich und donnerte auf die Straße. [SEP] r___ [SEP] rock
522,de,1.101630215,meist [SEP] Am Ende dieser Straße hat ein neues kleines Modegeschäft eröffnet. [SEP] b_______ [SEP] boutique
523,de,-0.093698527,Einblick [SEP] Die Dokumentation gibt uns einen spannenden Einblick in das Familienleben der Promis. [SEP] i______ [SEP] insight
524,de,-3.315358193,Veranschaulichung [SEP] Die Grafiken bieten die Veranschaulichung der verschiedenen Möglichkeiten. [SEP] v____________ [SEP] visualization
525,de,4.047700425,Blog [SEP] Ich schreibe einen Blog. [SEP] b___ [SEP] blog
526,de,1.843409918,"hoffnungslos [SEP] Ich gebe auf, die Situation ist hoffnungslos. [SEP] h_______ [SEP] hopeless"
527,de,0.079847298,seltsame [SEP] Das ist eine wirklich seltsame Geschichte. [SEP] s______ [SEP] strange
528,de,0.781104468,Zelt [SEP] Im Sommer schliefen die Kinder oft im Zelt. [SEP] t___ [SEP] tent
529,de,1.073682593,suspendieren [SEP] Sie wurde für eine Woche suspendiert. [SEP] s______ [SEP] suspend
530,de,1.490950879,Einhorn [SEP] Auch in den Harry-Potter-Büchern kommt ein Einhorn vor. [SEP] u______ [SEP] unicorn
531,de,1.140519088,Laune [SEP] Seine Laune ist heute nicht besonders gut. [SEP] m___ [SEP] mood
532,de,-1.929550818,Cholesterin [SEP] Ihre Cholesterinwerte sind gut. [SEP] c__________ [SEP] cholesterol
533,de,0.684462601,vorstellen [SEP] Darf ich dir Frau Müller vorstellen? [SEP] i________ [SEP] introduce
534,de,-0.419747246,Entdecker [SEP] James Cook war ein britischer Entdecker. [SEP] e_______ [SEP] explorer
535,de,1.862112652,arm [SEP] In meiner Kindheit waren wir sehr arm und konnten uns kaum was leisten. [SEP] p___ [SEP] poor
536,de,-0.313491316,Werbebranche [SEP] Er ist in der Werbebranche tätig. [SEP] a__________ [SEP] advertising
537,de,-1.982525409,Begeisterung [SEP] Ihre Begeisterung für die Musik ist seit Jahren ungebrochen. [SEP] e_________ [SEP] enthusiasm
538,de,0.399688571,"gewinnen [SEP] Die Praktikumsstelle bei dieser Firma half mir, praktische Fähigkeiten zu gewinnen. [SEP] g___ [SEP] gain"
539,de,1.54854982,sich [SEP] Gerade während der Feiertage erinnere ich mich an meine Kindheit. [SEP] r_______ [SEP] remember
540,de,-6.21281704,herkömmlich [SEP] Die herkömmliche Behandlung von Krebs ist nicht zufriedenstellend. [SEP] o_______ [SEP] orthodox
541,de,-1.588132951,sich [SEP] Die Menschen entscheiden sich jetzt eher für risikoärmere Veranlagungen. [SEP] o__ [SEP] opt
542,de,1.234773398,Blindheit [SEP] Er leidet an einer angeborenen Blindheit. [SEP] b________ [SEP] blindness
543,de,0.362868222,Geschäftsführer [SEP] Die Geschäftsführerin war zwei Wochen im Urlaub. [SEP] m______ [SEP] manager
544,de,2.224530635,besondere [SEP] Das Gerät wurde völlig überarbeitet und hat viele besondere Funktionen. [SEP] s______ [SEP] special
545,de,2.320804572,"runden [SEP] Sie rundet die Zahlen auf, um die Rechnung zu vereinfachen. [SEP] r____ [SEP] round"
546,de,0.746040435,Zaun [SEP] Das Haus ist von einem Zaun umgeben. [SEP] f____ [SEP] fence
547,de,-0.027199869,Herausforderung [SEP] Mein Job langweilt mich total. Ich brauche unbedingt eine neue Herausforderung. [SEP] c________ [SEP] challenge
548,de,-4.465123973,Kassierer [SEP] Der Kassierer sammelte das Geld ein. [SEP] c________ [SEP] collector
549,de,-0.361391064,"List [SEP] Er musste zu einer List greifen, um sie abzulenken. [SEP] t____ [SEP] trick"
550,de,-1.501259716,unzureichend [SEP] Unzureichende Finanzierungsmittel bedeuten den Untergang des Projekts. [SEP] i___________ [SEP] insufficient
551,de,-3.706230869,mittlerer [SEP] Die Suppe sollte auf mittlerer Hitze aufgewärmt werden. [SEP] m_______ [SEP] moderate
552,de,-1.533071141,ersticken [SEP] Ich bin an einer Fischgräte fast erstickt. [SEP] c____ [SEP] choke
553,de,0.501105832,nervös [SEP] Er spricht nervös vor den Leuten. [SEP] n________ [SEP] nervously
554,de,2.269986903,wolkig [SEP] Es ist wolkig. Wahrscheinlich wird es bald regnen. [SEP] c_____ [SEP] cloudy
555,de,1.844202938,Töten [SEP] Das Töten nimmt kein Ende. [SEP] k______ [SEP] killing
556,de,2.908352179,brennen [SEP] Ein kleines Lagerfeuer brennt im Garten. [SEP] b___ [SEP] burn
557,de,1.467311623,Konferenz [SEP] Die jährliche Ärztekonferenz findet diesmal in Berlin statt. [SEP] c_________ [SEP] conference
558,de,0.483345999,"geistig [SEP] Ich zweifle daran, ob er geistig gesund ist. [SEP] m_______ [SEP] mentally"
559,de,-0.145223062,ausbreiten [SEP] Aufgrund der Trockenheit und des Windes konnte sich das Feuer sehr schnell ausbreiten. [SEP] s_____ [SEP] spread
560,de,-0.621092563,"Pflicht [SEP] Es ist unsere Pflicht, zu helfen. [SEP] o_________ [SEP] obligation"
561,de,1.75789118,Sprint [SEP] Sie konnte das Rennen schließlich mit einem letzten Sprint gegen Ende gewinnen. [SEP] s_____ [SEP] sprint
562,de,1.604998509,abstrakt [SEP] Ich mag abstrakte Kunst. [SEP] a_______ [SEP] abstract
563,de,-1.276992585,ausschließlich [SEP] Dieses Fitnessstudio ist ausschließlich für Frauen. [SEP] e__________ [SEP] exclusively
564,de,1.622884808,nervös [SEP] Ich bin nervös vor jedem Auftritt. [SEP] n______ [SEP] nervous
565,de,-1.200120425,überwältigen [SEP] Wir sind vor Freude überwältigt. [SEP] o________ [SEP] overwhelm
566,de,-0.651349129,undiszipliniert [SEP] Eine etwas undisziplinierte Schülergruppe zog an ihnen vorbei. [SEP] u____________ [SEP] undisciplined
567,de,-0.918878103,sich [SEP] Sich schnell verbreitende Unzufriedenheit und Gerüchte gehen in der Belegschaft um. [SEP] s________ [SEP] spreading
568,de,3.213680032,laut [SEP] Sie hört laute Musik. [SEP] l___ [SEP] loud
569,de,0.400549256,lecker [SEP] Ich mache uns schnell einen leckeren Salat. [SEP] t____ [SEP] tasty
570,de,-3.988644256,"sich [SEP] Als er in die Armee eintrat, schnitt er sich die Haare ganz kurz. [SEP] e_____ [SEP] enlist"
571,de,-0.911157866,zusammengezogen [SEP] Der zusammengezogene Muskel fühlt sich hart an. [SEP] c_________ [SEP] contracted
572,de,-0.235184587,Integrität [SEP] Sie ist für ihre Ehrlichkeit und ihre Integrität bekannt. [SEP] i________ [SEP] integrity
573,de,-0.553759618,Ermittler [SEP] Die Ermittler sind auf eine wichtige Spur gestoßen. [SEP] i___________ [SEP] investigator
574,de,0.260243835,Pinguin [SEP] In diesem Zoo leben viele Pinguine. [SEP] p______ [SEP] penguin
575,de,-0.840723966,"opfern [SEP] Ich muss für das Projekt vermutlich mein freies Wochenende opfern, damit wir alles termingerecht abgeben können. [SEP] s________ [SEP] sacrifice"
576,de,2.461526871,Wochenende [SEP] Angenehmes Wochenende! [SEP] w______ [SEP] weekend
577,de,-0.412150815,rechtfertigen [SEP] Du wirst dich für dein Handeln vor den anderen rechtfertigen müssen. [SEP] j______ [SEP] justify
578,de,-0.899515955,"Müdigkeit [SEP] Sie war schwach vor Müdigkeit, nachdem sie von ihren Kindern in der Nacht öfter geweckt wurde. [SEP] f______ [SEP] fatigue"
579,de,-1.275880402,"bestimmt [SEP] Gibt es bestimmte Themen, die ihr noch nicht verstanden habt? [SEP] p_________ [SEP] particular"
580,de,0.236565396,nicht [SEP] Ein nicht identifizierter Virus bedroht derzeit den Kontinent. [SEP] u___________ [SEP] unidentified
581,de,0.670923732,"mogeln [SEP] Die Schüler versuchen, beim Test zu mogeln. [SEP] c____ [SEP] cheat"
582,de,0.006021988,dauern [SEP] Der Lauf dauerte außergewöhnlich lang. [SEP] l___ [SEP] last
583,de,-2.559468013,vernünftig [SEP] Die Wetterexpertin konnte eine vernünftige Erklärung für das Phänomen geben. [SEP] r_______ [SEP] rational
584,de,-2.897790067,"Anreiz [SEP] Wir hoffen, dass dieses Buch ein guter Anreiz für eine konstruktive Diskussion dieses Problems sein wird. [SEP] s_______ [SEP] stimulus"
585,de,0.857769252,Oberfläche [SEP] Die Oberfläche des Tisches ist spiegelglatt. [SEP] s______ [SEP] surface
586,de,1.732969457,Generator [SEP] Der Generator wandelt mechanische in elektrische Energie um. [SEP] g________ [SEP] generator
587,de,-0.123312018,Schublade [SEP] Die Schublade der Kommode ist geöffnet. [SEP] d_____ [SEP] drawer
588,de,3.90533526,Jeanshose [SEP] Sie trägt heute eine Jeanshose und einen roten Pullover. [SEP] j____ [SEP] jeans
589,de,-0.187414481,"jährig [SEP] Ich habe einen zwölfjährigen Bruder und eine dreijährige Schwester, also bin ich das älteste Kind. [SEP] a___ [SEP] aged"
590,de,2.893331974,mexikanisch [SEP] Er isst gerne mexikanisches Essen. [SEP] m______ [SEP] mexican
591,de,-1.470236829,stechen [SEP] Er sticht mit der Gabel in das Kuchenstück auf dem Teller. [SEP] s___ [SEP] stab
592,de,-1.151424391,Geld/Gebühr [SEP] Die Tennisclubs verlangen eine Gebühr für die Benutzung der Anlage. [SEP] c_____ [SEP] charge
593,de,1.580556996,Installation [SEP] Die Installation des Programms ist sehr einfach. [SEP] i___________ [SEP] installation
594,de,1.9788724,Mode [SEP] Rot ist nicht mehr in Mode. [SEP] f______ [SEP] fashion
595,de,-1.166571769,unterhaltsam [SEP] Wir verbrachten einen unterhaltsamen Abend mit unseren Freunden. [SEP] e___________ [SEP] entertaining
596,de,-1.554791657,ausreichende [SEP] Für das Projekt werden ausreichende Mittel benötigt. [SEP] s_________ [SEP] sufficient
597,de,-0.654189213,alphabetisch [SEP] Die Wörter sind alphabetisch angeordnet. [SEP] a_____________ [SEP] alphabetically
598,de,-2.389203525,Bogengang [SEP] Die Halle ist über den Bogengang erreichbar. [SEP] a_____ [SEP] arcade
599,de,0.134845978,Wildnis [SEP] Die Antarktis ist wohl die letzte große Wildnis der Erde. [SEP] w_________ [SEP] wilderness
600,de,2.213950071,teilen [SEP] Könntest du das Foto mit mir über Facebook teilen? [SEP] s____ [SEP] share
601,de,2.952938659,Eyeliner [SEP] Sie trägt Eyeliner auf ihr Augenlid auf. [SEP] e_______ [SEP] eyeliner
602,de,0.238639464,verwirrt [SEP] Der verwirrte Mann fand nicht mehr nach Hause. [SEP] c_______ [SEP] confused
603,de,3.649298075,Kunst [SEP] Er bewundert die moderne Kunst im Museum. [SEP] a__ [SEP] art
604,de,-1.50715586,Mord [SEP] Die Zeitung berichtet von einem Mord. [SEP] h_______ [SEP] homicide
605,de,1.758087899,Paar [SEP] Ich habe ein neues Paar Schuhe gekauft. [SEP] p___ [SEP] pair
606,de,-1.156172378,Messing [SEP] Die Türschnalle ist aus Messing. [SEP] b____ [SEP] brass
607,de,-2.205133272,gezerrt [SEP] Der Notarzt stellte einen gezerrten Knöchel fest. [SEP] t______ [SEP] twisted
608,de,-0.627832728,uneingeschränkt [SEP] Mit einer Anmeldung haben Sie uneingeschränkten Zugriff auf alle Daten. [SEP] u________ [SEP] unlimited
609,de,1.611056262,scherzen [SEP] In der Pause witzelt Sandra mit ihren Kollegen. [SEP] j___ [SEP] joke
610,de,-2.304913562,bewölkt [SEP] Heute ist es leicht bewölkt. [SEP] c______ [SEP] clouded
611,de,-3.366067889,fesselnd [SEP] Ich las eine fesselnde Geschichte. [SEP] c_________ [SEP] compelling
612,de,-1.695648295,Einkommen [SEP] Das Einkommen der Menschen erhöhte sich kaum in den letzten Jahren. [SEP] e_______ [SEP] earnings
613,de,0.750665441,sich [SEP] Wie verständigen sich Wölfe untereinander? [SEP] c__________ [SEP] communicate
614,de,-2.853755192,Anpassung [SEP] Die Anpassung der Löhne wurde letztes Jahr durchgeführt. [SEP] a_________ [SEP] adjustment
615,de,-0.856530669,Werkzeugkiste [SEP] Zum Glück hatte er seine Werkzeugkiste schon dabei. [SEP] t______ [SEP] toolbox
616,de,1.230952665,schön [SEP] Meine Mutter ist eine wunderschöne Frau. [SEP] b________ [SEP] beautiful
617,de,-0.088481521,Nicken [SEP] Sie antwortete mit einem Nicken. [SEP] n__ [SEP] nod
618,de,-0.078043886,Titan [SEP] Titan ist ein weiß glänzendes Metall. [SEP] t_______ [SEP] titanium
619,de,-3.357204606,gemeinsam [SEP] Die Schüler berieten sich und kamen am Ende zu einer gemeinsamen Entscheidung. [SEP] c_________ [SEP] collective
620,de,-0.898807741,Besitz [SEP] Der Besitz von Drogen wird hart vom Gesetz bestraft. [SEP] p_________ [SEP] possession
621,de,3.061662939,regnerisch [SEP] An regnerischen Samstagen schmökere ich am liebsten in einem spannenden Buch. [SEP] r____ [SEP] rainy
622,de,0.451380161,Fell [SEP] Der Katze hat ein weiches Fell. [SEP] f__ [SEP] fur
623,de,-0.771854919,"breite [SEP] Er war nicht so groß, hatte aber relativ breite Schultern. [SEP] b____ [SEP] broad"
624,de,-0.796177064,gefährdet [SEP] Wegen der Klimaerwärmung sind Eisbären stark gefährdete Tiere. [SEP] e_________ [SEP] endangered
625,de,-1.467323692,zerbrechen [SEP] Er warf Steine gegen das Fenster und es zerbrach. [SEP] b____ [SEP] break
626,de,1.978367194,Haupt [SEP] Der Haupteingang ist um die Ecke. [SEP] m___ [SEP] main
627,de,2.410076811,Linie [SEP] Zeichnet jetzt eine gerade Linie zwischen die beiden Objekte. [SEP] l___ [SEP] line
628,de,-1.390367705,fähig [SEP] Er ist ein fähiger Automechaniker. Er macht seine Arbeit immer sehr gut. [SEP] c________ [SEP] competent
629,de,-1.927941566,"aubreiten [SEP] Sie versuchte, die Karte auf dem Tisch auszubreiten. [SEP] u_____ [SEP] unfold"
630,de,-3.849700486,beteuern [SEP] Er musste seine Unschuld beteuern. [SEP] a_____ [SEP] affirm
631,de,-1.585458885,Stipendium [SEP] Die Studentin hat ein Stipendium erhalten. [SEP] g____ [SEP] grant
632,de,-0.142017457,Tiefe [SEP] Die Meerestiefe an dieser Stelle liegt bei 50 Metern. [SEP] d____ [SEP] depth
633,de,0.276342198,Diplom [SEP] Nach drei Jahren erhielt sie ihr Diplom. [SEP] d______ [SEP] diploma
634,de,0.902483475,scheinen [SEP] Sie gähnt andauernd und scheint sehr müde zu sein. [SEP] s___ [SEP] seem
635,de,0.32815876,Untergang [SEP] Ein äußerst riskantes Geschäft besiegelte schließlich den finanziellen Untergang der Firma. [SEP] r___ [SEP] ruin
636,de,-2.196724486,beunruhigend [SEP] Die Zahlen sind beunruhigend. [SEP] a_______ [SEP] alarming
637,de,-0.078178597,Benachrichtigung [SEP] Sie erhielt eine Benachrichtigung über die Schließung der Kita. [SEP] n___________ [SEP] notification
638,de,-1.450557237,behindert [SEP] Ihre Tochter ist geistig behindert und arbeitet derzeit als Assistentin in unserem Büro. [SEP] r_______ [SEP] retarded
639,de,-1.374222681,Ausdehnung [SEP] Die Ausdehnung des römischen Weltreichs hat eine beträchtliche Zahl ursprünglicher europäischer Sprachen ausgelöscht. [SEP] e________ [SEP] expansion
640,de,2.323558885,Speck [SEP] Ich esse Eier mit Speck zum Frühstück. [SEP] b____ [SEP] bacon
641,de,-3.348485056,fluktuierend [SEP] Die Stadt hat eine fluktuierende Bevölkerung. [SEP] f_______ [SEP] floating
642,de,-1.98615695,#NAME? [SEP] Ihr zu Ehren wurde eine lebensgroße Statue von ihr angefertigt. [SEP] s____ [SEP] sized
643,de,3.118471953,"Zwilling [SEP] Der eine Zwilling hatte blonde Haare, der andere braune. [SEP] t___ [SEP] twin"
644,de,0.325612547,Dom [SEP] Die Hochzeit fand im Kölner Dom statt. [SEP] c________ [SEP] cathedral
645,de,-2.522425059,vermitteln [SEP] Ein gutes Bild kann oft mehr vermitteln als tausend Worte. [SEP] c_____ [SEP] convey
646,de,0.304399508,Diagnose [SEP] Die Ärztin stellt eine richtige Diagnose. [SEP] d________ [SEP] diagnosis
647,de,2.367823922,Sieg [SEP] Das ist schon der fünfte Sieg dieser Mannschaft. [SEP] w__ [SEP] win
648,de,2.089197005,streichen [SEP] Wir streichen die Wände in unserer Wohnung. [SEP] p____ [SEP] paint
649,de,-1.709309314,Kabine [SEP] Ich gebe meine Stimme in der Wahlkabine ab. [SEP] b____ [SEP] booth
650,de,-1.511564353,"versuchen [SEP] Das war das letzte Mal, dass ich versuche, euch zu helfen. [SEP] a______ [SEP] attempt"
651,de,-0.987256864,Raumfahrer [SEP] Juri Gagarin war der erste Raumfahrer im Jahr 1961. [SEP] s_______ [SEP] spaceman
652,de,-0.441475482,Landkreis [SEP] Die kleinen Ortschaften gehören alle zu einem Landkreis. [SEP] c_____ [SEP] county
653,de,1.34026024,waschbar [SEP] Die Bluse ist bei 40 Grad waschbar. [SEP] w_______ [SEP] washable
654,de,2.523311625,Bär [SEP] Eisbären sind vom Aussterben bedroht. [SEP] b___ [SEP] bear
655,de,1.615797055,"obig [SEP] Die Daten, die du suchst, findest du in der obigen Tabelle. [SEP] a____ [SEP] above"
656,de,0.688516895,Beobachter [SEP] Der politische Beobachter analysiert die Lage in der Stadt. [SEP] o_______ [SEP] observer
657,de,1.32962102,Eingang [SEP] Wir treffen uns um acht Uhr beim Haupteingang. [SEP] e_______ [SEP] entrance
658,de,-1.330958398,"hübsche [SEP] Sie ist eine bezaubernde, hübsche Frau. [SEP] a_________ [SEP] attractive"
659,de,-1.762800899,Erkennen [SEP] Manche Handys haben mittlerweile eine Funktion zum Erkennen von Gesichtern. [SEP] r__________ [SEP] recognition
660,de,-0.49524118,Philosoph [SEP] Die Philosophin hält einen Vortrag. [SEP] p__________ [SEP] philosopher
661,de,-4.639370258,Beklemmung [SEP] Ein weiteres Symptom ist Atembeklemmung. [SEP] t________ [SEP] tightness
662,de,2.716980591,Licht [SEP] Kannst du bitte das Licht einschalten? [SEP] l____ [SEP] light
663,de,-1.11141196,Vertreter [SEP] Die Studierenden wählen einen Vertreter für ihren Jahrgang aus. [SEP] r_____________ [SEP] representative
664,de,-3.925562775,sich [SEP] Es ist schon spät. Wir machen uns jetzt auf den Heimweg. [SEP] h___ [SEP] head
665,de,-2.45552185,Wirtschaftsprüfung [SEP] In der Wirtschaftsprüfung richtet sich der kritische Blick auf die Gesetzmäßigkeit des bereits erstellten Jahresabschlusses. [SEP] a____ [SEP] audit
666,de,1.37848446,Schlacht [SEP] Wir haben die Schlacht gewonnen. [SEP] b_____ [SEP] battle
667,de,4.180015416,hungrig [SEP] Ich bin hungrig. Ich brauche etwas zu essen. [SEP] h_____ [SEP] hungry
668,de,0.189611444,Zahnpasta [SEP] Bring mir bitte noch zwei Tuben Zahnpasta mit! [SEP] t_________ [SEP] toothpaste
669,de,-0.495175868,"drängen [SEP] Er sollte sie nicht drängen, länger zu bleiben. [SEP] u___ [SEP] urge"
670,de,0.250234965,Anstarten [SEP] Gerade das Anstarten des Motors macht manchmal im Winter Probleme. [SEP] s_______ [SEP] starting
671,de,-0.608141668,Kalb [SEP] Die Kuh hat gerade ein Kalb geboren. [SEP] c___ [SEP] calf
672,de,-0.012593038,Bankwesen [SEP] Ich bin im Bankwesen beschäftigt. [SEP] b______ [SEP] banking
673,de,-0.917587958,Finanzierung [SEP] Eine externe Finanzierung des Projekts wird überlegt. [SEP] f________ [SEP] financing
674,de,0.474163919,chemisch [SEP] Die Druckgefäße sind mit chemisch instabilem Gas gefüllt. [SEP] c_________ [SEP] chemically
675,de,0.899172543,Gericht [SEP] Ich muss um neun Uhr vor Gericht erscheinen. [SEP] c____ [SEP] court
676,de,-2.839021983,umgestaltet [SEP] Die umgestalteten Steuergesetze gelten ab nächstem Jahr. [SEP] r_______ [SEP] reformed
677,de,-3.216794185,treffen [SEP] Der Baseball traf ihn direkt auf dem Unterarm. [SEP] s_____ [SEP] strike
678,de,-0.985979148,Gleichaltriger [SEP] Das Mädchen ist größer als Gleichaltrige. [SEP] p___ [SEP] peer
679,de,2.65604093,Comic [SEP] Sie schaut sich gerne Comics im Fernsehen an. [SEP] c____ [SEP] comic
680,de,-3.418983904,stecken [SEP] Er würde ihm am liebsten das Geld in die Hand stecken und gehen. [SEP] t_____ [SEP] thrust
681,de,1.986664163,"Hölle [SEP] Im Christentum glaubt man daran, dass Menschen nach dem Tod entweder in den Himmel oder in die Hölle kommen. [SEP] h___ [SEP] hell"
682,de,0.101912397,steif [SEP] Meine Mutter muss ihren steifen Nacken behandeln lassen. [SEP] s____ [SEP] stiff
683,de,-1.612587944,Zauberkünstler [SEP] Der Zauberkünstler täuscht das Publikum. [SEP] i__________ [SEP] illusionist
684,de,0.119768482,"einen [SEP] Sie stellte sich vor den Spiegel, um einen Knoten in ihre Krawatte zu machen. [SEP] t__ [SEP] tie"
685,de,-2.788050592,Fehler [SEP] Alle Hosen mit Mängeln kosten nur 10 Euro. [SEP] f___ [SEP] flaw
686,de,0.985487218,"Faust [SEP] Wenn er nervös wird, ballt er seine Fäuste. [SEP] f___ [SEP] fist"
687,de,1.073565414,Toilette [SEP] Die Rezeptionistin zeigte mir den Weg zur Toilette. [SEP] r_______ [SEP] restroom
688,de,1.182569988,besitzen [SEP] Ich besitze ein Auto und eine kleine Wohnung. [SEP] o__ [SEP] own
689,de,-2.295784029,ausgedehnt [SEP] Der ausgedehnte Behälter kann nicht mehr verwendet werden. [SEP] e_______ [SEP] expanded
690,de,-1.018381111,Mathematiker [SEP] Die Mathematikerin ist unter den Schülern sehr beliebt. [SEP] m____________ [SEP] mathematician
691,de,-0.900323365,Werbefachmann [SEP] Die Ausbildung zum Werbefachmann dauert mehrere Jahre. [SEP] a_________ [SEP] advertiser
692,de,-0.437757494,wertvoll [SEP] Zahlreiche wertvolle Juwelen wurden bei diesem Stück verarbeitet. [SEP] p_______ [SEP] precious
693,de,0.264122211,Länge [SEP] Miss die Länge des Rockes ab. [SEP] l_____ [SEP] length
694,de,-3.018031863,Vorrat [SEP] Die Familie hat reichliche Vorräte für die Wintermonate besorgt. [SEP] s_____ [SEP] supply
695,de,1.929286286,Marathon [SEP] Er ist ein erfolgreicher Marathonläufer. [SEP] m_______ [SEP] marathon
696,de,-0.546180563,Gelände [SEP] Der Weg führte duch ziemlich flaches Gelände. [SEP] t______ [SEP] terrain
697,de,-0.047069007,"infiziert [SEP] Jeder, der infiziert ist, muss zu Hause bleiben. [SEP] i_______ [SEP] infected"
698,de,-0.309339727,bestechlich [SEP] Leider gibt es in Mexiko noch viele bestechliche Polizisten. [SEP] c______ [SEP] corrupt
699,de,-0.01988399,Biochemie [SEP] Die Biochemie ist die Wissenschaft von der chemischen Zusammensetzung der Organismen und den chemischen Vorgängen in ihnen. [SEP] b___________ [SEP] biochemistry
700,de,1.955345698,Detektor [SEP] Der Mann sucht mit einem Metalldetektor wertvolle Gegenstände im Sand. [SEP] d_______ [SEP] detector
701,de,0.749340359,scheinen [SEP] Das Wetter ist ausgezeichnet und die Sonne scheint den ganzen Tag über. [SEP] s____ [SEP] shine
702,de,0.873198066,Sekretär [SEP] Mein Vater arbeitet als Sekretär für die Arbeiterkammer. [SEP] s________ [SEP] secretary
703,de,-1.726966922,"fallen [SEP] Pass auf, dass du nicht stolperst und die Treppe hinunter stürzt! [SEP] t_____ [SEP] tumble"
704,de,3.309729638,gehen [SEP] Wohin ist deine Schwester gegangen? [SEP] g_ [SEP] go
705,de,2.478936826,Pfeffer [SEP] Reichst du mir bitte den Pfeffer? [SEP] p_____ [SEP] pepper
706,de,2.641239145,typisch [SEP] Das ist eine typische Reaktion auf dieses Medikament. [SEP] t______ [SEP] typical
707,de,-0.885926937,sich [SEP] Wir haben uns nicht aus Affen entwickelt. Wir haben nur einen gemeinsamen Vorfahren mit ihnen. [SEP] e_____ [SEP] evolve
708,de,1.62109679,Tor [SEP] Er öffnete das alte Tor und sah das große Anwesen vor sich. [SEP] g___ [SEP] gate
709,de,2.092423339,"Kapitalismus [SEP] Kapitalismus ist eine Wirtschaftsordnung, in der die freie Marktwirtschaft und Privateigentum im Vordergrund stehen. [SEP] c_________ [SEP] capitalism"
710,de,0.979058088,rollen [SEP] Mit etwas Vorsprung rollt der Wagen über die Ziellinie. [SEP] r___ [SEP] roll
711,de,-1.580767009,Aussicht [SEP] Ihr gefiel die Aussicht auf eine baldige Beförderung. [SEP] p_______ [SEP] prospect
712,de,0.267391509,"Anblick [SEP] Einen Bären in freier Wildbahn zu sehen, ist ein wirklich seltener Anblick. [SEP] s____ [SEP] sight"
713,de,-1.627544901,auslassen [SEP] Die Akte ist nicht vollständig. Wichtige Dokumente wurden weggelassen. [SEP] o___ [SEP] omit
714,de,-0.554846282,ewig [SEP] Der Zaubertrank verspricht ewiges Leben. [SEP] e______ [SEP] eternal
715,de,3.569694137,Text [SEP] Das Buch besteht aus viel Text und wenigen Bildern. [SEP] t___ [SEP] text
716,de,-2.041824886,Pfad [SEP] Der Pfad führte schließlich zu einer Lichtung. (NICHT trail) [SEP] t____ [SEP] track
717,de,-4.995518171,auditiv [SEP] Auditives Lernen wird durch diese Übungen geschult. [SEP] a_______ [SEP] auditory
718,de,-2.087027087,auf [SEP] Der Adler ließ sich auf der Felsenspitze nieder. [SEP] a___ [SEP] atop
719,de,0.423077786,"Daten [SEP] Die Daten müssen zuerst analysiert werden, bevor man sie der Öffentlichkeit präsentiert. [SEP] d___ [SEP] data"
720,de,-1.240962105,"Aggressivität [SEP] Wenn Kunden mit solcher Aggressivität reagieren, bringt dDiskutieren oft nichts mehr. [SEP] a_________ [SEP] aggression"
721,de,0.578117958,einkaufen [SEP] Könntest du ein paar Lebensmittel einkaufen? [SEP] s___ [SEP] shop
722,de,1.41600285,Herzschlag [SEP] Ihr Herzschlag ist sehr gut zu hören. [SEP] h________ [SEP] heartbeat
723,de,-1.336550205,Neuerung [SEP] Die Neuerungen in diesem Feld sind enorm. [SEP] i_________ [SEP] innovation
724,de,2.223442562,Maler [SEP] Die Ausstellung stellt die Bilder von einem bekannten Maler aus. [SEP] p______ [SEP] painter
725,de,0.549761247,Entschludigung [SEP] Ich nehme die Entschuldigung an. [SEP] e_____ [SEP] excuse
726,de,-0.799020956,Bemühung [SEP] Die Bemühungen der Mitarbeiter wurden vom Chef anerkannt. [SEP] e_____ [SEP] effort
727,de,1.807079382,"schwanger [SEP] Sie war gerade im dritten Monat schwanger, als sie ihre neue Stelle antrat. [SEP] p_______ [SEP] pregnant"
728,de,1.168838446,"Sozialismus [SEP] Eine Kritik am Sozialismus ist, dass bei dieser politischen Bewegung die Rechte der einzelnen Person unterdrückt werden. [SEP] s________ [SEP] socialism"
729,de,-3.904723638,schützen [SEP] Schützen Sie ihr Kind vor gefährlichen Infektionen und waschen Sie gemeinsam mehrmals täglich die Hände. [SEP] s_____ [SEP] shield
730,de,-2.57060128,Änderung [SEP] Die gesetzliche Änderung wird im Frühjahr umgesetzt. [SEP] a________ [SEP] amendment
731,de,-2.165522439,Kritik [SEP] Der Journalist schrieb eine ausführliche Kritik über den Roman. [SEP] c_______ [SEP] critique
732,de,1.8369534,Präsentation [SEP] Also mir hat diese Präsentation sehr gut gefallen. [SEP] p___________ [SEP] presentation
733,de,1.55184582,Imperium [SEP] Das Imperium wurde zerstört. [SEP] e_____ [SEP] empire
734,de,-0.484119208,Muster [SEP] Ich nahm ein paar Muster in unterschiedlichen Farben von diesem Vorhang mit. [SEP] s_____ [SEP] sample
735,de,0.944731894,vorsichtig [SEP] Die Straße ist eisig. Bitte sei vorsichtig! [SEP] c______ [SEP] careful
736,de,-1.286096272,hervorheben [SEP] Der Bericht hebt die Problematik der Gewalt gegen Kinder besonders hervor. [SEP] h________ [SEP] highlight
737,de,2.092113626,"schätzen [SEP] Rate mal, wie alt ich bin! [SEP] g____ [SEP] guess"
738,de,-0.354752957,sicher [SEP] Diese Gegend ist absolut sicher und ihr könnt auch am Abend bedenkenlos noch eine Runde spazieren gehen. [SEP] s___ [SEP] safe
739,de,-2.007974694,speziell [SEP] Der Ski wurde speziell für diese Rennfahrerin angefertigt. [SEP] s___________ [SEP] specifically
740,de,-0.973184647,"surfen [SEP] Er kauft sich endlich ein Handy, mit dem er im Internet surfen kann. [SEP] b_____ [SEP] browse"
741,de,0.120257531,"falsch [SEP] Es tut mir leid, aber das ist eine falsche Antwort. [SEP] i________ [SEP] incorrect"
742,de,-0.381952506,Verwandlung [SEP] Sie hatte eine komplette Verwandlung durchgemacht. [SEP] t_____________ [SEP] transformation
743,de,-0.72358889,Diebstahl [SEP] Seid ihr auch gegen Diebstahl versichert? [SEP] t____ [SEP] theft
744,de,-0.188112083,"angriffslustig [SEP] Das angriffslustige, streitsüchtige Verhalten ist nicht mehr tolerierbar. [SEP] a_________ [SEP] aggressive"
745,de,-2.377457018,Flugzeug [SEP] Rauchen ist an Bord des Flugzeugs nicht gestattet. [SEP] a_______ [SEP] aircraft
746,de,1.10077833,geliebt [SEP] Er putzt schon wieder sein geliebtes Motorrad. [SEP] b______ [SEP] beloved
747,de,-1.460982862,"prüfend [SEP] Er warf mir einen prüfenden Blick zu, als ob er mir nicht wirklich glauben würde. [SEP] s________ [SEP] searching"
748,de,0.896014574,jdn/etw [SEP] Kannst du mir bitte den Koffer tragen? [SEP] c____ [SEP] carry
749,de,-2.849847088,verärgern [SEP] Geh nicht darauf ein! Er möchte dich nur verärgern. [SEP] p______ [SEP] provoke
750,de,0.110549085,"große [SEP] Nachdem sie auswanderten, kauften sie eine große Farm in Kanada und züchteten dort Rinder und Pferde. [SEP] r____ [SEP] ranch"
751,de,-1.918723925,"Aufruf [SEP] Die Eltern richteten einen öffentlichen Aufruf an ihren Sohn, damit er wieder nach Hause kommt. [SEP] p___ [SEP] plea"
752,de,1.584471162,Tempel [SEP] Der Tempel der Artemis war eines der sieben Weltwunder der Antike. [SEP] t_____ [SEP] temple
753,de,-2.573981921,prächtig [SEP] Das ist wahrhaftig ein prächtiger Tag! [SEP] g_______ [SEP] glorious
754,de,0.000566691,rutschen [SEP] Mein Neffe rutscht am liebsten die kleine Rutsche am Spielplatz hinunter. [SEP] s____ [SEP] slide
755,de,0.101091607,Berechnung [SEP] Die Berechnung ist falsch. [SEP] c__________ [SEP] calculation
756,de,-0.773693676,Haufen [SEP] Ich habe gerade einen Haufen alter Zeitungen weggeworfen. [SEP] l__ [SEP] lot
757,de,-1.624494418,feindselig [SEP] Er war umgeben von feindseligen Personen. [SEP] h______ [SEP] hostile
758,de,-0.923577588,Verschmelzung [SEP] Das Bild zeigt die Verschmelzung von Liebe und Hass. [SEP] f_____ [SEP] fusion
759,de,0.23610092,Feier [SEP] Lass uns eine Feier zu unserem Hochzeitstag organisieren. [SEP] c__________ [SEP] celebration
760,de,0.000662437,Ausdruck [SEP] Gibt es im Japanischen einen ähnlichen Ausdruck? [SEP] e_________ [SEP] expression
761,de,1.891452622,Parken [SEP] Hier ist Parken verboten. [SEP] p______ [SEP] parking
762,de,1.686943396,Sofa [SEP] Ich liege auf dem Sofa und schaue fern. [SEP] c____ [SEP] couch
763,de,-0.447754542,Aufregung [SEP] Anna war außer sich vor Aufregung. [SEP] e_________ [SEP] excitement
764,de,2.21261775,Spaghetti [SEP] Ihre Lieblingsspeise war Spaghetti Carbonara. [SEP] s________ [SEP] spaghetti
765,de,-0.59290618,Eigentum [SEP] Die Möbel sind das Eigentum der Schule. [SEP] p_______ [SEP] property
766,de,-2.186555069,betrieben [SEP] Die Zentralheizung des Hauses ist ölbetrieben. [SEP] f____ [SEP] fired
767,de,1.143636699,Liberaler [SEP] Als Liberale kann ich diesem Schwachsinn nicht zustimmen. [SEP] l______ [SEP] liberal
768,de,-2.028271793,"Ehre [SEP] Es ist mir eine große Ehre, vor diesem angesehen Publikum zu sprechen. [SEP] p________ [SEP] privilege"
769,de,2.55150237,Mailbox [SEP] Meine Mailbox ist voll. Ich muss wieder einmal meine Mails entleeren. [SEP] m______ [SEP] mailbox
770,de,2.880909799,Server [SEP] Alle Daten sind durch ein Backup-System auf dem Server abgesichert. [SEP] s_____ [SEP] server
771,de,0.208769415,bedauern [SEP] Am Ende seines Lebens bedauert er nichts. [SEP] r_____ [SEP] regret
772,de,-1.334526437,"wiederholt [SEP] Du wurdest wiederholt gewarnt, hier nicht zu schnell zu fahren. [SEP] r_________ [SEP] repeatedly"
773,de,-1.610948991,Reihenfolge [SEP] Der Zeuge berichtete die Geschehnisse in chronologischer Reihenfolge. [SEP] s_______ [SEP] sequence
774,de,-1.136823274,Leugnung [SEP] Die Leugnung der Tatsachen wird ihm nicht weiterhelfen. [SEP] d_____ [SEP] denial
775,de,-2.551421295,Exemplar [SEP] Dieser Käfer ist ein besonders schönes Exemplar in unserer Sammlung. [SEP] s_______ [SEP] specimen
776,de,-1.783375931,Iraker [SEP] Die Irakerin in meiner Klasse ist seit zwei Jahren in Österreich. [SEP] i____ [SEP] iraqi
777,de,-0.04540634,roboterhaft [SEP] Sie spezialisiert sich auf modernen Tanz und am besten beherrscht sie roboterhafte Bewegungen. [SEP] r______ [SEP] robotic
778,de,1.128445099,Grammatik [SEP] Die Schüler machen noch viele Grammatikfehler. [SEP] g______ [SEP] grammar
779,de,-1.85408117,"schleichen [SEP] Während Linda die Bewohner ablenkte, schlich Tommy durch den Hintereingang in das Haus. [SEP] s____ [SEP] sneak"
780,de,0.744952596,Mantel [SEP] Zieh dir einen warmen Mantel an! Draußen ist es kalt. [SEP] c___ [SEP] coat
781,de,-0.961347787,Denkmal [SEP] Das Denkmal erinnert an den Tod vieler Soldaten. [SEP] m_______ [SEP] monument
782,de,0.732994994,"flüstern [SEP] Es ist sehr unhöflich, zu flüstern. [SEP] w______ [SEP] whisper"
783,de,0.927401836,vorbereiten [SEP] Könntest du bis nächste Woche einen kurzen Bericht für diesen Kunden vorbereiten? [SEP] p______ [SEP] prepare
784,de,-2.406585197,"tippen [SEP] Sie versuchte, ihm auf die Schulter zu tippen. [SEP] t__ [SEP] tap"
785,de,1.374126655,inspiriert [SEP] Der inspirierte Künstler machte sich gleich an die Arbeit. [SEP] i_______ [SEP] inspired
786,de,1.313061682,bekannt [SEP] Die Polizei fährt zu der letzten bekannten Adresse des Täters. [SEP] k____ [SEP] known
787,de,-0.109261137,eislaufen [SEP] In den kalten Wintermonaten kann man auf dem See vor dem Hotel eislaufen. [SEP] s____ [SEP] skate
788,de,-1.081033998,"abnehmbare [SEP] Ich finde ja, dass die abnehmbare Kapuze besonders praktisch ist. [SEP] r________ [SEP] removable"
789,de,0.356975727,strategisch [SEP] Ihr solltet strategisch vorgehen und nicht jedes Angebot sofort annehmen. [SEP] s________ [SEP] strategic
790,de,3.060342844,"geschlossen [SEP] Die Fensterläden sind geschlossen. Ich glaube, dass niemand zu Hause ist. [SEP] c_____ [SEP] closed"
791,de,1.901061933,Kartoffel [SEP] Die Kartoffel ist sicher ein besonders beliebtes Gemüse in Mitteleuropa. [SEP] p_____ [SEP] potato
792,de,-0.383472225,Stirn [SEP] Die Haare verdeckten ihre Stirn. [SEP] f_______ [SEP] forehead
793,de,1.704022439,"Zeichen [SEP] Wenn das Fieber sinkt, dann ist das ein gutes Zeichen der Besserung. [SEP] s___ [SEP] sign"
794,de,-1.443020038,Tabak [SEP] Diese Zigarettensorte enthält deutlich mehr Tabak pro Zigarette. [SEP] t______ [SEP] tobacco
795,de,-3.118323681,Streuung [SEP] Die Streuung des Lichts erhellt den Raum. [SEP] d________ [SEP] diffusion
796,de,1.703971382,Komplikation [SEP] Leider traten nach der Operation Komplikationen auf. [SEP] c___________ [SEP] complication
797,de,-2.26260273,"verstauen [SEP] Sie versuchte, ihre Brille in der Brusttasche zu verstauen. [SEP] t___ [SEP] tuck"
798,de,0.144856925,"Sicherheit [SEP] Das ist ein tolles Auto, das wirklich auch ein Gefühl der Sicherheit vermittelt. [SEP] s_______ [SEP] security"
799,de,-0.469295107,wirklichkeitsfremd [SEP] Sie stellten wirklichkeitsfremde Forderungen. [SEP] u__________ [SEP] unrealistic
800,de,-2.351614873,schützend [SEP] Das Tragen von Schutzbekleidung ist an diesem Arbeitsplatz sehr wichtig. [SEP] p_________ [SEP] protective
801,de,-1.238145056,geräuschlos [SEP] Der Antrieb dieses Elektroautos ist fast völlig geräuschlos. [SEP] s________ [SEP] soundless
802,de,0.638770834,"darauf [SEP] Leihst du mir deine Englischbücher? – Es kommt darauf an, wie lange du sie brauchst. [SEP] d_____ [SEP] depend"
803,de,2.977941868,Regenbogen [SEP] Hast du den wunderbaren Regenbogen gestern gesehen? [SEP] r______ [SEP] rainbow
804,de,-1.387909527,Entfernung [SEP] Die Entfernung des Zahns war sehr schmerzhaft. [SEP] e_________ [SEP] extraction
805,de,2.398967824,braun [SEP] Er hat braune Augen. [SEP] b____ [SEP] brown
806,de,0.610101418,DNA [SEP] Es wurde kein DNA-Beweis gefunden. [SEP] d__ [SEP] dna
807,de,0.455171781,"Seite [SEP] Ich kann mich einfach nicht daran gewöhnen, dass man in England auf der linken Seite der Straße fährt. [SEP] s___ [SEP] side"
808,de,0.935441738,falten [SEP] Sie faltete die Zeitung und verstaute sie in ihrer Tasche. [SEP] f___ [SEP] fold
809,de,-0.942784284,Klinke [SEP] Sie drückte die Klinke und öffnete die Tür. [SEP] h_____ [SEP] handle
810,de,1.245188288,Dokumentarfilm [SEP] Der Dokumentarfilm war sehr erfolgreich. [SEP] d__________ [SEP] documentary
811,de,0.68173954,starker [SEP] Kannst du bitte einen Beutel Kartoffeln aus dem Geschäft mitnehmen? [SEP] s___ [SEP] sack
812,de,-0.711159451,Forderung [SEP] Meine Vorgesetzten haben alle meine Forderungen akzeptiert. [SEP] d_____ [SEP] demand
813,de,2.718919948,Minute [SEP] Der Zug kommt in einer Minute. [SEP] m_____ [SEP] minute
814,de,-0.050851157,Fee [SEP] Die Geschichte erzählte von Feen und Drachen. [SEP] f____ [SEP] fairy
815,de,2.80613394,Nachtclub [SEP] Sie haben die ganze Nacht in einem Nachtclub getanzt. [SEP] n________ [SEP] nightclub
816,de,-1.658257347,irakisch [SEP] Das irakische Restaurant hat erst kürzlich eröffnet. [SEP] i____ [SEP] iraqi
817,de,1.893350972,Schwimmer [SEP] Sie ist eine leidliche Schwimmerin. [SEP] s______ [SEP] swimmer
818,de,-0.509806339,"Erforschung [SEP] Ist es notwendig, das menschliche Wissen durch die Erforschung des Weltraumes auszuweiten? [SEP] e__________ [SEP] exploration"
819,de,1.203641938,Krebs [SEP] Am Strand gibt es viele Krebse. [SEP] c___ [SEP] crab
820,de,-1.046273085,Homophobie [SEP] Unter Homophobie versteht man die Abneigung gegen Homosexuelle. [SEP] h_________ [SEP] homophobia
821,de,-0.608416007,Überfahrt [SEP] Das war meine zweite Überfahrt mit dem Schiff. [SEP] c_______ [SEP] crossing
822,de,-0.3467246,gefeiert [SEP] Er ist ein gefeierter Schauspieler. [SEP] c_________ [SEP] celebrated
823,de,-1.509808497,"Satz [SEP] Dieser Satz enthält ein Subjekt, ein Prädikat und ein Objekt. [SEP] p_____ [SEP] phrase"
824,de,-0.739671504,Sieger [SEP] Sie schoss für ihre Mannschaft das Siegertor. [SEP] w______ [SEP] winning
825,de,2.383628755,"traurig [SEP] Nachdem ihre Katze gestorben war, war meine Nachbarin wirklich traurig. [SEP] s__ [SEP] sad"
826,de,-1.0872926,"verfolgen [SEP] Es wird sich erzählt, dass das alte Gebäude von Geistern heimgesucht wird. [SEP] h____ [SEP] haunt"
827,de,-0.860914811,Lob [SEP] Alle Festbesucher waren voll des Lobes für das wunderbare Büffet. [SEP] p_____ [SEP] praise
828,de,2.291249306,"übersetzen [SEP] Kann mir das jemand übersetzen, bitte? [SEP] t________ [SEP] translate"
829,de,0.752859882,Homosexualität [SEP] Homosexualität wird in vielen Ländern bestraft. [SEP] h____________ [SEP] homosexuality
830,de,0.597429462,Mehrheit [SEP] Die Mehrheit der Schüler hat sich für einen Ausflug in die Berge entschieden. [SEP] m_______ [SEP] majority
831,de,-0.598218038,unvorsichtig [SEP] Bitte versuche das nächste Mal nicht so unvorsichtig zu sein. [SEP] c_______ [SEP] careless
832,de,0.942450214,italienisch [SEP] Ich gehe gerne in italienische Restaurants. [SEP] i______ [SEP] italian
833,de,2.906139098,hart [SEP] Er isst ein hart gekochtes Ei. [SEP] h___ [SEP] hard
834,de,0.578492818,"Stock [SEP] Um das Lagerfeuer anzuzünden, brauchen wir ein paar dünnere Stöcke Holz. [SEP] s____ [SEP] stick"
835,de,0.212747779,"Taschenlampe [SEP] Wenn man im Zelt übernachtet, ist es gut, eine Taschenlampe dabei zu haben. [SEP] f_________ [SEP] flashlight"
836,de,1.138166828,frustriert [SEP] Frustrierte Reisende saßen in der Abflughalle und warteten seit Stunden auf ihren Abflug. [SEP] f_________ [SEP] frustrated
837,de,-3.426641186,Zivilisierung [SEP] Sie lernen in der Schule vor allem die Geschichte der westlichen Zivilisierung. [SEP] c___________ [SEP] civilization
838,de,-1.078066996,unter [SEP] Sie wohnen einen Stock unter mir. [SEP] b______ [SEP] beneath
839,de,-0.523288685,undicht [SEP] Ich würde diesen Behälter nicht benutzen. Er ist undicht. [SEP] l___ [SEP] leak
840,de,1.117747841,Tafel [SEP] Die Lehrerin schreibt die Lösungen auf die Tafel. [SEP] b_________ [SEP] blackboard
841,de,-1.827051282,Wohlstand [SEP] Diese Familie lebt schon seit Generationen im Wohlstand. [SEP] p_________ [SEP] prosperity
842,de,0.932242526,schlechter [SEP] Es geht ihr heute eher noch schlechter. [SEP] w____ [SEP] worse
843,de,1.124807015,schlafend [SEP] Das Kind lag schlafend im Bett. [SEP] a_____ [SEP] asleep
844,de,-0.392145294,Säugling [SEP] Säuglinge und ältere Menschen sind vor allem von der extremen Hitze betroffen. [SEP] i_____ [SEP] infant
845,de,-2.826671764,bald [SEP] Sie machen sicher bald eine Mittagspause. [SEP] s______ [SEP] shortly
846,de,0.558902904,Senatsmitglied [SEP] Wir müssen dieses Senatsmitglied unbedingt einladen. [SEP] s______ [SEP] senator
847,de,2.840271309,"Chef [SEP] Ich muss meinen Chef fragen, ob ich nächste Woche frei haben kann. [SEP] b___ [SEP] boss"
848,de,-1.492098307,Luftströmung [SEP] Eine perfekte Luftströmung ist ein Muss für einen guten Flug. [SEP] a______ [SEP] airflow
849,de,3.102786578,anderer [SEP] Die anderen Mitschüler haben viel für den Test gelernt. [SEP] o____ [SEP] other
850,de,0.350874825,inspirierend [SEP] Das ist eine inspirierende Liebesgeschichte. [SEP] i________ [SEP] inspiring
851,de,1.315450889,Interesse [SEP] Sie hat kein großes Interesse an der Politik. [SEP] i_______ [SEP] interest
852,de,0.51204878,Blitz [SEP] Ich muss den Blitz bei der Kamera einschalten. [SEP] f____ [SEP] flash
853,de,-1.667239379,schwächen [SEP] Die fortlaufenden Krisen schwächen ihre Position zusehend. [SEP] u________ [SEP] undermine
854,de,0.700898678,Dose [SEP] Die Dose öffnet man mit einem Dosenöffner. [SEP] c__ [SEP] can
855,de,1.226383382,"jdn/etw [SEP] Bitte, unterbrechen Sie die Vortragende nicht! [SEP] i________ [SEP] interrupt"
856,de,-0.461000382,treibend [SEP] Er war die treibende Kraft bei dem Projekt. [SEP] d______ [SEP] driving
857,de,1.288652246,Schatten [SEP] Der Baum ist wirklich mächtig und wirft sehr viel Schatten. [SEP] s_____ [SEP] shadow
858,de,0.821407468,Wurst [SEP] Ich hätte heute richtig Lust auf ein Brötchen mit Wurst und Käse. [SEP] s______ [SEP] sausage
859,de,-0.199677463,messbar [SEP] Die Strahlen sind messbar. [SEP] m_________ [SEP] measurable
860,de,-1.25974142,die [SEP] Thomas runzelte die Stirn und schüttelte ungläubig seinen Kopf. [SEP] f____ [SEP] frown
861,de,1.681697902,geschehen [SEP] Der Unfall passierte gestern Nacht um vier Uhr. [SEP] h_____ [SEP] happen
862,de,0.699632254,Blatt [SEP] Im Herbst verlieren die Bäume ihre Blätter. [SEP] l___ [SEP] leaf
863,de,-1.61089056,"Nostalgie [SEP] Ich empfand eine gewisse Nostalgie, als ich mir die alten Fotos anschaute. [SEP] n________ [SEP] nostalgia"
864,de,1.319225121,Idealismus [SEP] Idealismus allein reicht nicht für dieses Projekt. [SEP] i_______ [SEP] idealism
865,de,-1.250094084,Wahrnehmung [SEP] Die Wahrnehmung wird durch die Verpackung eines Produkts beeinflusst. [SEP] p_________ [SEP] perception
866,de,3.386628117,Ring [SEP] Anstatt eines Ringes schenkte er ihr Flugtickets nach Barcelona. [SEP] r___ [SEP] ring
867,de,-3.026070624,Besucher [SEP] Die Besucherzahlen der Fußballspiele waren heute sehr hoch. [SEP] a_________ [SEP] attendance
868,de,-2.135926491,anspruchsvoll [SEP] In diesem Restaurant ist die Kundschaft besonders anspruchsvoll. [SEP] s____________ [SEP] sophisticated
869,de,-3.44157098,konsequent [SEP] Er ist sehr konsequent. Er geht jede Woche zum Training und übt sehr fleißig. [SEP] c_________ [SEP] consistent
870,de,0.314533291,sozialistisch [SEP] Die Tschechoslowakei war im 20. Jahrhundert auch eine sozialistische Republik. [SEP] s________ [SEP] socialist
871,de,-1.395094063,Stamm [SEP] Die Ulme hatte einen dicken und kräftigen Stamm. [SEP] t____ [SEP] trunk
872,de,0.707572191,Schwanz [SEP] Der Hund wackelte freudig mit dem Schwanz. [SEP] t___ [SEP] tail
873,de,-0.530412504,Reisebus [SEP] Wir fuhren mit dem Reisebus nach Tschechien. [SEP] c____ [SEP] coach
874,de,-1.923043312,gesetzlich [SEP] Die Registrierkasse ist für alle Unternehmer in Österreich gesetzlich vorgeschrieben. [SEP] m________ [SEP] mandatory
875,de,-2.270709866,Spezialbereich [SEP] Ihr Spezialbereich ist die Früherkennung von Diabetes. [SEP] s________ [SEP] specialty
876,de,-2.809813501,"überarbeiten [SEP] Damit der Text richtig gut wird, solltest du den zweiten Absatz noch einmal überarbeiten. [SEP] r_____ [SEP] revise"
877,de,-0.770469843,geschwungen [SEP] Das Rentier hat geschwungene Hörner. [SEP] c_____ [SEP] curved
878,de,2.567568285,"klein [SEP] Benutze eine kleine Pfanne, um die Beeren aufzutauen. [SEP] l_____ [SEP] little"
879,de,-2.005730128,Peinlichkeit [SEP] Ich konnte diese Peinlichkeit nicht vergessen. [SEP] e____________ [SEP] embarrassment
880,de,1.589522878,Pulsschlag [SEP] Sie überprüfte mit gekonntem Griff den Pulsschlag der Patientin. [SEP] p____ [SEP] pulse
881,de,-0.910794242,Diplomatie [SEP] Sie verhandeln mit sehr viel Diplomatie. [SEP] d________ [SEP] diplomacy
882,de,-2.969916651,schriftlicher [SEP] Die Versicherung verlangt einen schriftlichen Nachweis. [SEP] d____________ [SEP] documentation
883,de,-0.721253201,Anteil [SEP] Ich möchte mir meinen Anteil bar auszahlen lassen. [SEP] s____ [SEP] share
884,de,-3.024854275,leicht [SEP] Manche Ersatzteile sind nicht leicht zu beschaffen. [SEP] r______ [SEP] readily
885,de,-0.11639704,Kopfhörer [SEP] Sie hört Musik mit ihren Kopfhörern. [SEP] e_______ [SEP] earphone
886,de,-2.085278047,abhängig [SEP] Nikotin macht süchtig. [SEP] a________ [SEP] addictive
887,de,0.427043336,Prost [SEP] Prost! Wir trinken auf unsere Gesundheit. [SEP] c_____ [SEP] cheers
888,de,2.957245524,"Land [SEP] Wenn wir wieder an Land gehen, kaufe ich mir frisches Obst. [SEP] l___ [SEP] land"
889,de,-0.977822235,innere [SEP] Innere Angelegenheiten dürfen nicht nach draußen getragen werden. [SEP] i_______ [SEP] internal
890,de,-1.537769032,Leistung [SEP] Er konnte seine Leistung im letzten Jahr verbessern. [SEP] a__________ [SEP] achievement
891,de,-0.944838588,unversehrt [SEP] Das Siegel am Brief ist immer noch unversehrt. Niemand hat den Brief geöffnet. [SEP] i_____ [SEP] intact
892,de,2.546279546,Aspekt [SEP] Ich möchte vor allem den sozialen Aspekt des Problems hervorheben. [SEP] a_____ [SEP] aspect
893,de,-0.354646609,erforschen [SEP] Wir müssen den Zusammenhang zwischen moderner Ernährung und Diabetes noch genauer erforschen. [SEP] r_______ [SEP] research
894,de,1.416331026,Vampir [SEP] Der Vampir ist nicht erst seit Dracula eine literarische Figur. [SEP] v______ [SEP] vampire
895,de,0.477614025,jährlich [SEP] Die jährliche Konferenz ist immer gut besucht. [SEP] a_____ [SEP] annual
896,de,0.632118675,Geologe [SEP] Sie arbeitet als Geologin und reist daher sehr viel. [SEP] g________ [SEP] geologist
897,de,-2.357224235,drinnen [SEP] Ich blieb den ganzen Tag drinnen. [SEP] i______ [SEP] indoors
898,de,-4.402370788,atemberaubend [SEP] Sie hatte ein atemberaubendes Kleid zur Galerieeröffnung an. [SEP] a________ [SEP] arresting
899,de,-2.62644586,seltsam [SEP] Woher kommt dieser seltsame Geruch? [SEP] p_______ [SEP] peculiar
900,de,-0.065290574,verschwitzt [SEP] Sie kam ganz verschwitzt zu Hause an. [SEP] s_____ [SEP] sweaty
901,de,1.401257896,berufstätig [SEP] Sie ist eine berufstätige Mutter. [SEP] w______ [SEP] working
902,de,2.057475174,Drache [SEP] Der Ritter tötete den Drachen. [SEP] d_____ [SEP] dragon
903,de,1.679353184,Mechaniker [SEP] Sie ist Mechanikerin aus Leidenschaft. [SEP] m_______ [SEP] mechanic
904,de,0.323469286,verringern [SEP] Wir müssen den Ausstoß von Treibhausgasen verringern. [SEP] r_____ [SEP] reduce
905,de,0.066894524,spucken [SEP] Ständig spucken sie auf den Gehsteig und das stört mich schon langsam wirklich. [SEP] s___ [SEP] spit
906,de,0.286952268,"aufreizend [SEP] Sie findet den Pullover eher langweilig, aber ihr Freund findet ihn sehr aufreizend. [SEP] s___ [SEP] sexy"
907,de,-1.69902658,Datenbank [SEP] Ich werde die Information in der Datenbank erfassen. [SEP] d_______ [SEP] database
908,de,2.285776078,ohne [SEP] Anna ist ohne Mutter aufgewachsen. [SEP] m_________ [SEP] motherless
909,de,-1.308300073,Umgang [SEP] Der junge Vater hatte einen sehr behutsamen Umgang mit seinem Baby. [SEP] h_______ [SEP] handling
910,de,1.49523985,packen [SEP] Er packt die Koffer für den Urlaub. [SEP] p___ [SEP] pack
911,de,1.88712395,Laufen [SEP] Gerade in den frühen Abendstunden macht mir das Laufen am meisten Spaß. [SEP] r______ [SEP] running
912,de,-0.256778635,"Regelmäßigkeit [SEP] Als sie sich besser kennenlernten, trafen sie einander mit zunehmender Regelmäßigkeit. [SEP] r_________ [SEP] regularity"
913,de,0.885491,Therapie [SEP] Ich kann dir diese Therapie sehr empfehlen. [SEP] t______ [SEP] therapy
914,de,1.721281922,groß [SEP] Sie sind in großer Gefahr. [SEP] g____ [SEP] great
915,de,2.559484013,"hässlich [SEP] Er hatte immer geglaubt, er wäre hässlich. [SEP] u___ [SEP] ugly"
916,de,-0.343106506,"Beweis [SEP] Die Beweise zeigen, dass der mutmaßliche Täter schuldig ist. [SEP] e_______ [SEP] evidence"
917,de,-0.939802297,Verfassung [SEP] Der Zeitungsartikel zitierte mehrere Paragraphen der Verfassung. [SEP] c___________ [SEP] constitution
918,de,-1.631514005,Spielstunde [SEP] Während der Spielstunde tummeln sich die Schulkinder im Freien. [SEP] p_______ [SEP] playtime
919,de,1.650949084,Helm [SEP] Beim Fahrradfahren trage ich einen Helm. [SEP] h_____ [SEP] helmet
920,de,-1.916310908,"jdn/etw [SEP] Der Mann versucht, die Maus in eine Falle zu locken. [SEP] l___ [SEP] lure"
921,de,-1.181992231,"ausfindig [SEP] Der Installateur versucht, das Leck ausfindig zu machen. [SEP] l_____ [SEP] locate"
922,de,-0.472290137,überfüllt [SEP] Der Club war überfüllt mit Leuten. [SEP] c______ [SEP] crowded
923,de,-3.110294071,stattliche [SEP] Er organisierte eine Reihe von Tagungen und Konferenzen. [SEP] a____ [SEP] array
924,de,-1.570133826,Bremse [SEP] Die Bremsen an meinem Fahrrad funktionieren nicht mehr gut. Ich muss sie reparieren lassen. [SEP] b____ [SEP] brake
925,de,-1.203788841,ablenken [SEP] Die Musik lenkte sie ab. [SEP] d_______ [SEP] distract
926,de,0.60176657,"interagieren [SEP] Die Kinder lernen, richtig miteinander zu interagieren. [SEP] i_______ [SEP] interact"
927,de,0.86192809,Mikrobiologie [SEP] Sie hat sich auf dem Fachgebiet der Mikrobiologie spezialisiert. [SEP] m___________ [SEP] microbiology
928,de,-1.258028738,Tablett [SEP] Er brachte ihm das Frühstück auf einem Tablett ans Bett. [SEP] t___ [SEP] tray
929,de,-1.437677962,Multimillionär [SEP] Der Multimillionär kauft sich eine weitere Jacht. [SEP] m_______________ [SEP] multimillionaire
930,de,1.062257045,"automatisch [SEP] Ich habe das automatisch gesagt, ohne darüber nachzudenken. [SEP] a____________ [SEP] automatically"
931,de,-0.492583018,beschleunigen [SEP] Mit seiner Kooperation versucht er den Prozess zu beschleunigen. [SEP] a_________ [SEP] accelerate
932,de,-0.563426055,dummerweise [SEP] Dummerweise habe ich meine Geldbörse zu Hause liegen gelassen. [SEP] s_______ [SEP] stupidly
933,de,2.038353357,Kreuz [SEP] Eine vertikale und eine horizontale Linie bilden ein Kreuz. [SEP] c____ [SEP] cross
934,de,1.22987928,Marktplatz [SEP] Die Verkäufer am Marktplatz dulden keine Konkurrenz. [SEP] m__________ [SEP] marketplace
935,de,0.917851294,Schüler [SEP] Er war immer ein sehr braver Schüler. [SEP] p____ [SEP] pupil
936,de,-1.818948061,weinen [SEP] Bei manchen Filmszenen muss er hemmungslos weinen. [SEP] w___ [SEP] weep
937,de,-0.329743405,selten [SEP] Sie denken selten über die Konsequenzen ihrer Handlungen nach. [SEP] s_____ [SEP] seldom
938,de,2.784536359,"lang [SEP] Es ist eine lange Zeit her, seit ich das letzte Mal mit ihr ausgegangen bin. [SEP] l___ [SEP] long"
939,de,-1.173124659,unterrichtet [SEP] Zusätzlich zum unterrichteten Lehrplan gibt es ein breites Freizeitprogramm. [SEP] t_____ [SEP] taught
940,de,-2.493151957,Anteil [SEP] Wir geben derzeit einen großen Anteil unseres Einkommens für die Miete aus. [SEP] p______ [SEP] portion
941,de,-1.642567974,im [SEP] Meine Kinder studieren beide im Ausland. [SEP] o_______ [SEP] overseas
942,de,0.037058713,"Beten [SEP] Vielleicht hilft Beten, sagte meine Großmutter immer. [SEP] p______ [SEP] praying"
943,de,0.73444551,Erdkunde [SEP] Ich bin von unserem Erdkundelehrer begeistert. Er kennt die ganze Welt. [SEP] g________ [SEP] geography
944,de,0.532278246,Werke [SEP] Nun sind die gesammelten Werke der Autorin in drei Bänden erschienen. [SEP] w____ [SEP] works
945,de,-0.018481293,heldenhaft [SEP] Er ist heldenhaft. [SEP] h_____ [SEP] heroic
946,de,0.062510665,gleichbleibend [SEP] Beim Backen des Kuchens ist eine gleichbleibende Temperatur notwendig. [SEP] c_______ [SEP] constant
947,de,1.151633212,Witwe [SEP] Als Witwe bezieht sie eine kleine Pension. [SEP] w____ [SEP] widow
948,de,3.27148024,"beginnen [SEP] Ich weiß gar nicht, wann dieses Jahr die Sommerferien beginnen. [SEP] s____ [SEP] start"
949,de,-0.00142542,"Elektriker [SEP] Wir brauchen einen Elektriker, um die Steckdosen in der Wohnung zu installieren. [SEP] e__________ [SEP] electrician"
950,de,-0.724022985,Brise [SEP] Diese Brise kommt vom Meer her. [SEP] b_____ [SEP] breeze
951,de,-0.243952442,Verkäufe [SEP] Wir konnten bei unseren Verkäufen im letzten Monat noch einmal richtig zulegen. [SEP] s____ [SEP] sales
952,de,-1.499474501,Art [SEP] Es handelt sich dabei um eine effiziente Art der Produktion. [SEP] m___ [SEP] mode
953,de,1.535393657,"milchig [SEP] Nachdem ich das Glas aus dem Geschirrspüler genommen hatte, war das Glas milchig. [SEP] m____ [SEP] milky"
954,de,1.221996177,"urgent [SEP] Keine unnötige Eile, es ist nicht so dringend. [SEP] u_____ [SEP] urgent"
955,de,-1.915336221,Gruppe [SEP] Da drüben steht eine Gruppe von Jugendlichen. [SEP] b____ [SEP] bunch
956,de,1.096416855,"etw/jdn [SEP] Bedecke den Salat, bis wir endlich essen können. [SEP] c____ [SEP] cover"
957,de,0.040183081,Ausnahme [SEP] Wir essen kein Fleisch. Meine Kinder machen manchmal eine Ausnahme. [SEP] e________ [SEP] exception
958,de,-1.004846871,Glücksspiel [SEP] Der Mann hat viel Geld beim Glücksspiel verloren. [SEP] g_______ [SEP] gambling
959,de,2.397265361,"Geld [SEP] Ich habe kein Geld, um dir ein neues Handy zu kaufen. [SEP] m____ [SEP] money"
960,de,1.098055679,Skifahrer [SEP] Dieses Modell ist wirklich nur für sehr erfahrene Skifahrer geeignet. [SEP] s____ [SEP] skier
961,de,2.049480424,"mitnehmen [SEP] Vergiss nicht, dicke Socken mitzunehmen. [SEP] t___ [SEP] take"
962,de,-0.095649729,Esslöffel [SEP] Der Esslöffel wird üblicherweise neben dem Messer gedeckt. [SEP] t_________ [SEP] tablespoon
963,de,0.872697208,allgemein [SEP] Die Theorie wird allgemein akzeptiert. [SEP] g________ [SEP] generally
964,de,0.466560276,Motor [SEP] Der Mechaniker repariert den Motor des Autos. [SEP] e_____ [SEP] engine
965,de,-0.412795337,zerkleinert [SEP] Das Getränk wird mit zerkleinerten Eiswürfel serviert. [SEP] c______ [SEP] crushed
966,de,1.310423533,Männchen [SEP] Unser Hund ist ein Männchen und ist sieben Jahre alt. [SEP] m___ [SEP] male
967,de,-1.601423262,bewegen [SEP] Die Temperaturen bewegen sich um diese Jahreszeit zwischen 25 und 35 Grad. [SEP] r____ [SEP] range
968,de,0.339623384,Beförderung [SEP] Die Beförderung gefährlicher Güter obliegt strengen Normen. [SEP] t________ [SEP] transport
969,de,1.990181638,Schulter [SEP] Der Radfahrer hat sich beim Training an der Schulter verletzt. [SEP] s_______ [SEP] shoulder
970,de,-0.357194714,Behinderung [SEP] Das Gebäude ist begehbar auch für Menschen mit Behinderung. [SEP] d_________ [SEP] disability
971,de,-3.00040782,Berater [SEP] Der Bundeskanzler hat einen erfahrenen Berater. [SEP] a______ [SEP] adviser
972,de,3.13078897,gemischt [SEP] Ich hätte gerne einen gemischten Salat. [SEP] m____ [SEP] mixed
973,de,0.562716612,"unsichtbar [SEP] Die Kinder spielen, unsichtbar zu sein. [SEP] i________ [SEP] invisible"
974,de,-3.402264166,"ausdenken [SEP] Sie haben sich ein neues System ausgedacht, das die Handhabung des Programms erleichtern soll. [SEP] d_____ [SEP] devise"
975,de,-0.646018405,Beamer [SEP] Wir sollten den Beamer in der Klasse etwas mehr nutzen. [SEP] p________ [SEP] projector
976,de,-1.480070132,sich [SEP] Sie möchte mehr Zeit dem Schachspielen widmen. [SEP] d_______ [SEP] dedicate
977,de,-1.822027094,im [SEP] Es sind viele Aktivitäten im Freien geplant. [SEP] o______ [SEP] outdoor
978,de,-3.015849561,ungeklärt [SEP] Er starb unter ungeklärten Umständen. [SEP] u__________ [SEP] unexplained
979,de,-3.200776418,ernennen [SEP] Der König ernannte seinen Nachfolger. [SEP] d________ [SEP] designate
980,de,1.956660098,ankommen [SEP] Wann kommt dein Zug in Wien an? [SEP] a_____ [SEP] arrive
981,de,-4.033365448,anheizen [SEP] Mit diesem Verwirrspiel möchte der Bauunternehmer die Spekulationen anheizen und so noch mehr Aufmerksamkeit auf das Projekt lenken. [SEP] f___ [SEP] fuel
982,de,0.293977811,ausgewogen [SEP] Wir garantieren eine ausgewogene Berichterstattung. [SEP] b_______ [SEP] balanced
983,de,-1.275882402,"Steroide [SEP] Die Sportmannschaft steht unter dem Verdacht, Steroide verwendet zu haben. [SEP] s_______ [SEP] steroids"
984,de,-2.654041289,Silizium [SEP] Computerchips werden heutzutage überwiegend aus Silizium hergestellt. [SEP] s______ [SEP] silicon
985,de,-3.405607359,Rechtsstreit [SEP] Der Rechtsstreit zwischen den beiden Parteien wurde einvernehmlich beigelegt. [SEP] l_________ [SEP] litigation
986,de,2.448370019,amerikanisch [SEP] Er ist ein amerikanischer Staatsbürger. [SEP] a_______ [SEP] american
987,de,-1.571610651,steuern [SEP] Der Kapitän reagierte sofort und steuerte das Flugzeug in die entgegengesetzte Richtung. [SEP] s____ [SEP] steer
988,de,-2.084723165,Mäzen [SEP] Er ist ein großzügiger Mäzen der schönen Künste. [SEP] p_____ [SEP] patron
989,de,1.86077138,"Countdown [SEP] Der Countdown läuft: zehn, neun, acht, ... [SEP] c________ [SEP] countdown"
990,de,-3.092470688,Neben [SEP] Er wurde als Nebendarsteller engagiert. [SEP] s_________ [SEP] supporting
991,de,-3.1819155,primitiv [SEP] Die ersten Menschen auf unserer Erde benutzten primitive Werkzeuge. [SEP] c____ [SEP] crude
992,de,0.129588445,"Spannung [SEP] Wir versuchten, die Spannung mit Humor etwas abzubauen. [SEP] t______ [SEP] tension"
993,de,3.588439276,Tasche [SEP] Meine Tasche wurde letzte Nacht gestohlen. [SEP] b__ [SEP] bag
994,de,-0.473297723,erleuchtet [SEP] Der hell erleuchtete Raum war voller Menschen. [SEP] i__________ [SEP] illuminated
995,de,0.824723102,werfen [SEP] Wer würde den Stein wohl am weitesten werfen? [SEP] t____ [SEP] throw
996,de,0.383279686,Ruhe [SEP] Er hat die letzten drei Tage sehr viel gearbeitet und braucht dringend etwas Ruhe. [SEP] r___ [SEP] rest
997,de,1.491012525,"koordinieren [SEP] Wer soll unsere Tätigkeit koordinieren, wenn wir das nicht selbst tun? [SEP] c_________ [SEP] coordinate"
998,de,4.156986088,Eis [SEP] Der See war vollkommen mit Eis bedeckt. [SEP] i__ [SEP] ice
999,de,-3.105303927,"sich [SEP] Tausende Demonstranten versammeln sich hier, um gegen die Regierung zu protestieren. [SEP] r____ [SEP] rally"
1000,de,-1.371995553,Parfüm [SEP] Der Mann schenkt seiner Frau ein neues Parfüm. [SEP] p______ [SEP] perfume
1001,de,2.08113903,Verein [SEP] Ich spiele Fußball in einem Verein. [SEP] c___ [SEP] club
1002,de,-2.567540539,"Zusammenhang [SEP] Die Ergebnisse der Studie zeigen, dass es einen Zusammenhang zwischen Ernährung und Einkommen gibt. [SEP] c__________ [SEP] correlation"
1003,de,-1.880763326,Antrag [SEP] Jeder Antrag wird genau auf seine Machbarkeit hin geprüft. [SEP] p_______ [SEP] proposal
1004,de,-2.90701552,Befragter [SEP] Die meisten Befragten beantworteten diese Frage positiv. [SEP] r_________ [SEP] respondent
1005,de,2.863386075,Garage [SEP] Wir parken unser Auto in der Garage. [SEP] g_____ [SEP] garage
1006,de,0.606931777,Schildkröte [SEP] Die Schildkröte legt ihre Eier an Land. [SEP] t_____ [SEP] turtle
1007,de,0.228800849,Gebühr [SEP] In Österreich müssen Studenten keine Studiengebühren zahlen. [SEP] f__ [SEP] fee
1008,de,2.545336189,Atem [SEP] Er nahm einen tiefen Atemzug. [SEP] b_____ [SEP] breath
1009,de,0.065454798,Trickfilm [SEP] Die Kinder sehen einen Trickfilm mit animierten Tieren. [SEP] a________ [SEP] animation
1010,de,-3.021598472,"gründlich [SEP] Bevor ich eine endgültige Entscheidung traf, dachte ich gründlich darüber nach. [SEP] d_________ [SEP] deliberate"
1011,de,1.659301269,verheiratet [SEP] Die verheiratete Frau bekommt bald ein Baby. [SEP] m______ [SEP] married
1012,de,-2.294647119,todunglücklich [SEP] Ihr Freund hat mit ihr Schluss gemacht und sie ist jetzt todunglücklich. [SEP] h__________ [SEP] heartbroken
1013,de,0.070310713,"Schuss [SEP] Die Bewohner des Hauses behaupten, dass sie mehrere Schüsse gehört haben. [SEP] g______ [SEP] gunshot"
1014,de,0.205900217,Trinken [SEP] Ich habe meinen eigenen Trinkbecher mitgebracht. [SEP] d_______ [SEP] drinking
1015,de,0.543427994,"U-Bahn [SEP] Wir benutzen die U-Bahn nur sehr selten, weil sie immer so voll ist. [SEP] s_____ [SEP] subway"
1016,de,3.002481478,trocknen [SEP] Wir haben die Handtücher gewaschen und jetzt trocknen sie draußen auf der Wäscheleine. [SEP] d__ [SEP] dry
1017,de,-0.563085063,Absicht [SEP] Ich habe dich ohne Absicht verletzt. [SEP] i________ [SEP] intention
1018,de,-1.572119937,hervorbringen [SEP] Die Bäume bringen dieses Jahr schöne Früchte hervor. [SEP] y____ [SEP] yield
1019,de,2.40877457,"Superman [SEP] Er ist ein richtiger Superman, er vollbringt große Leistungen. [SEP] s_______ [SEP] superman"
1020,de,-1.244609247,Vervielfältigung [SEP] Die Vervielfältigung von illegalen Tonbandaufnahmen ist illegal. [SEP] r___________ [SEP] reproduction
1021,de,0.24679277,Meisterschaft [SEP] Die Fußballmeisterschaft findet dieses Jahr im Mai statt. [SEP] c___________ [SEP] championship
1022,de,1.592398939,landen [SEP] Das Flugzeug landete pünktlich. [SEP] l___ [SEP] land
1023,de,1.216639959,Katholik [SEP] Gläubige Katholiken gehen jeden Sonntag in die Kirche. [SEP] c_______ [SEP] catholic
1024,de,-2.150413638,"umleiten [SEP] Wenn du länger nicht im Büro bist, wäre es gut, wenn du deine E-Mail zu meiner Adresse umleiten würdest. [SEP] r_______ [SEP] redirect"
1025,de,-2.417556843,Präzedenzfall [SEP] Die Richterin begründete sein Urteil mit einem relevanten Präzedenzfall. [SEP] p________ [SEP] precedent
1026,de,-2.815791658,Amtszeit [SEP] Während ihrer Amtszeit wurden die Steuern drastisch erhöht. [SEP] t_____ [SEP] tenure
1027,de,0.805944138,"widerhallen [SEP] Seine Worte klangen in dem großen, leeren Raum nach. [SEP] e___ [SEP] echo"
1028,de,-1.061908332,konventionell [SEP] Sie zieht sich konventionell an. [SEP] c_____________ [SEP] conventionally
1029,de,3.215922091,modern [SEP] Sie hat eine moderne Küche. [SEP] m_____ [SEP] modern
1030,de,0.512304996,Wehen [SEP] Das Wehen des Nordwindes kündigt den Wintereinbruch an. [SEP] b______ [SEP] blowing
1031,de,0.797162696,ausgeben [SEP] Ich möchte im nächsten Monat weniger Geld für Kaffeepausen ausgeben. [SEP] s____ [SEP] spend
1032,de,-0.313688172,Zunahme [SEP] Es war eine Zunahme an Kriminalität zu beobachten. [SEP] g_____ [SEP] growth
1033,de,-2.684412744,nachträglich [SEP] Das Gesetz wurde nachträglich geändert. [SEP] s___________ [SEP] subsequently
1034,de,0.646256969,Hütte [SEP] Sie mieteten sich eine simple Hütte am Strand. [SEP] h__ [SEP] hut
1035,de,2.277440765,Bohnen [SEP] Heute gibt es Bohnensalat zur Hauptspeise. [SEP] b___ [SEP] bean
1036,de,1.4315057,Wille [SEP] Sie hatte immer schon einen sehr starken Willen. [SEP] w___ [SEP] will
1037,de,0.122206616,grundlegend [SEP] Die grundlegendsten Aufgaben wurden nicht richtig verrichtet. [SEP] e_________ [SEP] elementary
1038,de,-1.869303041,über [SEP] Die Möwe kreiste über uns. [SEP] o_______ [SEP] overhead
1039,de,0.444951425,Tapete [SEP] Die Wände waren mit einer Tapete mit buntem Muster beklebt. [SEP] w________ [SEP] wallpaper
1040,de,-1.426707764,Strömung [SEP] Der Fluss hat eine starke Strömung. [SEP] c______ [SEP] current
1041,de,-1.79270009,unangenehm [SEP] Nach dem Gespräch lag eine unangenehme Stille zwischen uns. [SEP] a______ [SEP] awkward
1042,de,-1.258870096,Straßenhändler [SEP] An der Kreuzung war außer einer Straßenhändlerin niemand zu sehen. [SEP] v_____ [SEP] vendor
1043,de,1.047869477,absurd [SEP] Mach dich nicht lächerlich. Das ist völlig absurd! [SEP] a_____ [SEP] absurd
1044,de,-1.620804652,Telefonmarketing [SEP] Das Lexikon habe ich über Telefonmarketing gekauft. [SEP] t____________ [SEP] telemarketing
1045,de,2.072102583,Biene [SEP] Bienen produzieren Honig. [SEP] b__ [SEP] bee
1046,de,-0.993621125,Können [SEP] Jeder kann hier sein Können unter Beweis stellen. [SEP] s____ [SEP] skill
1047,de,2.733153746,Dschungel [SEP] Auf unserer Reise machen wir eine Wanderung durch den Dschungel. [SEP] j_____ [SEP] jungle
1048,de,-0.702313873,Fernrohr [SEP] Er schaute mit dem Fernrohr zur Insel hinüber. [SEP] t________ [SEP] telescope
1049,de,1.697432502,demografisch [SEP] Viele Regionen sind einem demographischen Wandel ausgesetzt. [SEP] d__________ [SEP] demographic
1050,de,2.978163673,kochen [SEP] Ich koche heute Abend Reis mit Gemüse. [SEP] c___ [SEP] cook
1051,de,-4.163853585,"lieber [SEP] Liebste Sara, würdest du bitte dein Zimmer aufräumen? [SEP] d______ [SEP] darling"
1052,de,0.023457946,vor [SEP] Einige Probleme liegen noch vor uns. [SEP] a____ [SEP] ahead
1053,de,-0.837765364,"Abzug [SEP] Sie hielt den Finger am Abzug, jederzeit bereit, zu schießen. [SEP] t______ [SEP] trigger"
1054,de,-1.584054717,Sinfonie [SEP] Am liebsten hörte sie Beethovens sechste Sinfonie. [SEP] s_______ [SEP] symphony
1055,de,2.580092073,Sohn [SEP] Sie haben gemeinsam eine Tochter und einen Sohn. [SEP] s__ [SEP] son
1056,de,3.07796025,Mitternacht [SEP] Das Feuerwerk beginnt um Mitternacht. [SEP] m_______ [SEP] midnight
1057,de,-0.056662138,Hochschule [SEP] Sie unterrichtet klassische Gitarre an der Musikhochschule. [SEP] c______ [SEP] college
1058,de,0.651675735,"viel [SEP] Es hat sich viel verändert, seit du das letzte Mal hier warst. [SEP] m___ [SEP] much"
1059,de,3.397353222,sauber [SEP] Ich habe das Bad frisch geputzt. Alles ist sauber! [SEP] c____ [SEP] clean
1060,de,1.817065508,gestohlen [SEP] Die gestohlenen Waren wurden nicht mehr gefunden. [SEP] s_____ [SEP] stolen
1061,de,-1.628010308,Nachfolger [SEP] Die Präsidentin wünscht ihrem Nachfolger viel Erfolg. [SEP] s________ [SEP] successor
1062,de,1.014994761,wahnsinnig [SEP] Die laute Musik macht mich wahnsinnig. [SEP] c____ [SEP] crazy
1063,de,-0.584505959,Ansuchen [SEP] Die Bank hat ihr Ansuchen um einen Kredit bereits genehmigt. [SEP] r______ [SEP] request
1064,de,1.872355721,Wunde [SEP] Die Wunde scheint gut zu verheilen. [SEP] w____ [SEP] wound
1065,de,2.392875207,Kreativität [SEP] Für die Aufgabe ist Kreativität gefordert. [SEP] c_________ [SEP] creativity
1066,de,-3.170684491,gemeinsam [SEP] Unsere gemeinsamen Anstrengungen haben uns zum Sieg verholfen. [SEP] c_______ [SEP] combined
1067,de,0.648965633,Fachmann [SEP] Anna ist eine Fachfrau auf diesem Gebiet. [SEP] e_____ [SEP] expert
1068,de,1.977575231,überall [SEP] Du kannst diese Hosen überall in Europa umtauschen. [SEP] e_________ [SEP] everywhere
1069,de,-0.362361542,Lesezeichen [SEP] Zu Weihnachten habe ich ein neues Buch mit einem Lesezeichen bekommen. [SEP] b_______ [SEP] bookmark
1070,de,-1.268260939,Farbpinsel [SEP] Ich habe verschiedene Farbpinsel für dieses Bild verwendet. [SEP] p_________ [SEP] paintbrush
1071,de,0.957758055,verletzt [SEP] Die verletzten Soldaten wurden ins Lazarett gebracht. [SEP] w______ [SEP] wounded
1072,de,-1.869430135,Ersatz [SEP] Süßstoffe werden oft als Ersatz für Zucker in der Lebensmittelindustrie eingesetzt. [SEP] s___________ [SEP] substitution
1073,de,-1.425593608,Plantage [SEP] Palmöl und Kaffee werden leider häufig auf großen Plantagen angebaut. [SEP] p_________ [SEP] plantation
1074,de,-2.914782324,nicht [SEP] Er wurde durch ein nicht nachweisbares Gift getötet. [SEP] u___________ [SEP] undetectable
1075,de,-0.050520052,"widerstehen [SEP] Ich liebe Süßigkeiten und es gelingt mir nur sehr selten, einer süßen Versuchung zu widerstehen. [SEP] r_____ [SEP] resist"
1076,de,0.811475079,"Kennwort [SEP] Um dich für diese App anmelden zu können, brauchst du einen Benutzernamen und ein Kennwort. [SEP] p_______ [SEP] password"
1077,de,-1.086013793,Zuwachs [SEP] Wir haben neuen Familienzuwachs. [SEP] a_______ [SEP] addition
1078,de,1.403672628,Begräbnis [SEP] Gestern fand das Begräbnis meiner Großmutter statt. [SEP] f______ [SEP] funeral
1079,de,1.537033732,weich [SEP] Matthias rutschte plötzlich aus und plumpste in den weichen Schnee. [SEP] s___ [SEP] soft
1080,de,-1.541301788,treu [SEP] Seit meiner Kindheit war er mir ein treuer Freund. [SEP] f_______ [SEP] faithful
1081,de,-1.790761852,Wohlergehen [SEP] Uns geht es dabei um das Wohlergehen der Kinder. [SEP] w______ [SEP] welfare
1082,de,-0.440217542,Optik [SEP] Er hat eine Ausbildung im Bereich der Augenoptik gemacht. [SEP] o_____ [SEP] optics
1083,de,-0.226718666,Publikum [SEP] Das Publikum klatschte Beifall. [SEP] a_______ [SEP] audience
1084,de,-2.66763853,übernehmen [SEP] Wir übernehmen viele ihrer Bräuche. [SEP] a____ [SEP] adopt
1085,de,-1.162668071,ähnlich [SEP] Das Wetter sollte morgen leider ähnlich schlecht ausfallen. [SEP] s________ [SEP] similarly
1086,de,1.917874141,Turm [SEP] Warst du schon einmal beim Schiefen Turm von Pisa? [SEP] t____ [SEP] tower
1087,de,-3.458127673,Professionalität [SEP] Sie kann mit besonderer Professionalität und Loyalität punkten. [SEP] p______________ [SEP] professionalism
1088,de,-0.706390679,überführen [SEP] Sie überführen alle Patienten der Station in ein anderes Krankenhaus. [SEP] t_______ [SEP] transfer
1089,de,-2.379254202,Schwerpunkt [SEP] Der Schwerpunkt seiner Arbeit liegt in der Forschung. [SEP] e_______ [SEP] emphasis
1090,de,2.19916178,mehr [SEP] Ich möchte unbedingt mehr reisen. [SEP] m___ [SEP] more
1091,de,2.197760266,Panda [SEP] In diesem Zoo leben zwei Pandas. [SEP] p____ [SEP] panda
1092,de,0.848373307,Paradies [SEP] Diese Insel ist ein Paradies. [SEP] p_______ [SEP] paradise
1093,de,-0.392295759,"Plane [SEP] Bedecke das Auto mit einer Plane, solange es so schneit. [SEP] c____ [SEP] cover"
1094,de,0.031437142,Armband [SEP] Mir gefällt dein neues Armband sehr gut. [SEP] b_______ [SEP] bracelet
1095,de,1.767052275,königlich [SEP] Die königliche Hochzeit war eines der größten Medienereignisse des Jahres. [SEP] r____ [SEP] royal
1096,de,3.397313516,Pilot [SEP] Der Pilot fliegt das Flugzeug. [SEP] p____ [SEP] pilot
1097,de,0.647234518,"Aufgabe [SEP] Unsere wichtigste Aufgabe ist es nun, die Menschen zu beruhigen. [SEP] t___ [SEP] task"
1098,de,-0.592234946,Verteidiger [SEP] Der Verteidiger erbrachte im letzten Fußballspiel eine beachtliche Leistung. [SEP] d_______ [SEP] defender
1099,de,2.887920045,Single [SEP] Die erste Single aus dem neuen Album hat sich schon sehr gut verkauft. [SEP] s_____ [SEP] single
1100,de,-2.580004014,Rennstrecke [SEP] Der Rennfahrer hatte schon vier Runden auf der Rennstrecke hinter sich. [SEP] c______ [SEP] circuit
1101,de,-3.209505386,Ausmaß [SEP] Zu Beginn war uns das Ausmaß des Projektes nicht bewusst. [SEP] m________ [SEP] magnitude
1102,de,3.095812193,Freund [SEP] Ich gehe mit meinen Freundinnen shoppen. [SEP] f_____ [SEP] friend
1103,de,-0.066040176,sich/etw [SEP] Die Männer verteidigen ihr Land. [SEP] d_____ [SEP] defend
1104,de,0.573755273,"Mehl [SEP] Die Hauptzutaten für den Kuchen sind Mehl, Eier, Milch. [SEP] f____ [SEP] flour"
1105,de,2.307698384,Poker [SEP] Er machte sein Hobby zum Beruf und spielt professionell Poker. [SEP] p____ [SEP] poker
1106,de,3.356613624,handeln [SEP] Sie fackeln nicht lange und handeln schnell. [SEP] a__ [SEP] act
1107,de,-2.911324631,anschaulich [SEP] Er hat einen sehr anschaulichen Vortrag gehalten. [SEP] g______ [SEP] graphic
1108,de,0.043224502,jdn/etw [SEP] Ich erwarte euch zu Hause. [SEP] a____ [SEP] await
1109,de,-1.206820788,"ähneln [SEP] Das Maiglöckchen ähnelt dem Bärlauch, ist aber äußerst giftig. [SEP] r_______ [SEP] resemble"
1110,de,-3.139102628,Rache [SEP] Rache ist süß. [SEP] p______ [SEP] payback
1111,de,-1.287469858,Unruhestifter [SEP] Sie war schon in der Schule eine richtige Unruhestifterin. [SEP] t___________ [SEP] troublemaker
1112,de,2.000263219,zusehen [SEP] Wir konnten der Mannschaft beim Training zusehen. [SEP] w____ [SEP] watch
1113,de,-1.872128805,Knappheit [SEP] Nach dem Erdbeben gab es innerhalb kurzer Zeit eine Knappheit an Trinkwasser und Lebensmitteln. [SEP] s_______ [SEP] shortage
1114,de,-2.233250972,Schriftrolle [SEP] Eine antike Schriftrolle wurde in einem alten Keller gefunden. [SEP] s_____ [SEP] scroll
1115,de,-1.067058171,wichtigen [SEP] Alle wichtigen Informationen sind auf unserer Webseite leicht zu finden. [SEP] r_______ [SEP] relevant
1116,de,2.301112309,Besitzer [SEP] Die Besitzerin des Autos muss sich bei der Polizei melden. [SEP] o____ [SEP] owner
1117,de,1.803471928,Cheerleader [SEP] Sie ist seit Jahren Mitglied im Cheerleader-Club der Schule. [SEP] c__________ [SEP] cheerleader
1118,de,-3.393395159,wegwerfen [SEP] Zu viel Plastikmüll wird einfach achtlos weggeworfen. [SEP] d______ [SEP] discard
1119,de,-0.64249974,"Verlust [SEP] Dass du die Firma verlässt, ist ein großer Verlust für uns. [SEP] l___ [SEP] loss"
1120,de,2.359530758,Spanisch [SEP] Flamenco ist eine spanische Tanz- und Musikform. [SEP] s______ [SEP] spanish
1121,de,2.187572267,überleben [SEP] Sie werden in der Wildnis nicht überleben. [SEP] s______ [SEP] survive
1122,de,-2.470108607,einander [SEP] Der Lektor hat einige ergänzende Kommentare zum Buch gemacht. [SEP] c____________ [SEP] complementary
1123,de,1.204267379,"begrüßen [SEP] Er stand auf, um die Teilnehmer herzlich zu begrüßen. [SEP] w______ [SEP] welcome"
1124,de,-0.513258038,schätzen [SEP] Ich schätze seine Zuverlässigkeit sehr. [SEP] v____ [SEP] value
1125,de,0.082270864,Leiter [SEP] Der Leiter der Firma wurde abgesetzt. [SEP] c____ [SEP] chief
1126,de,0.481839934,riesig [SEP] Die riesige Geburtstagstorte war im Nu aufgegessen. [SEP] e_______ [SEP] enormous
1127,de,-0.025598516,"Turnschuhe [SEP] Mama, ich brauche unbedingt neue Turnschuhe, weil sich bei diesem Paar schon die Sohle ablöst. [SEP] s_______ [SEP] sneakers"
1128,de,2.983584598,Sand [SEP] Die Kinder spielten den ganzen Tag über im Sand. [SEP] s___ [SEP] sand
1129,de,-0.2973522,Spaß [SEP] Ich hab nur Spaß gemacht! [SEP] k__ [SEP] kid
1130,de,2.755892009,Schloss [SEP] Wir besuchten das alte Schloss. [SEP] c_____ [SEP] castle
1131,de,0.034641017,"jd [SEP] Du solltest anfangen, früher ins Bett zu gehen. [SEP] o____ [SEP] ought"
1132,de,1.110848686,Regenwald [SEP] Große Teile der Region sind von Regenwald überzogen. [SEP] r_________ [SEP] rainforest
1133,de,-1.662591233,hundertprozentig [SEP] Er antwortete mit hundertprozentiger Sicherheit. [SEP] a_______ [SEP] absolute
1134,de,1.477153745,weiblich [SEP] Unsere Gruppe besteht aus sieben weiblichen und zehn männlichen Mitgliedern. [SEP] f_____ [SEP] female
1135,de,-1.775879593,"prahlen [SEP] Er prahlte damit, wie mutig er doch sei. [SEP] b____ [SEP] boast"
1136,de,1.212335862,Rindfleisch [SEP] Rindfleisch ist meist teurer als Huhn oder Schweinefleisch. [SEP] b___ [SEP] beef
1137,de,1.544128202,Horizont [SEP] Ich sitze am Strand und blicke auf den Horizont. [SEP] h______ [SEP] horizon
1138,de,-1.101638576,Verärgerung [SEP] Selbst die kleinste Angelegenheit war für sie bereits eine massive Verärgerung. [SEP] p__________ [SEP] provocation
1139,de,2.010692796,Toaster [SEP] Für das Frühstück holte er zuerst den Toaster heraus. [SEP] t______ [SEP] toaster
1140,de,1.906164031,Lunge [SEP] Die Lunge ist ein Organ des menschlichen Körpers. [SEP] l___ [SEP] lung
1141,de,-2.349023551,Beutegreifer [SEP] Adler und Geier gehören zu den großen Beutegreifern in den Alpenregionen. [SEP] p_______ [SEP] predator
1142,de,1.648637117,Grapefruit [SEP] Zum Frühstück trinke ich einen Grapefruitsaft. [SEP] g_________ [SEP] grapefruit
1143,de,-0.549335931,Nachahmung [SEP] Das Mädchen ist sehr gut in der Nachahmung von verschiedenen Dialekten. [SEP] i________ [SEP] imitation
1144,de,0.496850296,"Zeitwort [SEP] Am einfachsten ist die Übersetzung, wenn du mit dem Tätigkeits- bzw. Zeitwort beginnst. [SEP] v___ [SEP] verb"
1145,de,-2.589503166,umfassend [SEP] Wir bieten den Touristen umfassende Informationsbroschüren über die Geschichte der Stadt an. [SEP] c____________ [SEP] comprehensive
1146,de,0.349577709,besonders [SEP] Der Keller ist besonders im Winter kühl. [SEP] e_________ [SEP] especially
1147,de,0.984680116,konstruktiv [SEP] Ich erwarte mir konstruktives Feedback am Ende der Präsentation. [SEP] c___________ [SEP] constructive
1148,de,2.510136576,"Spitzname [SEP] Mein Spitzname lautet ""Steffi"". [SEP] n_______ [SEP] nickname"
1149,de,-0.848744483,Erhaltung [SEP] Die Erhaltung unserer Wälder ist im Moment besonders wichtig. [SEP] p___________ [SEP] preservation
1150,de,2.928965735,frei [SEP] Der Gefangene wird freigelassen. [SEP] f___ [SEP] free
1151,de,1.358550248,Minimum [SEP] Zwanzig Teilnehmer sind das Minimum für das Seminar. [SEP] m______ [SEP] minimum
1152,de,-2.53074166,"fest [SEP] Bitte kontrolliere, ob das Seil fest am Geländer angemacht wurde. [SEP] f_____ [SEP] firmly"
1153,de,-0.691749818,potenziell [SEP] Dieses Medikament ist eine potenziell gefährliche Mischung unterschiedlicher Stoffe. [SEP] p__________ [SEP] potentially
1154,de,-3.012617407,erwecken [SEP] Das Tier erweckte die Neugierde der Kinder. [SEP] a_____ [SEP] awaken
1155,de,-1.673953142,Rand [SEP] Der Autor hat sich am Rand des Buches Notizen gemacht. [SEP] m_____ [SEP] margin
1156,de,0.836447995,Agentur [SEP] Die Gewinne der Reiseagentur steigen gewaltig. [SEP] a_____ [SEP] agency
1157,de,0.472072124,"Sorgfalt [SEP] Ich sehe, dass die Arbeit mit großer Sorgfalt durchgeführt wurde. [SEP] c___ [SEP] care"
1158,de,0.522879269,frisch [SEP] Das Essen ist frisch zubereitet. [SEP] f______ [SEP] freshly
1159,de,-0.246288254,aufladen [SEP] Ich muss dringend die Batterie meines Laptops aufladen. [SEP] r_______ [SEP] recharge
1160,de,2.680807715,später [SEP] Sandra wird etwas später auch noch kommen. [SEP] l____ [SEP] later
1161,de,1.459271292,Einheit [SEP] Die Zelle ist die kleinste Einheit eines Lebewesens. [SEP] u___ [SEP] unit
1162,de,-2.194131937,entfernt [SEP] Melanie ist eine entfernte Verwandte von mir. [SEP] r_____ [SEP] remote
1163,de,-2.615904253,ausgegeben [SEP] Wir haben unser ganzes Geld für das neue Auto ausgegeben. [SEP] s____ [SEP] spent
1164,de,1.033968958,Intensität [SEP] Ich erhöhe die Intensität der Übung jedes Mal. [SEP] i________ [SEP] intensity
1165,de,1.757953292,Interface [SEP] Das neue Interface ist benutzerfreundlicher als das alte. [SEP] i________ [SEP] interface
1166,de,0.158395075,passend [SEP] Er hat ein Hemd und eine passende Krawatte gekauft. [SEP] m_______ [SEP] matching
1167,de,-1.620098523,arrogante [SEP] Ich bin sehr überrascht über ihre arrogante Art. [SEP] a________ [SEP] arrogance
1168,de,3.078061148,Bruder [SEP] Ich habe einen großen Bruder und zwei kleine Schwestern. [SEP] b______ [SEP] brother
1169,de,-0.223723345,"Apotheker [SEP] Du weißt nicht, welche Tabletten du nehmen sollst? Der Apotheker kann dich gut beraten. [SEP] c______ [SEP] chemist"
1170,de,0.918914068,Kühlschrank [SEP] Der Kühlschrank beinhaltet nur eine Butter und ein paar Flaschen Bier. [SEP] f_____ [SEP] fridge
1171,de,0.9883054,Sinn [SEP] Er hat einen wirklich ausgeprägten Sinn für Gerechtigkeit. [SEP] s____ [SEP] sense
1172,de,-1.149550003,ebenfalls [SEP] Die Stadt hat sich verändert und ihre Bewohner ebenfalls. [SEP] l_______ [SEP] likewise
1173,de,2.229858998,Karamell [SEP] Ich esse gerne Karamellbonbons. [SEP] c______ [SEP] caramel
1174,de,-0.561613473,erben [SEP] Er hat von seinem Vater ein altes Haus geerbt. [SEP] i______ [SEP] inherit
1175,de,1.705452649,Ratespiel [SEP] Er konnte die meisten Fragen im Ratespiel richtig beantworten. [SEP] q___ [SEP] quiz
1176,de,-1.100077696,ausgesetzt [SEP] Die Bretter sind den ganzen Winter über dem Schnee und Regen ausgesetzt. [SEP] e______ [SEP] exposed
1177,de,-0.033215993,Schicksal [SEP] Lassen wir das Schicksal entscheiden. [SEP] f___ [SEP] fate
1178,de,-0.201183556,"ungebildet [SEP] Sie war eine sehr wortgewandte, aber ungebildete Frau. [SEP] u_________ [SEP] uneducated"
1179,de,2.893951139,schreiben [SEP] Bei dieser Aufgabe sollst du einen Brief schreiben. [SEP] w____ [SEP] write
1180,de,0.045485892,Kern [SEP] Die Leitung bildet den Kern der Firma. [SEP] c___ [SEP] core
1181,de,1.073854367,interviewen [SEP] Er wurde für das Fernsehen interviewt. [SEP] i________ [SEP] interview
1182,de,-1.502010102,Fertigstellung [SEP] Die Bezahlung erfolgt nach Fertigstellung der Arbeit. [SEP] c_________ [SEP] completion
1183,de,1.310228619,Veränderung [SEP] Zahlreiche Veränderungen wurden seit den späten achtziger Jahren durchgeführt. [SEP] c_____ [SEP] change
1184,de,-0.42817447,mutwillige [SEP] Die Tat der Jugendlichen war ein Akt mutwilliger Sachbeschädigung. [SEP] v________ [SEP] vandalism
1185,de,-2.044514212,ärgerlich [SEP] Das ist eine ärgerliche Sache! [SEP] i_________ [SEP] irritating
1186,de,-0.907387034,Effizienz [SEP] Die Effizienz des neuen Geräts ist bemerkenswert. [SEP] e_________ [SEP] efficiency
1187,de,2.46870303,Spielkasino [SEP] Mein Bruder geht einmal im Monat ins Spielkasino. [SEP] c_____ [SEP] casino
1188,de,-1.034774785,verurteilen [SEP] Der Richter möchte das Paar zu hundert Stunden Sozialarbeit verurteilen. [SEP] s_______ [SEP] sentence
1189,de,-0.930600454,Zeichen [SEP] Sie warteten vergeblich auf ein Zeichen von ihren Kameraden. [SEP] s_____ [SEP] signal
1190,de,0.150542395,darunter [SEP] Mein Zimmer ist genau darunter. [SEP] b____ [SEP] below
1191,de,0.778295866,schmal [SEP] Ich gehe eine schmale Gasse entlang. [SEP] n_____ [SEP] narrow
1192,de,-1.043590884,"sicherstellen [SEP] Wir müssen sicherstellen, dass die Veranstaltung pünktlich beginnen kann. [SEP] e_____ [SEP] ensure"
1193,de,-1.537318729,übertragbar [SEP] Die übertragbare Jahreskarte können auch andere Personen verwenden. [SEP] t___________ [SEP] transferable
1194,de,-1.099951177,Sensationsreporter [SEP] Die Sensationsreporter verfolgen den Star. [SEP] p________ [SEP] paparazzi
1195,de,1.411485438,Gorilla [SEP] In diesem Urwald leben Gorillas. [SEP] g______ [SEP] gorilla
1196,de,-2.185964528,leider [SEP] Leider kann ich nicht länger bleiben und muss mich auf den Weg nach Hause machen. [SEP] s____ [SEP] sadly
1197,de,-3.089207295,Unterricht [SEP] Er erhielt privaten Unterricht in Spanisch. [SEP] t______ [SEP] tuition
1198,de,0.718543625,Erntedankfest [SEP] Bei uns gibt es zum Erntedankfest immer einen Truthahn. [SEP] t___________ [SEP] thanksgiving
1199,de,2.514538164,arabische [SEP] Die arabische Sprache ist für einen Europäer schwer zu erlernen. [SEP] a___ [SEP] arab
1200,de,0.638816447,"Schlagzeile [SEP] Heute wurde ich wütend, als ich die Schlagzeile der Zeitung las. [SEP] h_______ [SEP] headline"
1201,de,-2.769683498,als [SEP] Die Arbeit wird von den Vorgesetzten als wichtig erachtet. [SEP] d___ [SEP] deem
1202,de,2.185978283,Seife [SEP] Selbst gemachte Seife ist ein besonders beliebtes Weihnachtsgeschenk. [SEP] s___ [SEP] soap
1203,de,0.915020327,Spekulation [SEP] Man muss dieser Spekulation einen Riegel vorschieben. [SEP] s__________ [SEP] speculation
1204,de,1.574912814,erfrischen [SEP] Gerade an heißen Sommertagen sollte man sich regelmäßig mit kühlen Getränken erfrischen. [SEP] r______ [SEP] refresh
1205,de,-1.696394022,"zwangsläufig [SEP] Das führt zwangsläufig dazu, dass die Menschen weniger Geld in ihrem Portemonnaie haben werden. [SEP] n__________ [SEP] necessarily"
1206,de,-2.077071782,Brocken [SEP] Der Hund fraß einen großen Brocken Fleisch. [SEP] c____ [SEP] chunk
1207,de,-2.896083079,"besorgt [SEP] Er sah ihr besorgtes Gesicht und versuchte, sie zu trösten. [SEP] t_______ [SEP] troubled"
1208,de,1.984338946,Supermodel [SEP] Die junge Frau aus Argentinien ist ein Supermodel. [SEP] s_________ [SEP] supermodel
1209,de,0.045681666,gewöhnlich [SEP] Die Familie lebt in einem gewöhnlichem Haus am Ende der Straße. [SEP] o_______ [SEP] ordinary
1210,de,-1.099903506,Ferse [SEP] Ich habe mir beim Joggen die Ferse verletzt. [SEP] h___ [SEP] heel
1211,de,0.86141178,Kellner [SEP] Der Kellner brachte uns die Rechnung an den Tisch. [SEP] w_____ [SEP] waiter
1212,de,2.411980858,minus [SEP] Zehn minus drei macht sieben. [SEP] m____ [SEP] minus
1213,de,0.708658346,Untertitel [SEP] Manche Filme sehe ich lieber im Original mit deutschem Untertitel. [SEP] s_______ [SEP] subtitle
1214,de,-3.579239607,ehrgeizig [SEP] Er ist sehr ehrgeizig. [SEP] d_____ [SEP] driven
1215,de,-0.106502941,Meeresfrüchte [SEP] Ich habe eine Allergie und kann keine Meeresfrüchte essen. [SEP] s______ [SEP] seafood
1216,de,1.169363251,Balkon [SEP] Ich trinke meinen Kaffee auf dem Balkon. [SEP] b______ [SEP] balcony
1217,de,-2.430132172,Umsatz [SEP] Allein in den letzten drei Wochen ist unser Umsatz erheblich gestiegen. [SEP] r______ [SEP] revenue
1218,de,0.549599817,nominieren [SEP] Das Team nominierte den neuen Kapitän. [SEP] n_______ [SEP] nominate
1219,de,-1.320810239,Verzeichnis [SEP] An der Pinnwand hängt ein Verzeichnis mit allen Kindergärten der Stadt. [SEP] l______ [SEP] listing
1220,de,-0.294706601,Werbung [SEP] Im Fernsehen wird viel Werbung gezeigt. [SEP] a____________ [SEP] advertisement
1221,de,-0.390273477,Kumpel [SEP] Ich möchte dir meine Kumpel vorstellen. [SEP] p__ [SEP] pal
1222,de,-3.272493296,spülmaschinen [SEP] Diese Teller sind spülmaschinenfest. [SEP] d__________ [SEP] dishwashing
1223,de,-3.455348549,erstellen [SEP] Die Liste wurde mit den aktuellsten Informationen erstellt. [SEP] c______ [SEP] compile
1224,de,-2.286531514,sich [SEP] Insgesamt belaufen sich seine Schulden auf über tausend Dollar. [SEP] t____ [SEP] total
1225,de,-0.476514091,Bildpunkt [SEP] Beim Heranzoomen sieht man auch bei hochauflösenden Bildern die einzelnen Bildpunkte. [SEP] p____ [SEP] pixel
1226,de,-1.079437806,"Opfer [SEP] Das ist ein wirklich großes Opfer, dass sie für diese Stelle auf sich nehmen muss. [SEP] s________ [SEP] sacrifice"
1227,de,-0.098988633,Umstand [SEP] Die Umstände haben sich geändert. [SEP] c___________ [SEP] circumstance
1228,de,2.503228529,bald [SEP] Bald sind Sommerferien und ihr könnt jeden Tag ins Freibad gehen. [SEP] s___ [SEP] soon
1229,de,0.359273991,Liga [SEP] Die Fußballmannschaft spielt in der zweiten Liga. [SEP] l_____ [SEP] league
1230,de,0.641560622,"Exhibitionist [SEP] Um in diesem Theaterstück eine Rolle zu bekommen, ist es von Vorteil, ein Exhibitionist zu sein. [SEP] e____________ [SEP] exhibitionist"
1231,de,0.302906561,alphabetisch [SEP] Die Sekretärin hat ein alphabetisches Register angelegt. [SEP] a___________ [SEP] alphabetical
1232,de,-1.81159621,Gewissheit [SEP] Ich kann es dir noch nicht genau sagen. Ich muss mir darüber zuerst Gewissheit verschaffen. [SEP] c________ [SEP] certainty
1233,de,2.204570479,Turnhalle [SEP] Wir spielen Vollyball in der Turnhalle. [SEP] g__ [SEP] gym
1234,de,-0.421912361,Anhänger [SEP] Die Sekte hat viele gläubige Anhänger. [SEP] f_______ [SEP] follower
1235,de,1.2438979,funktionieren [SEP] Die Maschine funktioniert gut. [SEP] f_______ [SEP] function
1236,de,0.244857934,Kamin [SEP] Ich lese ein Buch vor dem Kamin. [SEP] f________ [SEP] fireplace
1237,de,0.479783546,Gerechtigkeit [SEP] Die Organisation setzt sich für soziale Gerechtigkeit ein. [SEP] j______ [SEP] justice
1238,de,-0.155312741,Segen [SEP] Der Priester hat einen Segen ausgesprochen. [SEP] b_______ [SEP] blessing
1239,de,1.998103526,weltweit [SEP] Diese Katastrophe hat weltweite Auswirkungen. [SEP] w________ [SEP] worldwide
1240,de,-0.115223277,illegal [SEP] Die Flüchtlinge sind illegal in das Land eingedrungen. [SEP] i________ [SEP] illegally
1241,de,2.300725832,live [SEP] Das Fußballspiel wurde live im Fernsehen übertragen. [SEP] l___ [SEP] live
1242,de,1.287280157,Käufer [SEP] Bei Amazon bieten verschiedene Käufer ihre Ware an. [SEP] b____ [SEP] buyer
1243,de,2.108957115,laufend [SEP] Vom Helikopter aus konnte man Herden von laufenden Giraffen und Gazellen sehen. [SEP] r______ [SEP] running
1244,de,0.70929452,Individualist [SEP] In diesem Projekt arbeiten zu viele Individualisten mit. [SEP] i____________ [SEP] individualist
1245,de,1.138685268,Ehe [SEP] Das Paar hat eine glückliche Ehe. [SEP] m_______ [SEP] marriage
1246,de,1.52895182,wach [SEP] Heute Nacht war ich für einige Stunden wach. [SEP] a____ [SEP] awake
1247,de,2.929967411,Aufzug [SEP] Ich fahre mit dem Aufzug in den vierten Stock. [SEP] l___ [SEP] lift
1248,de,-1.231161726,"peinlich [SEP] Als sie mich sah, war sie peinlich berührt. [SEP] e__________ [SEP] embarrassed"
1249,de,-3.994445095,"Guerillakämpfer [SEP] Guerillakämpfer beteiligen sich an Aufstandsbewegungen, die sich meist gegen die Regierung oder die Besatzung richtet. [SEP] g________ [SEP] guerrilla"
1250,de,0.038870077,Verbrecher [SEP] In diesem Film geht es um Verbrecher aus New York. [SEP] g_______ [SEP] gangster
1251,de,-2.23022252,Missbilligung [SEP] Ich entschied mich für eine eigene Wohnung trotz der Missbilligung meiner Eltern. [SEP] d__________ [SEP] disapproval
1252,de,-1.108072537,Gipfeltreffen [SEP] Viele europäische SpitzenpolitikerInnen werden an diesem Gipfeltreffen teilnehmen. [SEP] s_____ [SEP] summit
1253,de,2.607656431,Obst [SEP] Man sollte täglich mindestens drei Portionen Obst essen. [SEP] f____ [SEP] fruit
1254,de,3.445359435,Motel [SEP] Nach einer langen Autofahrt übernachtet die Familie in einem Motel. [SEP] m____ [SEP] motel
1255,de,-0.699264164,Studienanfänger [SEP] Er ist ein Studienanfänger und kennt sich auf dem Campus noch nicht aus. [SEP] f_______ [SEP] freshman
1256,de,-1.167202697,"schniefen [SEP] Nachdem er eine Weile geweint hatte, schniefte er kurz und putzte sich die Nase. [SEP] s____ [SEP] sniff"
1257,de,0.636293801,"frustrieren [SEP] Es frustriert mich, dass ich mit meiner Arbeitsaufgabe noch nicht weiter bin. [SEP] f________ [SEP] frustrate"
1258,de,-0.611002132,großzügig [SEP] Er schnitt großzügig vom Brot ab. [SEP] g_________ [SEP] generously
1259,de,-0.603273191,Börsenmakler [SEP] Der Börsenmakler hat heute viel Geld verdient. [SEP] b_____ [SEP] broker
1260,de,-0.134910176,Mogeln [SEP] Er wurde beim Mogeln ertappt. [SEP] c_______ [SEP] cheating
1261,de,-1.272893311,Faden [SEP] Ich brauche jetzt Nadel und Faden. [SEP] t_____ [SEP] thread
1262,de,0.376819128,kreisen [SEP] Das Kleinflugzeug kreist in der Luft. [SEP] c_____ [SEP] circle
1263,de,-2.251637068,Mäßigung [SEP] Mäßigung ist der Schlüssel zu einer gesunden Ernährungsweise. [SEP] m_________ [SEP] moderation
1264,de,-0.485830352,sehr [SEP] Unsere Vorstädte verändern sich derzeit sehr schnell. [SEP] r______ [SEP] rapidly
1265,de,1.908006084,Haut [SEP] Ihre Haut war gebräunt von der Sommersonne. [SEP] s___ [SEP] skin
1266,de,2.132481168,Gott [SEP] Glaubst du an Jesus und an Gott? [SEP] g__ [SEP] god
1267,de,0.749717784,legen [SEP] Ich lege das Baby jetzt ins Bett. [SEP] l__ [SEP] lay
1268,de,-1.318213547,Knirschen [SEP] Ich liebe das Knirschen von Kartoffelchips. [SEP] c_____ [SEP] crunch
1269,de,-1.100828747,Unsterblichkeit [SEP] Viele Menschen wünschen sich die Unsterblichkeit. [SEP] i__________ [SEP] immortality
1270,de,-1.042305402,geradlinig [SEP] Die Firma zeichnet sich durch geradliniges Design aus. [SEP] l_____ [SEP] linear
1271,de,-2.192808068,besorgt [SEP] Sein besorgter Blick beunruhigte mich. [SEP] a______ [SEP] anxious
1272,de,-0.076968267,"wiederaufbauen [SEP] Das Erdbeben hat einige Schäden angerichtet, aber wir sollten die Stadt sofort wiederaufbauen. [SEP] r______ [SEP] rebuild"
1273,de,-0.664492662,unbeliebt [SEP] Die Liste der unbeliebten Politker ist lang. [SEP] u________ [SEP] unpopular
1274,de,-0.424808242,Einfühlungsvermögen [SEP] Der Mann zeigt Einfühlungsvermögen während der schwierigen Zeit seiner Kinder. [SEP] e______ [SEP] empathy
1275,de,-1.484113154,verkünden [SEP] Sie verkündete die Neuigkeiten. [SEP] d______ [SEP] declare
1276,de,-1.431387836,Augenblick [SEP] Das ganze dauerte nur einen Augenblick. [SEP] i______ [SEP] instant
1277,de,0.630283017,Ähnlichkeit [SEP] Die Ähnlichkeit zwischen den beiden Geschwistern ist wirklich verblüffend. [SEP] s_________ [SEP] similarity
1278,de,-0.280142505,Landwirtschaft [SEP] Auf dem Kongress wird über die Zukunft der traditionellen Landwirtschaft diskutiert. [SEP] f______ [SEP] farming
1279,de,0.64176019,Inder [SEP] Das Restaurant wird von Indern geführt. [SEP] i_____ [SEP] indian
1280,de,-1.394539253,"aufgebaut [SEP] Die Präsentation ist so aufgebaut, dass am Ende noch genug Zeit für offene Fragen sein sollte. [SEP] s_________ [SEP] structured"
1281,de,0.32722592,gegen [SEP] Die traditionelle Opposition von Geisteswissenschaften gegen Naturwissenschaften kann somit überwunden werden. [SEP] v_____ [SEP] versus
1282,de,-2.387694956,unvertraut [SEP] Er fühlte sich in der unvertrauten Umgebung etwas unwohl. [SEP] u_________ [SEP] unfamiliar
1283,de,0.836362602,Hackfleischbällchen [SEP] Es gibt Spaghetti mit Hackfleischbällchen. [SEP] m_______ [SEP] meatball
1284,de,-3.212572884,Förderung [SEP] Die Förderung der Kreativität ist in jedem Alter wichtig. [SEP] s__________ [SEP] stimulation
1285,de,1.468217114,"bleiben [SEP] Wenn ihr den Zug noch erreichen wollt, könnt ihr nicht mehr länger bleiben. [SEP] s___ [SEP] stay"
1286,de,3.324985407,müssen [SEP] Du musst müde sein. Du warst den ganzen Tag mit dem Fahrrad unterwegs. [SEP] m___ [SEP] must
1287,de,1.740414294,"Aktivist [SEP] Er ist ein Aktivist, der sich auch für Greenpeace engagiert. [SEP] a_______ [SEP] activist"
1288,de,1.128069949,Alkoholiker [SEP] Der Alkoholiker trinkt täglich mehrere Flaschen Wein. [SEP] a________ [SEP] alcoholic
1289,de,1.946078603,putzen [SEP] Man muss die Zähne zweimal täglich putzen. [SEP] b____ [SEP] brush
1290,de,-3.242983265,Flur [SEP] Anna wartet im Flur auf dich. [SEP] p______ [SEP] passage
1291,de,-1.463226161,Mitspieler [SEP] Die neue Mitspielerin trug viel zum Erfolg der Mannschaft bei. [SEP] t_______ [SEP] teammate
1292,de,2.35810535,gelb [SEP] Sie trug einen gelben Mantel. [SEP] y_____ [SEP] yellow
1293,de,0.336124241,"Planer [SEP] Um gewisse Stadtteile wiederzubeleben, braucht es Planer, die sich der Stadtentwicklung annehmen können. [SEP] p______ [SEP] planner"
1294,de,1.656481796,"hören [SEP] Sie hörte ganz genau hin und konnte trotzdem nicht verstehen, was hinter der Tür geredet wurde. [SEP] h___ [SEP] hear"
1295,de,-1.243174544,bestimmt [SEP] Dieses Musikalbum wird sich bestimmt gut verkaufen. [SEP] d_________ [SEP] definitely
1296,de,1.045603799,Ergebnis [SEP] Wir sind mit dem Ergebnis heute sehr zufrieden. [SEP] r_____ [SEP] result
1297,de,0.859086211,Käfig [SEP] Der Wellensittich sitzt im Käfig. [SEP] c___ [SEP] cage
1298,de,1.186617087,Soldat [SEP] Nach dem Einsatz konnte der Soldat wieder nach Hause zurückkehren. [SEP] s______ [SEP] soldier
1299,de,1.290357718,quadratisch [SEP] Beim Origami arbeitet man meistens mit bunten quadratischen Papierblättern. [SEP] s_____ [SEP] square
1300,de,-1.300062259,nur [SEP] Ich möchte nur ein Detail am Rande erwähnen. [SEP] m___ [SEP] mere
1301,de,0.81130606,Riese [SEP] Sie träumte von Riesen und anderen Fabelwesen. [SEP] g____ [SEP] giant
1302,de,0.858290347,Pilz [SEP] Pilze wachsen im Wald. [SEP] m_______ [SEP] mushroom
1303,de,-1.434114849,bedrohlich [SEP] Bei Tageslicht wirkte das Zimmer nicht mehr allzu bedrohlich. [SEP] t__________ [SEP] threatening
1304,de,3.150453509,Kind [SEP] Die Kinder spielen draußen im Garten. [SEP] k__ [SEP] kid
1305,de,-2.000877741,Entstehung [SEP] Die Schüler arbeiten an einem Projekt über die Entstehung der Erde. [SEP] g______ [SEP] genesis
1306,de,1.458239606,sprechend [SEP] Er hatte einen sprechenden Vogel als Haustier. [SEP] t______ [SEP] talking
1307,de,-2.53127216,"Gegensatz [SEP] Im Gegensatz zu ihrer Schwester, spricht sie schon sehr gut Englisch. [SEP] c_______ [SEP] contrast"
1308,de,2.233521907,Troll [SEP] Der Troll entstammt der skandinavischen Märchenwelt. [SEP] t____ [SEP] troll
1309,de,2.269252971,Schnee [SEP] In diesem Winter ist besonders wenig Schnee gefallen. [SEP] s___ [SEP] snow
1310,de,-0.45720825,sanft [SEP] Er flüsterte ihr etwas sanft ins Ohr. [SEP] s_____ [SEP] softly
1311,de,-0.619358856,bedrohen [SEP] Trockenheit und Dürre bedrohen die Ernte in diesem Jahr. [SEP] t_______ [SEP] threaten
1312,de,-0.864118385,"Brecher [SEP] Die Surfer haben sich sehr gefreut, als sie die großen Wellen und Brecher gesehen haben. [SEP] b______ [SEP] breaker"
1313,de,-0.50912796,verwickeln [SEP] Der Lehrer hat die Kinder in eine Debatte über Computerspiele verwickelt. [SEP] e_____ [SEP] engage
1314,de,0.325548301,schlecht [SEP] Das Kind hat sich schlecht verhalten und muss deshalb zu Hause bleiben. [SEP] b____ [SEP] badly
1315,de,3.059346049,Verbrennung [SEP] Sie leidet an einer Verbrennung zweiten Grades. [SEP] b___ [SEP] burn
1316,de,1.44283553,selbst [SEP] Den Baum habe ich selbst gepflanzt. [SEP] m_____ [SEP] myself
1317,de,1.190062528,meistens [SEP] Am Wochenende esse ich meistens Pizza. [SEP] m_____ [SEP] mostly
1318,de,2.142480379,Vitamin [SEP] Früher herrschte auf Seereisen ein Mangel an Vitamin C. [SEP] v______ [SEP] vitamin
1319,de,-1.064708388,verschreiben [SEP] Die Ärztin verschrieb ihm ein besonders starkes Schmerzmittel. [SEP] p________ [SEP] prescribe
1320,de,0.659710534,Ladung [SEP] Der LKW hatte eine schwere Ladung. [SEP] l___ [SEP] load
1321,de,-0.017592997,"verschieden [SEP] Es gibt verschiedene Möglichkeiten, an dieses Problem heranzugehen. [SEP] v______ [SEP] various"
1322,de,-0.678193,"Messung [SEP] Die Messung hat ergeben, dass die Strahlenbelastung zu hoch ist. [SEP] m__________ [SEP] measurement"
1323,de,2.290526273,Elektron [SEP] Ein Wasserstoffatom besteht nur aus einem Proton und einem Elektron. [SEP] e_______ [SEP] electron
1324,de,-2.343703549,Klopfen [SEP] Plötzlich hörten wir ein lautes Klopfen an der Tür. [SEP] r__ [SEP] rap
1325,de,-2.228395917,draußen [SEP] Die Kinder spielen draußen. [SEP] o_______ [SEP] outdoors
1326,de,0.526485684,vor [SEP] Kevin hat vor ein paar Minuten angerufen. [SEP] a__ [SEP] ago
1327,de,-0.781348873,Verpflanzung [SEP] Für die Verpflanzung fehlt nur noch eine Spenderniere. [SEP] t_________ [SEP] transplant
1328,de,0.695049013,laut [SEP] Sie las den Text laut vor. [SEP] a____ [SEP] aloud
1329,de,2.191170487,Motorradfahrer [SEP] Er ist ein leidenschaftlicher Motorradfahrer. [SEP] b____ [SEP] biker
1330,de,-0.050335114,Zeitplan [SEP] Wie sieht unser Zeitplan für heute aus? [SEP] s_______ [SEP] schedule
1331,de,2.908701644,"episch [SEP] Der Legende nach begab sich Odysseus auf eine epische Reise, die zehn Jahre dauerte. [SEP] e___ [SEP] epic"
1332,de,1.516219266,Gärtner [SEP] Die Gärtnerin pflegt die Blumen im Garten. [SEP] g_______ [SEP] gardener
1333,de,0.608074819,"behandeln [SEP] Wenn Sie das Gerät gut behandeln, wird es Ihnen viel Freude machen. [SEP] t____ [SEP] treat"
1334,de,0.114599065,anstecken [SEP] Viele Menschen wurden angesteckt. Die Krankheit breitet sich immer mehr aus. [SEP] i_____ [SEP] infect
1335,de,-0.077975359,Training [SEP] Ich absolviere jeden Tag etwa eine Stunde Training. [SEP] w______ [SEP] workout
1336,de,-1.822834282,Entsprechung [SEP] Dieser englische Begriff hat keine Entsprechung im Japanischen. [SEP] e_________ [SEP] equivalent
1337,de,2.024303166,zuvor [SEP] Ich habe ihn erst einmal zuvor gesehen. [SEP] b_____ [SEP] before
1338,de,-1.142578601,"täuschen [SEP] Ich bin vorsichtig, ich werde mich von niemandem täuschen lassen. [SEP] f___ [SEP] fool"
1339,de,-2.325934041,Abschwung [SEP] Nicht alle Bereiche waren vom wirtschaftlichen Abschwung kurz nach dem Millenium betroffen. [SEP] r________ [SEP] recession
1340,de,3.464931804,jdm [SEP] Gib mir bitte das Buch. [SEP] g___ [SEP] give
1341,de,-1.907811186,Klage [SEP] Ein bekannter Promi hat Klage eingereicht. [SEP] l______ [SEP] lawsuit
1342,de,-0.432124148,beschränken [SEP] Aus Sicherheitsgründen beschränkt unsere Firma den Zugang zum Internet. [SEP] r_______ [SEP] restrict
1343,de,2.70705669,brennend [SEP] Das brennende Auto wird völlig zerstört sein. [SEP] b______ [SEP] burning
1344,de,-2.066036715,"Einwände [SEP] Ich fahre dann fort, wenn keiner Einwände hat. [SEP] o_____ [SEP] object"
1345,de,3.077353715,schwimmen [SEP] Kann Ihr Sohn schon schwimmen? [SEP] s___ [SEP] swim
1346,de,-0.016526469,dynamisch [SEP] Der Sportler bewegt sich dynamisch. [SEP] d__________ [SEP] dynamically
1347,de,2.942654718,drei [SEP] Jetzt sind nur noch drei Stück Kuchen übrig. [SEP] t____ [SEP] three
1348,de,-1.009907427,einmarschieren [SEP] Die Armee marschierte in das Land ein. [SEP] i_____ [SEP] invade
1349,de,0.988617639,zustimmen [SEP] Wir stimmen Ihnen zu. [SEP] a____ [SEP] agree
1350,de,1.350234745,"teils [SEP] Das Sofa besteht teils aus Holz, teils aus Metall. [SEP] p___ [SEP] part"
1351,de,-0.739619581,Prüfer [SEP] Die Prüferin stellt eine weitere Frage an den Testkandidaten. [SEP] e_______ [SEP] examiner
1352,de,1.599921424,Schneefall [SEP] Wegen Schneefall und Nebel musste der Start des Flugzeugs nach Wien verschoben werden. [SEP] s_______ [SEP] snowfall
1353,de,-0.446849322,teilen [SEP] Teile die Portion Nudeln auf zwei Teller auf. [SEP] d_____ [SEP] divide
1354,de,-0.396015492,Leichtigkeit [SEP] Ein guter Pfannkuchen zeichnet sich durch seinen Geschmack und Leichtigkeit aus. [SEP] l________ [SEP] lightness
1355,de,-1.237948719,Direktor [SEP] Nach dem Streich mussten die Schülerinnen ins Büro des Direktors. [SEP] p________ [SEP] principal
1356,de,2.206196128,datieren [SEP] Der Brief wurde auf den 5. August datiert. [SEP] d___ [SEP] date
1357,de,2.380682373,bombardieren [SEP] Die Stadt wurde die ganze Nacht bombardiert. [SEP] b___ [SEP] bomb
1358,de,3.213449457,warm [SEP] Hier drinnen ist es schön warm. [SEP] w___ [SEP] warm
1359,de,0.177381696,östlich [SEP] Das Ziel liegt östlich. [SEP] e______ [SEP] eastern
1360,de,-0.04029071,Kleidung [SEP] Ich verkaufe Kleidung im Internet. [SEP] c_______ [SEP] clothing
1361,de,1.535490441,keiner [SEP] Keiner der beiden wollte den Müll rausbringen. [SEP] n___ [SEP] none
1362,de,-1.750360319,Erzählung [SEP] Diese historische Erzählung beschreibt das Leben der Menschen im Mittelalter. [SEP] n________ [SEP] narrative
1363,de,-0.33271616,Gezwitscher [SEP] Das Gezwitscher der Spatzen weckte ihn auf. [SEP] t______ [SEP] twitter
1364,de,-0.848477077,instrumentell [SEP] Der Vorfall muss instrumentell untersucht werden. [SEP] i_____________ [SEP] instrumentally
1365,de,0.008395095,zahlreich [SEP] Die Frau wurde bei zahlreichen Gelegenheiten in dieser Gegend gesehen. [SEP] n_______ [SEP] numerous
1366,de,-5.262771342,Krankheitsbild [SEP] Dieses Krankheitsbild ist typisch für Frauen ab 60. [SEP] s_______ [SEP] syndrome
1367,de,2.342031479,warten [SEP] Willst du nicht lieber auf deine Freunde warten? [SEP] w___ [SEP] wait
1368,de,-0.312531571,korrigierend [SEP] Der korrigierende Lehrer saß an seinem Schreibtisch. [SEP] c_________ [SEP] correcting
1369,de,2.398606018,Delta [SEP] Im Laufe seiner Geschichte hat sich die Gestalt des Mississippi-Deltas drastisch verändert. [SEP] d____ [SEP] delta
1370,de,-3.434511981,Überblick [SEP] Er gab mir einen kurzen Überblick über das Projekt. [SEP] o______ [SEP] outline
1371,de,2.390075583,"Stylist [SEP] Er zog nach Paris, wo er zu einem der gefragtesten Stylisten wurde. [SEP] s______ [SEP] stylist"
1372,de,1.693119291,jdn/etw [SEP] Ihre Arbeit hat mich inspiriert. [SEP] i______ [SEP] inspire
1373,de,-1.824018383,Zusammensetzung [SEP] Die chemische Zusammensetzung der Substanz ist revolutionär. [SEP] c__________ [SEP] composition
1374,de,-0.500120044,Schnur [SEP] Die Schachtel wird mit einer Schnur zusammengebunden. [SEP] c___ [SEP] cord
1375,de,-2.98127859,erreichen [SEP] Nicht alle erreichen diesen hohen Standard. [SEP] a_____ [SEP] attain
1376,de,-1.307898542,Bescheidenheit [SEP] Seine Bescheidenheit ist nicht gespielt. [SEP] m______ [SEP] modesty
1377,de,-1.520040706,Kreuzung [SEP] Biegen Sie an der Kreuzung rechts ab. [SEP] c_________ [SEP] crossroads
1378,de,-2.231194169,Benehmen [SEP] Sein Benehmen war bewundernswert. [SEP] c______ [SEP] conduct
1379,de,0.276658902,Vorrang [SEP] Die Familie hat bei mir immer obersten Vorrang. [SEP] p_______ [SEP] priority
1380,de,-1.085148016,geistig [SEP] Uns ist sowohl das physische als auch das geistige Wohl unserer Besucher ein Anliegen. [SEP] s________ [SEP] spiritual
1381,de,0.255198272,"Zauber [SEP] Ich bin mir sicher, dass die Frau keine Zauberkräfte besitzt. [SEP] m______ [SEP] magical"
1382,de,0.444742466,"nationalsozialistisch [SEP] Das nationalsozialistische Regime war ein dunkles Kapitel der deutschen Geschichte und es ist wichtig, dass immer wieder daran erinnert wird. [SEP] n___ [SEP] nazi"
1383,de,0.619633683,Orkan [SEP] Die Stadt wird höchstwahrscheinlich von einem Orkan heimgesucht. [SEP] h________ [SEP] hurricane
1384,de,-0.870053594,"lächerlich [SEP] Der erste Vorschlag war so lächerlich, dass wir ihn gar nicht länger besprechen mussten. [SEP] r_________ [SEP] ridiculous"
1385,de,0.987482531,hausgemacht [SEP] Sie verkauft hausgemachte Kekse auf dem Markt. [SEP] h_______ [SEP] homemade
1386,de,3.012871266,Tisch [SEP] Sie saßen am runden Tisch im Konferenzraum. [SEP] t____ [SEP] table
1387,de,0.177815288,unbewaffnet [SEP] Sie betrat das Lager ohne Begleitung und unbewaffnet. [SEP] u______ [SEP] unarmed
1388,de,1.448249773,befragen [SEP] Die Polizei befragt gerade die beiden Verdächtigen. [SEP] q_______ [SEP] question
1389,de,2.261530439,Karma [SEP] Laut dem Prinzip des Karmas hat jede Handlung auch eine Folge. [SEP] k____ [SEP] karma
1390,de,2.644696032,Wald [SEP] Wir gehen gerne nach der Arbeit in den Wald spazieren. [SEP] f_____ [SEP] forest
1391,de,1.973595822,direkt [SEP] Wir gehen direkt zur Schule. [SEP] d_______ [SEP] directly
1392,de,1.592771879,"möglich [SEP] Es ist möglich, dass er es ganz vergessen hat. [SEP] p_______ [SEP] possible"
1393,de,-0.748654196,"strategisch [SEP] Er war wirklich erleichtert, dass sie diesen strategisch wichtigen Vertrag unterzeichnen konnten. [SEP] s____________ [SEP] strategically"
1394,de,-0.313803475,"schrumpfen [SEP] Wasche diese Mütze nur mit lauwarmen Wasser, weil sie sonst mit Sicherheit schrumpft. [SEP] s_____ [SEP] shrink"
1395,de,0.710862687,Zitronenlimonade [SEP] Die Kinder trinken Zitronenlimonade. [SEP] l_______ [SEP] lemonade
1396,de,-0.960851474,gelöscht [SEP] Alle gelöschten Daten konnten wiederhergestellt werden. [SEP] e_____ [SEP] erased
1397,de,0.388884213,Unmöglichkeit [SEP] Dieses Projekt ist ein Ding der Unmöglichkeit. [SEP] i____________ [SEP] impossibility
1398,de,0.755035358,"Liberalismus [SEP] Der Liberalismus ist eine Ideologie, die die Stärkung des Individuums und Beschränkung staatlicher Eingriffe fördern will. [SEP] l_________ [SEP] liberalism"
1399,de,2.283065946,Echo [SEP] Wir riefen in das Tal und das Echo antwortete uns. [SEP] e___ [SEP] echo
1400,de,0.750964772,"Blase [SEP] Die Kinder beobachten gespannt, wie der Straßenkünstler Seifenblasen macht. [SEP] b_____ [SEP] bubble"
1401,de,1.335725373,Bischof [SEP] Das Amt des Bischofs ist eines der höchsten der katholischen Kirche. [SEP] b_____ [SEP] bishop
1402,de,-2.189330351,einflussreich [SEP] Sie ist eine der einflussreichsten Frauen. [SEP] i__________ [SEP] influential
1403,de,0.910214919,Menschheit [SEP] Diese Art von Waffen gefährdet die Menschheit. [SEP] h_______ [SEP] humanity
1404,de,-0.777638432,vertraut [SEP] Ich fühle mich in einer vertrauten Umgebung wohler. [SEP] f_______ [SEP] familiar
1405,de,-1.036865743,"Dämmerung [SEP] Es war nicht leicht, ihre Gestalt in der Dämmerung zu erkennen. [SEP] t_______ [SEP] twilight"
1406,de,0.836460201,schreien [SEP] Man sollte in der Schule nicht schreien. [SEP] y___ [SEP] yell
1407,de,-2.168733717,Geschworener [SEP] Er nimmt als Geschworener an der Gerichtsverhandlung teil. [SEP] j____ [SEP] juror
1408,de,-1.94331014,"von [SEP] Das Zimmer ist noch nicht ganz fertig, deshalb hängt die Glühbirne noch von der Decke herab. [SEP] d_____ [SEP] dangle"
1409,de,2.78180127,Klasse [SEP] Die Schüler haben sich in der Klasse eingefunden. [SEP] c____ [SEP] class
1410,de,2.8755978,Löwe [SEP] Er kämpft wie eine Löwe. [SEP] l___ [SEP] lion
1411,de,-3.065948992,Strähne [SEP] Sie strich sich eine Strähne aus dem Gesicht und steckte sie wieder mit einer Haarnadel fest. [SEP] s_____ [SEP] strand
1412,de,-0.980457367,Zusammenbruch [SEP] Die wirtschaftlichen Probleme der vergangenen Jahre führte zu einem Zusammenbruch des Unternehmens. [SEP] c_______ [SEP] collapse
1413,de,0.993865467,Gefängnis [SEP] Sie muss für drei Jahre ins Gefängnis. [SEP] j___ [SEP] jail
1414,de,1.17091945,entwerfen [SEP] Sie hat ihr Brautkleid selbst entworfen. [SEP] d_____ [SEP] design
1415,de,-0.262008577,Konditionierung [SEP] Der Forscher erforschte mit seinen Experimenten die Konditionierung von Affen. [SEP] c___________ [SEP] conditioning
1416,de,1.523528378,Ensemble [SEP] Das Ensemble spielte großartige Musik. [SEP] e_______ [SEP] ensemble
1417,de,0.041438294,Erklärung [SEP] Viele Länder haben die Erklärung zum Schutz der Artenvielfalt unterzeichnet. [SEP] d__________ [SEP] declaration
1418,de,0.034708379,"Gelegenheit [SEP] Das Fest ist eine tolle Gelegenheit, neue Menschen kennenzulernen. [SEP] o__________ [SEP] opportunity"
1419,de,1.940845854,Rad [SEP] Das linke Vorderrad hatte keine Luft mehr. [SEP] w____ [SEP] wheel
1420,de,0.086845451,jdn/etw [SEP] Ich wähle nur die besten Äpfel aus. [SEP] p___ [SEP] pick
1421,de,-2.614670107,Kirchengemeinde [SEP] Die gesamte Kirchengemeinde nahm an der Feier teil. [SEP] c___________ [SEP] congregation
1422,de,1.669301074,Inflation [SEP] Die Pensionen sind normalerweise vor Inflation geschützt. [SEP] i________ [SEP] inflation
1423,de,0.632299935,"Geruch [SEP] Wir sollten lüften, um den Geruch etwas zu vertreiben. [SEP] s____ [SEP] smell"
1424,de,-1.257434954,ergeben [SEP] Die Gespräche ergaben keine wirkliche Lösung. [SEP] r_____ [SEP] result
1425,de,2.428751803,Prinzessin [SEP] Bei diesem Computerspiel muss man die Prinzessin aus einem Schloss befreien. [SEP] p_______ [SEP] princess
1426,de,-1.398798261,angeben [SEP] Können Sie bitte den Grund für Ihre Reise angeben? [SEP] s____ [SEP] state
1427,de,2.163219019,sich [SEP] Über die Feiertage entspanne ich mich am liebsten mit einem guten Buch. [SEP] r____ [SEP] relax
1428,de,0.264716522,offensichtlich [SEP] Sie ist offensichtlich von dem Geschenk enttäuscht. [SEP] o________ [SEP] obviously
1429,de,-1.744756787,weltlich [SEP] Ein weltlich ausgerichteter Staat sollte Kirche und Staatsangelegenheiten strikt trennen. [SEP] s______ [SEP] secular
1430,de,1.965609064,Telefon [SEP] Das Telefon stand bei uns Zuhause in der Diele. [SEP] t________ [SEP] telephone
1431,de,-2.605181234,Grat [SEP] Die Wanderer folgten dem Grat und genossen die wunderbare Aussicht. [SEP] r____ [SEP] ridge
1432,de,0.550618282,elektronisch [SEP] Elektronische Geräte müssen während des Fluges ausgeschaltet werden. [SEP] e_________ [SEP] electronic
1433,de,0.788798516,Farbe [SEP] Wir streichen die Wände mit weißer Farbe. [SEP] p____ [SEP] paint
1434,de,-0.294821874,etikettieren [SEP] Die Weinflaschen müssen noch etikettiert werden. [SEP] l____ [SEP] label
1435,de,-0.986001136,Auswirkung [SEP] Während der Versammlung diskutieren die Abgeordneten über die Auswirkungen der Klimaerwärmung. [SEP] i_____ [SEP] impact
1436,de,-0.845927158,anonym [SEP] Er spendete dem Roten Kreuz anonym eine große Summe Geld. [SEP] a__________ [SEP] anonymously
1437,de,-0.811861619,schwerelos [SEP] Astronautinnen arbeiten unter schwerelosen Bedingungen. [SEP] w_________ [SEP] weightless
1438,de,-0.857643588,Metamorphose [SEP] In Biologie haben wir heute über die Metamorphose von Pflanzen und Tieren gesprochen. [SEP] m____________ [SEP] metamorphosis
1439,de,-3.071270356,düster [SEP] Dieser Film klingt ziemlich düster. Wollen wir nicht lieber in die Komödie gehen? [SEP] g___ [SEP] grim
1440,de,-1.808762961,Küste [SEP] Ein Spaziergang an der Küste ist wegen der Klippen spektakulär. [SEP] s______ [SEP] seaside
1441,de,1.74974879,klinisch [SEP] Eine klinische Studie wird normalerweise von einem Krankenhaus durchgeführt. [SEP] c_______ [SEP] clinical
1442,de,0.365346707,oben [SEP] Die Schlafzimmer befinden sich oben. [SEP] u_______ [SEP] upstairs
1443,de,-0.831201925,Wertgegenstände [SEP] Lassen Sie Ihre Wertgegenstände nie im Auto liegen. [SEP] v________ [SEP] valuables
1444,de,1.750761123,näher [SEP] Wir kamen dem Ziel immer näher. [SEP] n___ [SEP] near
1445,de,2.020796775,korrigieren [SEP] Die Lehrerin korrigierte die Aufsätze der Schüler. [SEP] c______ [SEP] correct
1446,de,-1.794035677,Ebenheit [SEP] Sie betrachtete ihre Hände und bewunderte die Ebenheit der Haut und Fingernägel. [SEP] s_________ [SEP] smoothness
1447,de,1.82070039,heiraten [SEP] Die Frau heiratet ihren langjährigen Freund. [SEP] m____ [SEP] marry
1448,de,0.046384848,Ministerium [SEP] Das Ministerium für Bildung hat am Samstag einen Tag der offenen Tür. [SEP] m_______ [SEP] ministry
1449,de,2.466648757,Wüste [SEP] In unserem Urlaub übernachteten wir in der Wüste. [SEP] d_____ [SEP] desert
1450,de,-2.157389575,gleichbleibende [SEP] Das sind nun einmal gleichbleibende Wahrheiten. [SEP] u_________ [SEP] unchanging
1451,de,0.430852951,"zusammenrechnen [SEP] Wenn man 5 und 5 zusammenrechnet, ergibt das 10. [SEP] s__ [SEP] sum"
1452,de,1.776468919,Pfanne [SEP] Das Fleisch wird in der Pfanne angebraten. [SEP] p__ [SEP] pan
1453,de,-0.751119902,fern [SEP] Weit entfernte Dinge sehen verschwommen aus. [SEP] d______ [SEP] distant
1454,de,0.886162218,geduldig [SEP] Sie ist ein geduldiger Mensch. Nichts kann sie aus der Ruhe bringen. [SEP] p______ [SEP] patient
1455,de,2.129396035,"schon [SEP] Kennst du ihn schon? – Nein, noch nicht. [SEP] y__ [SEP] yet"
1456,de,0.16169992,Fluss [SEP] Auf dieser Straße herrscht ein konstanter Verkehrsfluss. [SEP] f___ [SEP] flow
1457,de,-2.185742717,Händler [SEP] Die Händler haben bei der letzten Sitzung eine Interessensgemeinschaft gegründet. [SEP] d__________ [SEP] distributor
1458,de,0.278606368,für [SEP] Politische Parteien dürfen im Fernsehen keine Werbung machen. [SEP] a________ [SEP] advertise
1459,de,0.006490413,Hautarzt [SEP] Ich habe einen Termin bei einer Hautärztin. [SEP] d____________ [SEP] dermatologist
1460,de,1.051423337,einzig [SEP] Die Wohnung bestand eigentlich nur aus einem einzigen Raum. [SEP] s_____ [SEP] single
1461,de,-0.034566096,Vermögen [SEP] Durch ihr Geschick hat sie ein großes Vermögen erworben. [SEP] w_____ [SEP] wealth
1462,de,-3.718409751,"beispielhaft [SEP] Die beispielhafte Beschreibung hilft, die Theorie zu verstehen. [SEP] i___________ [SEP] illustrative"
1463,de,0.653916377,Gewürz [SEP] Sein liebstes Gewürz ist Kümmel. [SEP] s____ [SEP] spice
1464,de,0.914456692,Astronaut [SEP] Neil Armstrong war ein amerikanischer Astronaut [SEP] a________ [SEP] astronaut
1465,de,-0.985090239,gelegentlich [SEP] Die Männerrunde geht gelegentlich ein Bier trinken. [SEP] o___________ [SEP] occasionally
1466,de,-1.384012271,gemeinsam [SEP] Wir schliefen in einem gemeinsamen Zimmer und haben so Geld für die Weiterreise gespart. [SEP] s_____ [SEP] shared
1467,de,2.22274095,Airbag [SEP] Der Airbag im Auto hat mein Leben gerettet. [SEP] a_____ [SEP] airbag
1468,de,-2.780832313,"vorangehen [SEP] Der Absatz, der diesem Absatz hier vorangeht, ist leider nicht klar formuliert. [SEP] p______ [SEP] precede"
1469,de,-0.55882563,bevorzugt [SEP] Das Fahrrad ist mit Abstand mein bevorzugtes Verkehrsmittel. [SEP] p________ [SEP] preferred
1470,de,-0.645048703,deprimiert [SEP] Er ist traurig und deprimiert. [SEP] d________ [SEP] depressed
1471,de,0.05431434,Etikett [SEP] Die Weinflasche hat ein buntes Etikett. [SEP] l____ [SEP] label
1472,de,1.875065155,Lieferwagen [SEP] Wir müssen wohl einen Lieferwagen für den Transport mieten. [SEP] v__ [SEP] van
1473,de,0.751789936,westlich [SEP] Die Unwetter im westlichen Spanien haben großen Schaden angerichtet. [SEP] w______ [SEP] western
1474,de,-3.214331233,Fetzen [SEP] Auf kleinen Fetzen Papier schrieben wir uns Botschaften. [SEP] s____ [SEP] scrap
1475,de,0.685286642,Kennzahl [SEP] Tippen Sie Ihre Kennzahl ein. [SEP] c___ [SEP] code
1476,de,-1.448564588,"auf [SEP] Als Lehrperson ist es nicht immer einfach, fachgemäß auf Unterrichtsstörungen zu reagieren. [SEP] p_____________ [SEP] professionally"
1477,de,0.538301367,nackt [SEP] Sie verdient ihr Geld als Aktmodel. [SEP] n___ [SEP] nude
1478,de,-0.5907549,abgelehnt [SEP] Abgelehnte Projektanträge können noch einmal überarbeitet und später oft erfolgreich eingereicht werden. [SEP] r_______ [SEP] rejected
1479,de,-2.292621366,Riemen [SEP] Vielleicht kann man den Riemen des Rucksacks reparieren. [SEP] s____ [SEP] strap
1480,de,1.941497379,Tod [SEP] Der Tod macht vielen Menschen Angst. [SEP] d____ [SEP] death
1481,de,-1.646667862,anpassungsfähig [SEP] Wir brauchen anpassungsfähige Arbeiter für dieses Projekt. [SEP] a________ [SEP] adaptable
1482,de,-3.846501218,führend [SEP] Das führende Hotel in dieser Region ist ständig ausgebucht. [SEP] p______ [SEP] premier
1483,de,2.116778949,Diktator [SEP] Das Land wird von einem unberechenbaren Diktator beherrscht. [SEP] d_______ [SEP] dictator
1484,de,1.148932903,Mörder [SEP] Der Mörder hat seine Tat gestanden. [SEP] m_______ [SEP] murderer
1485,de,2.751486333,Liebhaber [SEP] Sie trifft sich einmal im Monat mit ihrem Liebhaber. [SEP] l____ [SEP] lover
1486,de,1.378503446,oberster [SEP] Er wohnt im obersten Stock eines Wolkenkratzers. [SEP] t__ [SEP] top
1487,de,0.343000328,Klassifizierung [SEP] Verstehst du die Vorgehensweise der Klassifizierung der Gesteinsarten? [SEP] c_____________ [SEP] classification
1488,de,-6.497746764,Hinweis [SEP] Dieser Vorfall ist ein Hinweis auf Sicherheitslücken im System. [SEP] i_________ [SEP] indictment
1489,de,-1.439374374,Zähler [SEP] Der Wasserzähler wird ausgetauscht. [SEP] m____ [SEP] meter
1490,de,-0.780958424,"fähig [SEP] Ich bin mir sicher, dass du dazu fähig bist. [SEP] c______ [SEP] capable"
1491,de,-0.199660153,Feuchtigkeit [SEP] Die Gesichtscreme spendet Feuchtigkeit. [SEP] m_______ [SEP] moisture
1492,de,-2.171679072,Gesetzgeber [SEP] Der Gesetzgeber hat ein neues Gesetz erlassen. [SEP] l_________ [SEP] legislator
1493,de,0.425034945,entdeckt [SEP] Auf dem Gelände wurden antike Vasen entdeckt. [SEP] d_________ [SEP] discovered
1494,de,-1.321099254,Vorfall [SEP] Der Vorfall ereignete sich gestern Nacht um vier Uhr. [SEP] h________ [SEP] happening
1495,de,-3.219391093,unvergesslich [SEP] Viele Lieder von Elvis Presley sind unvergesslich. [SEP] i_______ [SEP] immortal
1496,de,1.663813708,Tomate [SEP] Dafür brauchst du nur etwas altbackenes Brot und eine Tomate. [SEP] t_____ [SEP] tomato
1497,de,-1.113161382,abwechseln [SEP] Die Kinder fahren an abwechselnden Wochenenden zu ihren Großeltern. [SEP] a________ [SEP] alternate
1498,de,-1.129202267,folglich [SEP] Die Firma hat mehr Mitarbeiter eingestellt und folglich können alle Deadlines zeitlich eingehalten werden. [SEP] c___________ [SEP] consequently
1499,de,2.683319766,geboren [SEP] Wann und wo bist du geboren? [SEP] b___ [SEP] born
1500,de,2.626578348,stark [SEP] Sie war immer schon ein starkes Mädchen mit ausgefallenen Hobbies. [SEP] s_____ [SEP] strong
1501,de,-0.3908956,Untersuchung [SEP] Die Untersuchung des Mordes dauert jetzt schon mehrere Monate. [SEP] i____________ [SEP] investigation
1502,de,0.085813829,Arbeitslosigkeit [SEP] Wir müssen das Problem der Arbeitslosigkeit jetzt angehen. [SEP] u___________ [SEP] unemployment
1503,de,-0.051033915,untersuchen [SEP] Die Polizei untersucht den Mord. [SEP] i__________ [SEP] investigate
1504,de,1.060987096,"schlank [SEP] Sie hat eine sehr schlanke Figur, obwohl sie kaum Sport betreibt. [SEP] s___ [SEP] slim"
1505,de,2.711430501,Bein [SEP] Er hat sich am linken Bein verletzt. [SEP] l__ [SEP] leg
1506,de,-0.876005204,"aufdecken [SEP] Es kann gefährlich werden, die Wahrheit aufzudecken. [SEP] u______ [SEP] uncover"
1507,de,2.360501246,Bad [SEP] Am Abend entspanne ich mich mit einem Bad. [SEP] b___ [SEP] bath
1508,de,0.658155746,"altern [SEP] Er hat Angst, zu schnell zu altern. [SEP] a__ [SEP] age"
1509,de,-1.111223508,Verfahren [SEP] Für die Herstellung von Kissen wird ein traditionelles Verfahren verwendet. [SEP] m_____ [SEP] method
1510,de,-1.733761241,Schotter [SEP] Wir fahren auf einer Schotterstraße. [SEP] g_____ [SEP] gravel
1511,de,-0.880570006,blühen [SEP] Die Kirschblüten blühen. [SEP] b____ [SEP] bloom
1512,de,1.014164078,genau [SEP] Wir müssen den genauen Tathergang wissen. [SEP] e____ [SEP] exact
1513,de,1.98000606,Bedeutung [SEP] Du hast die Bedeutung des Wortes nicht richtig verstanden. [SEP] m______ [SEP] meaning
1514,de,2.835890143,finster [SEP] Es ist schon finster. Lass uns reingehen. [SEP] d___ [SEP] dark
1515,de,0.555479572,telgrafisch [SEP] Früher konnte man Geld auch durch telegrafische Anweisungen bezahlen. [SEP] t__________ [SEP] telegraphic
1516,de,-3.426487808,Verfälschung [SEP] Die Presse berichtet von einer Verfälschung der Forschungsdaten. [SEP] m___________ [SEP] manipulation
1517,de,1.540850131,"Seeräuber [SEP] Ein Seeräuber macht das Meer unsicher, weil er andere Schiffe überfällt. [SEP] p_____ [SEP] pirate"
1518,de,-2.875022453,Auftreten [SEP] Die Wissenschaftler stellten ein hohes Auftreten von Prostataerkrankungen in dieser Region fest. [SEP] i________ [SEP] incidence
1519,de,1.079886029,brutal [SEP] Der Aufstand wurde brutal niedergeschlagen. [SEP] b_______ [SEP] brutally
1520,de,0.369508882,Funktion [SEP] Personen in leitender Funktion sollten eine Zulage erhalten. [SEP] r___ [SEP] role
1521,de,1.018998324,"verlobt [SEP] Tommy und ich sind verlobt! Wir feiern am Samstag Abend! Ich hoffe, ihr könnt kommen! [SEP] e______ [SEP] engaged"
1522,de,-1.800579147,Verweis [SEP] Dieses Buch ist voller Verweise auf weitere nützliche Quellen. [SEP] r________ [SEP] reference
1523,de,0.793375807,Profi [SEP] Mit 15 wurde sie zum Profi. [SEP] p__ [SEP] pro
1524,de,1.668045361,Sportarten [SEP] Sie können in unserem Club eine neue Sportart erlernen. [SEP] s____ [SEP] sport
1525,de,-0.296637628,"sicher [SEP] Ich bin mir sicher, dass du dazu fähig bist. [SEP] c______ [SEP] certain"
1526,de,-0.137687106,künstlerisch [SEP] Du hast ein künstlerisches Gespür. [SEP] a_______ [SEP] artistic
1527,de,3.542937744,Mädchen [SEP] Das Mädchen ging zu Fuß nach Hause. [SEP] g___ [SEP] girl
1528,de,1.383329897,Modul [SEP] Das erste Modul des Kurses beschäftigt sich mit der Geschichte der Sprachwissenschaft. [SEP] m_____ [SEP] module
1529,de,-1.829062315,Spender [SEP] Der wichtigste Spender der Kampagne war eine private Person. [SEP] c__________ [SEP] contributor
1530,de,-1.88898468,ordentlich [SEP] Wir sollten uns noch ordentlich für deine Mühe bedanken. [SEP] p_______ [SEP] properly
1531,de,1.252748464,Reiter [SEP] Er ist ein sehr talentierter Reiter. [SEP] r____ [SEP] rider
1532,de,1.895734279,Beispiel [SEP] Sie erklärte mir die Rechenaufgabe anhand eines praxischen Beispiels. [SEP] e______ [SEP] example
1533,de,-1.598797691,Aktionär [SEP] Die Aktionärin will ihre Anteile an der Firma so bald wie möglich verkaufen. [SEP] s__________ [SEP] shareholder
1534,de,0.601782579,"Selbstmord [SEP] Nachdem das Haus von Polizisten umzingelt war, beging der Täter Selbstmord. [SEP] s______ [SEP] suicide"
1535,de,1.914002717,zweimal [SEP] Ich habe ihn erst zweimal getroffen. [SEP] t____ [SEP] twice
1536,de,2.749526834,glücklich [SEP] Wir sind sehr glücklich über die tollen Nachrichten. [SEP] h____ [SEP] happy
1537,de,2.552764693,Dollar [SEP] Die Pizza kostet 15 Dollar. [SEP] d_____ [SEP] dollar
1538,de,4.007517462,Katze [SEP] Meine Nachbarin hat zwei Katzen. [SEP] c__ [SEP] cat
1539,de,0.293890511,jdn/etw [SEP] Ich mag keinen Kaffee. [SEP] d______ [SEP] dislike
1540,de,0.028379081,mit [SEP] Er wollte ihm mit der Faust ins Gesicht schlagen. [SEP] p____ [SEP] punch
1541,de,0.095213835,durchsichtig [SEP] Die Flügel dieses Falters sind fast durchsichtig. [SEP] t__________ [SEP] transparent
1542,de,-1.681244418,sich [SEP] Die Truppen rücken 20 Meilen vor. [SEP] a______ [SEP] advance
1543,de,-0.400808252,Techniker [SEP] Sie war eine gefrage Technikerin auf ihrem Gebiet. [SEP] t_________ [SEP] technician
1544,de,-1.677319586,Krug [SEP] Wir bestellten einen Krug Wasser für unseren Tisch. [SEP] p______ [SEP] pitcher
1545,de,-1.518899641,Pfarrer [SEP] Die beiden wurden letzte Woche von Pfarrer Schmitt getraut. [SEP] r_______ [SEP] reverend
1546,de,-0.814045292,verschwindend [SEP] Ich nahm eine schnell verschwindende Silhouette wahr. [SEP] d___________ [SEP] disappearing
1547,de,-0.568101101,Investition [SEP] Ihre Investition in die Firma haben sich bezahlt gemacht. [SEP] i_________ [SEP] investment
1548,de,3.016243366,Geologie [SEP] Die Experten erforschen die Flora und Fauna des Landes und auch seine Geologie und Geografie. [SEP] g______ [SEP] geology
1549,de,-0.442718545,Haken [SEP] Er hängte seine Jacke am Haken hinter der Türe auf. [SEP] h___ [SEP] hook
1550,de,1.156904604,Monarch [SEP] Die Monarchin herrscht über ein großes Königreich. [SEP] m______ [SEP] monarch
1551,de,-3.080696624,aus [SEP] Das Silvestermenü besteht aus fünf Gängen. [SEP] c_______ [SEP] comprise
1552,de,-0.691331194,Speicher [SEP] Dieser Wasserspeicher fasst mehrere tausend Liter. [SEP] t___ [SEP] tank
1553,de,0.824784632,Fotografie [SEP] Die Fotografie ist ihre Leidenschaft. [SEP] p__________ [SEP] photography
1554,de,-1.984320442,Kleister [SEP] Die Tapete wird mit Kleister angeklebt. [SEP] p____ [SEP] paste
1555,de,-0.966331804,Stellungnahme [SEP] In der Stellungnahme des Weißen Hauses wird der Konflikt nicht erwähnt. [SEP] s________ [SEP] statement
1556,de,0.072876571,Art [SEP] Sie mochte diese Art von Büchern. [SEP] t___ [SEP] type
1557,de,-0.875019241,gesamt [SEP] Seine gesamte Aufmerksamkeit war auf seine Kinder gerichtet. [SEP] e_____ [SEP] entire
1558,de,0.40950249,Minister [SEP] Die Ministerin für Bildung hat eine Rede gehalten. [SEP] m_______ [SEP] minister
1559,de,0.061621604,Stoff [SEP] Der Vorhang im Schlafzimmer besteht aus einem samtigen Stoff. [SEP] m_______ [SEP] material
1560,de,-0.284492794,springen [SEP] Der Ball sprang hoch hinauf. [SEP] b_____ [SEP] bounce
1561,de,1.32119802,Geschäft [SEP] Im Geschäft an der Ecke bekommt man wirklich alles Nötige für den Alltag. [SEP] s___ [SEP] shop
1562,de,1.917048072,treffen [SEP] Wir treffen uns jeden Dienstag. [SEP] m___ [SEP] meet
1563,de,-0.193545575,wenig [SEP] Sie sprach nur wenig über ihre Vergangenheit. [SEP] l_____ [SEP] little
1564,de,4.118858897,tanzen [SEP] Ich tanze sehr gerne und gehe daher regelmäßig in einen Tanzkurs. [SEP] d____ [SEP] dance
1565,de,-0.372897903,Struktur [SEP] Ich liebe die weiche Struktur von Samt und Seide. [SEP] t______ [SEP] texture
1566,de,-2.209158254,Erhebung [SEP] Die Villa wurde auf einer leichten Erhebung gebaut. [SEP] e________ [SEP] elevation
1567,de,-0.593252386,häuslich [SEP] Ich helfe meiner Mutter bei der Hausarbeit. [SEP] d_______ [SEP] domestic
1568,de,-1.536593233,unbrauchbar [SEP] Dieses Messer ist unbrauchbar. [SEP] u______ [SEP] useless
1569,de,1.261665846,vergessen [SEP] Lang vergessene Bücher liegen auf dem Dachboden. [SEP] f________ [SEP] forgotten
1570,de,-1.923248526,aufeinanderfolgend [SEP] Sie kam an drei aufeinanderfolgenden Tagen nicht zur Schule. Sie ist wahrscheinlich krank. [SEP] c__________ [SEP] consecutive
1571,de,0.282136296,"stehlen [SEP] Wenn man etwas stielt, dann muss man auch mit negativen Konsequenzen rechnen. [SEP] s____ [SEP] steal"
1572,de,0.319098695,Traktor [SEP] Der Bauer konnte den Traktor gerade noch rechtzeitig anhalten. [SEP] t______ [SEP] tractor
1573,de,1.678772788,faul [SEP] Gestern Abend war ich sehr faul. Ich habe nur herumgelegen. [SEP] l___ [SEP] lazy
1574,de,1.174983566,Prozessor [SEP] Unser Computer ist kaputt und wir müssen den Prozessor austauschen. [SEP] p________ [SEP] processor
1575,de,3.03871722,Autobus [SEP] Die Kinder fahren mit dem Autobus zur Schule. [SEP] b__ [SEP] bus
1576,de,2.878213145,negativ [SEP] Ich habe eine negative Antwort erhalten. [SEP] n_______ [SEP] negative
1577,de,-2.37042309,"unscharf [SEP] Sein Blick war unscharf, alles war verschwommen. [SEP] u________ [SEP] unfocused"
1578,de,1.967376729,Küste [SEP] Drei Meilen vor der Küste gibt es eine wunderschöne Burg. [SEP] c____ [SEP] coast
1579,de,-1.507250172,Mappe [SEP] Am Semesterende mussten alle Studierenden zu Bewertung eine Mappe mit ihren besten Zeichnungen abgeben. [SEP] p________ [SEP] portfolio
1580,de,-2.782030216,Lehr [SEP] Im Kabinett gibt es verschiedenes Lehrmaterial. [SEP] i____________ [SEP] instructional
1581,de,1.80143582,mündlich [SEP] Ich lerne für die mündliche Prüfung am Freitag. [SEP] o___ [SEP] oral
1582,de,-0.294800488,Mikrobiologe [SEP] Sie arbeitet als Mikrobiologin in einem Labor. [SEP] m_____________ [SEP] microbiologist
1583,de,0.419031113,steigend [SEP] Die steigenden Arbeitslosenzahlen sind beunruhigend. [SEP] i_________ [SEP] increasing
1584,de,1.487626439,entführen [SEP] Das Kind wurde vor zwei Tagen entführt. [SEP] k_____ [SEP] kidnap
1585,de,0.592084721,Herbst [SEP] Im Herbst verlieren die Bäume ihre Blätter. [SEP] a_____ [SEP] autumn
1586,de,-0.740995731,Glückwunsch [SEP] Herzlichen Glückwunsch zum bestandenen Abitur! [SEP] c______________ [SEP] congratulations
1587,de,-0.282392639,Luftballon [SEP] Kinder spielen mit den Luftballons auf der Geburtstagsparty. [SEP] b______ [SEP] balloon
1588,de,-0.069382559,Fahrzeug [SEP] Mit 18 Jahren habe ich den Fahrzeugführerschein gemacht. [SEP] a___ [SEP] auto
1589,de,1.190288577,Mythologie [SEP] Er liest viel über die griechische Mythologie. [SEP] m________ [SEP] mythology
1590,de,-3.565070596,Stiel [SEP] Ein Speer besteht aus einem langen Stiel und einer daran befestigten Spitze. [SEP] s____ [SEP] shaft
1591,de,0.465216743,Gespräch [SEP] Bei ihrem letzten Gespräch redeten die Freundinnen über ihre Zukunftspläne. [SEP] c___________ [SEP] conversation
1592,de,-0.519603958,Gebiet [SEP] Dieser Abschnitt ist immer noch besetztes Gebiet. [SEP] t________ [SEP] territory
1593,de,-0.980566382,"Wehe [SEP] Die Frau fährt ins Krankenhaus, weil sie Wehen bekommen hat. [SEP] c__________ [SEP] contraction"
1594,de,-0.78873607,"Bericht [SEP] Bitte ergänze im Sitzungsbericht, dass wir beim nächsten Mal unbedingt die Finanzierung besprechen müssen. [SEP] p_______ [SEP] protocol"
1595,de,-0.044015271,"Observatorium [SEP] Wir besuchen ein Observatorium, um uns die Sterne anzuschauen. [SEP] o__________ [SEP] observatory"
1596,de,0.628136557,Titel [SEP] Unter welchem Titel wurde die Gedichtsammlung veröffentlicht? [SEP] t____ [SEP] title
1597,de,-2.914912135,genau [SEP] Genau genommen wurde der Krieg bis heute nicht offiziell beendet. [SEP] t__________ [SEP] technically
1598,de,-2.322102824,überwiegen [SEP] In einer glücklichen Familie überwiegen die freudigen Momente. [SEP] p______ [SEP] prevail
1599,de,0.948396491,belegtes [SEP] Könntest du mir bitte vom Supermarkt ein belegtes Brötchen mit Käse mitbringen? [SEP] s_______ [SEP] sandwich
1600,de,-1.893183044,springen [SEP] Das Pferd springt ohne Probleme über alle Hindernisse. [SEP] l___ [SEP] leap
1601,de,-2.223230107,sich [SEP] Die Gazellen ziehen sich in die Sicherheit des Waldes zurück. [SEP] r______ [SEP] retreat
1602,de,2.90518045,Idee [SEP] Das ist eine tolle Idee! Ich bin dabei. [SEP] i___ [SEP] idea
1603,de,-2.330310563,angegeben [SEP] Der angegebene Preis beinhaltet keine Mehrwertsteuer. [SEP] s_____ [SEP] stated
1604,de,1.037413109,Öffnungs [SEP] Am Freitag haben wir verlängerte Öffnungszeiten. [SEP] o______ [SEP] opening
1605,de,0.100600205,auf [SEP] Meine Mutter blickt stolz auf ihre Vergangenheit als Sportlerin zurück. [SEP] p______ [SEP] proudly
1606,de,-1.823845525,Panorama [SEP] Der Panoramablick ist wunderschön. [SEP] p________ [SEP] panoramic
1607,de,-4.376178891,entschlossen [SEP] Sie ist fest entschlossen und wird sich durch nichts von dem Vorhaben abbringen lassen. [SEP] r_______ [SEP] resolved
1608,de,0.15748142,Föderation [SEP] Die Föderation besteht aus mehreren Mitgliedstaaten. [SEP] f_________ [SEP] federation
1609,de,1.389030299,Hubschrauber [SEP] Der Verletzte wurde mit einem Rettungshubschrauber ins Spital geflogen. [SEP] h_________ [SEP] helicopter
1610,de,-4.335249864,entzücken [SEP] Vor allem wollen wir unser Publikum entzücken. [SEP] t_____ [SEP] thrill
1611,de,0.897330957,Geflüster [SEP] Sie dämpfte ihre Stimme zu einem geheimnisvollen Geflüster. [SEP] w______ [SEP] whisper
1612,de,-0.930853904,erwachsen [SEP] Ich bin überrascht über das erwachsene Verhalten des jungen Mannes. [SEP] m_____ [SEP] mature
1613,de,-1.066285377,"Verhältniswort [SEP] Die Wörter „auf"" und „in"" sind häufig verwendete Verhältniswörter. [SEP] p__________ [SEP] preposition"
1614,de,1.750419727,Spielzimmer [SEP] Ein eigenes Spielzimmer wurde im Erdgeschoss bereits eingeplant. [SEP] p_______ [SEP] playroom
1615,de,2.114709437,Punkt [SEP] Roman stimmt ihr in diesem Punkt nicht zu. [SEP] p____ [SEP] point
1616,de,-1.137046813,kränken [SEP] Ich wollt euch nicht kränken. [SEP] o_____ [SEP] offend
1617,de,1.02679252,köstlich [SEP] Der Kuchen ist köstlich. [SEP] d________ [SEP] delicious
1618,de,-1.525617885,anbauen [SEP] Bauern bauen Getreide an. [SEP] c________ [SEP] cultivate
1619,de,2.695151822,Browser [SEP] Was für einen Browser benutzt du? [SEP] b______ [SEP] browser
1620,de,1.336496254,verschwenden [SEP] Warum sollte ich teures Geld für Markenkleidung verschwenden? [SEP] w____ [SEP] waste
1621,de,-1.150064315,Erlösung [SEP] Viele Christen glauben an die Erlösung von ihren Sünden durch Gott. [SEP] s________ [SEP] salvation
1622,de,1.14774026,entwickelt [SEP] Indien möchte ein hoch entwickeltes Land werden. [SEP] d________ [SEP] developed
1623,de,-3.632760703,Rechtmäßigkeit [SEP] Es wurde an der Rechtmäßigkeit der neuen Regierung gezweifelt. [SEP] l_________ [SEP] legitimacy
1624,de,-1.604825776,Vergnügen [SEP] Die Kinder durften als besonderes Vergnügen bis Mitternacht aufbleiben. [SEP] t____ [SEP] treat
1625,de,-0.720896674,Gelenk [SEP] Ich habe mir beim Sport das Kniegelenk verrenkt. [SEP] j____ [SEP] joint
1626,de,1.88498008,Flugzeug [SEP] In diesem Flugzeug ist das Rauchen verboten. [SEP] p____ [SEP] plane
1627,de,0.244631042,"verbieten [SEP] Die Eltern verbieten ihren Kindern, auf die Party zu gehen. [SEP] f_____ [SEP] forbid"
1628,de,0.897145186,"logistisch [SEP] Die logistische Herausforderung besteht darin, alle Gäste gleichzeitig zu bedienen. [SEP] l_______ [SEP] logistic"
1629,de,-2.097743075,nachweisbar [SEP] Das Medikament ist noch Monate nach der Einnahme im Blut nachweisbar. [SEP] d_________ [SEP] detectable
1630,de,-2.89183564,"Wiedergabe [SEP] Wenn Sie die Wiedergabe einer CD starten wollen, müssen Sie auf diesen Knopf drücken. [SEP] p_______ [SEP] playback"
1631,de,-1.435061117,ergreifend [SEP] Die Liebesgeschichte war sehr ergreifend. [SEP] m_____ [SEP] moving
1632,de,-0.599385819,Einmarsch [SEP] Der Einmarsch von feindlichen Truppen wurde zurückgedrängt. [SEP] i_______ [SEP] invasion
1633,de,-1.897536812,trotz [SEP] Trotz aller Anstrengungen konnten wir das Projekt nicht weiter betreiben. [SEP] s____ [SEP] spite
1634,de,-2.302068208,Hirnforscher [SEP] Hirnforscher haben neue Fortschritte erzielt. [SEP] n_____________ [SEP] neuroscientist
1635,de,2.77930866,dynamisch [SEP] Die dynamische Firma konnte ihren Profit steigern. [SEP] d______ [SEP] dynamic
1636,de,-1.701404494,Totenwache [SEP] Bei der Totenwache waren viele seiner alten Freunde zu sehen. [SEP] w___ [SEP] wake
1637,de,-1.128700067,Täuschung [SEP] Der Magier ist ein Meister der Täuschung. [SEP] i_______ [SEP] illusion
1638,de,2.156718952,Niveau [SEP] Unsere Kunden erwarten sich Qualität auf höchstem Niveau. [SEP] l____ [SEP] level
1639,de,1.94333597,formen [SEP] Es formte sich eine lange Schlange vor dem Eingang. [SEP] f___ [SEP] form
1640,de,0.635697244,von [SEP] Halten Sie ihren Hund und ihre Kinder von meinem Grundstück fern! [SEP] o__ [SEP] off
1641,de,-3.185629473,nacheinander [SEP] Die Schüler kamen nacheinander in die Klasse herein. [SEP] f___ [SEP] file
1642,de,3.374443479,Fahrrad [SEP] Ich fahre mit dem Fahrrad nach Berlin. [SEP] b___ [SEP] bike
1643,de,1.530006877,"Art [SEP] OK, wir hätten es doch auf deine Art machen sollen. [SEP] w__ [SEP] way"
1644,de,0.598887851,Dämon [SEP] Das Buch handelt von den Kampf zwischen Dämonen und Menschen. [SEP] d____ [SEP] demon
1645,de,-1.02049973,israelisch [SEP] Dort hat ein israelischer Imbiss eröffnet. [SEP] i______ [SEP] israeli
1646,de,0.481235649,ineffizient [SEP] Es handelt sich dabei um ein ineffizientes System. [SEP] i__________ [SEP] inefficient
1647,de,0.974041064,überhitzt [SEP] Der überhitzte Motor musste ausgetauscht werden. [SEP] o_________ [SEP] overheated
1648,de,3.623994561,sechs [SEP] Unsere Katze hat gestern Nacht sechs Kätzchen zur Welt gebracht. [SEP] s__ [SEP] six
1649,de,1.730300034,funktional [SEP] Er verfolgt einen funktionalen Stil mit seiner Kleidung. [SEP] f_________ [SEP] functional
1650,de,-0.967325509,Zustand [SEP] Die Bauarbeiter untersuchen den Zustand des alten Hauses. [SEP] c________ [SEP] condition
1651,de,-2.85942792,Ausmaß [SEP] Sind sich wirklich alle Beteiligten über das Ausmaß dieses Problems im Klaren? [SEP] s____ [SEP] scale
1652,de,0.587091407,vergeudet [SEP] Dieser Ausflug war nichts als vergeudete Zeit. [SEP] w_____ [SEP] wasted
1653,de,-1.063146714,Teppich [SEP] Für die nassen Wintermonate brauchen wir noch einen zusätzlichen Teppich im Hausgang. [SEP] r__ [SEP] rug
1654,de,0.855357273,binden [SEP] Ich muss meine Abschlussarbeit vor der Abgabe ausdrucken und binden lassen. [SEP] b___ [SEP] bind
1655,de,0.683083922,Komiker [SEP] Sie arbeitet als Komikerin in diesem Theater. [SEP] c_______ [SEP] comedian
1656,de,-0.517766449,Augapfel [SEP] Die Ärztin untersucht den Augapfel der Patientin. [SEP] e______ [SEP] eyeball
1657,de,0.244026622,Mappe [SEP] Er ordnete seine Unterlagen in die Mappe ein. [SEP] f_____ [SEP] folder
1658,de,0.922938714,Japaner [SEP] Viele Japaner besuchen diese Stadt. [SEP] j_______ [SEP] japanese
1659,de,0.104068384,Schraube [SEP] Der hat wohl eine Schraube locker. [SEP] s____ [SEP] screw
1660,de,0.74977966,"rufen [SEP] Irgendwo in der Menge hörte ich, wie jemanden meinen Namen rief. [SEP] s____ [SEP] shout"
1661,de,0.194912285,"Schwerkraft [SEP] Die Astronauten lernen, sich ohne Schwerkraft zu bewegen. [SEP] g______ [SEP] gravity"
1662,de,-1.154230367,Sehenswürdigkeit [SEP] Die wichtigste Sehenswürdigkeit dieser Stadt ist der alte Turm am Hauptplatz. [SEP] a_________ [SEP] attraction
1663,de,-0.070395035,Beamter [SEP] Die Beamtin auf der Polizeiwache hat die aufgebrachten Eltern beruhigt. [SEP] o______ [SEP] officer
1664,de,1.219777887,Unterstützung [SEP] Ich brauche eure Unterstützung bei diesem Projekt. Alleine schaffe ich es nicht. [SEP] s______ [SEP] support
1665,de,1.463231046,"Topf [SEP] Das ist ein sehr alter Topf, den schon meine Großmutter zum Kochen verwendet hat. [SEP] p__ [SEP] pot"
1666,de,2.086360077,Suppe [SEP] Wir haben nicht so viel Hunger und eine leichte Suppe wird sicher genügen. [SEP] s___ [SEP] soup
1667,de,-1.862124573,"Gefahr [SEP] Baustellen dürfen von Kindern nicht betreten werden, weil es dort viele Gefahren gibt. [SEP] h_____ [SEP] hazard"
1668,de,-3.179242362,Zugeständnis [SEP] In einer Beziehung muss jeder Zugeständnisse machen. [SEP] c_________ [SEP] concession
1669,de,-0.042063272,Infrastruktur [SEP] In diesem Gebiet ist die Infrastruktur gut ausgebaut. [SEP] i_____________ [SEP] infrastructure
1670,de,2.858346828,Salz [SEP] Könnten Sie mir bitte das Salz reichen? [SEP] s___ [SEP] salt
1671,de,0.165035363,musikalisch [SEP] Anna und Fritz haben einen musikalisch talentierten Sohn. [SEP] m________ [SEP] musically
1672,de,2.072912454,Reaktion [SEP] Seine Reaktion war wirklich bewundernswert. [SEP] r_______ [SEP] reaction
1673,de,-0.559165967,Koch [SEP] Er arbeitet seit Jahren als Koch in diesem Restaurant. [SEP] c___ [SEP] chef
1674,de,1.864169369,anbieten [SEP] Ich kann Ihnen einen Job anbieten. [SEP] o____ [SEP] offer
1675,de,-1.46737369,erschütternd [SEP] Habt ihr die erschütternden Neuigkeiten schon gehört? [SEP] s_______ [SEP] shocking
1676,de,-0.79692141,Grundlage [SEP] Auf der Grundlage einer Zeugenaussagen wurde der Angeklagte freigesprochen. [SEP] b____ [SEP] basis
1677,de,-2.456856145,wachsen [SEP] Bei Angst steigt meistens auch der Blutdruck. [SEP] m____ [SEP] mount
1678,de,1.029998958,"Unterwäsche [SEP] Vergiss nicht, auch warme Unterwäsche einzupacken. [SEP] u________ [SEP] underwear"
1679,de,-2.787597005,"polieren [SEP] Ich musste das Silber polieren, um es wieder zum Glänzen zu bringen. [SEP] p_______ [SEP] polished"
1680,de,-0.339167878,Einwohner [SEP] Die Queen ist eine offizielle Einwohnerin von London. [SEP] r_______ [SEP] resident
1681,de,3.308640077,Spaß [SEP] Das Rodeln hat Spaß gemacht. [SEP] f__ [SEP] fun
1682,de,0.983206205,Abreise [SEP] Nach der Abreise der Verwandten wurde es ruhig im Haus. [SEP] d________ [SEP] departure
1683,de,-1.860273453,"Rücktritt [SEP] Kurz nachdem die Affäre bekannt wurde, kündigte der Direktor seinen Rücktritt an. [SEP] r__________ [SEP] resignation"
1684,de,1.055360393,Allergie [SEP] Ich habe eine Allergie gegen Tierhaare. [SEP] a______ [SEP] allergy
1685,de,0.285927314,"Geschwister [SEP] Sie hat nur ein Geschwisterkind, nämlich eine Schwester. [SEP] s______ [SEP] sibling"
1686,de,1.092532964,Dieselkraftstoff [SEP] Der LKW benötigt Dieselkraftstoff. [SEP] d_____ [SEP] diesel
1687,de,-1.207933277,zum [SEP] Die Aktivisten wollen nicht zum Schweigen gebracht werden. [SEP] s_______ [SEP] silenced
1688,de,0.528550006,"signalisieren [SEP] Die Radfahrerin signalisiert, dass sie links abbiegen will. [SEP] s_____ [SEP] signal"
1689,de,2.388332727,gebraucht [SEP] Sein Vater kauft immer nur gebrauchte Autos. [SEP] u___ [SEP] used
1690,de,-0.400529945,"Vorschlag [SEP] Hat jemand von euch einen Vorschlag, was wir nächstes Wochenende unternehmen könnten? [SEP] s_________ [SEP] suggestion"
1691,de,2.013849108,Industrie [SEP] Er arbeitet in der Automobilindustrie. [SEP] i_______ [SEP] industry
1692,de,1.96467492,Inspektor [SEP] Der Gesundheitsinspektor hat sich für nächste Woche angekündigt. [SEP] i________ [SEP] inspector
1693,de,-1.225078843,Flotte [SEP] Die Flotte besteht aus top modernen Schiffen. [SEP] f____ [SEP] fleet
1694,de,0.882341944,"selbe [SEP] Wir waren total verblüfft, als wir merkten, dass wir dieselbe Sprache sprechen. [SEP] s___ [SEP] same"
1695,de,2.186556064,Krebs [SEP] Meine Oma leidet an Krebs. [SEP] c_____ [SEP] cancer
1696,de,-3.364878248,"zu [SEP] Die Anordnung zwang ihn, zum Termin zu erscheinen. [SEP] c_____ [SEP] compel"
1697,de,-2.712429993,Inspektor [SEP] Bei den Simpsons kommt auch ein Schulinspektor namens Skinner vor. [SEP] s_____________ [SEP] superintendent
1698,de,3.609314834,Lied [SEP] Mir geht dieses Lied einfach nicht mehr aus dem Kopf. [SEP] s___ [SEP] song
1699,de,-0.579075541,Währung [SEP] Am Flughafen kann man Währungen umtauschen. [SEP] c_______ [SEP] currency
1700,de,-2.03861901,Standard [SEP] Bei diesem Computerprogramm kann Deutsch als Standardsprache eingestellt werden. [SEP] d______ [SEP] default
1701,de,2.061027097,Mütze [SEP] Der Junge hat eine Baseballmütze an. [SEP] c__ [SEP] cap
1702,de,-3.263162184,"spontan [SEP] Dass ich sie einlade, war eine spontane Entscheidung. [SEP] i________ [SEP] impulsive"
1703,de,3.022210516,Pony [SEP] Er ist kein sehr geübter Reiter und bittet um ein Pony für den Ausritt. [SEP] p___ [SEP] pony
1704,de,-2.111458671,Maschinen [SEP] Die Familie handelt schon seit Generationen mit Landmaschinen. [SEP] m________ [SEP] machinery
1705,de,-0.352068111,lateinamerikanisch [SEP] Viele Einwohner in Florida haben lateinamerikanische Wurzeln. [SEP] h_______ [SEP] hispanic
1706,de,0.110952238,verwirrend [SEP] Die verwirrenden Erklärungen der Lehrperson wurden von den Schülern nicht verstanden. [SEP] c________ [SEP] confusing
1707,de,-2.204943708,Variante [SEP] Dieses Dessert ist eine spanische Variante des bekannten französichen Originals. [SEP] v______ [SEP] variant
1708,de,2.277042507,letzte [SEP] Verpasst bitte nicht den letzten Bus. [SEP] l___ [SEP] last
1709,de,-0.63266402,"Schlafwandler [SEP] Das Fenster und die Balkontür haben eine spezielle Absicherung, weil ihr Sohn ein Schlafwandler ist. [SEP] s__________ [SEP] sleepwalker"
1710,de,0.127183804,Kupfer [SEP] Kupfer wird oft als elektrischer Leiter verwendet. [SEP] c_____ [SEP] copper
1711,de,-0.371777912,"schätzen [SEP] Ich schätze, dass die Wohnung 200 000 Euro wert ist. [SEP] e_______ [SEP] estimate"
1712,de,1.62127075,legendär [SEP] Andreas ist mit dem legendären Orientexpress von Paris nach Istanbul gefahren. [SEP] l________ [SEP] legendary
1713,de,2.626275121,"jetzt [SEP] Es ist besser, wenn wir jetzt gehen und die Schlucht wieder verlassen. [SEP] n__ [SEP] now"
1714,de,-4.604017815,überragend [SEP] Er war ein Künstler von überragender Genialität. [SEP] t___________ [SEP] transcendent
1715,de,-2.534147846,gigantisch [SEP] Sie hat sich selbst eine gigantische Aufgabe gestellt. [SEP] t______ [SEP] titanic
1716,de,0.597275996,betrachten [SEP] Wir beide betrachten dieses Thema sehr unterschiedlich. [SEP] v___ [SEP] view
1717,de,-3.137552281,Zeitungsausschnitt [SEP] Ich habe den Zeitungsausschnitt mit dem Interview über meinen Mann aufbewahrt. [SEP] c______ [SEP] cutting
1718,de,2.506294612,Messer [SEP] Wir essen mit Messer und Gabel. [SEP] k____ [SEP] knife
1719,de,0.572414151,schwächen [SEP] Seine Gegnerin konnte ihn durch einen geschickten Zug schwächen. [SEP] w_____ [SEP] weaken
1720,de,-1.43867922,wiedererlangen [SEP] Nach einer kurzen Narkose erlangt sie ihr Bewusstsein wieder. [SEP] r_____ [SEP] regain
1721,de,0.03484608,Wunsch [SEP] Sein Wunsch war es nach Amerika zu fliegen. [SEP] d_____ [SEP] desire
1722,de,-0.315727541,Zoologe [SEP] Die Zoologin erklärte uns den Unterschied zwischen den Tierarten. [SEP] z________ [SEP] zoologist
1723,de,-0.217476664,Gewehr [SEP] Nach der Jagd verstauten die Jäger das Gewehr im Waffenschrank. [SEP] r____ [SEP] rifle
1724,de,-1.579880427,erfreulich [SEP] Was für eine erfreuliche Überraschung! [SEP] p_______ [SEP] pleasant
1725,de,0.48257078,Einheimischer [SEP] Die Einheimischen treffen sich jeden Abend auf dem Stadtplatz. [SEP] n_____ [SEP] native
1726,de,1.664577699,Bildschirm [SEP] Der Bildschirm ist hochauflösend und höhenverstellbar. [SEP] s_____ [SEP] screen
1727,de,-0.769020134,schwer [SEP] Das Unwetter hat schwere Schäden an unserem Haus hinterlassen. [SEP] s_____ [SEP] severe
1728,de,-2.063620934,untreu [SEP] Susanne ist sich selbst untreu geworden. [SEP] f________ [SEP] faithless
1729,de,-0.477565211,neuberechnen [SEP] Könntest du die Verkaufsprognose für das nächste Monat neuberechnen? [SEP] r__________ [SEP] recalculate
1730,de,-0.590307296,Kampagne [SEP] Ich unterstütze die Anti-Raucher-Kampagne. [SEP] c_______ [SEP] campaign
1731,de,0.46260708,"Neffe [SEP] Der Sohn meiner Schwester, also mein Neffe, heißt Leon. [SEP] n_____ [SEP] nephew"
1732,de,-1.201899906,"annehmen [SEP] Ich vermute, dass er schon dort sein wird. [SEP] s______ [SEP] suppose"
1733,de,-2.2799149,auf [SEP] Er konnte die Entscheidung kaum abwarten und ging nervös im Zimmer auf und ab. [SEP] p___ [SEP] pace
1734,de,0.349457569,"reich [SEP] Die Statistiken belegen, dass es ein sehr reiches Land ist. [SEP] w______ [SEP] wealthy"
1735,de,-1.390690596,Durchmesser [SEP] Die Flasche hat einen Durchmesser von zwei Zentimetern. [SEP] d_______ [SEP] diameter
1736,de,-0.99720491,geschätzt [SEP] Geschätzte hundert Personen kamen zum Konzert. [SEP] e________ [SEP] estimated
1737,de,2.965511182,Spieler [SEP] Im Laufe des Spiels musste diese junge Spielerin leider ausgewechselt werden. [SEP] p_____ [SEP] player
1738,de,0.816538546,Freistil [SEP] Freistilschwimmen mag ich am liebsten. [SEP] f________ [SEP] freestyle
1739,de,2.348977428,Modell [SEP] Der Architekt hat ein Modell des neuen Krankenhauses erstellt. [SEP] m____ [SEP] model
1740,de,0.306817285,"Szenario [SEP] Um uns gut vorzubereiten, haben wir wirklich jedes mögliche Szenario durchgespielt. [SEP] s_______ [SEP] scenario"
1741,de,0.668757458,jdn/etw [SEP] Die Projekt wird von der Stadt finanziert. [SEP] f______ [SEP] finance
1742,de,2.469568305,Besuch [SEP] Ich erwarte heute noch Besuch. [SEP] v____ [SEP] visit
1743,de,1.744433809,verrückt [SEP] Hör damit auf! Du machst mich verrückt! [SEP] m__ [SEP] mad
1744,de,-1.602673146,unvorstellbar [SEP] Sie war die Erbin von unvorstellbarem Reichtum. [SEP] u___________ [SEP] unimaginable
1745,de,-1.192178773,Leichtigkeit [SEP] Sie meistern die Aufgabe mit Leichtigkeit. [SEP] e___ [SEP] ease
1746,de,-0.85823473,stecken [SEP] Stecke den Stecker in dieses Loch hinein. [SEP] i_____ [SEP] insert
1747,de,1.182331677,Band [SEP] Ich habe das Konzert auf Band aufgenommen. [SEP] t___ [SEP] tape
1748,de,-2.129361125,wiederherstellen [SEP] Ich konnte schließlich die Datei wiederherstellen. [SEP] r______ [SEP] restore
1749,de,0.387093127,Höchstgrenze [SEP] Wir müssen die Höchstgrenze an Teilnehmern strikt einhalten. [SEP] l____ [SEP] limit
1750,de,-1.902792819,"süchtig [SEP] Die neue Serie ist so spannend, ich glaube, ich bin süchtig! Ich kann die neue Folge nicht abwarten! [SEP] h_____ [SEP] hooked"
1751,de,0.387048395,Variable [SEP] Der Druck ist die Variable bei diesem Experiment. [SEP] v_______ [SEP] variable
1752,de,-2.244724927,"sich [SEP] Er muss sich noch etwas abmühen, aber bald wird er besser lesen können. [SEP] s_______ [SEP] struggle"
1753,de,-0.440423078,beschäftigt [SEP] Im ersten Halbjahr ist die Anzahl der beschäftigten Menschen deutlich gestiegen. [SEP] e_______ [SEP] employed
1754,de,-2.613994952,durchführbar [SEP] Es gibt keine durchführbare Alternative zur Lösung dieses Problems. [SEP] v_____ [SEP] viable
1755,de,2.393983877,"sagen [SEP] Können Sie sagen, wir lange die Fahrt noch dauern wird? [SEP] s__ [SEP] say"
1756,de,-2.334457512,sich [SEP] Er widmet sich in seiner Freizeit dem Malen. [SEP] d_____ [SEP] devote
1757,de,-0.783759479,Krankheit [SEP] Wie breitet sich diese Krankheit aus? [SEP] d______ [SEP] disease
1758,de,-1.729817612,Angebot [SEP] Alle Angebote inkludieren die Mehrwertsteuer. [SEP] o_______ [SEP] offering
1759,de,-0.927673354,"Beförderung [SEP] Ich arbeite schon seit Jahren sehr hart, um für diese Beförderung in Frage zu kommen. [SEP] p________ [SEP] promotion"
1760,de,-4.226284346,außergewöhnlich [SEP] Die Temperaturen sind für diese Jahreszeit außergewöhnlich kalt. [SEP] e____________ [SEP] exceptionally
1761,de,-0.552849694,überdimensioniert [SEP] Überdimensioniertes Gepäck wird nicht transportiert. [SEP] o________ [SEP] oversized
1762,de,0.887742613,"aussprechen [SEP] Ich bin mir nicht sicher, ob ich dieses Wort richtig ausspreche. [SEP] p________ [SEP] pronounce"
1763,de,2.631161452,springen [SEP] Spring von der Mauer herunter! [SEP] j___ [SEP] jump
1764,de,-0.016327753,Neugier [SEP] Ihre Neugier wurde geweckt. [SEP] c________ [SEP] curiosity
1765,de,0.85893097,neu [SEP] Ich würden den ersten Absatz neu schreiben und weiter nach hinten stellen. [SEP] r______ [SEP] rewrite
1766,de,-0.580911,Gastfreundschaft [SEP] Wir bedankten uns bei ihnen für ihre Gastfreundschaft. [SEP] h__________ [SEP] hospitality
1767,de,-0.604099932,"kurz [SEP] Erzähl mir kurz, wie der Film ausgegangen ist. [SEP] b______ [SEP] briefly"
1768,de,-3.275389424,jdm [SEP] Der neue Haarschnitt steht dir gut. [SEP] b_______ [SEP] becoming
1769,de,1.499795994,Jagd [SEP] Er geht mit seinen Hunden auf die Jagd. [SEP] h___ [SEP] hunt
1770,de,-1.984095429,niederlegen [SEP] Nach so einem Skandal solltest du dein Amt niederlegen. [SEP] r_____ [SEP] resign
1771,de,-0.981301904,sich [SEP] Laut Polizei ereignete sich der Unfall gegen 16 Uhr. [SEP] o____ [SEP] occur
1772,de,0.116878652,verdienen [SEP] Sie hat den Sieg verdient. [SEP] d______ [SEP] deserve
1773,de,-0.054824702,Krankheit [SEP] Durch eine Impfung kann man sich vor dieser Krankheit schützen. [SEP] s_______ [SEP] sickness
1774,de,-0.431692281,Biotechnik [SEP] Er arbeitet im Bereich der Biotechnik. [SEP] b____________ [SEP] biotechnology
1775,de,-2.62100601,sich [SEP] Sie engagiert sich seit Jahren gegen Rassismus. [SEP] c_______ [SEP] campaign
1776,de,0.50785526,Disziplin [SEP] Sie erziehen ihre Kinder mit Disziplin. [SEP] d_________ [SEP] discipline
1777,de,-2.438346113,Bildersprache [SEP] Werbung arbeitet sehr viel mit aussagekräftiger Bildersprache. [SEP] i______ [SEP] imagery
1778,de,2.815459292,ohne [SEP] Kannst du ohne Schokolade überleben? [SEP] w______ [SEP] without
1779,de,-3.077063711,räumlich [SEP] Ich habe glücklicherweise ein sehr gut ausgeprägtes räumliches Vorstellungsvermögen. [SEP] s______ [SEP] spatial
1780,de,1.761456229,Ironie [SEP] Was für eine Ironie! [SEP] i____ [SEP] irony
1781,de,0.340980563,gesegnet [SEP] Das ist ein gesegnetes Fleckchen Erde. [SEP] b______ [SEP] blessed
1782,de,-0.210917399,Marsch [SEP] Der Marsch dauerte viele Stunden. [SEP] m____ [SEP] march
1783,de,-4.205027526,trotten [SEP] Wie immer trotten unsere Kinder gelangweilt hinter uns her. [SEP] t____ [SEP] trail
1784,de,0.178060366,Druck [SEP] Ein kurzer Druck auf den Knopf genügt und die Waren werden automatisch verpackt. [SEP] p___ [SEP] push
1785,de,-0.525871204,persönlich [SEP] Sie spricht fast nie über persönliche Angelegenheiten. [SEP] p______ [SEP] private
1786,de,0.560884913,älter [SEP] Sie sollten bei der Planung auch auf die älteren Mitbürger Rücksicht nehmen. [SEP] s_____ [SEP] senior
1787,de,-2.355058547,heftig [SEP] Der Artikel rief heftige Kritik hervor. [SEP] f_____ [SEP] fierce
1788,de,0.704479887,Vermarktung [SEP] Der Mitarbeiter ist für die Vermarktung des neuen Produktes zuständig. [SEP] m________ [SEP] marketing
1789,de,-2.87701429,Verfechter/in [SEP] Sie war die bekannteste Befürworterin des Handelsabkommens zwischen den beiden Ländern. [SEP] p________ [SEP] proponent
1790,de,1.830024227,Kapitän [SEP] Der Kapitän steuert das Schiff. [SEP] c______ [SEP] captain
1791,de,-1.642013361,Duft [SEP] Diese Seife hat einen sehr angenehmen Duft. [SEP] s____ [SEP] scent
1792,de,1.251507684,wert [SEP] Es wäre schon einen Versuch wert. [SEP] w____ [SEP] worth
1793,de,2.217878972,"Klon [SEP] In der Zukunft werden Wissenschaflter versuchen, menschliche Klone zu produzieren. [SEP] c____ [SEP] clone"
1794,de,-1.650741864,"zeigen [SEP] Die Schüler zeigten Bereitschaft, am Projekt mitzuarbeiten. [SEP] i_______ [SEP] indicate"
1795,de,-0.094189504,Telefonbuch [SEP] Er schaut die unbekannte Nummer im Telefonbuch nach. [SEP] p________ [SEP] phonebook
1796,de,-1.085106034,gegen [SEP] Diese Spezies Vögel kämpft gegen das Aussterben. [SEP] b_____ [SEP] battle
1797,de,1.11490697,"ungeschrieben [SEP] Es war ein ungeschriebenes Gesetz, dass niemand vor vier Uhr ging. [SEP] u________ [SEP] unwritten"
1798,de,-0.536091363,glatt [SEP] Babys haben unglaublich zarte und glatte Haut. [SEP] s_____ [SEP] smooth
1799,de,-0.992480495,Darstellung [SEP] Die Darstellung von Frauen in der Regenbogenpresse spiegelt oft traditionelle Geschlechterrollen wider. [SEP] r_____________ [SEP] representation
1800,de,3.112674225,PC [SEP] Ich habe mir einen neuen PC gekauft. [SEP] p_ [SEP] pc
1801,de,-1.883433806,Berufs [SEP] Das ist eine typische Berufskrankheit. [SEP] o___________ [SEP] occupational
1802,de,-1.396450758,Widerspruch [SEP] Der Anwalt konnte keinen Widerspruch feststellen. Die beiden Aussagen stimmten überein. [SEP] c____________ [SEP] contradiction
1803,de,1.326553061,mieten [SEP] Wir könnten uns dann einen Bungalow am Meer mieten. [SEP] r___ [SEP] rent
1804,de,-1.183600061,Abstand [SEP] Die Treffen finden normalerweise im Abstand von zwei Wochen statt. [SEP] i_______ [SEP] interval
1805,de,-1.09336019,Fahrzeug [SEP] Mit 18 Jahren habe ich den Fahrzeugführerschein gemacht. [SEP] a_________ [SEP] automobile
1806,de,-2.375988649,verrichten [SEP] Verrichten Sie die Arbeit bis spätestens acht Uhr. [SEP] p______ [SEP] perform
1807,de,-0.399896244,buchen [SEP] Wir sollten unsere Sitzplätze für den Rückflug noch heute buchen. [SEP] r______ [SEP] reserve
1808,de,-1.365955749,auslegen [SEP] Er legte die neuen Uhren im Schaufenster aus. [SEP] d______ [SEP] display
1809,de,0.625259721,historisch [SEP] Geschlechterverhältnisse müssen auch historisch betrachtet werden. [SEP] h___________ [SEP] historically
1810,de,-1.050651251,Hersteller [SEP] Der Hersteller produziert Sportbekleidung. [SEP] m___________ [SEP] manufacturer
1811,de,1.237910723,schicken [SEP] Ich schicke mit der Post ein kleines Paket an dich. [SEP] m___ [SEP] mail
1812,de,-1.609268187,Verzeichnis [SEP] Das Literaturverzeichnis muss nach genauen Regeln erstellt werden und muss alle in der Arbeit genannten Werke enthalten. [SEP] b___________ [SEP] bibliography
1813,de,2.033968265,"Sonnenblume [SEP] Die Sonnenblume ist nicht nur hübsch, sondern auch eine ertragreiche Nutzpflanze. [SEP] s________ [SEP] sunflower"
1814,de,1.228544052,Bevölkerung [SEP] Die Bevölkerung Japans nimmt derzeit wieder ab. [SEP] p_________ [SEP] population
1815,de,-1.477270788,überreichen [SEP] Sie überreichte die Auszeichnungen an die jungen Sportler und Sportlerinnen. [SEP] p______ [SEP] present
1816,de,0.211372292,"zurücksetzen [SEP] Ich möchte die Einstellungen bei meinem Handy zurücksetzen, bevor ich es weiterverkaufe. [SEP] r____ [SEP] reset"
1817,de,-0.189472582,Beschreibung [SEP] Der Aufsatz beinhaltete eine detailtreue Beschreibung des Dorfes. [SEP] d__________ [SEP] description
1818,de,-3.239684368,"Einfluss [SEP] Die Unternehmer haben auf den Kongress Einfluss genommen, um die Gesetze zu ändern. [SEP] l____ [SEP] lobby"
1819,de,-1.609435955,"vorgehen [SEP] Nachdem er mit dem ersten Teil der Arbeit fertig war, wusste er nicht, wie er weiter vorgehen sollte. [SEP] p______ [SEP] proceed"
1820,de,-0.061912668,Ende [SEP] Maria hat das Buch von Anfang bis Ende gelesen. [SEP] f_____ [SEP] finish
1821,de,0.32605395,Gleichberechtigung [SEP] Die Organisation setzt sich für die Gleichberechtigung der Frauen ein. [SEP] e_______ [SEP] equality
1822,de,-1.670849297,Rippe [SEP] Bei dem Sturz gestern habe ich mir eine Rippe gebrochen. [SEP] r__ [SEP] rib
1823,de,0.265484082,nördlich [SEP] Die Stadt liegt nördlich. [SEP] n_______ [SEP] northern
1824,de,-2.458255475,Verfolgung [SEP] Die Polizei nahm sofort die Verfolgung auf und konnte die Räuber fassen. [SEP] p______ [SEP] pursuit
1825,de,1.400326028,üblich [SEP] Er hatte die üblichen Ausreden parat. [SEP] u____ [SEP] usual
1826,de,1.023367107,"unmöglich [SEP] Es ist unmöglich, dass wir die Hausaufgaben zeitgerecht abgeben. [SEP] i_________ [SEP] impossible"
1827,de,-0.120739635,"ausgedrückt [SEP] Das Gefühl, das in diesem Gesicht ausgedrückt wird, ist Traurigkeit. [SEP] e________ [SEP] expressed"
1828,de,-3.858150563,geplant [SEP] Die geplante Wirkung blieb zum Erstaunen aller aus. [SEP] c_________ [SEP] calculated
1829,de,0.424939143,Nachteil [SEP] Der einzige Nachteil meiner Wohnung ist die etwas längere Distanz zum Bahnhof. [SEP] d___________ [SEP] disadvantage
1830,de,-1.696006092,"bekommen [SEP] Die Kinder müssen zuerst die Erlaubnis ihrer Eltern bekommen, bevor sie in den Wald gehen können. [SEP] o_____ [SEP] obtain"
1831,de,0.367015784,Trilogie [SEP] Seine Trilogie über den Untergang Roms war sehr erfolgreich. [SEP] t______ [SEP] trilogy
1832,de,2.811497616,Pizza [SEP] In den meisten italienischen Restaurants kann man Pizza genießen. [SEP] p____ [SEP] pizza
1833,de,0.451548739,"frustrierend [SEP] Ich finde es frustrierend, dass ich immer noch nicht weiter bin. [SEP] f__________ [SEP] frustrating"
1834,de,0.758177455,"wo [SEP] Wir können uns treffen, wo auch immer du willst. [SEP] w_______ [SEP] wherever"
1835,de,1.296042229,"Magnesium [SEP] Beim Turnen am Reck ist es wichtig, dass du deine Hände mit Magnesium einreibst. [SEP] m________ [SEP] magnesium"
1836,de,2.842690744,Geburtstag [SEP] Wir feiern am Samstag den Geburtstag meiner Oma. [SEP] b_______ [SEP] birthday
1837,de,0.344847684,Anbieter [SEP] Ihr Internetanbieter kann Ihnen weitere Angeboten für günstige Tarife machen. [SEP] p_______ [SEP] provider
1838,de,-1.145204613,"Freude [SEP] Es tut gut, seine Freude über das Geschenk zu sehen. [SEP] d______ [SEP] delight"
1839,de,1.26929457,Musiker [SEP] Sie ist Musikerin aus Leidenschaft. [SEP] m_______ [SEP] musician
1840,de,-0.74137033,leihen [SEP] Kannst du mir etwas Geld leihen? [SEP] l___ [SEP] lend
1841,de,-1.129251261,"bloß [SEP] Das ist bloß eine Möglichkeit, mir ein paar Extras zu leisten. [SEP] m_____ [SEP] merely"
1842,de,-1.182079375,Auslage [SEP] In der Auslage wurde die neuste Uhrenkollektion präsentiert. [SEP] d______ [SEP] display
1843,de,-1.621234577,Innenhof [SEP] Das Sommerkonzert fand im Innenhof statt. [SEP] c________ [SEP] courtyard
1844,de,-0.673051393,systematisch [SEP] Unter seiner Herrschaft wurden Minderheiten systematisch verfolgt. [SEP] s_____________ [SEP] systematically
1845,de,-1.227244331,"beraten [SEP] Es tut mir sehr leid, aber in dieser Situation kann ich dich nicht gut beraten. [SEP] a_____ [SEP] advise"
1846,de,-1.6476303,bestimmen [SEP] Die Preise werden vom Händler bestimmt. [SEP] d________ [SEP] determine
1847,de,2.813224984,Zuhause [SEP] Er hat kein Zuhause mehr. [SEP] h___ [SEP] home
1848,de,1.341523089,Verbrechen [SEP] Die Frau wurde für ihr Verbrechen mit zehn Jahren Haft bestraft. [SEP] c____ [SEP] crime
1849,de,0.93482794,"schlimmster [SEP] Es war der schlimmste Unfall, den ich je gesehen hatte. [SEP] w____ [SEP] worst"
1850,de,-1.015957091,unglaublich [SEP] Die Reisenden haben unglaubliche Geschichten zu erzählen. [SEP] i_________ [SEP] incredible
1851,de,-0.384601775,Herstellung [SEP] Die Herstellung des Prototypen wurde endlich beschlossen. [SEP] m_____ [SEP] making
1852,de,1.031798418,diagnostisch [SEP] Die Ergebnisse des diagnostischen Tests bestätigen die Befürchtung des Patienten. [SEP] d_________ [SEP] diagnostic
1853,de,0.11846486,ausgewählt [SEP] Zukünftige Mitarbeiterinnen werden über einen Aufnahmetest und ein Interview ausgewählt. [SEP] s_______ [SEP] selected
1854,de,1.917519056,gelangweilt [SEP] Du siehst gelangweilt aus. [SEP] b____ [SEP] bored
1855,de,2.445854545,Android [SEP] Ein Android ist eine menschenähnliche Maschine. [SEP] a______ [SEP] android
1856,de,0.989806143,Berichterstatter [SEP] Unsere Berichterstatterin ist bereits vor Ort und interviewt den Trainer des Teams. [SEP] r_______ [SEP] reporter
1857,de,-2.16101973,Bestimmung [SEP] An seine Bestimmung zum Künstler glaubte er schon als Kind. [SEP] c______ [SEP] calling
1858,de,-1.218361658,Überprüfung [SEP] Neue Hypothesen unterliegen ständiger Überprüfung. [SEP] v___________ [SEP] verification
1859,de,-1.03335267,Endverbraucher [SEP] Der Einzelhandelspreis für diese Produkte ist deutlich gestiegen. [SEP] r_____ [SEP] retail
1860,de,3.504527132,Prinz [SEP] Der Prinz spielte bei dem Aufstand eine besondere Rolle. [SEP] p_____ [SEP] prince
1861,de,1.531502918,"Hof [SEP] Die Kinder spielten im Hof, bis ihre Mutter sie hineinrief. [SEP] y___ [SEP] yard"
1862,de,-0.771521187,Ungeduld [SEP] Ich höre etwas Ungeduld in deiner Stimme heraus. [SEP] i_________ [SEP] impatience
1863,de,-0.10385784,Teilnahme [SEP] Die Teilnahme ist gratis. [SEP] p____________ [SEP] participation
1864,de,1.537486885,erwachsen [SEP] Seine erwachsenen Kinder nahmen an der Feier teil. [SEP] g____ [SEP] grown
1865,de,0.105447445,Aufzeichnung [SEP] Es gibt keine Aufzeichnung von diesem Gespräch. [SEP] r_____ [SEP] record
1866,de,2.325932846,Arzt [SEP] Die Ärztin behandelt die Patienten. [SEP] d_____ [SEP] doctor
1867,de,-1.49601707,Wertschätzung [SEP] Sie machte ihm ein kleine Geschenk als Zeichen ihrer Wertschätzung [SEP] a___________ [SEP] appreciation
1868,de,-0.183767988,künstlich [SEP] Pflanzen benötigen ausreichend Sonnenlicht. Gerade im Winter profitieren sie deshalb von einer zusätzlichen künstlichen Beleuchtung. [SEP] a_________ [SEP] artificial
1869,de,1.397685578,Anzug [SEP] Im Urlaub möchte er sich einen Anzug schneidern lassen. [SEP] s___ [SEP] suit
1870,de,-1.221527886,senden [SEP] Das Funkgerät kann sowohl senden als auch empfangen. [SEP] t_______ [SEP] transmit
1871,de,-3.778540963,unauffällig [SEP] Sie führte ein gänzlich unauffälliges Leben. [SEP] u___________ [SEP] unremarkable
1872,de,2.993930713,kaufen [SEP] Ich kaufe meine Bücher immer bei der Buchhandlung in der Stadt. [SEP] b__ [SEP] buy
1873,de,1.40984116,Käsekuchen [SEP] Ich backe einen Käsekuchen. [SEP] c_________ [SEP] cheesecake
1874,de,2.576310592,"automatisch [SEP] Die automatische Tür öffnet sich, sobald ein Mensch davorsteht. [SEP] a________ [SEP] automatic"
1875,de,-0.828666313,Verbündeter [SEP] Österreich hatte ebenfalls Verbündete. [SEP] a___ [SEP] ally
1876,de,1.46187401,näher [SEP] Komm näher! [SEP] c_____ [SEP] closer
1877,de,-2.692296895,Verfassungsurkunde [SEP] Die Verfassungsurkunde der Vereinten Nationen wurde 1945 unterzeichnet. [SEP] c______ [SEP] charter
1878,de,-0.752221275,anerzogen [SEP] Das anerzogene Verhalten der Kinder ist schwierig wieder abzugewöhnen. [SEP] c__________ [SEP] conditioned
1879,de,-0.933887512,genau [SEP] Ich habe den Unfall genau beschrieben. [SEP] a_________ [SEP] accurately
1880,de,2.136944353,magisch [SEP] Es gibt leider keine magische Formel für die perfekte Ehe. [SEP] m____ [SEP] magic
1881,de,-3.018390874,unterschiedlich [SEP] Der lokale Dialekt wird von Jugendlichen in unterschiedlichem Maß verwendet. [SEP] v______ [SEP] varying
1882,de,-2.875691246,Übereinstimmung [SEP] Die Vorsitzenden haben in der Angelegenheit eine Übereinstimmung erreicht. [SEP] c________ [SEP] consensus
1883,de,-0.980460638,Elternschaft [SEP] Die Kombination von Elternschaft und Vollzeitarbeit ist schwierig zu bewältigen. [SEP] p_________ [SEP] parenthood
1884,de,-0.951869139,beunruhigend [SEP] Die Ergebnisse zeigen eine beunruhigende Entwicklung. [SEP] w_______ [SEP] worrying
1885,de,-1.175621538,Fundament [SEP] Nächste Woche beginnen die Bauarbeiter mit dem Fundament des Hauses. [SEP] f_________ [SEP] foundation
1886,de,-2.806565385,leichter [SEP] Ich spüre leichte Schmerzen in meinem Rücken. [SEP] d_________ [SEP] discomfort
1887,de,-3.734853724,ständig [SEP] Unsere Homepage wird ständig aktualisiert. [SEP] c__________ [SEP] continually
1888,de,0.169962855,Muscheln [SEP] Die Kinder liebten den Strand und sammelten den ganzen Nachmittag lang Muscheln. [SEP] s____ [SEP] shell
1889,de,-1.403665185,verteilt [SEP] Die verteilten Zeitungen lagen vor den Haustüren. [SEP] d__________ [SEP] distributed
1890,de,2.587899841,neu [SEP] Hast du ein neues Kleid? [SEP] n__ [SEP] new
1891,de,-2.189353016,Erlös [SEP] Der Erlös wird an einen wohltätigen Verein gespendet. [SEP] p_____ [SEP] profit
1892,de,-0.099013275,Elastizität [SEP] Gummi ist ein Material von hoher Elastizität. [SEP] e_________ [SEP] elasticity
1893,de,1.848651749,"verborgen [SEP] Die Trainerin versucht, verborgene Talente zu entdecken. [SEP] h_____ [SEP] hidden"
1894,de,-2.64441154,einschränkend [SEP] Aufgrund einschränkender Gesetze kann Alkohol nur an Volljährige verkauft werden. [SEP] r__________ [SEP] restrictive
1895,de,-1.498993492,"legitim [SEP] Es ist legitim, mich darüber zu erkundigen. [SEP] l_________ [SEP] legitimate"
1896,de,0.376795114,Funktionalität [SEP] Dieser Scanner bietet eine gute Funktionalität. [SEP] f____________ [SEP] functionality
1897,de,1.580448102,Konzentration [SEP] Seine volle Konzentration war auf das Projekt gerichtet. [SEP] c____________ [SEP] concentration
1898,de,1.128401391,"einsam [SEP] Sie fühlt sich einsam, deshalb möchte sie sich einen Hund kaufen. [SEP] l_____ [SEP] lonely"
1899,de,-0.839605839,medizinisch [SEP] Die Studie präsentiert medizinisch relevante Ergebnisse. [SEP] m________ [SEP] medically
1900,de,-1.400366213,sich [SEP] Die Schüler versammeln sich in der Eingangshalle der Schule. [SEP] a_______ [SEP] assemble
1901,de,0.582487036,Substanz [SEP] Diese Substanz ist gefährlich und darf nur unter strengen Sicherheitsmaßnahmen transportiert werden. [SEP] s________ [SEP] substance
1902,de,1.260367387,höflich [SEP] Du solltest immer höflich zu den Kunden sein. [SEP] p_____ [SEP] polite
1903,de,1.467789613,heilig [SEP] Die heilige Schrift liegt auf dem Altar. [SEP] h___ [SEP] holy
1904,de,3.333300842,groß [SEP] Eine junge Frau mit großen Augen und braunen Haaren. [SEP] b__ [SEP] big
1905,de,-1.25225158,Gerichtsaal [SEP] Die Entscheidung des Richters wurde im Gerichtsaal vorgelesen. [SEP] c________ [SEP] courtroom
1906,de,-0.374148777,Tagesablauf [SEP] Gerade für junge Kinder ist ein geregelter Tagesablauf sehr wichtig. [SEP] r______ [SEP] routine
1907,de,2.35178672,Küssen [SEP] Ich habe noch keine Erfahrung im Küssen. [SEP] k______ [SEP] kissing
1908,de,0.503901979,Schmuck [SEP] Wir haben den Baum mit dem Weihnachtsschmuck dekoriert. [SEP] d_________ [SEP] decoration
1909,de,-0.73593648,"Hypnose [SEP] Der Mann versucht, sich das Rauchen mit Hypnose abzugewöhnen. [SEP] h_______ [SEP] hypnosis"
1910,de,-0.686866856,sich [SEP] Hunderte wollten sich für den Backstage-Job freiwillig melden. [SEP] v________ [SEP] volunteer
1911,de,-1.720752383,vorteilhaft [SEP] Eine vegetarische Ernährung kann vorteilhaft für die Gesundheit sein. [SEP] b_________ [SEP] beneficial
1912,de,-1.908683555,zugrunde [SEP] Wir gehen von einer zugrunde liegenden Annahme aus. [SEP] u_________ [SEP] underlying
1913,de,0.946612956,klug [SEP] Er ist ein wirklich kluger Junge. Er schreibt nur gute Noten in der Schule. [SEP] i__________ [SEP] intelligent
1914,de,1.834791137,biochemisch [SEP] Damit wird ein biochemischer Prozess gestartet. [SEP] b__________ [SEP] biochemical
1915,de,-2.98925053,Verwaltungs [SEP] Das Elsass ist die kleinste Verwaltungsregion. [SEP] a_____________ [SEP] administrative
1916,de,-1.322085216,Änderung [SEP] Wir müssen noch einige Änderungen vornehmen. [SEP] m___________ [SEP] modification
1917,de,0.172551885,statistisch [SEP] Statistisch gesehen ist die Verletzungsgefahr beim Olympischen Gewichtheben relativ gering. [SEP] s____________ [SEP] statistically
1918,de,-1.724649185,Entzug [SEP] Sie drohte mit dem Entzug sämtlicher Hilfeleistungen. [SEP] w_________ [SEP] withdrawal
1919,de,-0.120320216,biologisch [SEP] Ich kaufe ausschließlich Obst und Gemüse aus biologischem Anbau. [SEP] o______ [SEP] organic
1920,de,-1.185325352,leiten [SEP] Die Firma wird seit Jahren von der gleichen Person geleitet. [SEP] d_____ [SEP] direct
1921,de,0.358252582,gleich [SEP] Der Anwalt möchte all seine Klienten gleich gut verteidigen. [SEP] e______ [SEP] equally
1922,de,-1.610604872,"Mitgefühl [SEP] Maria ist unfähig, Mitgefühl zu zeigen. [SEP] c_________ [SEP] compassion"
1923,de,-0.105522349,Unkraut [SEP] Überall im Hinterhof wucherte Unkraut. [SEP] w___ [SEP] weed
1924,de,2.127048196,kopieren [SEP] Der Lehrer kopiert den Test für die Schüler. [SEP] c___ [SEP] copy
1925,de,1.174332955,Navigation [SEP] Die Navigation eines großen Kreuzfahrtschiffes kann in bestimmten Gewässern eine Herausforderung sein. [SEP] n_________ [SEP] navigation
1926,de,-0.919566858,Richtlinie [SEP] Es gibt neue Richtlinien für die Mitarbeiter. [SEP] g________ [SEP] guideline
1927,de,0.888968784,Ziel [SEP] Das Ziel des Projekts wurde erreicht. [SEP] a__ [SEP] aim
1928,de,-3.892259757,Beschleuniger [SEP] Beschleuniger werden z. B. in der Forschung eingesetzt. Dort werden elektrisch geladene Teilchen auf eine hohe Geschwindigkeit beschleunigt. [SEP] a________ [SEP] activator
1929,de,2.302723128,leben [SEP] Ich lebe in einer kleinen Stadt. [SEP] l___ [SEP] live
1930,de,-1.311676265,bewerten [SEP] Die Arbeitsleistung eines jeden Mitarbeiters wird jährlich bewertet und in einem Mitarbeitergespräch mitgeteilt. [SEP] e_______ [SEP] evaluate
1931,de,0.452856635,flut [SEP] Die Flut hat alles mit Schlamm und Wasser bedeckt. [SEP] f____ [SEP] flood
1932,de,-2.463494671,"sich [SEP] Vorsichtig, dass du dir den Kopf nicht anstößt. [SEP] b___ [SEP] bump"
1933,de,0.240055462,Entdeckung [SEP] Er wurde für seine Entdeckung ausgezeichnet. [SEP] d________ [SEP] discovery
1934,de,-2.253910673,völlig [SEP] Die zwei Schwestern haben einen völlig unterschiedlichen Akzent. [SEP] e_______ [SEP] entirely
1935,de,-0.667672732,erstklassig [SEP] Der Plan hat erstklassig funktioniert. [SEP] b__________ [SEP] brilliantly
1936,de,0.858086732,"Handel [SEP] Sie forderte, mehr Handel mit diesen Ländern zu betreiben. [SEP] t____ [SEP] trade"
1937,de,-1.542822846,"verunreinigt [SEP] Trinkt das nicht, es ist verunreinigtes Wasser. [SEP] u______ [SEP] unclean"
1938,de,-1.999363655,Früherkennung [SEP] Der Knoten wurde bei einer routinemäßigen Früherkennung gefunden. [SEP] s________ [SEP] screening
1939,de,-1.850011871,Student [SEP] Sie war eine Studentin vor dem ersten akademischen Grad. [SEP] u____________ [SEP] undergraduate
1940,de,-0.671850687,predigen [SEP] Jede Woche predigt der Pfarrer in unserer Kirche. [SEP] p_____ [SEP] preach
1941,de,-1.409430111,"Gleichung [SEP] Die Schüler lernen, mathematische Gleichungen zu lösen. [SEP] e_______ [SEP] equation"
1942,de,0.671960555,Tal [SEP] Das Ferienhaus bietet eine wundervolle Aussicht über das ganze Tal. [SEP] v_____ [SEP] valley
1943,de,0.676817039,eifersüchtig [SEP] Die junge Frau ist eifersüchtig und kontrolliert das Handy ihres Freundes. [SEP] j______ [SEP] jealous
1944,de,-2.678525755,schuldig [SEP] Der Angeklagte ist schuldig. [SEP] b_____ [SEP] blamed
1945,de,0.119841545,Kopfhörer [SEP] Sie geht jeden Tag mit Kopfhörern joggen. [SEP] h_________ [SEP] headphones
1946,de,-0.881335034,"offiziell [SEP] Ich habe zwar eine mündliche Zusage erhalten, habe aber den offiziellen Arbeitsvertrag noch nicht unterschrieben. [SEP] f_____ [SEP] formal"
1947,de,0.820708075,bequem [SEP] Ich liege in einer bequemen Position auf dem Sofa und schauen fern. [SEP] c__________ [SEP] comfortable
1948,de,-1.036447144,Karikatur [SEP] Die Karikatur in der heutigen Tageszeitung ist gut gelungen. [SEP] c______ [SEP] cartoon
1949,de,0.74377582,"dumm [SEP] Das war eine wirklich dumme Entscheidung, die sie jetzt bereut. [SEP] s_____ [SEP] stupid"
1950,de,-0.058506192,"erschrecken [SEP] Hör sofort auf damit, du erschreckst die Kinder! [SEP] f_______ [SEP] frighten"
1951,de,-1.291520512,Besonderheit [SEP] Jedes Hotelzimmer hat eine andere Besonderheit. [SEP] f______ [SEP] feature
1952,de,1.184375418,Motivator [SEP] Was ist dein persönlicher Motivator? [SEP] m________ [SEP] motivator
1953,de,2.436653281,Make-up [SEP] Die junge Frau trägt Make-up für den besonderen Abend. [SEP] m_____ [SEP] makeup
1954,de,-2.731915676,Schrank [SEP] Die Teller sind im oberen Küchenschrank. [SEP] c______ [SEP] cabinet
1955,de,-1.498246951,flehen [SEP] Sie flehte vergeblich um Hilfe. [SEP] p____ [SEP] plead
1956,de,-1.793176516,Bewerber [SEP] Es treten drei Bewerber zur Wahl an. [SEP] c________ [SEP] candidate
1957,de,0.726175512,bürgerlich [SEP] Die Folgen des Bürgerkriegs sind heute noch zu spüren. [SEP] c____ [SEP] civil
1958,de,-0.322584783,Haushälter [SEP] Sie arbeitet als Haushälterin für mehrere reiche Familien. [SEP] h__________ [SEP] housekeeper
1959,de,-1.537922028,Vermögenswerte [SEP] Mein Haus und mein Auto sind meine größten Vermögenswerte. [SEP] a____ [SEP] asset
1960,de,-0.219135382,ausbrechen [SEP] Der Vulkan ist seit Jahren schon nicht mehr ausgebrochen. [SEP] e____ [SEP] erupt
1961,de,0.717078162,"Bild [SEP] Viele Menschen haben ein Bild von sich selbst, das nicht der Realität entspricht. [SEP] i____ [SEP] image"
1962,de,-0.05817157,scharf [SEP] Sei mit diesem Messer vorsichtig. Es ist frisch geschliffen und sehr scharf. [SEP] s____ [SEP] sharp
1963,de,3.221662813,Strand [SEP] Ich liege am Strand und genieße die Sonne. [SEP] b____ [SEP] beach
1964,de,-1.339618662,möglicherweise [SEP] Möglicherweise ist das eine Erklärung für sein mysteriöses Verschwinden. [SEP] p_______ [SEP] possibly
1965,de,0.549240481,Helligkeit [SEP] Seine Augen gewöhnten sich langsam an die Helligkeit. [SEP] b_________ [SEP] brightness
1966,de,-3.353848283,Pfand [SEP] Das sind keine Pfandflaschen. [SEP] r_________ [SEP] returnable
1967,de,-1.723480403,bestimmt [SEP] Man muss die Antworten in einer bestimmten Reihenfolge angeben. [SEP] s_______ [SEP] specific
1968,de,-0.08076358,Zusammenfassung [SEP] In der Schulzeit musste ich eine Zusammenfassung meines Lieblingsbuches schreiben. [SEP] s______ [SEP] summary
1969,de,1.609109935,riskant [SEP] Manche Sportarten sind im Vergleich zu anderen sicher riskant. [SEP] r____ [SEP] risky
1970,de,2.910774311,perfekt [SEP] Ihre Aussprache ist perfekt. [SEP] p______ [SEP] perfect
1971,de,-0.804811376,Ausbruch [SEP] Die Ursachen für den Ausbruch der Konflikte sind unklar. [SEP] o_______ [SEP] outbreak
1972,de,-0.465196175,Kühlschrank [SEP] Ausgerechnet am heißesten Wochenende des Jahres wurde unser Kühlschrank kaputt. [SEP] r___________ [SEP] refrigerator
1973,de,-1.249278951,Weltuntergang [SEP] Manche Menschen glauben an einen Weltuntergang. [SEP] a_________ [SEP] apocalypse
1974,de,0.363221615,idealerweise [SEP] Idealerweise sollten alle Patienten zehn Minuten vor dem eigentlichen Termin erscheinen. [SEP] i______ [SEP] ideally
1975,de,-1.387522202,schwierig [SEP] Sie hatte eine wirklich schwierige Kindheit. [SEP] t____ [SEP] tough
1976,de,0.414595576,selten [SEP] Ich sehe meine Tante leider nur sehr selten. [SEP] r_____ [SEP] rarely
1977,de,2.678789283,Gold [SEP] Sie hat ihr ganzes Gold verpfändet. [SEP] g___ [SEP] gold
1978,de,-2.466761242,Unvollkommenheit [SEP] Wir müssen die Unvollkommenheit der Menschen endlich akzeptieren. [SEP] i___________ [SEP] imperfection
1979,de,-2.336292966,fantasievoll [SEP] Der fantasievolle Einsatz der Farben ist bemerkenswert. [SEP] i__________ [SEP] imaginative
1980,de,-3.15050006,konkurrierend [SEP] Konkurrierende Firmen lassen die Preise sinken. [SEP] c__________ [SEP] competitive
1981,de,1.392652862,furchtlos [SEP] Sie ist furchtlos. Ich beneide sie darum. [SEP] f_______ [SEP] fearless
1982,de,1.151292195,Trinker [SEP] Der Trinker braucht täglich Alkohol. [SEP] d______ [SEP] drinker
1983,de,-3.000664294,sinken [SEP] Die Zahl der Anmeldungen ist gesunken. [SEP] d______ [SEP] decline
1984,de,0.05780126,Zauberer [SEP] In dem Märchen kommt auch ein Zauberer vor. [SEP] w_____ [SEP] wizard
1985,de,2.842353251,"Hand [SEP] Eine Mutter zu ihrem Kind: Gib mir deine Hand, dann können wir losgehen. [SEP] h___ [SEP] hand"
1986,de,-2.659849752,jdn/etw [SEP] Die Kinder tätscheln den Hund. [SEP] p__ [SEP] pat
1987,de,1.747065658,"Presse [SEP] Er schickte eine Mitteilung an die Presse, damit die Wahrheit an die Öffentlichkeit kommt. [SEP] p____ [SEP] press"
1988,de,-1.312764224,Standpunkt [SEP] Vom wirtschaftlichen Standpunkt aus war es kein leichtes Jahr. [SEP] v________ [SEP] viewpoint
1989,de,-2.566111472,Muskelreaktion [SEP] Nach dem Unfall wurde seine Muskelreaktion ausführlich getestet. [SEP] r_____ [SEP] reflex
1990,de,-0.235404313,"reiben [SEP] Ungläubig reibt sie sich die Augen, als sie das entlaufene Nilpferd in ihrem Garten stehen sieht. [SEP] r__ [SEP] rub"
1991,de,1.57533281,hübsch [SEP] Sie war ein besonders hübsches Kind. [SEP] p_____ [SEP] pretty
1992,de,-1.306077915,"aufregend [SEP] Ich finde die Aussicht, nach Neuseeland zu fliegen, aufregend. [SEP] e_____ [SEP] excite"
1993,de,0.202426434,Stimmabgabe [SEP] Die Stimmabgabe verlief ohne Auffälligkeiten. [SEP] v_____ [SEP] voting
1994,de,0.838768237,Heilung [SEP] Die Heilung verlief ohne Probleme. [SEP] h______ [SEP] healing
1995,de,1.273776392,Landschaft [SEP] Der Künstler malt Bilder von Landschaften. [SEP] l________ [SEP] landscape
1996,de,-0.402254888,von [SEP] Viele Familien können von dem neuen Gesetz profitieren. [SEP] b______ [SEP] benefit
1997,de,-1.836294228,jdm [SEP] Ich sage dir das im Vertrauen. Bitte erzähle es niemandem weiter. [SEP] c_____________ [SEP] confidentially
1998,de,1.070311819,Republikaner [SEP] Die anwesenden Republikaner entschieden über das nächste Parteiprogramm. [SEP] r_________ [SEP] republican
1999,de,1.141834406,Französisch [SEP] Sprichst du Französisch? [SEP] f_____ [SEP] french
2000,de,0.285136885,Rasieren [SEP] Nach der Rasur ist meine Haut oft sehr empfindlich. [SEP] s______ [SEP] shaving
2001,de,0.76230841,identisch [SEP] Die zwei Taschen wurden identisch angefertigt. [SEP] i__________ [SEP] identically
2002,de,1.286716954,Lerner [SEP] Die Lehrperson hat verschiedene Übungen für die Lerner vorbereitet. [SEP] l______ [SEP] learner
2003,de,1.583102043,Skyline [SEP] Die Skyline New Yorks sieht ohne die Twin Towers sehr verändert aus. [SEP] s______ [SEP] skyline
2004,de,1.366872404,defensiv [SEP] Sie sind auf Sicherheit bedacht und verhalten sich defensiv. [SEP] d________ [SEP] defensive
2005,de,0.144632349,"stellen [SEP] Sie stellen die Teller auf dem Tisch ab und beginnen, den Tisch zu decken. [SEP] s__ [SEP] set"
2006,de,2.778658557,richtig [SEP] Mein erster Tipp war doch richtig. [SEP] r____ [SEP] right
2007,de,-0.82523109,Druck [SEP] Im Moment bin ich wegen der Deadline unter starkem Druck. [SEP] s_____ [SEP] stress
2008,de,-0.814329164,Reklametafel [SEP] Eine große Reklametafel wurde an der Hauswand befestigt. [SEP] b________ [SEP] billboard
2009,de,3.000226115,Kontakt [SEP] Seit Wochen gibt es keinen Kontakt zwischen ihren Eltern. [SEP] c______ [SEP] contact
2010,de,-0.50493748,"umarmen [SEP] Sie umarmte ihre Mutter, bevor sie ins Auto stieg und nach Hause fuhr. [SEP] e______ [SEP] embrace"
2011,de,0.10213972,Büffel [SEP] Der Bauer züchtet Büffel. [SEP] b______ [SEP] buffalo
2012,de,-0.086334767,"Verlangen [SEP] Sie hatte plötzlich das Verlangen, ihm weh zu tun. [SEP] u___ [SEP] urge"
2013,de,1.860293535,Persönlichkeit [SEP] Mein Großvater hat eine ganz ruhige Persönlichkeit. [SEP] p__________ [SEP] personality
2014,de,-1.066990299,Abschuss [SEP] Für morgen ist der Abschuss einer Rakete geplant. [SEP] l_____ [SEP] launch
2015,de,-1.136817396,verfassungsrechtlich [SEP] Die Vorgehensweise könnte ein verfassungrechtliches Problem aufwerfen. [SEP] c_____________ [SEP] constitutional
2016,de,-1.363945107,"Ort [SEP] Das ist ein richtig ruhiger Ort, wo man sich gut entspannen kann. [SEP] s___ [SEP] spot"
2017,de,-1.230826051,"Überlegung [SEP] Nach reiflicher Überlegung bin ich zu dem Entschluss gekommen, mein Haus zu verkaufen. [SEP] c____________ [SEP] consideration"
2018,de,-0.765957977,aufgebracht [SEP] Warum ist sie so aufgebracht? [SEP] u____ [SEP] upset
2019,de,-2.033634748,"verdienend [SEP] Den Zuschlag bekamen die Teilnehmer, die es am meisten verdienten. [SEP] d________ [SEP] deserving"
2020,de,0.654973399,trainieren [SEP] Mr Roberts trainiert die Fußballmannschaft. [SEP] c____ [SEP] coach
2021,de,-2.151574833,engagiert [SEP] Sie sind sehr engagierte Mitarbeiter. [SEP] d________ [SEP] dedicated
2022,de,3.329600106,falsch [SEP] Hier wurde mein Name falsch geschrieben. [SEP] w____ [SEP] wrong
2023,de,3.054745683,Droge [SEP] Er hat nie irgendwelche Drogen genommen. [SEP] d___ [SEP] drug
2024,de,0.920790431,"froh [SEP] Momentan geht es uns total gut. – Ja, ich bin so froh darüber. [SEP] g___ [SEP] glad"
2025,de,-0.773504361,"Erleichterung [SEP] Es war eine große Erleichterung für uns alle, als wir erfahren haben, dass niemand bei dem Unfall verletzt wurde. [SEP] r_____ [SEP] relief"
2026,de,-1.641343335,Vergnügen [SEP] Tanzen bereitet dem Paar kein Vergnügen. [SEP] e________ [SEP] enjoyment
2027,de,-0.797340554,zusammenklammern [SEP] Sie sammelte alle ausgefüllten Tests ein und klammerte sie zusammen. [SEP] c___ [SEP] clip
2028,de,-1.163265499,jdn/etw [SEP] Er verfolgte den Einbrecher. [SEP] c____ [SEP] chase
2029,de,0.483090257,polnisch [SEP] Im Vergleich zu Österreich ist der polnische Winter besonders kalt und hart. [SEP] p_____ [SEP] polish
2030,de,-1.784201425,"wichtig [SEP] Warum weiß Anja, dass der Unfall passiert ist? Und noch wichtiger, wie viel weiß sie darüber? [SEP] i__________ [SEP] importantly"
2031,de,0.127062363,nachladen [SEP] Nach dem Streifschuss musste der Jäger sein Gewehr nachladen. [SEP] r_____ [SEP] reload
2032,de,-0.873741973,"Kraft [SEP] Ich hatte nicht die Kraft, noch einmal von vorne zu beginnen. [SEP] s_______ [SEP] strength"
2033,de,-2.244489792,wiederherstellen [SEP] Im Zuge der Renovierung müsst ihr Teile dieser Wand wiederherstellen. [SEP] r__________ [SEP] reconstruct
2034,de,1.968966018,"Regel [SEP] Eine Regel beim Fußball ist, dass nur der Torwart den Ball mit den Händen berühren darf. [SEP] r___ [SEP] rule"
2035,de,1.195568351,irrelevant [SEP] Das war ein völlig irrelevanter Kommentar. [SEP] i_________ [SEP] irrelevant
2036,de,2.652769111,"Massage [SEP] Ich bin so verspannt, ich brauche dringend eine Massage. [SEP] m______ [SEP] massage"
2037,de,0.636045231,indirekt [SEP] Er war indirekt verantwortlich für den Vorfall. [SEP] i_________ [SEP] indirectly
2038,de,0.71896023,Maschine [SEP] Du kannst die Maschine mit diesem Schalter einschalten. [SEP] m______ [SEP] machine
2039,de,1.651117489,Partnerschaft [SEP] Die Partnerschaft zwischen den Unternehmen hat im letzten Jahr gut funktioniert. [SEP] p__________ [SEP] partnership
2040,de,1.675789112,Kategorie [SEP] Die Gewinner jeder Kategorie wurden auf die Bühne gebeten. [SEP] c_______ [SEP] category
2041,de,-0.663471655,Pokal [SEP] Spanien errang den Pokal schon zum dritten Mal in Folge. [SEP] t_____ [SEP] trophy
2042,de,-0.329350392,unvollendet [SEP] Sein letztes Gemälde blieb unvollendet. [SEP] u_________ [SEP] unfinished
2043,de,3.148304975,wild [SEP] Sowohl gezähmte als auch wilde Hunde weisen dieses Merkmal auf. [SEP] w___ [SEP] wild
2044,de,-1.6609442,verzögern [SEP] Eine Kombination von Wirkstoffen kann die Symptome verzögern. [SEP] r_____ [SEP] retard
2045,de,2.284503009,rosafarben [SEP] Sie trägt ein rosafarbenes Kleid. [SEP] p___ [SEP] pink
2046,de,-0.327570758,Satellit [SEP] Wir sind über Satellit mit unserer Außenstelle verbunden. [SEP] s________ [SEP] satellite
2047,de,2.857077144,Bäcker [SEP] Ein Bäcker muss jeden Tag sehr früh aufstehen. [SEP] b____ [SEP] baker
2048,de,2.415736296,Tagtraum [SEP] Sie flüchtet sich gerne in Tagträume. [SEP] d_______ [SEP] daydream
2049,de,1.144014008,Kerze [SEP] Der Adventkranz hat vier Kerzen. [SEP] c_____ [SEP] candle
2050,de,-2.399892503,"übereinstimmen [SEP] Wenn die beiden Aussagen übereinstimmen, kannst du die Polizeistation verlassen. [SEP] c_________ [SEP] correspond"
2051,de,-1.282659892,liefern [SEP] Die Firma beliefert den Supermarkt mit Dosengemüse. [SEP] s_____ [SEP] supply
2052,de,0.428048347,Renovierung [SEP] Die Renovierung des Gebäudes wird sehr teuer werden. [SEP] r_________ [SEP] renovation
2053,de,1.015285865,saftig [SEP] Es gibt saftige Orangen auf dem Markt zu kaufen. [SEP] j____ [SEP] juicy
2054,de,-1.294553341,Vorsicht [SEP] Er handelte mit großer Vorsicht. [SEP] c______ [SEP] caution
2055,de,-1.586836993,umwandeln [SEP] Ich muss den Europreis in britische Pfund umwandeln. [SEP] c______ [SEP] convert
2056,de,-0.059038299,Einklang [SEP] Die Menschen auf dieser Insel leben im Einklang mit der Natur und den Tieren. [SEP] h______ [SEP] harmony
2057,de,-1.644043228,weit [SEP] Er erreichte weit vor den anderen das Ziel. [SEP] w__ [SEP] way
2058,de,-0.934006447,Ausbildung [SEP] Unter den Bewerbern hatten nur wenige eine Ausbildung im Handel. [SEP] t_______ [SEP] training
2059,de,0.614669672,Politik [SEP] Früher war mir die Politik in unserer Region unwichtig. [SEP] p_______ [SEP] politics
2060,de,-0.339953586,"wünschen [SEP] Was wünschen Sie sich, meine Königin?', fragt der Ritter. [SEP] d_____ [SEP] desire"
2061,de,1.306447366,hochladen [SEP] Ich muss die Dokumente noch auf die Plattform hochladen. [SEP] u_____ [SEP] upload
2062,de,2.199141455,wahr [SEP] Der Roman beruht auf einer wahren Begebenheit. [SEP] t___ [SEP] TRUE
2063,de,-3.052447523,Untersuchung [SEP] Die Ermittler leiteten sofort eine Untersuchung der Vorwürfe ein. [SEP] p____ [SEP] probe
2064,de,-0.763226031,Beschäftigung [SEP] Die Zahl der Beschäftigungen ist im letzten Halbjahr deutlich gestiegen. [SEP] e_________ [SEP] employment
2065,de,1.084157748,transportabel [SEP] Alle unsere Anlagen sind transportabel. [SEP] t____________ [SEP] transportable
2066,de,0.895462255,Dreieck [SEP] In der Trigonometrie spielt das Dreieck eine große Rolle. [SEP] t_______ [SEP] triangle
2067,de,0.382456651,Erwartung [SEP] Die Erwartungen an ihn sind hoch. [SEP] e__________ [SEP] expectation
2068,de,-1.982137192,Nährstoff [SEP] Gemüse und Obst haben viele Nährstoffe. [SEP] n_______ [SEP] nutrient
2069,de,-0.704769601,"bedenken [SEP] Das Team wurde aufgefordert, eine mögliche Änderung zu bedenken. [SEP] c_______ [SEP] consider"
2070,de,-0.363342798,"Stamm [SEP] Die Komantschen sind ein Stamm, der heute vor allem in Oklahoma lebt. [SEP] t____ [SEP] tribe"
2071,de,0.061320487,Außen [SEP] Die Frau hängt einen Blumenkranz an der Außentür auf. [SEP] o____ [SEP] outer
2072,de,0.594059056,"aufgeregt [SEP] Die Kinder waren so aufgeregt, dass sie kaum einschlafen konnten. [SEP] e______ [SEP] excited"
2073,de,3.113578451,Schönheit [SEP] Er erlag ihrer Schönheit. [SEP] b_____ [SEP] beauty
2074,de,2.928782033,voll [SEP] Die Flasche ist fast voll. [SEP] f___ [SEP] full
2075,de,-1.088326768,"Ergänzung [SEP] Die Ärztin empfiehlt dem Patienten, Tabletten zur Nahrungsmittelergänzung einzunehmen. [SEP] s_________ [SEP] supplement"
2076,de,-2.680878983,strafrechtliche [SEP] Ihm steht eine strafrechtliche Verfolgung für Steuerhinterziehung bevor. [SEP] p__________ [SEP] prosecution
2077,de,1.695965918,Brust [SEP] Viele Männer haben eine haarige Brust. [SEP] c____ [SEP] chest
2078,de,2.878023175,Pfannkuchen [SEP] Die Kinder lieben Pfannkuchen. [SEP] p______ [SEP] pancake
2079,de,1.129226114,Haarbürste [SEP] Sie kämmt sich ihr Haar mit einer Haarbürste. [SEP] h________ [SEP] hairbrush
2080,de,1.441005899,Identität [SEP] Im Film wurde die Frau ihrer Identität beraubt. [SEP] i_______ [SEP] identity
2081,de,1.12471148,"Set-up [SEP] Könnten Sie sich vorstellen, das Set-up des Teams noch einmal zu überdenken? [SEP] s____ [SEP] setup"
2082,de,3.007289697,Mutter [SEP] Meine Mutter ist eine super Köchin. [SEP] m_____ [SEP] mother
2083,de,-0.325730356,inzwischen [SEP] Inzwischen hat sich das Wetter deutlich verbessert. [SEP] m________ [SEP] meanwhile
2084,de,0.153081408,Rhetorik [SEP] Alle Mitschüler bewunderten ihre überzeugende Rhetorik. [SEP] r_______ [SEP] rhetoric
2085,de,-2.036786112,Explosion [SEP] Zum Glück ist niemand bei der Explosion gestorben. [SEP] b____ [SEP] blast
2086,de,0.478051731,Autorität [SEP] Sie ist eine international anerkannte Autorität. [SEP] a________ [SEP] authority
2087,de,0.479403441,Individualität [SEP] Die Lehrperson möchte die Individualität jedes einzelnen Schülers fördern. [SEP] i____________ [SEP] individuality
2088,de,-0.881213122,Apotheker [SEP] Eine junge Apothekerin arbeitet in dieser Apotheke. [SEP] p_________ [SEP] pharmacist
2089,de,0.373363805,"Eindruck [SEP] Ich habe den Eindruck, dass sie nicht ganz ehrlich mit uns ist. [SEP] i_________ [SEP] impression"
2090,de,-0.894552934,sich [SEP] Er schnappte sich das Geld und lief davon. [SEP] g___ [SEP] grab
2091,de,-1.32808335,"Wahrscheinlichkeit [SEP] Die Wahrscheinlichkeit, dass es heute regnet, ist sehr gering. [SEP] p__________ [SEP] probability"
2092,de,0.522263836,minimal [SEP] Minimale Veränderungen können große Auswirkungen haben. [SEP] m______ [SEP] minimal
2093,de,-2.216220563,verschärfen [SEP] Der Konflikt verschärfte sich. [SEP] i________ [SEP] intensify
2094,de,0.502864267,Führung [SEP] Sie übernimmt die Führung der politischen Partei. [SEP] l_________ [SEP] leadership
2095,de,-0.352713651,"einstudiert [SEP] Sein Lächeln wirkte nie natürlich, sondern immer etwas einstudiert. [SEP] s______ [SEP] studied"
2096,de,-1.84086443,"insistieren [SEP] ""Lass mich das bezahlen"", insistierte die Frau. [SEP] p______ [SEP] persist"
2097,de,-2.511037358,Bestätigung [SEP] Dieser Bericht bedarf noch einer offiziellen Bestätigung. [SEP] v_________ [SEP] validation
2098,de,-2.591432817,Befragung [SEP] Die Polizei hat die Zeugen zur mündlichen Befragung eingeladen. [SEP] i______ [SEP] inquiry
2099,de,-2.861664438,Kläger [SEP] Dem Kläger wurde bei diesem Fall Recht gegeben. [SEP] p________ [SEP] plaintiff
2100,de,-1.367302909,Beute [SEP] Der Tiger verfolgte seine Beute über mehrere Tage hinweg. [SEP] p___ [SEP] prey
2101,de,-3.091598448,Baustelle [SEP] Mittags kehrten alle zur Baustelle zurück. [SEP] w_______ [SEP] worksite
2102,de,-0.451485237,Tagesordnung [SEP] Die Tagesordnungspunkte werden in der Sitzung diskutiert. [SEP] a_____ [SEP] agenda
2103,de,-1.556901537,"ziemlich [SEP] Ich bin ziemlich wählerisch, wenn es um Whisky geht. [SEP] r_____ [SEP] rather"
2104,de,2.81880179,eigener [SEP] Die Familie baut ihr eigenes Gemüse an. [SEP] o__ [SEP] own
2105,de,-2.956095999,Rohstoff [SEP] Die Rohstoffpreise stiegen. [SEP] c________ [SEP] commodity
2106,de,0.248707168,Schaffung [SEP] Für die Schaffung eines neuen Bildes braucht der Künstler viel Zeit. [SEP] c_______ [SEP] creation
2107,de,2.485643105,Diskothek [SEP] Die Jugendlichen gehen jede Woche in die Diskothek. [SEP] d____ [SEP] disco
2108,de,1.487333335,jdn/etw [SEP] Sie versteckte den Kuchen vor ihren Kindern. [SEP] h___ [SEP] hide
2109,de,2.612656454,willkommen [SEP] Sie sind bei uns immer ein willkommener Gast. [SEP] w______ [SEP] welcome
2110,de,2.51252498,Maus [SEP] Eine Maus sitzt im Vorratsschrank. [SEP] m____ [SEP] mouse
2111,de,3.539627271,Schreibtisch [SEP] Ich schreibe meine Hausaufgaben an meinem neuen Schreibtisch. [SEP] d___ [SEP] desk
2112,de,-0.611853956,erklärt [SEP] Seit dem erklärten Ende des Krieges ist es in der Region ruhig geblieben. [SEP] d_______ [SEP] declared
2113,de,0.750816275,begrenzen [SEP] Die Teilnehmerzahl für dieses Seminar ist auf zwanzig beschränkt. [SEP] l____ [SEP] limit
2114,de,1.513396664,Engel [SEP] Er ist sanft und gutmütig wie ein Engel. [SEP] a____ [SEP] angel
2115,de,2.329091769,obdachlos [SEP] Das ist eine Unterkunft für obdachlose Jugendliche. [SEP] h_______ [SEP] homeless
2116,de,-2.222372871,Innen [SEP] Die Innentüren sind weiß gestrichen. [SEP] i_______ [SEP] interior
2117,de,-2.956509489,"Ablenkung [SEP] Denk dir eine Ablenkung für unsere Eltern aus, damit ich mich aus dem Haus schleichen kann. [SEP] d________ [SEP] diversion"
2118,de,-0.378680651,Urkunde [SEP] Bitte bringen Sie Ihre Geburtsurkunde und Ihren Pass mit. [SEP] c__________ [SEP] certificate
2119,de,-3.027805295,überprüfen [SEP] Wir müssen alle Ergebnisse auf Auffälligkeiten hin überprüfen. [SEP] s_____ [SEP] screen
2120,de,1.849370691,"gekreuzt [SEP] Gekreuzte Schecks verhindern, dass der Betrag nicht an Unbefugt ausbezahlt wird. [SEP] c______ [SEP] crossed"
2121,de,-2.707321655,Scherben [SEP] Ich kehrte die Scherben des zersprungenen Glases zusammen. [SEP] f_______ [SEP] fragment
2122,de,0.944471393,"Nadel [SEP] Ich habe Angst vor Nadeln, deshalb lasse ich mich nicht gerne impfen. [SEP] n_____ [SEP] needle"
2123,de,-3.132627362,kosten [SEP] Sie können viele unserer Käse gleich im Geschäft kosten. [SEP] s_____ [SEP] sample
2124,de,-1.802755659,"gefährlich [SEP] Es war gefährlich, die Heizung zu benutzen. [SEP] u_____ [SEP] unsafe"
2125,de,-0.274695105,stationär [SEP] Wir brauchen unbedingt auch mobile und nicht nur stationäre Telefongeräte für die Firma. [SEP] s_________ [SEP] stationary
2126,de,-2.512732679,Filmmaterial [SEP] Wir haben auf unserer Reise zahlreiche Stunden Filmmaterial aufgenommen. [SEP] f______ [SEP] footage
2127,de,0.856460055,"Zahnbürste [SEP] Es wird Zeit, die Zahnbürste wieder zu wechseln. [SEP] t_________ [SEP] toothbrush"
2128,de,3.40048679,Ritual [SEP] Jeden Abend zelebriert sie das selbe Ritual und geht eine Runde mit ihrem Hund spazieren. [SEP] r_____ [SEP] ritual
2129,de,-0.661887557,Vermögen [SEP] Er hat ein Vermögen von seinem Onkel geerbt. [SEP] f______ [SEP] fortune
2130,de,2.053339587,Suche [SEP] Die Suche nach den beiden vermissten Kindern war binnen weniger Stunden erfolgreich. [SEP] s_____ [SEP] search
2131,de,1.83095532,Theologie [SEP] Er studiert Theologie im zweiten Semester. [SEP] t_______ [SEP] theology
2132,de,-0.297710924,"aus [SEP] Ich schließe daraus, dass du nicht mit dem Unterricht zufrieden bist. [SEP] c_______ [SEP] conclude"
2133,de,2.680000831,balancieren [SEP] Ich balanciere auf der Stange. [SEP] b______ [SEP] balance
2134,de,1.955190637,Windsurfen [SEP] Das Windsurfen machte mir im Urlaub am meisten Spaß. [SEP] w__________ [SEP] windsurfing
2135,de,3.180508817,Fluss [SEP] Der Fluss ist im Frühling schon allein wegen seiner Farbe sehr beeindruckend. [SEP] r____ [SEP] river
2136,de,-1.327885909,Fliese [SEP] Heute habe ich im Badezimmer schon wieder eine Fliese mit einem Riss entdeckt. [SEP] t___ [SEP] tile
2137,de,-3.185471523,Aufstellung [SEP] Der Trainer änderte die geplante Aufstellung noch kurz vor dem Spiel. [SEP] l_____ [SEP] lineup
2138,de,0.590007745,luftleerer [SEP] Schallwellen können sich im luftleeren Raum nicht ausbreiten. [SEP] v_____ [SEP] vacuum
2139,de,-1.382639968,Schauspielhaus [SEP] Das Schauspielhaus liegt in der Nähe der Altstadt. [SEP] p________ [SEP] playhouse
2140,de,-1.070948504,angemessen [SEP] Die Preise in diesem Restaurant waren wirklich angemessen. [SEP] r_________ [SEP] reasonable
2141,de,0.323784062,Vielfalt [SEP] Wir müssen die Artenvielfalt schützen. [SEP] d________ [SEP] diversity
2142,de,0.408564424,Chor [SEP] Sie singt seit Jahren in einem Kirchenchor. [SEP] c____ [SEP] choir
2143,de,-1.465774952,routinemäßig [SEP] Diese Komponente des Motors wird routinemäßig beim jährlichen Service untersucht. [SEP] r________ [SEP] routinely
2144,de,1.111835737,für [SEP] Es gibt einige Argumente für die Einführung einer neuen Prüfung. [SEP] p__ [SEP] pro
2145,de,1.510952927,Ausländer [SEP] Der Mann ist nicht von hier. Er ist ein Ausländer. [SEP] f________ [SEP] foreigner
2146,de,0.308119631,"Psychotherapie [SEP] Ziel der Psychotherapie ist es, unbewusste Denkmuster und Verhaltensweisen neu zu betrachten und im Sinne der Patienten zu verändern. [SEP] p____________ [SEP] psychotherapy"
2147,de,0.758180128,informell [SEP] Heute fand ein informelles Gespräch statt. [SEP] i_______ [SEP] informal
2148,de,-0.95970635,moralisch [SEP] Ich verkaufe nur moralisch vertretbare Produkte in meinem Laden. [SEP] m______ [SEP] morally
2149,de,1.100779192,hell [SEP] Sie strichen ihr Haus hellgelb. [SEP] b_____ [SEP] bright
2150,de,-0.701508668,ansehnlich [SEP] Könntest du diese Präsentation bis morgen in eine ansehnliche Form bringen? [SEP] p__________ [SEP] presentable
2151,de,-0.10497286,Getreide [SEP] Sie kaufte einen Sack voll Getreide auf dem Markt. [SEP] g____ [SEP] grain
2152,de,-4.889082904,verfügen [SEP] Das neue Parlament hat ein neues Gesetz verfügt. [SEP] i_____ [SEP] impose
2153,de,1.652204024,"Wahrheit [SEP] Glaubt ihr, dass sie die Wahrheit sagt? [SEP] t____ [SEP] truth"
2154,de,1.478788482,"Versuch [SEP] Ich denke, es ist einen Versuch wert. [SEP] t__ [SEP] try"
2155,de,1.44911128,"jdn/etw [SEP] Er wollte den Ball treffen, hat ihn aber verfehlt. [SEP] m___ [SEP] miss"
2156,de,-1.879963989,Handels [SEP] In New York gibt es viele Handelsfirmen. [SEP] c_________ [SEP] commercial
2157,de,0.345541384,zerstören [SEP] Täglich wird mehr Regenwald zerstört. [SEP] d______ [SEP] destroy
2158,de,-0.336091081,leblos [SEP] Der leblose Körper wurde von einem Passanten entdeckt. [SEP] l_______ [SEP] lifeless
2159,de,1.773964105,verlassen [SEP] Der Zug fährt um drei Uhr ab. [SEP] l____ [SEP] leave
2160,de,0.636661751,Lieferung [SEP] Meine Lieferung ist heute angekommen. [SEP] d_______ [SEP] delivery
2161,de,-1.329357498,Natrium [SEP] Salz wirkt sich auf die Verteilung von Natrium und Kalium in unserem Blut aus und kann den Blutdruck dadurch erhöhen. [SEP] s_____ [SEP] sodium
2162,de,-3.793411877,Finanzierung [SEP] Die Finanzierung des Projekts ist durch private Sponsoren gedeckt. [SEP] f______ [SEP] funding
2163,de,2.4596512,"Kalzium [SEP] Natürliches Mineralwasser enthält Kalzium, Magnesium, Natrium, Kalium und Nitrat. [SEP] c______ [SEP] calcium"
2164,de,-0.470804158,Mindest [SEP] Das Mindestalter für den Kauf von Tabakwaren wurde auf 18 Jahre erhöht. [SEP] m______ [SEP] minimum
2165,de,-0.804542953,Beschleunigung [SEP] Nach dem zweiten newtonschen Gesetz wird durch Beschleunigung einer Masse eine Kraft erzeugt. [SEP] a___________ [SEP] acceleration
2166,de,0.945774707,Flitterwochen [SEP] Das Paar verbringt seine Flitterwochen auf Hawaii. [SEP] h________ [SEP] honeymoon
2167,de,-3.48394744,wichtigste [SEP] Das wichtigste Ziel der Expedition ist das Entdecken neuer Tierarten. [SEP] p________ [SEP] principal
2168,de,0.178825433,"eiskalt [SEP] Zieh dich warm an, es ist eiskalt. [SEP] f_______ [SEP] freezing"
2169,de,1.759017854,Biest [SEP] Der Legende nach lebt ein wildes Biest in diesem Wald. [SEP] b____ [SEP] beast
2170,de,1.02818275,technisch [SEP] Er absolvierte eine technische Ausbildung. [SEP] t________ [SEP] technical
2171,de,0.083540741,lebhaft [SEP] Die lebhaften Kinder spielen draußen im Garten. [SEP] l_____ [SEP] lively
2172,de,0.155073504,"Mediation [SEP] Ich möchte eine Mediationssitzung einberufen in der Hoffnung, dass wir den Streit endlich schlichten können. [SEP] m________ [SEP] mediation"
2173,de,-1.65527302,"im [SEP] Ich bin der festen Überzeugung, dass die Menschen im Grunde gut sind. [SEP] f____________ [SEP] fundamentally"
2174,de,3.088851121,fliegen [SEP] Das Flugzeug fliegt nach Wien. [SEP] f__ [SEP] fly
2175,de,0.696491799,jdn/etw [SEP] Wir werden angegriffen! [SEP] a_____ [SEP] attack
2176,de,1.33516483,vereinigt [SEP] Ein vereinigtes Europa ist für viele immer noch ein großes Ziel. [SEP] u_____ [SEP] united
2177,de,0.374307341,"sich [SEP] Ich versuche, mich auf die Arbeit zu konzentrieren. [SEP] f____ [SEP] focus"
2178,de,0.793255884,"erneuern [SEP] Wenn du deinen Vertrag erneuerst, bekommst du das Handy besonders günstig. [SEP] r____ [SEP] renew"
2179,de,2.086388593,"jdm/etw [SEP] Ich kenne den Weg nicht, deshalb fährt Sara vor und ich folge ihr. [SEP] f_____ [SEP] follow"
2180,de,2.699682444,Herz [SEP] Sein Herz schlägt vor Anstrengung sehr schnell. [SEP] h____ [SEP] heart
2181,de,-0.167743172,Einwanderer [SEP] In letzter Zeit sind viele Einwanderer nach Europa gekommen. [SEP] i________ [SEP] immigrant
2182,de,1.881805656,segeln [SEP] Am Nachmittag segeln wir dann für ca. eine halbe Stunde über den See. [SEP] s___ [SEP] sail
2183,de,-3.401935322,Auswahl [SEP] Die Auswahl ist nicht sehr groß. [SEP] c_______ [SEP] choosing
2184,de,0.117097098,fest [SEP] Dreh die Schrauben ganz fest! [SEP] t____ [SEP] tight
2185,de,-1.366371242,gläubig [SEP] Gläubige Menschen gehen regelmäßig in die Kirche. [SEP] b________ [SEP] believing
2186,de,0.653455723,"Freude [SEP] Es ist mir eine Freude, Sie kennenzulernen. [SEP] p_______ [SEP] pleasure"
2187,de,0.585850138,"Grund [SEP] Es besteht kein Grund, so wütend und aufbrausend zu sein. [SEP] n___ [SEP] need"
2188,de,-2.371338888,hartnäckig [SEP] Sie ist hartnäckig. Sie gibt niemals auf. [SEP] p_________ [SEP] persistent
2189,de,-1.226792808,Vereinigung [SEP] Die Vereinigung zählt 30 Mitglieder. [SEP] a__________ [SEP] association
2190,de,2.15672911,Motivation [SEP] Mit der nötigen Motivation kann ich alles erreichen. [SEP] m_________ [SEP] motivation
2191,de,-2.04393837,modisches [SEP] Der Laden verkauft kostspieliges Zubehör für die Wohnung. [SEP] a________ [SEP] accessory
2192,de,-2.000659012,Überprüfung [SEP] Alle derzeitigen Regelungen werden einer sorgfältigen Überprüfung unterzogen. [SEP] r_____ [SEP] review
2193,de,-0.863187917,regieren [SEP] Das Land wird von einem warmherzigen König regiert. [SEP] g_____ [SEP] govern
2194,de,-0.49603804,im [SEP] Das Buch ist im Wesentlichen eine Liebesgeschichte mit Happy End. [SEP] b________ [SEP] basically
2195,de,0.8443915,Originalität [SEP] Das Schaufenster soll mit Originalität dekoriert werden. [SEP] o__________ [SEP] originality
2196,de,1.416783086,"beendet [SEP] Wir können in unser neues Haus einziehen, sobald die letzten Arbeiten beendet sind. [SEP] f_______ [SEP] finished"
2197,de,-1.189158129,fegen [SEP] Nach dem Abwasch darfst du noch den Boden fegen. [SEP] s____ [SEP] sweep
2198,de,0.767536656,"Klebstoff [SEP] Verwende etwas Klebstoff, um die beiden Blätter zusammenzukleben. [SEP] g___ [SEP] glue"
2199,de,1.032507194,Flexibilität [SEP] Diese Arbeitsstelle erlaubt mir eine gewisse zeitliche Flexibilität. [SEP] f__________ [SEP] flexibility
2200,de,-2.011467973,gefährlich [SEP] Bei gefährlichen Fahrverhältnissen muss man sehr vorsichtig fahren. [SEP] h________ [SEP] hazardous
2201,de,2.70774491,Surfer [SEP] Die Surfer stürzen sich in die Brandung. [SEP] s_____ [SEP] surfer
2202,de,0.306282106,Punktanzahl [SEP] Von allen Schülerinnen und Schülern erreichte er die höchste Punktanzahl. [SEP] s____ [SEP] score
2203,de,1.216233695,Streifen [SEP] Kannst du mir bitte einen Streifen Klebeband abreißen? [SEP] s____ [SEP] strip
2204,de,-3.536260811,Verdacht [SEP] Er wurde mit Verdacht auf Blutvergiftung ins Spital gebracht. [SEP] s________ [SEP] suspected
2205,de,-3.232473918,"sich [SEP] Er stellt sich schon lange vor, wie es ist, sein eigenes Unternehmen zu gründen. [SEP] e_______ [SEP] envision"
2206,de,-3.726740241,bewegend [SEP] Das bewegende Ende des Films berührte alle Zuseher. [SEP] a________ [SEP] affecting
2207,de,-0.53927081,sinnlich [SEP] Diese Szene im Film ist wirklich stimmungsvoll und sehr sinnlich. [SEP] s______ [SEP] sensual
2208,de,2.033331368,Geheimnis [SEP] Er konnte das Geheimnis nicht mehr länger für sich behalten. [SEP] s_____ [SEP] secret
2209,de,0.006632123,fachmännisch [SEP] Für dieses Problem solltest du wirklich fachmännischen Rat einholen. [SEP] p___________ [SEP] professional
2210,de,-0.585066201,unabhängig [SEP] Sie ist eine unabhängige junge Frau. [SEP] i__________ [SEP] independent
2211,de,-3.450289808,"Entscheidung [SEP] Die Richterin kündigt an, dass sie noch innerhalb einer Woche zu einer Entscheidung kommen wird. [SEP] r_____ [SEP] ruling"
2212,de,-1.635599669,starren [SEP] Die Frau starrte in die Leere. [SEP] g___ [SEP] gaze
2213,de,-1.815150718,stopfen [SEP] Er hatte nicht viel Zeit zu packen und stopfte einfach ein paar Shirts und Hosen in einen Koffer. [SEP] s____ [SEP] stuff
2214,de,1.721087987,"Kreis [SEP] Die Kinder bilden einen Kreis, um das Spiel zu spielen. [SEP] c_____ [SEP] circle"
2215,de,3.844502535,Generation [SEP] In diesem Haus leben zwei Generationen zusammen. [SEP] g_________ [SEP] generation
2216,de,-2.615344563,geistig [SEP] Trotz ihres hohen Alters ist sie immer noch geistig aufgeweckt. [SEP] a____ [SEP] alert
2217,de,1.896919963,Laser [SEP] Die Forscher arbeiten mit einem neuen Laser. [SEP] l____ [SEP] laser
2218,de,2.99342672,töten [SEP] Der Jäger tötet das Tier. [SEP] k___ [SEP] kill
2219,de,-1.210018337,"Roman [SEP] Der Autor verfasste nicht nur Gedichte, sondern auch Romane. [SEP] f______ [SEP] fiction"
2220,de,-1.493187022,betrachten [SEP] Sie betrachten ihn als einen der wichtigsten Filmemacher seiner Zeit. [SEP] r_____ [SEP] regard
2221,de,-1.987629744,"miteinander [SEP] Die Polizisten fragten sich, ob die beiden Morde miteinander im Zusammenhang standen. [SEP] c________ [SEP] connected"
2222,de,-0.321781335,Umfang [SEP] Die Arbeit hat in den letzten Monaten an Umfang deutlich zugenommen. [SEP] v_____ [SEP] volume
2223,de,-1.399637655,anständig [SEP] Ich möchte heute ein anständiges Schnitzel essen. [SEP] d_____ [SEP] decent
2224,de,0.81600172,"Kosmetika [SEP] Ich habe schon viele verschiedene Kosmetika ausprobiert, um meine Haut jünger und strahlender aussehen zu lassen. [SEP] c________ [SEP] cosmetics"
2225,de,2.378940904,Ort [SEP] Hier wäre ein guter Ort für ein Picknick. [SEP] p____ [SEP] place
2226,de,0.104796381,druckbar [SEP] In dieser Form ist der Artikel nicht druckbar. [SEP] p________ [SEP] printable
2227,de,0.30334156,unsicher [SEP] Er ist eine unsichere Person. Er kann nie klar seine Meinung kundtun. [SEP] i_______ [SEP] insecure
2228,de,-0.606818548,Rangliste [SEP] Gratuliere! Dein Name steht an zweiter Stelle auf der Rangliste. [SEP] r______ [SEP] ranking
2229,de,1.470668988,entspannt [SEP] Nach den Ferien scheinst du diesmal so richtig entspannt zu sein. [SEP] r______ [SEP] relaxed
2230,de,2.384039741,zelten [SEP] Wir gehen jeden Sommer mit der ganzen Familie zelten. [SEP] c______ [SEP] camping
2231,de,-1.593150445,Sachlichkeit [SEP] Sachlichkeit und Transparenz sind unsere obersten Ziele. [SEP] o__________ [SEP] objectivity
2232,de,-1.783180039,ebnen [SEP] Die Oberfläche muss geebnet werden. [SEP] l____ [SEP] level
2233,de,-3.265038428,Umgebung [SEP] Das Hotel steht in einer wunderbar ruhigen Umgebung. [SEP] s______ [SEP] setting
2234,de,0.302926804,bloß [SEP] Sie verrichtete die harte Arbeit mit ihren bloßen Händen. [SEP] b___ [SEP] bare
2235,de,0.096934838,"sich [SEP] Sie lehnte sich nach vorne, um das Gespräch besser zu hören. [SEP] l___ [SEP] lean"
2236,de,-1.541842589,Geschrei [SEP] Das Geschrei der beiden war noch im Nachbarhaus zu hören. [SEP] s_______ [SEP] shouting
2237,de,-1.575614112,gequält [SEP] Sein gequälter Verstand ließ ihm keine Ruhe. [SEP] t_______ [SEP] tortured
2238,de,3.427436328,Fan [SEP] Sie ist ein Fan von Bruno Mars. [SEP] f__ [SEP] fan
2239,de,-0.853231019,informell [SEP] Das Bewerbungsgespräch lief relativ informell ab. [SEP] i_________ [SEP] informally
2240,de,-1.421752486,Schiff [SEP] Das Schiff wurde von einer europäischen Werft gebaut. [SEP] v_____ [SEP] vessel
2241,de,1.446487224,Rollstuhl [SEP] Seit ihrem Unfall ist sie an den Rollstuhl gefesselt. [SEP] w_________ [SEP] wheelchair
2242,de,-1.335048258,Platz [SEP] Wir treffen uns auf dem kleinen Platz vor der Kirche. [SEP] s_____ [SEP] square
2243,de,-0.270327956,imaginär [SEP] Kinder spielen manchmal mit imaginären Freunden. [SEP] i________ [SEP] imaginary
2244,de,-1.730062955,"Schnur [SEP] Hast du ein Stück Schnur da, damit ich die Ansichtskarten vielleicht aufhängen kann? [SEP] s_____ [SEP] string"
2245,de,-0.808489572,früher [SEP] Die Künstlerin war früher unter einem anderen Namen bekannt. [SEP] f_______ [SEP] formerly
2246,de,-2.233601378,schaukelnd [SEP] Die schaukelnden Bewegungen des Schiffes haben mich schnell einschlafen lassen. [SEP] r______ [SEP] rocking
2247,de,0.338770846,normalerweise [SEP] Die Fabrik stellt normalerweise etwa 300 Tische pro Woche her. [SEP] t________ [SEP] typically
2248,de,-0.540984617,"anweisen [SEP] Der Vorgesetzte wies die Mitarbeiter an, pünktlich zur Arbeit zu erscheinen. [SEP] i_______ [SEP] instruct"
2249,de,0.165082709,demonstrieren [SEP] Die Gruppe demonstriert regelmäßig gegen die geplanten Kürzungen im Sozialbereich. [SEP] p______ [SEP] protest
2250,de,-0.817905681,unregelmäßige [SEP] Sein Herz schlägt unregelmäßig. [SEP] i__________ [SEP] irregularly
2251,de,1.771057279,Meister [SEP] Italien schlug überraschend den Meister Deutschland in Fußball. [SEP] c_______ [SEP] champion
2252,de,-1.304813881,"reicher [SEP] Hugh Hefner war im wahrsten Sinn ein echter Lebemann, der seine Zeit am liebsten auf Partys verbrachte. [SEP] p______ [SEP] playboy"
2253,de,1.578257905,Schauspieler [SEP] Er ist ein bekannter und sehr erfolgreicher Schauspieler. [SEP] a____ [SEP] actor
2254,de,-1.775071592,Ertrag [SEP] Wir möchten dieses Jahr einen höheren Ertrag erzielen. [SEP] y____ [SEP] yield
2255,de,1.041946052,"Sexismus [SEP] Wir brauchen einen Leitfaden in unserer Firma, der über Sexismus aufklärt. [SEP] s_____ [SEP] sexism"
2256,de,-0.949550479,Anbetung [SEP] Die griechischen Tempel waren nicht nur Orte der Anbetung. [SEP] w______ [SEP] worship
2257,de,-1.561651174,"Hörer [SEP] Als das Telefon läutete, nahm ich den Hörer ab, um den Anruf anzunehmen. [SEP] r_______ [SEP] receiver"
2258,de,1.539187562,noch [SEP] Ich liebe dieses Lied. Bitte spiele es noch einmal. [SEP] a____ [SEP] again
2259,de,-2.681706598,"abbrechen [SEP] Der Patient unterbrach seine Therapie, ohne vorher mit seiner Ärztin zu sprechen. [SEP] d__________ [SEP] discontinue"
2260,de,2.509182611,"Rauchen [SEP] Die Zigaretten sind so teuer, dass man sich das Rauchen wirklich abgewöhnen möchte. [SEP] s______ [SEP] smoking"
2261,de,1.592047616,fantastisch [SEP] Auf dem Berg hat man eine fantastische Sicht auf das Tal. [SEP] f________ [SEP] fantastic
2262,de,-2.575127145,Bandbreite [SEP] Wir können eine große Bandbreite an unterschiedlichen Produkten anbieten. [SEP] s_______ [SEP] spectrum
2263,de,-2.760715335,Bereich [SEP] Im Bereich der Technik arbeiten immer mehr Frauen. [SEP] d_____ [SEP] domain
2264,de,0.22733538,Erzähler [SEP] Der Erzähler beschreibt die Landschaft im Detail. [SEP] n_______ [SEP] narrator
2265,de,2.146626258,"Gute [SEP] Ich bin mir sicher, dass er nichts Gutes im Schilde führt. [SEP] g___ [SEP] good"
2266,de,-1.55869994,riesig [SEP] Wir mussten riesige Distanzen bewältigen. [SEP] i______ [SEP] immense
2267,de,-0.724812009,geistig [SEP] Die geistige Entwicklung der Säuglinge ist enorm. [SEP] i___________ [SEP] intellectual
2268,de,-2.118885275,jeweils [SEP] Thomas und Sabrina wurden jeweils zu zehn Stunden Sozialarbeit verpflichtet. [SEP] r___________ [SEP] respectively
2269,de,-0.922844657,daher [SEP] Er war neu in der Stadt und daher kannte er sich kaum aus. [SEP] h____ [SEP] hence
2270,de,0.222365444,"Pflegespülung [SEP] Wenn ich die Haare wasche, verwende ich auch immer eine Pflegespülung. [SEP] c__________ [SEP] conditioner"
2271,de,1.972651688,Alternative [SEP] Welche Alternative hast du in diesem Fall? [SEP] a__________ [SEP] alternative
2272,de,-0.576358075,"auslassen [SEP] Es ist nicht sehr gesund, wenn man immer wieder das Frühstück auslässt. [SEP] s___ [SEP] skip"
2273,de,1.188039546,Trainer [SEP] Seine Trainerin war gegen die Teilnahme am Wettkampf. [SEP] t______ [SEP] trainer
2274,de,-2.679050702,geschult [SEP] Wir brauchen mehr geschulte Fachleute für diesen Bereich. [SEP] s______ [SEP] skilled
2275,de,1.037195884,einmal [SEP] Ich habe die Frau nur einmal gesehen. [SEP] o___ [SEP] once
2276,de,-0.317776982,angemeldet [SEP] Nur eingetragene Hilfsorganisationen kommen für dieses Programm in Frage. [SEP] r_________ [SEP] registered
2277,de,1.655524247,sprechen [SEP] Er spricht nur gut über seine Familie. [SEP] s____ [SEP] speak
2278,de,3.024365099,Organ [SEP] Die Lunge ist ein menschliches Organ. [SEP] o____ [SEP] organ
2279,de,0.429634829,geografisch [SEP] Die geografische Lage des Hauses ist ideal. [SEP] g___________ [SEP] geographical
2280,de,-0.278078231,Wende [SEP] Diese Entdeckung war Wendepunkt in ihrer Karriere. [SEP] t______ [SEP] turning
2281,de,0.922328386,Wirtschaft [SEP] Die Wirtschaft hat sich gut erholt. [SEP] e______ [SEP] economy
2282,de,2.619366498,klein [SEP] Mir wäre ein kleiner Balkon schon genug. [SEP] s____ [SEP] small
2283,de,-1.271421553,Treffen [SEP] Bei dem Treffen waren alle Mitglieder anwesend. [SEP] g________ [SEP] gathering
2284,de,2.16494305,Braut [SEP] Die Braut ist überglücklich an ihrem Hochzeitstag. [SEP] b____ [SEP] bride
2285,de,-1.026745225,folglich [SEP] Sie ist die älteste Tochter und folglich Anwärterin auf den Titel. [SEP] t___ [SEP] thus
2286,de,-1.887142708,momentan [SEP] Momentan leitet er ein kleines Unternehmen. [SEP] p________ [SEP] presently
2287,de,-0.041457414,Mundart [SEP] Sie hat ein Lied in Mundart geschrieben. [SEP] d______ [SEP] dialect
2288,de,-4.169007488,aussetzen [SEP] Sie setzt uns ständig ihrer schlechten Laune aus. [SEP] s______ [SEP] subject
2289,de,-3.017037277,"anspornen [SEP] Diese Webseite fordert die Besucher dazu auf, ihr Passwort regelmäßig zu ändern. [SEP] p_____ [SEP] prompt"
2290,de,-1.92701131,Geschäft [SEP] Er ist in ein zweifelhaftes Geschäft verwickelt. [SEP] t__________ [SEP] transaction
2291,de,1.479974017,Grab [SEP] Die Kinder wollen das Grab ihrer Eltern nicht besuchen. [SEP] g____ [SEP] grave
2292,de,-0.382807684,"fix [SEP] Es handelt sich um fixe Kosten, deshalb kann ich Ihnen keinen Rabatt gewähren. [SEP] f____ [SEP] fixed"
2293,de,0.100544214,sparen [SEP] Wir sollten etwas Geld für den Urlaub sparen. [SEP] s___ [SEP] save
2294,de,1.683719406,"kosmetisch [SEP] Die Änderungen am Gebäude sind nicht wirklich gravierend, sondern eher kosmetisch. [SEP] c_______ [SEP] cosmetic"
2295,de,-0.700001141,beängstigend [SEP] Die Handlung des Films ist beängstigend. Ich möchte ihn nicht mehr fertig anschauen. [SEP] f__________ [SEP] frightening
2296,de,0.933261204,Bart [SEP] Er hat einen langen dunklen Bart. [SEP] b____ [SEP] beard
2297,de,-1.77599848,Veranda [SEP] Ich verbringe ganze Tage in meinem Schaukelstuhl auf der Veranda. [SEP] p____ [SEP] porch
2298,de,0.5439053,Abteilung [SEP] Die Abteilung für Gesundheit hat ein Treffen organisiert. [SEP] d_________ [SEP] department
2299,de,-2.429065102,Sekte [SEP] Sie verhält sich so komisch in letzter Zeit. Sie wird doch wohl nicht einer Sekte beigetreten sein. [SEP] c___ [SEP] cult
2300,de,0.28890234,abwesend [SEP] Viele Schüler sind heute abwesend. [SEP] a_____ [SEP] absent
2301,de,-1.123604454,Schaden [SEP] Der Sturm hat großen Schaden an vielen Bäumen angerichtet. [SEP] h___ [SEP] harm
2302,de,2.066828399,exklusiv [SEP] Sie geht gerne in exklusive Restaurants. [SEP] e________ [SEP] exclusive
2303,de,0.078630728,enttäuscht [SEP] Sie war enttäuscht über den Ausgang des Spiels. [SEP] d___________ [SEP] disappointed
2304,de,-0.936961124,stecken [SEP] Ermüdet steckt er die Schaufel in die Erde und geht ins Haus. [SEP] s____ [SEP] stick
2305,de,-1.655977997,Herstellungs [SEP] Die Herstellungskosten dieser Sportbekleidung sind relativ gering. [SEP] m____________ [SEP] manufacturing
2306,de,-0.686573402,"lindern [SEP] Das Aspirin hilft, die Kopfschmerzen zu lindern. [SEP] e___ [SEP] ease"
2307,de,-0.923472185,erfolglos [SEP] Ihre Versuche waren erfolglos. [SEP] u___________ [SEP] unsuccessful
2308,de,0.279592992,nach [SEP] Ich bin süchtig nach Schokolade. [SEP] a_______ [SEP] addicted
2309,de,-0.939217626,Lade [SEP] Es gibt mittlerweile einige Ladestationen für Elektroautos in der Stadt. [SEP] c_______ [SEP] charging
2310,de,-0.779685654,Moschee [SEP] Die Gläubigen gehen zum Beten in die Moschee. [SEP] m_____ [SEP] mosque
2311,de,-0.978908187,zufriedenstellende [SEP] Wir konnten ein wirklich zufriedenstellendes Ergebnis erzielen. [SEP] s_________ [SEP] satisfying
2312,de,2.808370412,Kämpfer [SEP] Der beste Kämpfer wird gewinnen. [SEP] f______ [SEP] fighter
2313,de,-2.640164992,Vergrößerung [SEP] Es ist eine Vergrößerung des Hotels geplant. [SEP] e________ [SEP] extension
2314,de,-0.975667962,"Lehrveranstaltung [SEP] Ich habe mich bei der Volkshochschule für eine Lehrveranstaltung eingetragen, weil ich besser kochen lernen möchte. [SEP] s______ [SEP] seminar"
2315,de,-0.864813765,"Empfehlung [SEP] Der Bericht endet mit einer Empfehlung, wie dieses Problem in Zukunft vermieden werden kann. [SEP] r_____________ [SEP] recommendation"
2316,de,-2.452912731,Krisenherd [SEP] Das Land droht zu einem zentralen Krisenherd in Afrika zu werden. [SEP] h______ [SEP] hotspot
2317,de,2.268459775,Bargeld [SEP] In dieser Bäckerei kann man nur mit Bargeld bezahlen. [SEP] c___ [SEP] cash
2318,de,1.549655768,Jagen [SEP] Das Jagen ist sein Hobby. [SEP] h______ [SEP] hunting
2319,de,-0.231715874,"Dummheit [SEP] Es war pure Dummheit, die zu diesem Unfall geführt hat. [SEP] s________ [SEP] stupidity"
2320,de,0.54389344,"einen [SEP] Sie weigerte sich, auf den Kompromiss einzugehen. [SEP] c_________ [SEP] compromise"
2321,de,-1.85192036,Anwalt [SEP] Er arbeitet als Anwalt für diese Kanzlei. [SEP] a_______ [SEP] attorney
2322,de,-1.532551727,unangekündigt [SEP] Sie tauchte unangekündigt bei ihm Zuhause auf. [SEP] u__________ [SEP] unannounced
2323,de,2.93391726,Comic [SEP] Der Junge liest gerne Comichefte. [SEP] c____ [SEP] comic
2324,de,1.996486909,namenlos [SEP] Der namenlose Protagonist ist mir ans Herz gewachsen. [SEP] n_______ [SEP] nameless
2325,de,-1.02390952,liegen [SEP] Er liegt auf dem Sofa. [SEP] l__ [SEP] lie
2326,de,0.154266379,locker [SEP] Manche Dielen des Fußbodens sind locker. [SEP] l____ [SEP] loose
2327,de,-2.463448414,Konkurs [SEP] Die Firma ist letztes Jahr in Konkurs gegangen. [SEP] b_________ [SEP] bankruptcy
2328,de,-2.181359498,darstellen [SEP] Der Protagonist des Films verkörpert die westlichen Ideale. [SEP] e_____ [SEP] embody
2329,de,-2.302227762,"Rollladen [SEP] Wenn dich die Sonne blendet, kannst du ja die Rollläden zumachen. [SEP] s______ [SEP] shutter"
2330,de,-2.009016978,aufspüren [SEP] Endlich konnten sie den Gesuchten aufspüren. (NICHT track) [SEP] t____ [SEP] trace
2331,de,-0.623713572,unbefriedigt [SEP] Wegen des Krieges blieben viele Grundbedürfnisse unbefriedigt. [SEP] u__________ [SEP] unsatisfied
2332,de,-2.411842076,erfolglos [SEP] Das Unternehmen war erfolglos. [SEP] f______ [SEP] failing
2333,de,1.250720264,"hingehören [SEP] Lege die Löffel bitte dahin zurück, wo sie hingehören. [SEP] b_____ [SEP] belong"
2334,de,-1.711836241,Symbolik [SEP] Seine Werke sind voll mit politischer Symbolik. [SEP] s________ [SEP] symbolism
2335,de,-2.946129263,"Platz [SEP] Hier wäre ein besonders guter Platz, um ein Wohnhaus zu errichten. [SEP] s___ [SEP] site"
2336,de,-0.433567921,unentdeckt [SEP] In ihr schlummerte ein unentdecktes Talent. [SEP] u___________ [SEP] undiscovered
2337,de,-3.544747715,skurril [SEP] Das ist skurril. [SEP] f_____ [SEP] freaky
2338,de,-0.73481173,Gebrauchsanweisung [SEP] Mit Hilfe der Gebrauchsanweisung hat sie den Kasten selbständig aufgebaut. [SEP] m_____ [SEP] manual
2339,de,2.084876336,immer [SEP] Ich fahre immer mit dem Zug um acht Uhr. [SEP] a_____ [SEP] always
2340,de,-0.428158954,Zutat [SEP] Gib alle restlichen Zutaten in die Schüssel. [SEP] i_________ [SEP] ingredient
2341,de,1.958753761,ganz [SEP] Er war ganz allein. [SEP] a__ [SEP] all
2342,de,0.360968242,Benzin [SEP] Der Tank ist fast leer. Wir müssen Benzin nachfüllen. [SEP] g_______ [SEP] gasoline
2343,de,2.136605816,brillant [SEP] Sie ist eine brillante Schauspielerin. [SEP] b________ [SEP] brilliant
2344,de,2.134215722,kopiert [SEP] Das kopierte Arbeitsblatt ist fast unlesbar. [SEP] c_____ [SEP] copied
2345,de,1.192873646,Gedicht [SEP] Das ist ein wunderbares Gedicht über die Liebe. [SEP] p___ [SEP] poem
2346,de,-0.422752656,zufällig [SEP] Ich hatte heute eine zufällige Begegnung mit einer ehemaligen Schulkollegin von mir. [SEP] r_____ [SEP] random
2347,de,1.168326354,Steuer [SEP] Er musste dieses Jahr über 3000 Euro an Steuern zahlen. [SEP] t__ [SEP] tax
2348,de,0.38552372,unberührt [SEP] Dieser Landstrich durfte bis jetzt wild und unberührt bleiben. [SEP] u________ [SEP] untouched
2349,de,-2.612055715,"äußern [SEP] Ich traute mich kaum, meine Idee zu äußern. [SEP] a_________ [SEP] articulate"
2350,de,-0.857260411,riesig [SEP] Dahinter liegt ein riesiges Waldgebiet. [SEP] v___ [SEP] vast
2351,de,-0.640648978,demokratisch [SEP] Sie denken demokratisch. [SEP] d_____________ [SEP] democratically
2352,de,0.445101808,ehemaliger [SEP] Das sind ehemalige Mitschüler von mir. [SEP] f_____ [SEP] former
2353,de,-0.408430541,Spielgefährte [SEP] Jeden Tag nach Schulschluss trifft sich Tim mit seinem Spielgefährten. [SEP] p_______ [SEP] playmate
2354,de,0.643077015,Kardiologie [SEP] Der Arzt hat sich auf Kardiologie spezialisiert. [SEP] c_________ [SEP] cardiology
2355,de,1.818187753,"Tropfen [SEP] Ich habe einen Regentropfen gespürt. Ich glaube, es beginnt zu regnen. [SEP] d___ [SEP] drop"
2356,de,-0.078494646,Schoß [SEP] Das Kind sitzt auf dem Schoß des Großvaters. [SEP] l__ [SEP] lap
2357,de,-0.707713989,Gesamt [SEP] Der Gesamteindruck von seiner Arbeit ist nicht zufriedenstellend. [SEP] o______ [SEP] overall
2358,de,-3.117233353,Unterschied [SEP] Der Unterschied zwischen den beiden Bildern ist nicht sehr groß. [SEP] d__________ [SEP] distinction
2359,de,-1.634522882,wichtigste [SEP] Unser wichtigstes Anliegen ist die Sicherheit unserer Kundendaten. [SEP] p____ [SEP] prime
2360,de,-0.384478114,unvergesslich [SEP] Besonders die Dialoge machen diesen Film so unvergesslich. [SEP] u____________ [SEP] unforgettable
2361,de,-1.178861891,Fragebogen [SEP] Füllen Sie diesen Fragebogen bitte in aller Ruhe aus. [SEP] q____________ [SEP] questionnaire
2362,de,-2.068493446,Wegbereiter [SEP] Die Firma war ein Wegbereiter für erneuerbare Energie. [SEP] p______ [SEP] pioneer
2363,de,0.300298824,biografisch [SEP] Sein Roman enthält biografische Elemente. [SEP] b___________ [SEP] biographical
2364,de,-1.605436853,Palästinenser [SEP] Sie ist eine Palästinenserin. [SEP] p__________ [SEP] palestinian
2365,de,1.359369748,Hunger [SEP] Die Organisation kämpft gegen Hunger und Armut in der dritten Welt. [SEP] h_____ [SEP] hunger
2366,de,0.338969794,überraschend [SEP] Das Ende des Films war überraschend. [SEP] s_________ [SEP] surprising
2367,de,-2.99752535,Aktienanteil [SEP] Er besitzt einen Aktienanteil am Unternehmen in der Höhe von fünfzig Prozent. [SEP] e_____ [SEP] equity
2368,de,-0.374121757,planen [SEP] Wir müssen die Ankunft für genau 16 Uhr planen. [SEP] t___ [SEP] time
2369,de,1.634985859,parken [SEP] Das Auto ist am Straßenrand geparkt. [SEP] p___ [SEP] park
2370,de,-1.107661072,leidenschaftlich [SEP] Sie reitet leidenschaftlich gern. [SEP] p___________ [SEP] passionately
2371,de,1.5034231,wöchentlich [SEP] Bei ihren wöchentlichen Treffen geht es sehr lustig zu. [SEP] w_____ [SEP] weekly
2372,de,-1.339645891,Überprüfung [SEP] Das Restaurant muss sich alle paar Jahre einer Überprüfung unterziehen. [SEP] i_________ [SEP] inspection
2373,de,-1.997453484,Ansehen [SEP] Die Bürgermeisterin genießt ein hohes Ansehen in diesem Ort. [SEP] r______ [SEP] respect
2374,de,0.786283481,preiswert [SEP] Die preiswerten Lebensmittel überraschten sie. [SEP] c____ [SEP] cheap
2375,de,-0.25529759,Leiter [SEP] Er klettert die Leiter hinauf. [SEP] l_____ [SEP] ladder
2376,de,-2.978580231,Souveränität [SEP] Die Souveränität und Selbstbestimmtheit einer Nation wird durch eine Landesflagge symbolisiert. [SEP] s__________ [SEP] sovereignty
2377,de,-2.555562836,vermutlich [SEP] Sie ist gerade nicht in ihrem Büro. Vermutlich ist sie schon früher nach Hause gegangen. [SEP] p_________ [SEP] presumably
2378,de,-2.352485059,in [SEP] Wir werden als nächstes die Reparaturen in Angriff nehmen. [SEP] t_____ [SEP] tackle
2379,de,-1.541503224,trösten [SEP] Sie war so traurig. Niemand konnte sie trösten. [SEP] c______ [SEP] comfort
2380,de,2.968406836,schlecht [SEP] Das Wetter ist heute schlecht. Lass uns drinnen bleiben. [SEP] b__ [SEP] bad
2381,de,0.316321881,Essig [SEP] Könnten Sie uns bitte etwas Essig bringen? [SEP] v______ [SEP] vinegar
2382,de,3.436098915,Lippe [SEP] Sie trägt roten Lippenstift auf ihre Lippen auf. [SEP] l__ [SEP] lip
2383,de,-1.961041526,Bestandsliste [SEP] Nach dem Einbruch mussten wir eine Bestandsliste der fehlenden Gegenstände erstellen. [SEP] i________ [SEP] inventory
2384,de,-0.528566829,Gerät [SEP] Sichere deinen Rucksack mit diesem innovativen Schließgerät. [SEP] d_____ [SEP] device
2385,de,1.609291002,Tunnel [SEP] Unter der alten Passstraße verläuft jetzt ein Tunnel. [SEP] t_____ [SEP] tunnel
2386,de,1.099017049,Klopfen [SEP] Das Klopfen hörte nicht auf und deshalb ging ich schließlich zur Tür. [SEP] k_______ [SEP] knocking
2387,de,-0.088881276,Brillanz [SEP] Sie hat die Präsentation mit Brillanz vorgetragen. [SEP] b_________ [SEP] brilliance
2388,de,0.705941062,Entführer [SEP] Der Entführer fordert Lösegeld. [SEP] k________ [SEP] kidnapper
2389,de,-0.808999357,Pflege [SEP] Das Mädchen wuchs bei Pflegeeltern auf. [SEP] f_____ [SEP] foster
2390,de,-1.794853101,"stetig [SEP] Die Anzahl an Raucherlokalen ist langsam, aber stetig gesunken. [SEP] s_______ [SEP] steadily"
2391,de,-3.096306215,hegen [SEP] Die ältere Frau hegt ihre Pflanzen. [SEP] n______ [SEP] nurture
2392,de,-1.848397087,Menschenfresser [SEP] Die Geschichte handelt von Menschenfressern. [SEP] c_______ [SEP] cannibal
2393,de,1.775905202,Reaktor [SEP] Die Reaktoranlage musste nach dem Zwischenfall stillgelegt werden. [SEP] r______ [SEP] reactor
2394,de,1.001517893,rollen [SEP] Mit dem Rädchen an deiner Computermaus kannst du den Bildschirm nach unten rollen. [SEP] s_____ [SEP] scroll
2395,de,-2.72284687,"herumblödeln [SEP] Nachdem wir über das ernste Thema geredet hatten, haben wir nur noch herumgeblödelt. [SEP] m___ [SEP] mess"
2396,de,-3.399139599,beeinflussbar [SEP] Jugendliche sind leicht beeinflussbar. [SEP] i_____________ [SEP] impressionable
2397,de,-0.995867758,Sprung [SEP] Die Katze macht einen Sprung auf das Fensterbrett. [SEP] l___ [SEP] leap
2398,de,3.2530797,"wissen [SEP] Ich weiß nicht, ob sie schon aus dem Urlaub zurück sind. [SEP] k___ [SEP] know"
2399,de,3.5072783,Million [SEP] Der Mann hat eine Million Euro im Spielkasino gewonnen. [SEP] m______ [SEP] million
2400,de,-0.217484747,Unschuld [SEP] Der Angeklagte konnte seine Unschuld beweisen. [SEP] i________ [SEP] innocence
2401,de,-2.027497949,erstrebenswert [SEP] Viele jungen Menschen wollen in die erstrebenswerte Gegend ziehen. [SEP] d________ [SEP] desirable
2402,de,-1.628535154,jeweilig [SEP] Am Ende des Spaziergangs kehrten die Hunde zu ihren jeweiligen Besitzern zurück. [SEP] r_________ [SEP] respective
2403,de,0.885666113,Müll [SEP] Die Straßen waren voller Müll. [SEP] t____ [SEP] trash
2404,de,-0.874068001,dolmetschen [SEP] Ich spreche sehr gut Spanisch. Soll ich für euch dolmetschen? [SEP] i________ [SEP] interpret
2405,de,-0.50625898,"Halt [SEP] Als der Bus plötzlich bremste, verlor sie ihren Halt und knallte auf den Boden. [SEP] h___ [SEP] hold"
2406,de,-1.799163975,"geistig [SEP] Ein Sprichwort besagt, dass Menschen, die Großes nicht vom Kleinen unterscheiden können, nicht geistig fertig entwickelt sind. [SEP] s__________ [SEP] spiritually"
2407,de,-1.482732316,"Lachen [SEP] Die Kinder hatten so viel Spaß, sie konnten sich das Lachen nicht verkneifen. [SEP] l_______ [SEP] laughter"
2408,de,2.371073545,Auge [SEP] Er hat blaue Augen. [SEP] e__ [SEP] eye
2409,de,-4.504431991,Unterstützung [SEP] Nach dem Skandal wurde dem Verein die finanzielle Unterstützung entzogen. [SEP] s______ [SEP] subsidy
2410,de,-1.956327681,bedeutend [SEP] Die Jungunternehmer haben einen bedeutenden Beitrag geleistet. [SEP] m____ [SEP] major
2411,de,-0.046319078,mythologisch [SEP] Er erzählt mythologische Geschichten. [SEP] m___________ [SEP] mythological
2412,de,-2.585782684,wissenschaftliche [SEP] Er belegt viele wissenschaftliche Fächer. [SEP] a________ [SEP] academics
2413,de,-0.622211385,leger [SEP] Bitte zieh dich leger an. [SEP] c_______ [SEP] casually
2414,de,1.025113705,dekorativ [SEP] Das ist eine sehr dekorative Pflanze. [SEP] d_________ [SEP] decorative
2415,de,-1.01610021,nicht [SEP] Die Mehrwertsteuer ist in dem Preis nicht inbegriffen. [SEP] e______ [SEP] exclude
2416,de,-0.036037111,Leuchtturm [SEP] Dieser alte Leuchtturm wurde zu einem Hotel umgebaut. [SEP] l_________ [SEP] lighthouse
2417,de,-1.278918953,verschieben [SEP] Ich habe die Entscheidung aufgeschoben. [SEP] d____ [SEP] delay
2418,de,1.270132204,irgendwie [SEP] Die Diebe sind irgendwie in das Gebäude eingedrungen. [SEP] s______ [SEP] somehow
2419,de,2.533532138,Logik [SEP] Ich kann deiner Logik nicht folgen. [SEP] l____ [SEP] logic
2420,de,0.889890593,"treten [SEP] Tritt etwas zurück, sonst kann das Auto nicht einparken. [SEP] s___ [SEP] step"
2421,de,-1.913411039,stark [SEP] Ihre Werke sind stark beeinflusst von den Malern der Renaissance. [SEP] h______ [SEP] heavily
2422,de,-1.868666995,"Rätsel [SEP] Es ist mir ein Rätsel, wie sie es geschafft hat, ihren Chef zu überzeugen. [SEP] m______ [SEP] mystery"
2423,de,1.630156101,ungewaschen [SEP] Seine Kleidung war schmutzig und sein Haar ungewaschen. [SEP] u_______ [SEP] unwashed
2424,de,1.08585131,ethnisch [SEP] Die ethnischen Minderheiten kämpfen gegen Vorurteile und Armut. [SEP] e_____ [SEP] ethnic
2425,de,-0.977664741,Betriebswirtschaft [SEP] Sie studierten Betriebswirtschaft an der Universität. [SEP] e________ [SEP] economics
2426,de,-0.779540799,Rauschgift [SEP] Der Hauptdarsteller des Dramas ist abhängig von Rauschgift. [SEP] n_______ [SEP] narcotic
2427,de,2.365344928,Affe [SEP] Ein kleine Affe sitzt auf dem Baum. [SEP] m_____ [SEP] monkey
2428,de,-0.647268004,Hausarbeit [SEP] Mein Mann und ich teilen uns die Hausarbeit. [SEP] h________ [SEP] housework
2429,de,-0.542003369,schlecht [SEP] Leider wird dieser Job nur sehr schlecht bezahlt. [SEP] p_____ [SEP] poorly
2430,de,2.451857784,Freiheit [SEP] Mit Geld lässt sich keine Freiheit kaufen. [SEP] f______ [SEP] freedom
2431,de,1.167969879,fangen [SEP] Das Kind fing den Ball. [SEP] c____ [SEP] catch
2432,de,-0.736668679,Prediger [SEP] Der Prediger richtete seine Worte an die versammelte Gemeinschaft. [SEP] p_______ [SEP] preacher
2433,de,-0.829112372,"Brett [SEP] Wir brauchen einen Handwerker, ein Fußbodenbrett hat sich gelockert. [SEP] b____ [SEP] board"
2434,de,-2.765968092,nicht [SEP] Er fühlte sich in der Firma nicht geschätzt und wollte deshalb den Job wechseln. [SEP] u____________ [SEP] unappreciated
2435,de,2.396480025,Kokusnuss [SEP] Thailand exportiert viele Kokusnüsse. [SEP] c______ [SEP] coconut
2436,de,0.299631897,kommunistisch [SEP] Die kommunistische Partei hat viele Anhänger. [SEP] c________ [SEP] communist
2437,de,1.549021247,Geschlecht [SEP] Diskriminierung aufgrund des Geschlechts ist verboten. [SEP] g_____ [SEP] gender
2438,de,-0.245470454,beschädigen [SEP] Die Straße ist beschädigt. [SEP] d_____ [SEP] damage
2439,de,0.161775533,"noch [SEP] Falls es dir beim ersten Mal nicht gelingt, solltest du es unbedingt noch mal versuchen. [SEP] r____ [SEP] retry"
2440,de,-0.35827339,Begrenzung [SEP] Die Kinder haben beim Spielen die räumliche Begrenzung überschritten. [SEP] l_________ [SEP] limitation
2441,de,-0.803621724,"verlesen [SEP] Diese Äpfel kosten etwas mehr, weil sie handverlesen sind. [SEP] p_____ [SEP] picked"
2442,de,-1.019659817,Mangel [SEP] Die Verspätung des Zuges liegt an einem technischen Mangel. [SEP] d_____ [SEP] defect
2443,de,-2.026573385,Uhr [SEP] Es ist bereits 13 Uhr. Wir müssen nach Hause gehen. [SEP] o______ [SEP] o'clock
2444,de,0.240427814,Durchbruch [SEP] Die Ermittler hoffen immer noch auf einen Durchbruch in diesem Fall. [SEP] b___________ [SEP] breakthrough
2445,de,-0.205279929,Lebensmittel [SEP] Ich habe heute in der Früh alle fehlenden Lebensmittel eingekauft. [SEP] g______ [SEP] grocery
2446,de,2.330839779,Phase [SEP] Das Projekt ist in der finalen Phase. [SEP] p____ [SEP] phase
2447,de,0.542512787,ernst [SEP] Könntest du die Sache bitte ernst nehmen und dich darum kümmern? [SEP] s________ [SEP] seriously
2448,de,-0.070304827,Hinrichtung [SEP] In vielen Ländern dieser Welt gibt es noch Hinrichtungen. [SEP] e________ [SEP] execution
2449,de,-3.931989863,"zugeben [SEP] Ich muss zugeben, dass ich einen Fehler begangen habe. [SEP] c______ [SEP] concede"
2450,de,-2.002652319,Abbildung [SEP] Die Abbildung zeigt die Schwankungen in der Populationsdichte auf. [SEP] i___________ [SEP] illustration
2451,de,0.857682735,Einfluss [SEP] Er hat einen Vater mit großem Einfluss. [SEP] i________ [SEP] influence
2452,de,2.516316802,Melodie [SEP] Sie summt immer die gleich Melodie. [SEP] m_____ [SEP] melody
2453,de,0.31359082,"achten [SEP] Alle Bürger müssen das Gesetz achten, damit das Zusammenleben funktioniert. [SEP] r______ [SEP] respect"
2454,de,0.787387427,tatsächlich [SEP] Die tatsächliche Teilnehmerzahl kann erst nach der Veranstaltung bekannt gegeben werden. [SEP] a_____ [SEP] actual
2455,de,-2.25857102,Lichtung [SEP] Pilze wachsen besonders gut an feuchten Stellen im Wald. Sehr gut eignen sich kleine Lichtungen. [SEP] c_______ [SEP] clearing
2456,de,-0.604364718,sich [SEP] Im Hinterland schlängeln sich die Straßen um Hügel und Seen. [SEP] w___ [SEP] wind
2457,de,-1.08660777,Beschäftigung [SEP] Auf dem Formular wird nach deiner Beschäftigung gefragt. [SEP] o_________ [SEP] occupation
2458,de,1.221078093,hoch [SEP] Diese Krankheit ist hoch ansteckend. [SEP] h_____ [SEP] highly
2459,de,-0.44642103,"zuverlässig [SEP] Obwohl mein Auto schon ziemlich alt ist, ist es noch immer zuverlässig. [SEP] r_______ [SEP] reliable"
2460,de,-0.674519432,Missverständnis [SEP] Es handelt sich dabei um ein Missverständnis. Ich habe einen Termin bei Frau Müller und nicht bei Herrn Müller. [SEP] m_______________ [SEP] misunderstanding
2461,de,1.492377949,unbekannt [SEP] Aus unbekannten Gründen zog er sich aus dem Berufsleben zurück. [SEP] u______ [SEP] unknown
2462,de,-3.458351603,erschrecken [SEP] Der Schuss erschreckte die Pferde und einige warfen ihre Reiter ab. [SEP] s______ [SEP] startle
2463,de,-0.84276659,"Art [SEP] Das ist die Art von Situation, die man unbedingt vermeiden sollte. [SEP] s___ [SEP] sort"
2464,de,-0.68194992,"Wirbelsäule [SEP] Er hat sich letztes Jahr an der Wirbelsäule verletzt und trainiert nun regelmäßig mit Gewichten, um wieder Kraft aufzubauen. [SEP] s____ [SEP] spine"
2465,de,-2.17300407,Überwachung [SEP] Die Insassen gewöhnen sich an die ständige Überwachung im Gefängnis. [SEP] s__________ [SEP] supervision
2466,de,1.170566469,Holz [SEP] Stell die Bücher in das Holzregal. [SEP] w_____ [SEP] wooden
2467,de,-2.941793269,unterhaltsam [SEP] Wir verbrachten einen unterhaltsamen Abend mit unseren Freunden. [SEP] e________ [SEP] enjoyable
2468,de,-3.578507404,gut [SEP] Die Genesung der Patientin macht gute Fortschritte. [SEP] n_____ [SEP] nicely
2469,de,2.430575396,Berg [SEP] Ich gehe gerne in die Berge wandern. [SEP] m_______ [SEP] mountain
2470,de,-1.760084101,Schriftverkehr [SEP] Die Brieffreunde hielten den Schriftverkehr über 20 Jahre hinweg aufrecht. [SEP] c_____________ [SEP] correspondence
2471,de,1.516940558,irgendetwas [SEP] Weißt du irgendetwas darüber? [SEP] a_______ [SEP] anything
2472,de,-2.430845353,"befolgen [SEP] Sie sind rechtlich dazu verpflichtet, diese Richtlinien zu befolgen. [SEP] c_____ [SEP] comply"
2473,de,-1.415992291,brutto [SEP] Mein Chef willigte einer Gehaltserhöhug von fünf Prozent brutto ein. [SEP] g____ [SEP] gross
2474,de,2.396962447,dramatisch [SEP] Wir sind in einer Phase dramatischer Veränderungen. [SEP] d_______ [SEP] dramatic
2475,de,-0.979429303,Ehepartner [SEP] Sie können gerne Ihren Ehepartner zu dieser Weihnachtsfeier mitbringen. [SEP] s_____ [SEP] spouse
2476,de,-3.638022826,Tugendhaftigkeit [SEP] Der alte Mann ist für seine Tugendhaftigkeit bekannt. [SEP] g_______ [SEP] goodness
2477,de,-0.421924863,Lagerhalle [SEP] Die Büros befinden sich in einer umgebauten Lagerhalle. [SEP] w________ [SEP] warehouse
2478,de,-2.571553279,Veröffentlichung [SEP] Die Veröffentlichung der Gehälter hat zu zahlreichen Diskussionen geführt. [SEP] p_________ [SEP] publishing
2479,de,1.696170168,Kanal [SEP] Die Brücke führt über den Kanal. [SEP] c____ [SEP] canal
2480,de,-3.388553834,Ausschussmitglied [SEP] Das Ausschussmitglied hat eine Rede vorbereitet. [SEP] c___________ [SEP] commissioner
2481,de,-2.991550165,korrigierend [SEP] Korrigierende Maßnahmen wurden bei der Operation angewendet. [SEP] c_________ [SEP] corrective
2482,de,1.939881049,Bühne [SEP] Er ist wirklich wie geschaffen für die Bühne. [SEP] s____ [SEP] stage
2483,de,0.592791605,unterhalten [SEP] Der Chor unterhielt das Publikum. [SEP] e________ [SEP] entertain
2484,de,2.076060817,Ehepartner [SEP] Sind die Partner auch zu der Abendveranstaltung eingeladen? [SEP] p______ [SEP] partner
2485,de,-2.461519897,einsatzfähig [SEP] Die Maschine wird in den nächsten Tagen nicht einsatzfähig sein. [SEP] o__________ [SEP] operational
2486,de,-1.314929679,Einzelhändler [SEP] Sie hatte bereits mehrere Jahre Erfahrung als Einzelhändlerin. [SEP] r_______ [SEP] retailer
2487,de,0.869395484,doppelt [SEP] Ins Wohnzimmer führt eine Doppeltür. [SEP] d_____ [SEP] double
2488,de,1.878151378,glauben [SEP] Viele Menschen glauben an Gott und gehen daher regelmäßig in die Kirche. [SEP] b______ [SEP] believe
2489,de,1.575560097,"gleich [SEP] Sie leisten gleich gute Arbeit, deshalb haben sie ein Recht auf gleiche Bezahlung. [SEP] e____ [SEP] equal"
2490,de,-1.815419408,Kritiker [SEP] Die beiden Kritiker haben dem Film Bestnoten gegeben. [SEP] r_______ [SEP] reviewer
2491,de,2.607654856,einfach [SEP] Die Aufgabe ist einfach. [SEP] e___ [SEP] easy
2492,de,-2.229174415,"Gesetze [SEP] Die Gesetze, die das Rauchen verbieten, sollten strenger eingehalten werden. [SEP] l__________ [SEP] legislation"
2493,de,2.458694359,über [SEP] Sie hat Wein über ihre neue weiße Bluse gegossen. [SEP] o___ [SEP] over
2494,de,0.884168958,Schöpfer [SEP] Anna ist die Schöpferin dieser tollen Skulptur. [SEP] c______ [SEP] creator
2495,de,1.867188746,tragen [SEP] Müssen die Männer eine Krawatte tragen? [SEP] w___ [SEP] wear
2496,de,-0.358347325,fabelhaft [SEP] Du trägst ein fabelhaftes Kleid! [SEP] f_______ [SEP] fabulous
2497,de,-0.951331928,"erkären [SEP] Die Angestellte erklärte dem Kunden geduldig, dass sie ihm das Geld nicht rückerstatten kann. [SEP] e______ [SEP] explain"
2498,de,0.63518767,Stück [SEP] Hier hast du ein Stück Papier. [SEP] p____ [SEP] piece
2499,de,-2.59479281,unverwechselbar [SEP] Der Mann hatte eine unverwechselbare Tätowierung an seinem Arm. [SEP] d__________ [SEP] distinctive
2500,de,-0.296168479,"Liebling [SEP] Holst du mir etwas zu trinken, Liebling? [SEP] s_________ [SEP] sweetheart"
2501,de,1.427709184,staubig [SEP] Die alte Wohnung ist ziemlich staubig. [SEP] d____ [SEP] dusty
2502,de,0.223591194,Bewegung [SEP] Bewegung an der frischen Luft tut gut. [SEP] m_______ [SEP] movement
2503,de,0.300823633,Tintenfisch [SEP] Heute Abend kocht Mama Spaghetti mit Tintenfisch. [SEP] o______ [SEP] octopus
2504,de,-1.237496027,Schnäppchen [SEP] Heute habe ich einen tollen Pullover gekauft. Er war ein richtiges Schnäppchen! [SEP] b______ [SEP] bargain
2505,de,1.844157651,Dach [SEP] Wir müssen den Klempner anrufen und das Dach wieder reparieren lassen. [SEP] r___ [SEP] roof
2506,de,-2.800323211,"Spiritismus [SEP] Okkultismus und Spiritismus sind in dieser Gegend weit verbreitet und es gibt viele, die daran glauben, dass sie mit Geistern kommunizieren können. [SEP] s___________ [SEP] spiritualism"
2507,de,2.745533037,Ziebel [SEP] Zuerst wird die Zwiebel in der Pfanne angebraten. [SEP] o____ [SEP] onion
2508,de,1.735806734,symbolisch [SEP] Der Handschlag war eine symbolische Geste. [SEP] s_______ [SEP] symbolic
2509,de,-1.919278162,erzwungen [SEP] Das erzwungene Ende des Films hat mich nicht überzeugt. [SEP] e_______ [SEP] enforced
2510,de,-1.788071773,Weltstadt [SEP] New York ist eine Weltstadt. [SEP] m_________ [SEP] metropolis
2511,de,-1.122237152,Sportbekleidung [SEP] Die Firma hat sich auf den Import von Sportbekleidung spezialisiert. [SEP] s_________ [SEP] sportswear
2512,de,2.800968561,Gesicht [SEP] Er hat ein eher rundliches Gesicht. [SEP] f___ [SEP] face
2513,de,1.980083299,Baumwolle [SEP] Das T-Shirt besteht zu 100 % aus Baumwolle. [SEP] c_____ [SEP] cotton
2514,de,-0.342449115,unnötig [SEP] Belaste dich nicht mit unnötigen Sorgen. [SEP] u__________ [SEP] unnecessary
2515,de,-1.347258881,Anhänger [SEP] Das Auto führte einen Anhänger für den Tiertransport mit. [SEP] t______ [SEP] trailer
2516,de,-0.755930883,Anschauen [SEP] Nach dem vierten oder fünften Anschauen konnte ich die Dialoge dieser Folge schon mitsprechen. [SEP] v______ [SEP] viewing
2517,de,3.307982655,Schlaf [SEP] Die letzten Tage waren recht intensiv und ich muss etwas Schlaf nachholen. [SEP] s____ [SEP] sleep
2518,de,2.234128633,Spiel [SEP] Brettspiele machen der ganzen Familie Spaß. [SEP] g___ [SEP] game
2519,de,-1.953588101,streben [SEP] Ich strebe meistens nicht nach Perfektion. [SEP] s___ [SEP] seek
2520,de,1.264574103,kommen [SEP] Ein Mann in einem schwarzen Mantel kommt uns entgegen. [SEP] c___ [SEP] come
2521,de,-1.384481591,"Riech [SEP] Die Damen trugen sehr enge Korsette und wenn sie in Ohnmacht fielen, wurden sie mit Riechsalz wieder geweckt. [SEP] s_______ [SEP] smelling"
2522,de,1.752765545,Kolonie [SEP] Dieses Land gehört ist eine ehemalige britische Kolonie. [SEP] c_____ [SEP] colony
2523,de,0.528383639,"schreien [SEP] Wenn er mit diesem gruseligen Kostüm an Halloween die Tür öffnet, schreien die Kinder mit Sicherheit. [SEP] s_____ [SEP] scream"
2524,de,2.646766182,Markt [SEP] Jeden Samstag findet auf dem Stadtplatz ein Markt statt. [SEP] m_____ [SEP] market
2525,de,-0.353525986,zunehmend [SEP] Es gibt eine zunehmende Verunsicherung in der Bevölkerung. [SEP] g______ [SEP] growing
2526,de,2.715028464,auflisten [SEP] Sie listet alle teilnehmenden Personen auf. [SEP] l___ [SEP] list
2527,de,1.508180087,Aspirin [SEP] Ich habe solche Kopfschmerzen! Nimm doch eine Aspirin. (full stop missing in original) [SEP] a______ [SEP] aspirin
2528,de,-0.031623973,Wackelpudding [SEP] Zum Nachtisch gibt es Wackelpudding. [SEP] j____ [SEP] jelly
2529,de,0.505324937,Website [SEP] Du kannst dir die Informationen von ihrer Website herunterladen. (NICHT: webpage) [SEP] w______ [SEP] website
2530,de,-0.562042684,wahrhaftig [SEP] Das ist wahrhaftig eine nationale Premiere. [SEP] t____ [SEP] truly
2531,de,0.724832116,Synonym [SEP] Schrecklich' ist ein Synonym zu 'fürchterlich' und 'furchtbar'. [SEP] s______ [SEP] synonym
2532,de,0.379540111,Sonnenuntergang [SEP] Die Stadt Colombo in Sri Lanka ist für spektakuläre Sonnenuntergänge bekannt. [SEP] s_____ [SEP] sunset
2533,de,0.885733111,Fotokopie [SEP] Der Lehrer teilt die Fotokopien an die Schüler aus. [SEP] p________ [SEP] photocopy
2534,de,2.018194565,gesalzen [SEP] Schließlich geben Sie die Nudeln in das gesalzene Kochwasser. [SEP] s_____ [SEP] salted
2535,de,0.669038251,immun [SEP] Sie ist immun gegen die ständige Kritik durch die Presse. [SEP] i_____ [SEP] immune
2536,de,0.128558517,Ursprung [SEP] Der Ursprung dieser unglaublichen Geschichte ist unklar. [SEP] o_____ [SEP] origin
2537,de,-0.272732707,Beliebtheit [SEP] Dieser Sport hat über die letzten Jahre immer mehr an Beliebtheit gewonnen. [SEP] p_________ [SEP] popularity
2538,de,0.914578641,Blocker [SEP] Haben Sie Probleme mit dem Pop-up-Blocker? [SEP] b______ [SEP] blocker
2539,de,-1.940890481,"Verbesserung [SEP] Die Eltern gehen davon aus, dass die Lehrperson der Schlüssel zur Verbesserung der Schülerleistungen ist. [SEP] i________ [SEP] improving"
2540,de,-0.456761984,landesweit [SEP] Der Beitrag wird landesweit ausgestrahlt. [SEP] n_________ [SEP] nationwide
2541,de,1.180448845,liefern [SEP] Das Paket wurde heute zugestellt. [SEP] d______ [SEP] deliver
2542,de,-0.06394944,zart [SEP] Das Fleisch war wunderbar zart. [SEP] t_____ [SEP] tender
2543,de,-0.04521618,"anhalten [SEP] Auf der Brücke hielten wir kurz an, um den Wasserfall genauer zu betrachten. [SEP] p____ [SEP] pause"
2544,de,-2.948101652,Verantwortung [SEP] Ich übernahm die Verantwortung für meine Tat. [SEP] a_____________ [SEP] accountability
2545,de,-1.636607833,leiten [SEP] Ein neuer Direktor leitet die Schule. [SEP] a_________ [SEP] administer
2546,de,-1.552496194,unerforscht [SEP] Sie wollten die bisher unerforschte Höhle erkunden. [SEP] u_________ [SEP] unexplored
2547,de,2.269463849,Golf [SEP] Das Ehepaar spielt gerne Golf zusammen. [SEP] g___ [SEP] golf
2548,de,-2.925725542,mit [SEP] Die Teilnahme der spanischen Athleten wurde mit Vorbehalt genehmigt. [SEP] c____________ [SEP] conditionally
2549,de,2.565374563,"rennen [SEP] Ich muss immer rennen, um meinen Bus rechtzeitig zu erreichen. [SEP] r__ [SEP] run"
2550,de,0.132666712,"bearbeiten [SEP] Der Zeitungsartikel wurde noch einmal bearbeitet, bevor er in den Druck gehen konnte. [SEP] e___ [SEP] edit"
2551,de,-0.749556323,"Geist [SEP] Sie war ein wirklich freier Geist und hat viele dazu inspiriert, mehr aus sich herauszugehen. [SEP] s_____ [SEP] spirit"
2552,de,-0.727333185,Sieg [SEP] Es war ein persönlicher Sieg über seinen größten Rivalen. [SEP] t______ [SEP] triumph
2553,de,-1.363327251,inmitten [SEP] Der Turm stand inmitten der Ruinen. [SEP] a___ [SEP] amid
2554,de,2.481656711,"wünschen [SEP] Ich wünschte, ich wäre schon volljährig. [SEP] w___ [SEP] wish"
2555,de,-2.169396555,Befürworter [SEP] Als Befürworter und Unterstützer des Projekts hat er viel Herzblut und eine Menge Geld hineingesteckt. [SEP] a_______ [SEP] advocate
2556,de,-1.937646939,Partner [SEP] Er ist einer unserer Geschäftspartner. [SEP] a________ [SEP] associate
2557,de,0.832937604,Magen [SEP] Mit einem vollen Magen sollte man nicht schwimmen gehen. [SEP] s______ [SEP] stomach
2558,de,-1.612657794,drücken [SEP] Er war voller Selbstvertrauen und drückt ihre Hand fester als gewöhnlich. [SEP] s______ [SEP] squeeze
2559,de,0.931188062,Bauch [SEP] Mein Opa hat einen dicken Bauch. [SEP] b____ [SEP] belly
2560,de,0.228769232,um [SEP] Die Erde dreht sich jeden Tag einmal um die eigene Achse. [SEP] r_____ [SEP] rotate
2561,de,1.194734399,"abkühlen [SEP] Bevor wir den Kuchen essen können, muss er noch abkühlen. [SEP] c___ [SEP] cool"
2562,de,0.742620066,marschieren [SEP] Die Soldaten marschieren die Straße entlang. [SEP] m____ [SEP] march
2563,de,-1.690917622,"Schoner [SEP] Wenn du Volleyball spielen gehst, vergiss deine Knieschoner nicht. [SEP] p__ [SEP] pad"
2564,de,1.457148876,Architekt [SEP] Ich lasse mein Haus von einem Architekten entwerfen. [SEP] a________ [SEP] architect
2565,de,-2.471638666,"stürzen [SEP] Als die Familie das Hotel erreichte, stürzten sich die Kinder sofort in den Pool. [SEP] p_____ [SEP] plunge"
2566,de,0.094795115,unterschätzen [SEP] Wir dürfen die Kosten des Projekts nicht unterschätzen. [SEP] u____________ [SEP] underestimate
2567,de,0.323210382,blass [SEP] Das Bild besteht aus blassen Grüntönen. [SEP] p___ [SEP] pale
2568,de,1.109465918,sich [SEP] Die Anzahl der Arbeitslosen hat sich im letzten Jahr fast verdoppelt. [SEP] d_____ [SEP] double
2569,de,1.10582428,innovativ [SEP] Das innovative Team hat Großartiges geleistet. [SEP] i_________ [SEP] innovative
2570,de,-0.936903289,Scherz [SEP] Ohne Scherz? [SEP] k______ [SEP] kidding
2571,de,-0.32766467,Härte [SEP] Diese Materialien werden wegen ihrer Härte verwendet. [SEP] h_______ [SEP] hardness
2572,de,0.474880614,Geschäft [SEP] Das Geschäft läuft nicht gut. [SEP] b_______ [SEP] business
2573,de,-0.605102807,Beobachter [SEP] Eine Beobachterin am Strand konnte das Unglück mitverfolgen. [SEP] w______ [SEP] watcher
2574,de,-1.002165004,"fusionieren [SEP] Die beiden Firmen planen, zu fusionieren. [SEP] m____ [SEP] merge"
2575,de,3.200946051,"nennen [SEP] Sie heißt Alexandra, aber wir nennen sie Alex. [SEP] c___ [SEP] call"
2576,de,1.399912145,Wurm [SEP] Die Amsel entdeckte einen großen Wurm. [SEP] w___ [SEP] worm
2577,de,1.46640447,blockieren [SEP] Der umgefallene Baum blockierte die Straße. [SEP] b____ [SEP] block
2578,de,-0.185919964,"Schlafender [SEP] Das neuartige Material sorgt dafür, dass die Körpertemperatur der Schlafenden optimal reguliert wird. [SEP] s______ [SEP] sleeper"
2579,de,1.575860522,jdn/etw [SEP] Magst du noch ein Stück Kuchen? [SEP] l___ [SEP] like
2580,de,2.553452405,etwas [SEP] Möchtest du etwas essen? [SEP] s________ [SEP] something
2581,de,-0.397933997,"schutzlos [SEP] Das Rudel jagt vor allem alte, kranke und schutzlose junge Tiere. [SEP] u__________ [SEP] unprotected"
2582,de,0.015280837,Schlachtfeld [SEP] Sie starben auf dem Schlachtfeld. [SEP] b__________ [SEP] battlefield
2583,de,0.714771671,heilen [SEP] Die Ärztin konnte ihren Patienten mit einem neuen Medikament heilen. [SEP] c___ [SEP] cure
2584,de,-2.45288111,Versöhnung [SEP] Das Paar trennte sich nach einem heftigen Streit und eine Versöhnung erscheint im Moment eher unwahrscheinlich. [SEP] r_____________ [SEP] reconciliation
2585,de,-0.972065207,erhellen [SEP] Die Taschenlampe erhellte den Raum. [SEP] i_________ [SEP] illuminate
2586,de,2.778696951,Sänger [SEP] Sie ist eine wirklich ausgesprochen talentierte Sängerin. [SEP] s_____ [SEP] singer
2587,de,-1.455849546,irgendwohin [SEP] Anna zerrte ihren Koffer die Treppen hinunter. [SEP] d___ [SEP] drag
2588,de,0.830830246,Fieber [SEP] Sie hat hohes Fieber. [SEP] f____ [SEP] fever
2589,de,0.545205133,effizient [SEP] Das neue Gerät ist effizienter als gedacht. [SEP] e________ [SEP] efficient
2590,de,-0.438941536,hiesig [SEP] Das neue Bewässerungssystem soll der hiesigen Bevölkerung helfen. [SEP] l____ [SEP] local
2591,de,-1.701190655,befördern [SEP] Diese Firma befördert Waren von Europa nach China. [SEP] s___ [SEP] ship
2592,de,-2.381107227,mit [SEP] Ich arbeite seit Jahren mit einer Firma aus Oslo zusammen. [SEP] c__________ [SEP] collaborate
2593,de,-0.0924164,unzählig [SEP] Er trat unzählige Male im Fernsehen auf. [SEP] c________ [SEP] countless
2594,de,-1.384135175,"Geschäft [SEP] Warst du schon in dem neuen Geschäft, das sie am Wochenende eröffnet haben? [SEP] s____ [SEP] store"
2595,de,-0.065124215,quasi [SEP] Sie geht quasi jeden Tag zum Training. [SEP] p__________ [SEP] practically
2596,de,0.215891653,Abwesenheit [SEP] Sie kehrte nach einer langen Abwesenheit nach Österreich zurück. [SEP] a______ [SEP] absence
2597,de,-1.431603447,Belästigung [SEP] Sexuelle Belästigung am Arbeitsplatz kann zu einem ernsten Problem werden. [SEP] h_________ [SEP] harassment
2598,de,-1.706318314,Firmenübernahme [SEP] Dem verschuldeten Unternehmen droht jetzt eine Firmenübernahme. [SEP] t_______ [SEP] takeover
2599,de,-3.582156131,großer [SEP] Der Kummer um ihre Kinder hat die Eltern überwältigt. [SEP] h_________ [SEP] heartbreak
2600,de,2.352977563,Post [SEP] Ich bin nächste Woche im Urlaub. Könnten Sie meine Post für mich entgegennehmen? [SEP] p___ [SEP] post
2601,de,-0.14648973,Diskussion [SEP] Es fand eine öffentliche Diskussion über politische Themen statt. [SEP] d_____ [SEP] debate
2602,de,-1.341815191,peinlich [SEP] Das war eine peinliche Situation für sie. Sie ist rot angelaufen. [SEP] e___________ [SEP] embarrassing
2603,de,-0.660229693,dumm [SEP] Das war wirklich eine sehr dumme Geschichte. [SEP] s____ [SEP] silly
2604,de,0.364580905,Keks [SEP] Ich backe Kekse. [SEP] c_____ [SEP] cookie
2605,de,-0.689262591,"Belegschaft [SEP] Bei ihrer Pensionierung bedankte sie sich mit einem Gartenfest, zu dem die gesamte Belegschaft eingeladen war. [SEP] s____ [SEP] staff"
2606,de,-0.401850501,gespeichert [SEP] Die Daten werden nicht automatisch auf der Festplatte gespeichert. [SEP] s____ [SEP] saved
2607,de,-1.257563479,Brut [SEP] Der Vogel hat die Brut beendet. [SEP] b_______ [SEP] breeding
2608,de,1.947430818,"müde [SEP] Er war zu müde, um noch zusammenhängend reden zu können. [SEP] t____ [SEP] tired"
2609,de,-0.124977978,Armut [SEP] Diese Region ist leider stark von Armut und Arbeitslosigkeit betroffen. [SEP] p______ [SEP] poverty
2610,de,-0.089628981,Witz [SEP] Ihre Rede war voller Witz und Charme. [SEP] w__ [SEP] wit
2611,de,0.638071479,Kurzform [SEP] Dieser Typ verhielt sich wie ein echter psychisch Kranker. [SEP] p_____ [SEP] psycho
2612,de,0.539040062,"Möglichkeit [SEP] Eine Möglichkeit wäre, dass wir uns eine Hütte mieten und das Wochenende dort verbringen. [SEP] p__________ [SEP] possibility"
2613,de,3.341035519,WC [SEP] Dürfte ich bitte Ihr WC benützen? [SEP] t_____ [SEP] toilet
2614,de,0.51593989,Briefumschlag [SEP] Der Brief kam in einem rosaroten Briefumschlag. [SEP] e_______ [SEP] envelope
2615,de,-1.211584483,Barbar [SEP] Barbaren haben den Stadtplatz verwüstet. [SEP] b________ [SEP] barbarian
2616,de,-0.291724605,vergleichbar [SEP] Sie sind in einer vergleichbaren Situation. [SEP] c_________ [SEP] comparable
2617,de,0.865645387,Wirbelsturm [SEP] Der Wirbelsturm forderte acht Todesopfer in Oklahoma. [SEP] t______ [SEP] tornado
2618,de,-0.809727197,Antwort [SEP] Ich bekam leider erst viel zu spät eine Antwort auf meine Anfrage. [SEP] r____ [SEP] reply
2619,de,-1.300797918,Beweglichkeit [SEP] Seit dem Sturz hat die Beweglichkeit des Beins nachgelassen. [SEP] m_______ [SEP] mobility
2620,de,0.20307187,chronologisch [SEP] Die Ereignisse sind in chronologischer Abfolge präsentiert. [SEP] c____________ [SEP] chronological
2621,de,0.703134417,Mischung [SEP] Die Musik ist eine Mischung aus Rock und Jazz. [SEP] m______ [SEP] mixture
2622,de,-0.607116252,Bandbreite [SEP] Sie können hier aus einer sehr großen Bandbreite von Produkten auswählen. [SEP] r____ [SEP] range
2623,de,-2.995057283,dahinziehend [SEP] Ich beobachtete die dahinziehenden Wolken. [SEP] d_______ [SEP] drifting
2624,de,0.400706797,Beförderung [SEP] Die Beförderung gefährlicher Güter obliegt strengen Normen. [SEP] t_____________ [SEP] transportation
2625,de,-0.118323326,Kugel [SEP] In dem Revolver sind sechs Kugeln. [SEP] b_____ [SEP] bullet
2626,de,-1.847317605,"passend [SEP] Das ist nicht der passende Zeitpunkt, um das Thema zu diskutieren. [SEP] a__________ [SEP] appropriate"
2627,de,-2.32800286,"rücksichtsvoll [SEP] Es war sehr rücksichtsvoll von dir, den anderen auch Bescheid zu geben. [SEP] c__________ [SEP] considerate"
2628,de,1.68620817,plötzlich [SEP] Ein plötzlicher Regenschauer hat uns dann die Wanderung vermiest. [SEP] s_____ [SEP] sudden
2629,de,-1.162543284,Feuerwehrmann [SEP] Die Feuerwehrleute waren im Einsatz. [SEP] f__________ [SEP] firefighter
2630,de,1.801543075,falsch [SEP] Die Vorhersagen haben sich als falsch erwiesen. [SEP] f____ [SEP] FALSE
2631,de,-1.476293098,"bewusst [SEP] Schüler sind sich bewusst, dass sie für eine gute Testnote viel lernen müssen. [SEP] c________ [SEP] conscious"
2632,de,-0.161036864,leider [SEP] Leider werde ich nicht zum Treffen kommen können. [SEP] u____________ [SEP] unfortunately
2633,de,0.344082963,"Halbjahr [SEP] Im ersten Halbjahr ist das Studium noch relativ einfach, aber im zweiten Halbjahr gibt es einige schwere Kurse. [SEP] s_______ [SEP] semester"
2634,de,-0.306992503,großzügig [SEP] Sie ist eine großzügige und warmherzige junge Frau. [SEP] g_______ [SEP] generous
2635,de,1.875346293,Käse [SEP] Ich esse sehr gerne Käse. [SEP] c_____ [SEP] cheese
2636,de,-0.700907572,Schätzung [SEP] Die tatsächlichen Kosten überstiegen die Schätzungen. [SEP] e_______ [SEP] estimate
2637,de,-2.228414249,beachtenswert [SEP] Beim heutigen Geschäftsessen habe ich einen beachtenswerten Mann kennengelernt. [SEP] n______ [SEP] notable
2638,de,-2.905460812,Spedition [SEP] Die Spedition liefert das Paket vor die Haustür. [SEP] c______ [SEP] carrier
2639,de,0.8663295,"Krawatte [SEP] Vergiss nicht, dir für das Vorstellungsgespräch eine Krawatte umzubinden. [SEP] t__ [SEP] tie"
2640,de,-2.16518514,Abhilfe [SEP] Dieses Medikament ist eine gute Abhilfe für Kopfschmerzen. [SEP] r_____ [SEP] remedy
2641,de,-2.082238271,Portion [SEP] Er wollte noch eine zweite Portion. [SEP] h______ [SEP] helping
2642,de,-0.35960377,"magnetisch [SEP] Wir treffen immer wieder aufeinander. Es scheint so, als ob wir uns magnetisch anziehen. [SEP] m___________ [SEP] magnetically"
2643,de,-1.882096017,"Drang [SEP] Sie verspürte plötzlich den Drang, nach draußen zu gehen. [SEP] i______ [SEP] impulse"
2644,de,1.557893858,unmotiviert [SEP] Sie hatte schon viele unmotivierte Schüler unterrichtet. [SEP] u__________ [SEP] unmotivated
2645,de,2.19819838,direkt [SEP] Er hat einen Direktflug nach London gebucht. [SEP] d_____ [SEP] direct
2646,de,1.627230374,Indikator [SEP] Löwenzahn ist ein Indikator für viel Stickstoff in der Erde. [SEP] i________ [SEP] indicator
2647,de,-3.012391358,platzen [SEP] Der Damm hielt den Wassermassen nicht mehr stand und brach. [SEP] b____ [SEP] burst
2648,de,1.576251016,Unterhalter [SEP] Sie erzählt faszinierende Geschichten und ist eine ausgezeichnete Unterhalterin. [SEP] e__________ [SEP] entertainer
2649,de,2.988158446,Schneemann [SEP] Als Kinder haben wir einmal einen drei Meter großen Schneemann gebaut. [SEP] s______ [SEP] snowman
2650,de,0.056425306,Genetik [SEP] Die Genetik befasst sich mit der Vererbung von genetischen Merkmalen. [SEP] g_______ [SEP] genetics
2651,de,-4.270995877,"Brauch [SEP] Jedes Land hat seine eigenen Bräuche, das macht das Reisen so interessant! [SEP] c_________ [SEP] convention"
2652,de,3.077144596,"Herr [SEP] Ja, mein Herr, ich werde mich sofort darum kümmern. [SEP] s__ [SEP] sir"
2653,de,0.905925405,"jdn/etw [SEP] Hebe den Deckel und schau selbst nach, was ich heute gekocht habe. [SEP] l___ [SEP] lift"
2654,de,-0.896929645,Pulver [SEP] In Europa werden Chilischoten vor allem als Pulver verwendet. [SEP] p_____ [SEP] powder
2655,de,-2.23988043,umstritten [SEP] Die umstrittenen Pläne wurden letztendlich nicht genehmigt. [SEP] c____________ [SEP] controversial
2656,de,0.743639865,Stier [SEP] Der Bauer besitzt einen großen Stier und zehn Kühe. [SEP] b___ [SEP] bull
2657,de,3.620626722,Wasser [SEP] Ich bräuchte jetzt bitte einen Schluck Wasser. [SEP] w____ [SEP] water
2658,de,-0.667307391,anfangs [SEP] Anfangs war sie ganz begeistert von ihrer Arbeit. [SEP] i________ [SEP] initially
2659,de,2.50171369,Geschenk [SEP] Ich habe dieses Jahr ein ganz besonders schönes Geschenk für dich gefunden. [SEP] p______ [SEP] present
2660,de,-0.356484967,"Absatz [SEP] An dieser Stelle im Text wäre es besser, einen neuen Absatz zu machen. [SEP] p________ [SEP] paragraph"
2661,de,1.207035659,genau [SEP] Es ist jetzt genau zwölf Uhr. [SEP] e______ [SEP] exactly
2662,de,-0.924721245,konkurrieren [SEP] Wir konkurrieren um den Preis. [SEP] c______ [SEP] compete
2663,de,1.075957855,identisch [SEP] Die zwei Taschen sind identisch. [SEP] i________ [SEP] identical
2664,de,-1.797732745,im [SEP] Im Wesentlichen gebe ich dir Recht. [SEP] e__________ [SEP] essentially
2665,de,2.49709258,gut [SEP] Wir haben uns im Kino einen guten Film angeschaut. [SEP] g___ [SEP] good
2666,de,-0.909440353,"Hobby [SEP] Obwohl er unglaublich gut kocht, bezeichnet er sich selbst nur als Hobbykoch. [SEP] a______ [SEP] amateur"
2667,de,0.572842209,jemand [SEP] Kann jemand mir die Bedienung von diesem Gerät erklären? [SEP] s_______ [SEP] somebody
2668,de,-1.411348873,unverantwortlich [SEP] Dieses unverantwortliche Benehmen kann nicht weiter toleriert werden. [SEP] i____________ [SEP] irresponsible
2669,de,0.352035627,Staatsoberhaupt [SEP] Zu Beginn der Sitzung hält das Staatsoberhaupt eine kurze Rede. [SEP] p________ [SEP] president
2670,de,-0.806388584,Druck [SEP] Die Kosten für den Druck müssen vom Autor selbst bezahlt werden. [SEP] p_______ [SEP] printing
2671,de,0.970474342,Handschrift [SEP] Die Handschrift mancher Schüler ist schwierig zu lesen. [SEP] h__________ [SEP] handwriting
2672,de,2.646102521,Nebel [SEP] Starker Nebel verhinderte die Sicht auf die Straße. [SEP] f__ [SEP] fog
2673,de,-2.438851107,zugänglich [SEP] Die Ausbildung sollte für alle zugänglich gemacht werden. [SEP] a_________ [SEP] accessible
2674,de,2.14703713,blutig [SEP] Der Verband war blutig und musste erneuert werden. [SEP] b_____ [SEP] bloody
2675,de,-1.524594535,"Geld [SEP] Diese Edelsteine sind von großem Geldwert und würden, wenn zum Verkauf angeboten, einen hohen Preis erzielen. [SEP] m_______ [SEP] monetary"
2676,de,1.390842591,"Plasma [SEP] Als Studentin ging sie regelmäßig in ein Labor, um gegen Bezahlung Plasma zu spenden. [SEP] p_____ [SEP] plasma"
2677,de,-1.490497256,Vielschichtigkeit [SEP] Die Vielschichtigkeit des Problems war offensichtlich. [SEP] c_________ [SEP] complexity
2678,de,-1.077657815,antworten [SEP] Sie antwortete sehr schnell auf meine Anfrage. [SEP] r____ [SEP] reply
2679,de,0.729718061,Händler [SEP] Der Autohändler hat uns ein gutes Angebot gemacht. [SEP] d_____ [SEP] dealer
2680,de,0.140071654,aktuell [SEP] Sie unterhielten sich über die aktuelle politische Lage im Nahen Osten. [SEP] c______ [SEP] current
2681,de,1.107609037,Batterie [SEP] Der Radio braucht neue Batterien. [SEP] b______ [SEP] battery
2682,de,-1.41843668,unbestätigt [SEP] Unbestätigten Gerüchten zufolge hält sie sich derzeit in Paris auf. [SEP] u__________ [SEP] unconfirmed
2683,de,-0.951860517,Aufleben [SEP] Einer der neuesten musikalischen Einflüsse ist das Aufleben der Musik der Achtzigerjahre. [SEP] r______ [SEP] revival
2684,de,-1.825980556,Markierung [SEP] Der Schauspieler stellte sich auf der Bühne auf die Markierung. [SEP] m_____ [SEP] marker
2685,de,1.009063729,Kumpel [SEP] Er geht mit seinen Kumpels ein Bier trinken. [SEP] m___ [SEP] mate
2686,de,-1.707859335,Naturforscher [SEP] Sie ist eine Naturforscherin aus Leidenschaft. [SEP] n_________ [SEP] naturalist
2687,de,-3.765060144,Anstieg [SEP] Letzten Sommer kam es zu einem plötzlichen Anstieg der Temperaturen. [SEP] s____ [SEP] surge
2688,de,3.344044862,Fischen [SEP] Das Fischen macht ihm Spaß. [SEP] f______ [SEP] fishing
2689,de,2.214880404,Terrorist [SEP] Sie ist eine verurteilte Terroristin. [SEP] t________ [SEP] terrorist
2690,de,-3.714964853,bequem [SEP] Masseurin zu ihrer Kundin: Ist alles in Ordnung? Liegen Sie noch bequem? [SEP] c__________ [SEP] comfortably
2691,de,3.67713833,Stern [SEP] Man kann diesen Stern nur manchmal wirklich gut am Nachthimmel sehen. [SEP] s___ [SEP] star
2692,de,2.689815411,Büro [SEP] Mein Büro befindet sich im zweiten Stockwerk. [SEP] o_____ [SEP] office
2693,de,1.164923488,überrascht [SEP] Sie war über das Verhalten der Kinder überrascht. [SEP] s________ [SEP] surprised
2694,de,1.683242676,Hai [SEP] In diesem Aquarium gibt es einen echten Weißen Hai. [SEP] s____ [SEP] shark
2695,de,-0.244260599,Außenseiter [SEP] Der Außenseiter hat keine Freunde in der Schule. [SEP] o_______ [SEP] outsider
2696,de,3.022281002,"lang [SEP] Ich hoffe, du hast nicht zu lange auf mich gewartet. [SEP] l___ [SEP] long"
2697,de,1.007778557,Altar [SEP] Die Gläubigen knieten vor dem tischartigen Altar in der Kirche nieder. [SEP] a____ [SEP] altar
2698,de,-0.089508867,inoffiziell [SEP] Die Kosten werden inoffiziell auf zwei Millionen geschätzt. [SEP] u___________ [SEP] unofficially
2699,de,0.8867081,Taschenrechner [SEP] Ich verwende den Tachenrechner für die Hausaufgaben. [SEP] c_________ [SEP] calculator
2700,de,1.402971713,"Landung [SEP] Die Landung war problemlos, obwohl ein starker Wind bläst. [SEP] l______ [SEP] landing"
2701,de,-0.109676229,bewerten [SEP] Nach dem Besuch bewerten die Kunden das Restaurant über eine App. [SEP] r___ [SEP] rate
2702,de,0.690810809,überarbeitet [SEP] Er ist heillos überarbeitet. Er sollte unbedingt seine Arbeitsstunden reduzieren. [SEP] o_________ [SEP] overworked
2703,de,-2.002521319,"Bilderbuch [SEP] Das ist ein altes Bilderbuch, das ich aus meiner Kindheit noch aufbewahrt habe. [SEP] s________ [SEP] storybook"
2704,de,-0.354791059,"verdrehen [SEP] Er wollte mir den Arm verdrehen, aber ich war schneller. [SEP] t____ [SEP] twist"
2705,de,-1.609647625,"Voreingenommenheit [SEP] Der Fall verlangt nach Anwälten, die ohne politische Voreingenommenheit sind. [SEP] b___ [SEP] bias"
2706,de,-2.965519419,Einführung [SEP] Die Einführung der neuen Richtlinien wurde nicht von allen gebilligt. [SEP] i_____________ [SEP] implementation
2707,de,-0.372469983,"Aufbau [SEP] Der Text hat einen guten Aufbau, aber die Rechtschreibung muss noch einmal überprüft werden. [SEP] s________ [SEP] structure"
2708,de,-2.535047627,Mittelwert [SEP] Sie müssen zuerst noch den Mittelwert ausrechnen. [SEP] m___ [SEP] mean
2709,de,-2.82854611,konzeptionell [SEP] Nach zweitägiger Bearbeitung war ein konzeptioneller Entwurf fertiggestellt. [SEP] c_________ [SEP] conceptual
2710,de,-1.988149127,Zusicherung [SEP] Die Landesregierung erteilt eine Zusicherung zum baldigen Erhalt des Bescheids der Staatsbürgerschaft. [SEP] a________ [SEP] assurance
2711,de,-1.184878981,Holz [SEP] Die Hütte war aus Holz. [SEP] t_____ [SEP] timber
2712,de,-1.441758447,rasseln [SEP] Er hörte den Schlüsselbund in ihrer Tasche rasseln. [SEP] r_____ [SEP] rattle
2713,de,-4.25307152,Stapel [SEP] Ein Stapel Wäsche liegt im Wohnzimmer. [SEP] m____ [SEP] mound
2714,de,0.067631399,vorher [SEP] Mit einer vorher bezahlten Karte können Sie Zugang zum Internet erhalten. [SEP] p______ [SEP] prepaid
2715,de,3.403756024,Dunkelheit [SEP] Sie fürchtet sich vor der Dunkelheit. [SEP] d___ [SEP] dark
2716,de,0.90326172,molekular [SEP] Der Wissenschaftler wendet ein molekulares Verfahren an. [SEP] m________ [SEP] molecular
2717,de,2.253461102,"irgendwo [SEP] Ich finde meine Schlüssel gerade nicht, aber sie müssen hier irgendwo sein. [SEP] s________ [SEP] somewhere"
2718,de,1.010536908,"Wal [SEP] Sie hatten die Gelegenheit, einen Wal zu beobachten. [SEP] w____ [SEP] whale"
2719,de,2.580470411,afrikanisch [SEP] Er hat afrikanische Wurzeln. [SEP] a______ [SEP] african
2720,de,-0.483056805,Verbot [SEP] Das Rauchverbot wurde aufgehoben. [SEP] b__ [SEP] ban
2721,de,-1.156657481,jdn/etw [SEP] Die Leiterin schätzte sein Engagement sehr. [SEP] a_________ [SEP] appreciate
2722,de,1.207972817,"selbst [SEP] Es haben viele Bekannte die Einladung angenommen, selbst die Großmutter hat sich angekündigt. [SEP] e___ [SEP] even"
2723,de,0.270513683,grammatikalisch [SEP] Der Satz wurde grammatikalisch richtig gebildet. [SEP] g____________ [SEP] grammatically
2724,de,1.525012737,Antibiotikum [SEP] Der Arzt verschrieb der Patientin ein Antibiotikum. [SEP] a_________ [SEP] antibiotic
2725,de,-0.427842024,Mitschüler [SEP] Einer meiner Mitschüler hilft mir bei den Hausaufgaben. [SEP] c________ [SEP] classmate
2726,de,3.65314306,Zoo [SEP] Gestern besuchten wir den Zoo. [SEP] z__ [SEP] zoo
2727,de,2.06002284,medizinisch [SEP] Die Regierung hat mehr Geld für medizinische Einrichtungen versprochen. [SEP] m______ [SEP] medical
2728,de,-2.891030133,ohne [SEP] Dieser Vorfall ist in der jüngeren Geschichte ohne Beispiel. [SEP] u____________ [SEP] unprecedented
2729,de,2.083802166,Kind [SEP] Christian und Susanne haben zwei Kinder. [SEP] c____ [SEP] child
2730,de,2.583281855,Gefühl [SEP] Er hat ihre Gefühle verletzt. [SEP] f______ [SEP] feeling
2731,de,0.157362441,ertrinken [SEP] Ohne die Hilfe der Wasserrettung wäre er wahrscheinlich ertrunken. [SEP] d____ [SEP] drown
2732,de,-2.103449613,in [SEP] Die Glasscherben durchstachen seine Hand. [SEP] p________ [SEP] penetrate
2733,de,1.18083795,Cocktail [SEP] In dieser Bar gibt es gute Cocktails. [SEP] c_______ [SEP] cocktail
2734,de,1.357579779,Astronomie [SEP] Die Astronomie ist ein teures Hobby. [SEP] a________ [SEP] astronomy
2735,de,-0.409013053,Gitarrist [SEP] Sie ist eine bekannte Gitarristin und spielt heute Abend ein Konzert. [SEP] g________ [SEP] guitarist
2736,de,2.84886404,Frieden [SEP] In diesem Gebiet herrscht jetzt Frieden. [SEP] p____ [SEP] peace
2737,de,-1.289878116,Leck [SEP] Ich muss das Leck am Dach der Versicherung melden. [SEP] l___ [SEP] leak
2738,de,1.21740256,Zahlung [SEP] Die erste Zahlung wird in einem Monat fällig. [SEP] p______ [SEP] payment
2739,de,-1.095742503,funktionieren [SEP] Der neue Staubsauger funktioniert nicht richtig. [SEP] o______ [SEP] operate
2740,de,-0.371814128,"geeignete [SEP] Es ist schwierig, als Studierender eine geeignete Wohnmöglichkeit zu finden. [SEP] s_______ [SEP] suitable"
2741,de,-0.391520245,auswählen [SEP] Sie können aus unterschiedlichen Farben und Modellen auswählen. [SEP] s_____ [SEP] select
2742,de,-0.771176573,ungewöhnlich [SEP] Es war ein ungewöhnlich milder Winter. [SEP] u________ [SEP] unusually
2743,de,2.932006663,Mitglied [SEP] Er ist Mitglied im Turnverein. [SEP] m_____ [SEP] member
2744,de,-0.181408808,bevorstehend [SEP] Die bevorstehenden Wahlen werden mit Spannung erwartet. [SEP] u_______ [SEP] upcoming
2745,de,0.280070745,Sportler [SEP] Er war stets ein ausgesprochen vielseitiger Sportler. [SEP] s________ [SEP] sportsman
2746,de,1.833283594,schmelzen [SEP] Der Käse schmilzt im Backofen. [SEP] m___ [SEP] melt
2747,de,-2.294149936,Ausgaben [SEP] Die Ausgaben der Regierung sind gestiegen. [SEP] e__________ [SEP] expenditure
2748,de,0.019697295,Verbesserung [SEP] Der Schüler schrieb die Verbesserung seines Aufsatzes. [SEP] c_________ [SEP] correction
2749,de,-2.765907782,drohend [SEP] Schwarze Wolken ragten drohend am Horizont auf. [SEP] l___ [SEP] loom
2750,de,-1.076789582,"Haltung [SEP] Wenn man viel vor einem Bildschirm arbeitet, sollte man auf seine Haltung achten. [SEP] p______ [SEP] posture"
2751,de,-2.504521853,positiv [SEP] Er gab ihr eine positive Antwort. [SEP] a__________ [SEP] affirmative
2752,de,2.72305416,Legende [SEP] Der Legende nach soll hier eine Prinzessin gestorben sein. [SEP] l_____ [SEP] legend
2753,de,0.861480421,Salat [SEP] Als Beilage bieten wir einen saisonalen gemischten Salat an. [SEP] s____ [SEP] salad
2754,de,2.42493057,Zigarre [SEP] Zigarren aus Kuba sind die besten. [SEP] c____ [SEP] cigar
2755,de,-2.774227658,"mutmaßlich [SEP] Der mutmaßliche Täter wurde freigelassen, weil es nicht genug Beweise gegen ihn gab. [SEP] a______ [SEP] alleged"
2756,de,-2.152027829,"Langzeit [SEP] Er hat sich endlich dazu entschieden, seine Langzeitfreundin zu heiraten. [SEP] l_______ [SEP] longtime"
2757,de,0.51257064,"Ökologie [SEP] Sein Einfluss war es, wieso sie begann, sich für Ökologie zu interessieren. [SEP] e______ [SEP] ecology"
2758,de,-0.361446226,Labor [SEP] Sie entwickelt neue Medikamente in einem Labor. [SEP] l_________ [SEP] laboratory
2759,de,-1.178481078,gemeinnützig [SEP] Die gemeinnützige Organisation sammelt Spenden. [SEP] n________ [SEP] nonprofit
2760,de,-1.045524724,"Bereitschaft [SEP] Die Bereitschaft, zu lernen, ist eine Grundvoraussetzung für den Erfolg. [SEP] w__________ [SEP] willingness"
2761,de,-2.883581545,unterdrücken [SEP] Die Revolution wurde vom Machthaber niedergeschlagen. [SEP] s_______ [SEP] suppress
2762,de,-2.341222723,Wiederherstellung [SEP] Die Wiederherstellung der alten Kirche hat wirklich mehrere Jahre gedauert. [SEP] r__________ [SEP] restoration
2763,de,0.010648386,beschränkt [SEP] Aus Sicherheitsgründen ist der Zugang zu diesem Bereich nur auf bestimmte Mitarbeiter beschränkt. [SEP] r_________ [SEP] restricted
2764,de,1.975010952,Lösung [SEP] Wir sind noch immer auf der Suche nach einer nachhaltigen Lösung für das Problem. [SEP] s_______ [SEP] solution
2765,de,-1.655140897,Berichterstatter [SEP] Die Berichterstatterin meldete sich aus New York. [SEP] c____________ [SEP] correspondent
2766,de,0.345010879,"informiert [SEP] Ich kann dir helfen, eine informierte Entscheidung zu treffen. [SEP] i_______ [SEP] informed"
2767,de,-0.819299972,begierig [SEP] Er war begierig nach Neuigkeiten. [SEP] e____ [SEP] eager
2768,de,1.894150303,"Handlung [SEP] Sie wusste genau, welche Konzequenzen ihre Handlung hatte. [SEP] a__ [SEP] act"
2769,de,1.018200834,Ethik [SEP] Ethik wird jetzt oft an österreichischen Schulen unterrichtet. [SEP] e____ [SEP] ethic
2770,de,1.798014652,"Freak [SEP] Ich hatte so einen schlimmen Ausschlag, ich kam mir wie ein Freak vor. [SEP] f____ [SEP] freak"
2771,de,-0.633506972,"unbehandelt [SEP] Wenn diese Wunde unbehandelt bleibt, kann sie zu einer Infektion führen. [SEP] u________ [SEP] untreated"
2772,de,-1.756941472,Belegschaft [SEP] Ein Drittel unserer Belegschaft sind Frauen. [SEP] w________ [SEP] workforce
2773,de,2.707765207,Geldinstitut [SEP] Ich habe ein Konto bei diesem Geldinstitut. [SEP] b___ [SEP] bank
2774,de,2.411631672,Depression [SEP] Sie leidet an einer Depression. [SEP] d_________ [SEP] depression
2775,de,-0.795685738,besondere [SEP] Er besitzt überhaupt keine besondere Ausstrahlung. [SEP] c_______ [SEP] charisma
2776,de,4.180358497,essen [SEP] Ich esse gerne Pizza. [SEP] e__ [SEP] eat
2777,de,-1.165200274,"überreden [SEP] Es dauerte nicht lange, ihn zu überreden. [SEP] p_______ [SEP] persuade"
2778,de,-0.095942895,ausgewählt [SEP] Das ausgewählte Thema eignete sich gut für die geplante Unterrichtseinheit. [SEP] c_____ [SEP] chosen
2779,de,1.902643633,Jackpot [SEP] Ich habe den Jackpot geknackt. [SEP] j______ [SEP] jackpot
2780,de,-0.357342405,bestätigen [SEP] Der Ergebnisse der Studie bestätigen die Vermutungen der Forscher. [SEP] c______ [SEP] confirm
2781,de,-0.134099305,Spalt [SEP] Durch den Türspalt dringt kalte Luft in das Wohnzimmer. [SEP] g__ [SEP] gap
2782,de,-2.376754993,Wintergarten [SEP] In der kalten Jahreszeit stellen wir die Pflanzen in den Wintergarten. [SEP] c___________ [SEP] conservatory
2783,de,-0.40442112,Umgebung [SEP] Wir müssen den Arbeitern eine sichere Arbeitsumgebung gewährleisten. [SEP] e__________ [SEP] environment
2784,de,0.986489827,"einpacken [SEP] Kannst du mir helfen, die Geschenke einzupacken? [SEP] w___ [SEP] wrap"
2785,de,-0.113110399,körperlich [SEP] Körperliche Aktivität ist wichtig. [SEP] p_______ [SEP] physical
2786,de,0.42031382,Artikel [SEP] Manche Menschen zahlen sehr hohe Preise für Luxusartikel. [SEP] i___ [SEP] item
2787,de,0.167164703,"bitten [SEP] Ich bitte dich, gib mir eine zweite Chance. [SEP] b__ [SEP] beg"
2788,de,-2.584179839,inspirierend [SEP] Die Musik ist inspirierend. [SEP] i____________ [SEP] inspirational
2789,de,-0.440490544,"verhältnismäßig [SEP] Wenn man sich etwas Zeit dafür nimmt, dann ist diese Aufgabe verhältnismäßig einfach im Vergleich zu den anderen. [SEP] r_______ [SEP] relative"
2790,de,-1.146533343,"offen [SEP] Offen gesagt, ich bin davon überhaupt nicht überzeugt. [SEP] f______ [SEP] frankly"
2791,de,-1.11765115,affektiert [SEP] Sein affektiertes Benehmen störte alle. [SEP] a_______ [SEP] affected
2792,de,1.044332472,Truthahn [SEP] Zum Erntedankfest wurde natürlich ein Truthahn aufgetischt. [SEP] t_____ [SEP] turkey
2793,de,-1.652628237,knallen [SEP] Er verließ stürmisch den Raum und knallte die Tür hinter sich zu. [SEP] s___ [SEP] slam
2794,de,-3.753447906,Trottel [SEP] Ich bin so ein Trottel - ich bin schon wieder hereingelegt worden! [SEP] s_____ [SEP] sucker
2795,de,-2.185237528,Körnchen [SEP] Staubkörnchen bilden sich auf der Kommode. [SEP] p_______ [SEP] particle
2796,de,2.602848199,"informieren [SEP] Sobald wir mehr wissen, werden wir dich darüber informieren. [SEP] i_____ [SEP] inform"
2797,de,2.167990685,Gewicht [SEP] Obst wird meistens nach Gewicht verkauft. [SEP] w_____ [SEP] weight
2798,de,-1.246081087,"flach [SEP] Bitte bleib beim flachen Ende des Pools, weil du noch nicht so gut schwimmen kannst. [SEP] s______ [SEP] shallow"
2799,de,-5.246828745,"maßgeblich [SEP] Ihre Expertise war maßgeblich, um das Projekt zum Abschluss zu bringen. [SEP] i___________ [SEP] instrumental"
2800,de,-0.234193197,Hallen [SEP] Lass uns in ein Hallenbad schwimmen gehen. [SEP] i_____ [SEP] indoor
2801,de,-2.345581647,Entbindung [SEP] Eine Entbindung kann zahlreiche Stunden dauern. [SEP] c_________ [SEP] childbirth
2802,de,-0.962808519,endgültig [SEP] Die endgültige Entscheidung bleibt den Eltern vorbehalten. [SEP] u_______ [SEP] ultimate
2803,de,-1.841193782,Friedhof [SEP] Auf einem Friedhof sind Menschen begraben. [SEP] c_______ [SEP] cemetery
2804,de,-1.05002502,"Türeingang [SEP] Als ich nach Hause kam, empfing mich mein Mann im Türeingang. [SEP] d______ [SEP] doorway"
2805,de,-0.414645851,ländlich [SEP] Gerade in ländlichen Regionen muss man auch für ein abwechslungsreiches kulturelles Angebot sorgen. [SEP] r____ [SEP] rural
2806,de,1.683902972,"wichtig [SEP] Es ist wichtig, dass du pünktlich zum Unterricht erscheinst. [SEP] i________ [SEP] important"
2807,de,-0.534408927,angehängt [SEP] Bitte füllen Sie die angehängten Formulare aus. [SEP] a_______ [SEP] attached
2808,de,0.84436672,erwähnt [SEP] Der Autor wurde während der ganzen Konferenz nicht erwähnt. [SEP] m______ [SEP] mention
2809,de,-0.839067283,unausgesprochen [SEP] Ein unausgesprochener Verdacht gegen ihn hing in der Luft. [SEP] u_______ [SEP] unspoken
2810,de,1.6886367,Lüge [SEP] Er verbreitet nur Lügen. [SEP] l__ [SEP] lie
2811,de,-2.196741676,tolerant [SEP] Wir möchten unser Kind tolerant erziehen. [SEP] l______ [SEP] liberal
2812,de,0.145054979,Schutz [SEP] Eine Hütte bietet Schutz vor Unwetter und Regen. [SEP] p_________ [SEP] protection
2813,de,-1.826960782,weithin [SEP] Diese Produkte sind heutzutage weithin erhältlich. [SEP] w_____ [SEP] widely
2814,de,3.612345928,Gesetz [SEP] Das neue Gesetz wird bald in Kraft treten. [SEP] l__ [SEP] law
2815,de,0.758409492,begrenzt [SEP] Wir bieten eine begrenzte Anzahl von Studienplätzen an. [SEP] l______ [SEP] limited
2816,de,-1.936583121,Bruchteil [SEP] Sein Vermögen wird nur noch auf einen Bruchteil seines ursprünglichen Werts geschätzt. [SEP] f_______ [SEP] fraction
2817,de,0.065920228,eigentlich [SEP] Was ist denn eigentlich passiert? [SEP] a_______ [SEP] actually
2818,de,-0.630771066,vor [SEP] Sie jubeln vor Freude. [SEP] c____ [SEP] cheer
2819,de,2.292360019,Smartphone [SEP] Du solltest dein Geld wirklich nicht schon wieder für ein Smartphone ausgeben. [SEP] s_________ [SEP] smartphone
2820,de,1.352295328,Abkürzung [SEP] Wir treffen uns dann später um 5 Uhr nachmittags im Pub. [SEP] p_ [SEP] pm
2821,de,-0.284779463,Ast [SEP] Ein Ast des Baumes ist während des Sturmes abgebrochen. [SEP] b_____ [SEP] branch
2822,de,0.08501903,Atmosphäre [SEP] Die Astmosphäre der Erde ist stark verschmutzt. [SEP] a_________ [SEP] atmosphere
2823,de,0.750015311,Drehung [SEP] Mit einer einzelnen Drehung ließ sich die Schraube lösen. [SEP] t___ [SEP] turn
2824,de,0.196130696,Delfin [SEP] Wir haben wilde Flussdelfine gefüttert. [SEP] d______ [SEP] dolphin
2825,de,0.845255757,Druck [SEP] Die Bevölkerung übte immer größeren Druck gegen die Regierung aus. [SEP] p_______ [SEP] pressure
2826,de,0.033861161,deshalb [SEP] Sie ist erst 15 und darf deshalb noch nicht selbst fahren. [SEP] t________ [SEP] therefore
2827,de,-1.514236665,Oberschenkel [SEP] Mein linker Oberschenkel schmerzt. [SEP] t____ [SEP] thigh
2828,de,1.258459652,Brownie [SEP] Ich mag Brownies lieber als Muffins. [SEP] b______ [SEP] brownie
2829,de,-0.829526571,abgebildet [SEP] Die abgebildete Figur sitzt auf einem großen Felsbrocken. [SEP] p_______ [SEP] pictured
2830,de,-1.944721244,kleben [SEP] Sie klebt die Kopie in ihr Heft. [SEP] p____ [SEP] paste
2831,de,-0.942801593,"Toilette [SEP] Wo ist hier die Toilette, bitte? [SEP] w_______ [SEP] washroom"
2832,de,-1.617863882,göttlich [SEP] Der Kuchen schmeckt göttlich! [SEP] d_____ [SEP] divine
2833,de,0.966328246,"sich [SEP] Ich kann mich nicht entscheiden, welches Kleid ich anziehen soll. [SEP] d_____ [SEP] decide"
2834,de,0.752231322,in [SEP] Das sind in der Tat schlechte Nachrichten! [SEP] i_____ [SEP] indeed
2835,de,-0.033164782,seltsam [SEP] Vorgestern hatte ich einen seltsamen Traum. [SEP] w____ [SEP] weird
2836,de,0.757695556,führen [SEP] Der Mann führte sie durch das dunkle Dorf. [SEP] g____ [SEP] guide
2837,de,-1.685481875,entschlossen [SEP] Er ist ein starker und entschlossener junger Mann. [SEP] d_________ [SEP] determined
2838,de,-3.643662564,Kongress [SEP] Die Kongressabgeordneten treffen sich heute zu einer Versammlung. [SEP] c____________ [SEP] congressional
2839,de,-0.281164429,hocherfreut [SEP] Ich bin hocherfreut über deinen Besuch. [SEP] d________ [SEP] delighted
2840,de,-0.106456347,verantwortlich [SEP] Eltern sind für die Sicherheit ihrer Kinder verantwortlich. [SEP] r__________ [SEP] responsible
2841,de,2.103000543,selten [SEP] Es handelt sich um eine besonders seltene Pflanzenart. [SEP] r___ [SEP] rare
2842,de,0.420302315,Turnen [SEP] Das Turnen macht den Kinder Spaß. [SEP] g_________ [SEP] gymnastics
2843,de,1.545453512,immer [SEP] Er ist immer noch einer der beliebtesten Entertainer im deutschen Fernsehen. [SEP] s____ [SEP] still
2844,de,-0.956776946,ausarbeiten [SEP] Das Team arbeitet einen Plan aus. [SEP] f________ [SEP] formulate
2845,de,-0.87914698,geloben [SEP] Die beiden wollen sich gegenseitig ewige Freundschaft geloben. [SEP] v__ [SEP] vow
2846,de,-0.326746359,"Innenstadt [SEP] Sie wohnen in einer Wohnung, die sich in der Innenstadt befindet. [SEP] d_______ [SEP] downtown"
2847,de,-2.926543059,aufschlussreich [SEP] Die Diskussion war sehr aufschlussreich. [SEP] i___________ [SEP] illuminating
2848,de,-1.71448403,"erhöht [SEP] Er stand auf einer erhöhten Plattform, damit man seine Rede besser hören konnte. [SEP] r_____ [SEP] raised"
2849,de,3.600369026,Papa [SEP] Ich nenne meinen Vater Papa. [SEP] d__ [SEP] dad
2850,de,-1.978882709,übereilt [SEP] Wir sollten keine übereilte Entscheidung treffen und alle Optionen in Erwägung ziehen. [SEP] r_____ [SEP] rushed
2851,de,2.027197068,Jahrhundert [SEP] Zur letzten Jahrhundertwende gab es ein großes Fest. [SEP] c______ [SEP] century
2852,de,-0.277410131,zeitliche [SEP] Überprüfen Sie bitte die zeitliche Planung Ihrer Flüge sorgfältig. [SEP] t_____ [SEP] timing
2853,de,-0.021272414,Bürger [SEP] Die Bürger der Stadt waren mit dem neuen Bürgermeister nicht zufrieden. [SEP] c______ [SEP] citizen
2854,de,-0.384053632,verbessert [SEP] Die verbesserte Formel machte das Produkt noch erfolgreicher. [SEP] i_______ [SEP] improved
2855,de,-1.370166748,geschätzt [SEP] Er ist ein geschätzter Freund unserer Familie. [SEP] v_____ [SEP] valued
2856,de,2.278818951,realistisch [SEP] Wir müssen realistisch bleiben. [SEP] r________ [SEP] realistic
2857,de,2.47279563,"Wunsch [SEP] Sein größter Wunsch ist es, einmal Enkelkinder zu haben. [SEP] w___ [SEP] wish"
2858,de,-1.172646017,weltweit [SEP] Wird diese Kreditkarte weltweit akzeptiert? [SEP] i______________ [SEP] internationally
2859,de,0.223628822,Heterosexualität [SEP] Gleichgeschlechtliche Partnerschaften werden oft vor dem Hintergrund der Heterosexualität betrachtet. [SEP] h______________ [SEP] heterosexuality
2860,de,1.109351839,Ananas [SEP] Der Strandverkäufer verkauft frische Ananas. [SEP] p________ [SEP] pineapple
2861,de,0.90453051,wandern [SEP] Am Wochenende waren wir wandern. [SEP] h___ [SEP] hike
2862,de,-0.801489828,"ermittelnd [SEP] Die ermittelnde Behörde ist dabei, den Fall zu lösen. [SEP] i____________ [SEP] investigating"
2863,de,-2.597052678,Hinterteil [SEP] Ich bin auf dem Eis ausgerutscht und auf mein Hinterteil gefallen. [SEP] b_______ [SEP] backside
2864,de,-3.048638512,umfassend [SEP] Sie müssen für diesen Job eine umfassende Ausbildung vorweisen. [SEP] t_______ [SEP] thorough
2865,de,0.265518578,Politiker [SEP] Dieser Politiker genießt das Vertrauen vieler Wähler und Wählerinnen. [SEP] p_________ [SEP] politician
2866,de,-0.783371878,"Schädel [SEP] Man sollte beim Skifahren heutzutage wirklich einen Helm tragen, um den Schädel vor Verletzungen zu schützen. [SEP] s____ [SEP] skull"
2867,de,2.559380422,"Magie [SEP] Der alte Mann erzählt gerne Märchen, die sehr viel Magie enthalten. [SEP] m____ [SEP] magic"
2868,de,0.569380578,graben [SEP] Der Hund gräbt ein Loch in den Boden. [SEP] d__ [SEP] dig
2869,de,-0.623697617,"Rechtschreibung [SEP] Sie hat sich vorgenommen, mehr auf ihre Rechtschreibung zu achten. [SEP] s_______ [SEP] spelling"
2870,de,2.306977338,Kuh [SEP] Die Kuh gibt Milch. [SEP] c__ [SEP] cow
2871,de,0.498791059,Herausgeber [SEP] Die Herhausgeberin der Zeitung macht ihre Arbeit gut. [SEP] e_____ [SEP] editor
2872,de,-3.450557161,Vorteil [SEP] Sandra und ihre beste Freundin diskutieren über die Vorteile einer guten Ehe. [SEP] m____ [SEP] merit
2873,de,-3.220725821,scharf [SEP] Die Chili ist deutlich kleiner als Pfefferoni und brennt auch scharf im Mund. [SEP] s______ [SEP] sharply
2874,de,3.785985956,"Lieber [SEP] Liebe Anna, wie geht es dir? [SEP] d___ [SEP] dear"
2875,de,-0.475195638,Genesung [SEP] Die Ärztin hat zuvor noch nie eine derart schnelle Genesung nach einer Operation gesehen. [SEP] r_______ [SEP] recovery
2876,de,2.282474676,"Perfektion [SEP] Sie will Perfektion erlangen, deshalb übt sie ohne Pause. [SEP] p_________ [SEP] perfection"
2877,de,-1.711776179,zwanglos [SEP] Ich habe mich zwanglos mit ihm unterhalten. [SEP] c_____ [SEP] casual
2878,de,0.718153083,experimentieren [SEP] Der Künstler experimentiert mit verschiedenen Materialien. [SEP] e_________ [SEP] experiment
2879,de,0.916826519,Regisseur [SEP] Der Regisseur ist für den Film verantwortlich. [SEP] d_______ [SEP] director
2880,de,0.310769081,"Hochschullehrer [SEP] Eine Hochschullehrer war bereit, den Vorfall genauer zu beschreiben. [SEP] p________ [SEP] professor"
2881,de,2.455388518,offen [SEP] Die offene Bäckerei schließt in ein paar Minuten. [SEP] o___ [SEP] open
2882,de,1.271334806,Fahrt [SEP] Die Fahrt mit dem Bus verging wirklich sehr schnell. [SEP] r___ [SEP] ride
2883,de,1.675727883,in [SEP] Die Familie wohnt in der Nähe der Post. [SEP] n___ [SEP] near
2884,de,-0.048739383,furchtbarer [SEP] Da kam ihr ein furchtbarer Gedanke. [SEP] t_______ [SEP] terrible
2885,de,3.311809343,Stunde [SEP] Die Tour beginnt zu jeder vollen Stunde. [SEP] h___ [SEP] hour
2886,de,1.194878193,stark [SEP] Der junge Mann hat eine stark behaarte Brust. [SEP] h____ [SEP] hairy
2887,de,-2.44301737,zusammenhangslos [SEP] Der Aufsatz besteht nur aus zusammenhanglosen Sätzen. [SEP] d___________ [SEP] disconnected
2888,de,2.451159556,Computer [SEP] Jeder Schüler hat mittlerweile einen Computer zu Hause. [SEP] c_______ [SEP] computer
2889,de,1.643765805,Medien [SEP] Alle Medien berichten schon den ganzen Tag von dem Unfall. [SEP] m____ [SEP] media
2890,de,1.255277064,Intuition [SEP] Eine gute Intuition kann Leben retten. [SEP] i________ [SEP] intuition
2891,de,1.895732273,"krank [SEP] Wenn du wirklich so krank bist, dann solltest du zu Hause bleiben und dich auskurieren. [SEP] s___ [SEP] sick"
2892,de,2.291383093,Couch [SEP] Wir haben eine gemütliche große Couch für unser Wohnzimmer gekauft. [SEP] s___ [SEP] sofa
2893,de,-0.901560305,Muskelaufbau [SEP] Früher hat Arnold Schwarzenegger viel trainiert. Er hat gezielten Muskelaufbau betrieben. [SEP] b___________ [SEP] bodybuilding
2894,de,-2.038423293,ändern [SEP] Er trainierte täglich und veränderte somit sein Aussehen. [SEP] a____ [SEP] alter
2895,de,-1.612756887,ansammeln [SEP] Über die Jahre hinweg sammeln sich viele Bücher in der Wohnung an. [SEP] a_________ [SEP] accumulate
2896,de,-2.457702781,"Verfahren [SEP] Der Autor kombiniert verschiedene Verfahren, um die Geschichte zu erzählen. [SEP] t________ [SEP] technique"
2897,de,1.438390461,Sklaverei [SEP] Sklaverei verstößt gegen die Menschenrechte und ist nach wie vor ein Problem in vielen Ländern. [SEP] s______ [SEP] slavery
2898,de,0.164667642,Molekül [SEP] Das Molekül besteht aus zwei Atomen. [SEP] m_______ [SEP] molecule
2899,de,1.990696883,Fachzeitschrift [SEP] Die Doktorantin hat einen Artikel in einer renommierten Fachzeitschrift veröffentlicht. [SEP] j______ [SEP] journal
2900,de,1.375818785,radioaktiv [SEP] Die umliegenden Gebäude müssen auf radioaktive Strahlung untersucht werden. [SEP] r__________ [SEP] radioactive
2901,de,-0.933938357,befestigen [SEP] Sie befestigt das Bild an der Wand. [SEP] p__ [SEP] pin
2902,de,-1.345795985,Forelle [SEP] Sollen wir heute eine Forelle zum Abendessen braten? [SEP] t____ [SEP] trout
2903,de,1.60547102,"reagieren [SEP] Ich hätte mir nicht gedacht, dass sie so reagieren wird. [SEP] r____ [SEP] react"
2904,de,2.833891833,Stelle [SEP] Bewirbst du dich für diese Stelle? [SEP] j__ [SEP] job
2905,de,1.414928378,Mikrochip [SEP] Dieses Gerät funktioniert mit einem Mikrochip. [SEP] m________ [SEP] microchip
2906,de,-0.166019634,fest [SEP] Er steckte sein Haar zu einem festen Knoten auf. [SEP] t____ [SEP] tight
2907,de,0.027977551,offen [SEP] Sie sprechen sich offen gegen die neuen Richtlinien aus. [SEP] o_____ [SEP] openly
2908,de,-0.913689123,Matrose [SEP] Er heuerte nach der Schule als Matrose bei einer großen Frachtgesellschaft an. [SEP] s_____ [SEP] sailor
2909,de,-2.66902913,"wahren [SEP] Die Regierungen haben die Pflicht, die Menschenrechte zu wahren. [SEP] u_____ [SEP] uphold"
2910,de,-0.458476106,"vorderster [SEP] Im Kino mag ich nicht, in den vordersten Reihen zu sitzen. [SEP] f____ [SEP] front"
2911,de,0.637774658,materialistisches [SEP] Dein materialistisches Denken ist bedenklich. Brauchst du wirklich immer das neueste Handy? [SEP] m____________ [SEP] materialistic
2912,de,0.105090344,"Versteigerung [SEP] Er nahm an der Versteigerung teil, weil er einen Ring für seine Frau kaufen wollte. [SEP] a______ [SEP] auction"
2913,de,3.381316165,Mannschaft [SEP] Die gegnerische Mannschaft ist nicht zu unterschätzen. [SEP] t___ [SEP] team
2914,de,-2.701371259,"sozialwissenschaftlich [SEP] Es gibt einige sozialwissenschaftliche Fragen, die im Rahmen dieser Vorlesung diskutiert werden sollen. [SEP] s___________ [SEP] sociological"
2915,de,3.105849561,Musikgruppe [SEP] Heute spielt eine bekannte Musikgruppe in unserer Lieblingsbar. [SEP] b___ [SEP] band
2916,de,2.086932328,Block [SEP] In diesem Häuserblock wird nächsten Monat eine Wohnung frei. [SEP] b____ [SEP] block
2917,de,-1.521737257,finanzieren [SEP] Die Errichtung des Denkmals wurde von privaten Sponsoren finanziert. [SEP] f___ [SEP] fund
2918,de,0.343009518,Zwischenzeit [SEP] Ich gehe jetzt einkaufen. In der Zwischenzeit könntest du die Küche aufräumen. [SEP] m_______ [SEP] meantime
2919,de,-0.722252083,Anschuldigung [SEP] Er wies die Anschuldigung von sich. [SEP] a_________ [SEP] accusation
2920,de,-0.761877856,Kinematografie [SEP] Die Kinematografie umfasst die Grundlagen der Filmaufnahme. [SEP] c_____________ [SEP] cinematography
2921,de,0.282473638,Kardiologe [SEP] Der Kardiologe untersucht das Herz des Patienten. [SEP] c___________ [SEP] cardiologist
2922,de,0.50359317,harmonisch [SEP] Diese Melodie klingt sehr harmonisch. [SEP] h_______ [SEP] harmonic
2923,de,-0.796265182,stimmlos [SEP] Der Unterschied zwischen stimmhaftem und stimmlosem S ist vielen nicht geläufig. [SEP] v________ [SEP] voiceless
2924,de,-1.576446376,Segeltuch [SEP] Die Taschen sind aus alten Segeltüchern gefertigt. [SEP] c_____ [SEP] canvas
2925,de,-0.844925584,Motorrad [SEP] Lukas fährt mit seinem Motorrad eine kurvenreiche Strecke. [SEP] m_________ [SEP] motorcycle
2926,de,0.860860903,bekanntgeben [SEP] Bei der Feier gaben sie ihre Verlobung bekannt. [SEP] a_______ [SEP] announce
2927,de,-1.046657818,Rothaariger [SEP] Rothaarige gelten in manchen Kulturkreisen als besonders attraktiv. [SEP] r______ [SEP] redhead
2928,de,1.58220175,Hut [SEP] Der Mann trägt jeden Tag den gleichen Hut. [SEP] h__ [SEP] hat
2929,de,0.42303485,jdn/etw [SEP] Das Buch beschreibt die Geschichte der Menschheit. [SEP] d_______ [SEP] describe
2930,de,-2.502462603,nachfolgende [SEP] Das müsst ihr in einem nachfolgenden Meeting noch entscheiden. [SEP] s_________ [SEP] subsequent
2931,de,2.494044876,Scanner [SEP] Dieser Scanner ist hochauflösend und äußerst schnell. [SEP] s______ [SEP] scanner
2932,de,-2.781351063,auf [SEP] Die Klassenzimmer sind auf 25 Schüler beschränkt. [SEP] c______ [SEP] confine
2933,de,2.215969838,"Autismus [SEP] Nur 15 Prozent aller Menschen, die an Autismus leiden, stehen in einem Arbeitsverhältnis. [SEP] a_____ [SEP] autism"
2934,de,-2.904396195,fördern [SEP] Die neue Regelung fördert die Beschäftigung von mehr Mitarbeiterinnen. [SEP] f_____ [SEP] foster
2935,de,0.549454332,durchschnittlich [SEP] Er ist ein durchschnittlicher Sportler. [SEP] a______ [SEP] average
2936,de,-0.786063168,zertifiziert [SEP] Anna ist eine zertifizierte Krankenschwester. [SEP] c________ [SEP] certified
2937,de,1.329865401,Sorge [SEP] Ihre größte Sorge war die Zukunft ihrer Kinder. [SEP] w____ [SEP] worry
2938,de,2.284221999,Öffner [SEP] Der alte Mann öffnet den Brief mit einem Brieföffner. [SEP] o_____ [SEP] opener
2939,de,-2.206691409,Unabhängigkeit [SEP] Die Unabhängigkeit des Landes wurde ausgerufen. [SEP] a_______ [SEP] autonomy
2940,de,0.203450497,fallen [SEP] Er ist vom Dach gefallen. [SEP] f___ [SEP] fall
2941,de,0.95820497,wertlos [SEP] Diese Gemälde sind wertlose Fälschungen. [SEP] w________ [SEP] worthless
2942,de,0.291637901,auch [SEP] Ich kenne den Weg nicht. – Ich kenne ihn auch nicht. [SEP] e_____ [SEP] either
2943,de,2.785571656,Dusche [SEP] Die Dusche funktioniert nicht mehr so richtig und muss entkalkt werden. [SEP] s_____ [SEP] shower
2944,de,1.484749385,Konto [SEP] Ich hebe wöchentlich Geld von meinem Konto ab. [SEP] a______ [SEP] account
2945,de,0.782220795,Prozent [SEP] Jonas besitzt 45 Prozent der Firma. [SEP] p______ [SEP] percent
2946,de,0.914182893,jdn/etw [SEP] Der Schläger wird von der Gruppe getrennt. [SEP] i______ [SEP] isolate
2947,de,-1.455426074,Bearbeiten [SEP] Das Bearbeiten des Zeitungsartikels wurde zeitgerecht erledigt. [SEP] e______ [SEP] editing
2948,de,-0.005750956,"liegend [SEP] Sie spricht, liegend auf dem Sofa, mit ihrer Schwester am Telefon. [SEP] l____ [SEP] lying"
2949,de,3.322196602,lächeln [SEP] Seit ein paar Wochen scheint es ihm besser zu gehen und er lächelt mehr als früher. [SEP] s____ [SEP] smile
2950,de,-2.412285573,Hauptdarstellerin [SEP] Schneewittchen ist die Hauptdarstellerin des gleichnamigen Märchens. [SEP] h______ [SEP] heroine
2951,de,0.234345134,Chemie [SEP] Wir haben Chemie und Physik in der Schule. [SEP] c________ [SEP] chemistry
2952,de,1.985167771,Beginn [SEP] Das Ende des Kalten Krieges war wirklich der Beginn einer neuen Epoche. [SEP] s____ [SEP] start
2953,de,2.029250983,vollständig [SEP] Er hat ein vollständiges Teeservice gekauft. [SEP] c_______ [SEP] complete
2954,de,-1.294793915,herrschaftliches [SEP] Die reiche Familie hat sich ein herrschaftliches Wohnhaus am Waldrand bauen lassen. [SEP] m______ [SEP] mansion
2955,de,0.176793009,behindert [SEP] Das Gebäude ist für behinderte Menschen über eine Rampe zugänglich. [SEP] d_______ [SEP] disabled
2956,de,0.268357173,zusätzlich [SEP] Wir brauchen zusätzliches Personal. [SEP] a_________ [SEP] additional
2957,de,-1.935606262,empfindlich [SEP] Empfindliche Haut muss mit Sonnencreme vor der Sonne geschützt werden. [SEP] d_______ [SEP] delicate
2958,de,0.56039784,unterrichten [SEP] Er wurde an dieser Schule ausgebildet. [SEP] e______ [SEP] educate
2959,de,-3.30878625,gesetzlich [SEP] Die neuen Regelungen wurden gesetzlich verordnet. [SEP] e____ [SEP] enact
2960,de,0.080022492,Sendung [SEP] Hast du dir heute die Radiosendung um 15 Uhr angehört. [SEP] b________ [SEP] broadcast
2961,de,-3.08698018,Symbolleiste [SEP] Der Schnellzugriff auf das Programm über die Symbolleiste ist am einfachsten. [SEP] t______ [SEP] toolbar
2962,de,0.544896258,durstig [SEP] Nach der langen Wanderung waren sie hungrig und durstig. [SEP] t______ [SEP] thirsty
2963,de,-1.864164948,allein [SEP] Das Schicksal dieser Region hängt allein von diesen Friedensgesprächen ab. [SEP] s_____ [SEP] solely
2964,de,-0.122066473,Wohltätigkeitsorganisation [SEP] Ich unterstütze jedes Jahr eine andere Wohltätigkeitsorganisation. [SEP] c______ [SEP] charity
2965,de,-0.930375716,"ermöglichen [SEP] Die neue Software ermöglicht es den Angestellten, einmal in der Woche von zu Hause aus zu arbeiten. [SEP] e_____ [SEP] enable"
2966,de,0.611657638,"Eile [SEP] Er war so in Eile, dass er seinen Mantel vergessen hat. [SEP] r___ [SEP] rush"
2967,de,0.301156505,Höhle [SEP] Die Kinder haben im Wald eine Höhle zum Spielen gefunden. [SEP] c___ [SEP] cave
2968,de,3.550369624,Volleyball [SEP] Zum Schluss der Turnstunde spielten sie noch einmal Volleyball. [SEP] v_________ [SEP] volleyball
2969,de,-2.432435549,neuartig [SEP] Es gibt eine Studie über neuartige Lebensmittel. [SEP] n____ [SEP] novel
2970,de,0.526867638,maximal [SEP] Die maximale Geschwindigkeit des Autos ist erreicht. [SEP] m______ [SEP] maximum
2971,de,1.624355994,leicht [SEP] Ich habe eine leichte Tasche. [SEP] l____ [SEP] light
2972,de,2.529670276,Süden [SEP] Im Süden Europas ist das Klima bereits relativ heiß und einige Gemüsesorten können dort nicht mehr gut gedeihen. [SEP] s____ [SEP] south
2973,de,2.280683219,Forum [SEP] Viele Ärzte nehmen am Forum für Gesundheit teil. [SEP] f____ [SEP] forum
2974,de,3.232366733,Fahrt [SEP] Die Fahrt zum Supermarkt dauert zehn Minuten. [SEP] d____ [SEP] drive
2975,de,-0.534850872,"bereit [SEP] Ich bin durchaus bereit, darüber zu diskutieren. [SEP] w______ [SEP] willing"
2976,de,2.403946139,Zelle [SEP] Nervenzellen führen durch den ganzen Körper. [SEP] c___ [SEP] cell
2977,de,2.225839987,jdm [SEP] Die frischgebackenen Eltern gaben ihrem Sohn den Namen Jonas. [SEP] n___ [SEP] name
2978,de,2.198683741,Massen [SEP] Ich fürchte mich vor einer Massenarbeitslosigkeit. [SEP] m___ [SEP] mass
2979,de,1.335263485,aus [SEP] Mr Jones hat einen britischen Reisepass. [SEP] b______ [SEP] british
2980,de,-2.387512366,"erkennen [SEP] Er ist sehr leicht zu erkennen, da er die meisten Mitmenschen um einen ganzen Kopf überragt. [SEP] s___ [SEP] spot"
2981,de,1.092321418,Psychologie [SEP] Nach dem Abitur möchte ich Psychologie studieren. [SEP] p_________ [SEP] psychology
2982,de,-1.321118765,Zuflucht [SEP] Zahlreiche Opfer fanden in den umliegenden Dörfern Zuflucht. [SEP] r_____ [SEP] refuge
2983,de,-3.071542352,ausführlich [SEP] Seine Theorie gründet sich auf eine ausführliche Untersuchung. [SEP] e________ [SEP] elaborate
2984,de,0.634181096,Beruf [SEP] Für diesen Beruf benötigt man eine jahrelange Ausbildung. [SEP] p_________ [SEP] profession
2985,de,-2.670500283,im [SEP] Im Gegensatz zu ihr glaube ich an dich. [SEP] o______ [SEP] opposed
2986,de,0.734506055,hüpfen [SEP] Die Kinder hüpfen auf einem Bein. [SEP] h__ [SEP] hop
2987,de,-1.662219811,Seh [SEP] Er litt an einer leichten Sehstörung. [SEP] v_____ [SEP] visual
2988,de,-3.277250237,Wissenschaftler [SEP] Sie ist eine wirklich bedeutende Wissenschaftlerin auf dem Gebiet der Quantenphysik. [SEP] s______ [SEP] scholar
2989,de,-1.644979282,beunruhigen [SEP] Diese Entwicklungen beunruhigen mich zutiefst. [SEP] t______ [SEP] trouble
2990,de,3.451160114,Kontinent [SEP] Die Welt besteht aus sieben Kontinenten. [SEP] c________ [SEP] continent
2991,de,-3.289488186,"Verschluss [SEP] Hast du einen Verschluss, damit wir die Weinflasche bis morgen im Kühlschrank lagern können? [SEP] s______ [SEP] stopper"
2992,de,-0.521081352,weiblich [SEP] Sie hat ein sehr weibliches Aussehen. [SEP] f_______ [SEP] feminine
2993,de,-1.328396646,aufgedeckt [SEP] Im Verfahren wurde neues Beweismaterial aufgedeckt. [SEP] u________ [SEP] uncovered
2994,de,-2.364102203,Zusammenpressen [SEP] Durch das Zusammenpressen der Plastikflaschen können sie besser transportiert werden. [SEP] c__________ [SEP] compression
2995,de,0.239955702,Zitat [SEP] Ich finde dieses Zitat besonders lustig. [SEP] q____ [SEP] quote
2996,de,1.314355305,zellular [SEP] Das Institut für Molekulare und Zelluläre Anatomie an der Universität hat einen ausgezeichneten Ruf. [SEP] c_______ [SEP] cellular
2997,de,0.518193062,"zerbrechlich [SEP] Achtung, in dieser Schachtel befindet sich zerbrechliche Ware. [SEP] b________ [SEP] breakable"
2998,de,1.115435342,Erinnerung [SEP] Die Erinnerung an den Vorfall macht mich traurig. [SEP] m_____ [SEP] memory
2999,de,-0.700339784,"Schlaflosigkeit [SEP] Jeden Tag bevor sie ins Bett geht, nimmt sie eine Tablette, weil sie an Schlaflosigkeit leidet. [SEP] i_______ [SEP] insomnia"
3000,de,-0.102760885,Stahl [SEP] Die Dachkonstruktion ist aus Beton und Stahl. [SEP] s____ [SEP] steel
3001,de,1.459884535,flach [SEP] Die Gegend hier ist sehr flach. Es gibt nicht einmal ein paar Hügel. [SEP] f___ [SEP] flat
3002,de,-0.337021479,Überleben [SEP] Die Menschen kämpfen um ihr Überleben. [SEP] s_______ [SEP] survival
3003,de,0.997474761,Reihe [SEP] Sie nahmen sofort in der ersten Reihe Platz. [SEP] r__ [SEP] row
3004,de,-0.875295887,einzeln [SEP] Jeder soll die Arbeit einzeln erledigen. [SEP] i___________ [SEP] individually
3005,de,-0.668236772,beugen [SEP] Ich kann meinen rechten Arm nicht beugen. [SEP] b___ [SEP] bend
3006,de,0.17733658,Bakterien [SEP] Diese Krankheit wird von Bakterien verursacht. [SEP] b_______ [SEP] bacteria
3007,de,-1.673347072,Einbeziehung [SEP] Die Einbeziehung von wissenschaftlichen Experten führte zu aussagekräftigen Ergebnissen. [SEP] i________ [SEP] inclusion
3008,de,2.569508969,Mixgerät [SEP] Ich püriere die Nüsse mit dem Mixgerät. [SEP] m____ [SEP] mixer
3009,de,1.587957709,Knoblauch [SEP] Die Tomatensoße schmeckt mit etwas Knoblauch viel besser. [SEP] g_____ [SEP] garlic
3010,de,-2.14934816,in [SEP] Sie ist mittlerweile in ganz Europa berühmt. [SEP] t_________ [SEP] throughout
3011,de,1.612842706,Staub [SEP] Unter meinem Bett liegt viel Staub. [SEP] d___ [SEP] dust
3012,de,-1.642998458,zur [SEP] Wir nehmen ihre Meinung zur Kenntnis. [SEP] a__________ [SEP] acknowledge
3013,de,-3.287026687,entfachen [SEP] Der Film entfachte eine heftige Debatte um die Pressefreiheit. [SEP] s____ [SEP] spark
3014,de,-0.084047225,Fußknöchel [SEP] Beim Wandern habe ich mir den Knöchel verstaucht. [SEP] a____ [SEP] ankle
3015,de,0.755125385,Schweizer [SEP] Willst du noch etwas Schweizer Käse? [SEP] s____ [SEP] swiss
3016,de,1.421914062,Experiment [SEP] Das Experiment ist geglückt. [SEP] e_________ [SEP] experiment
3017,de,-1.626791605,"glücklich [SEP] Wir können uns glücklich schätzen, eine so tolle Arbeitsstelle zu haben. [SEP] f________ [SEP] fortunate"
3018,de,0.120934591,Säge [SEP] Mit einer Säge zerteilten sie die Bretter für den Zaun. [SEP] s__ [SEP] saw
3019,de,2.275421907,Rechnung [SEP] Ich muss die Telefonrechnung für diesen Monat noch bezahlen. [SEP] b___ [SEP] bill
3020,de,0.661755114,Gepäck [SEP] Soll ich dein Gepäck tragen? [SEP] b______ [SEP] baggage
3021,de,2.864976278,Düsenflugzeug [SEP] Der reiche Unternehmer fliegt mit seinem Düsenflugzeug nach London. [SEP] j__ [SEP] jet
3022,de,-3.985976669,Dia [SEP] Bei seinem Vortrag verkeilte sich gleich das erste Dia im Projektor. [SEP] t___________ [SEP] transparency
3023,de,-2.502622437,"verurteilen [SEP] Wenn er verurteilt wird, muss er wahrscheinlich zehn Jahre hinter Gitter. [SEP] c______ [SEP] convict"
3024,de,0.193099202,"Facharzt [SEP] Sie sollten einen Facharzt für Radiologie aufsuchen, um der Sache auf den Grund zu gehen. [SEP] r__________ [SEP] radiologist"
3025,de,-2.569797746,Pressesprecher [SEP] Der Journalist interviewte die Pressesprecherin des Weißen Hauses. [SEP] p________ [SEP] publicist
3026,de,1.459823701,"Angebot [SEP] Ich habe darüber nachgedacht und bin zu dem Entschluss gekommen, das Angebot anzunehmen. [SEP] o____ [SEP] offer"
3027,de,-1.417038018,Videokassette [SEP] Manche Filme kommen immer noch auf Videokassette heraus. [SEP] v________ [SEP] videotape
3028,de,2.401873879,Träne [SEP] Er wischte sich eine Träne aus dem linken Auge. [SEP] t___ [SEP] tear
3029,de,-1.297821641,miteinander [SEP] Vermische die Butter mit der flüßigen Schokolade. [SEP] b____ [SEP] blend
3030,de,-0.064933751,verkaufen [SEP] Er verkauft Gebrauchtwagen und organisiert auch Reparaturen. [SEP] s___ [SEP] sell
3031,de,-0.091360873,zusätzlich [SEP] Babybrei sollte keinen zusätzlichen Zucker enthalten. Fruchtsäfte werden oft mit zugesetztem Zucker verkauft. [SEP] a____ [SEP] added
3032,de,0.558641245,klassifiziert [SEP] Die klassifizierten Tiere wurden im Museum aussgestellt. [SEP] c_________ [SEP] classified
3033,de,2.017504816,"Spion [SEP] Mata Hari war eine exotische Tänzerin, die im zweiten Weltkrieg auch als Spionin tätig war. [SEP] s__ [SEP] spy"
3034,de,1.905554932,Medium [SEP] Das Medium Radio ist weitverbreitet. [SEP] m_____ [SEP] medium
3035,de,-0.011661523,Rutsche [SEP] Die große Rutsche beim Freibecken ist besonders beliebt. [SEP] s____ [SEP] slide
3036,de,1.73553354,"Briefmarke [SEP] Ich brauche noch eine Briefmarke für die Bewerbungsunterlagen, die ich morgen verschicken möchte. [SEP] s____ [SEP] stamp"
3037,de,-1.141501394,Bildung [SEP] Die Bildung von neuen Gallensteinen kann gefährlich sein. [SEP] f________ [SEP] formation
3038,de,2.072752597,Großvater [SEP] Er ist ein toller Großvater für meine Kinder. [SEP] g__________ [SEP] grandfather
3039,de,-1.379604013,Trickfilmzeichner [SEP] Er möchte ein berühmter Trickfilmzeichner werden. [SEP] a_______ [SEP] animator
3040,de,0.672746403,"etw/jdn [SEP] Ich vergleiche die Produkte, bevor ich eines von beiden kaufe. [SEP] c______ [SEP] compare"
3041,de,-2.19456706,Packung [SEP] Die Zutaten findest du auf der Rückseite der Packung. [SEP] p_____ [SEP] packet
3042,de,-0.445298076,Entwicklungs [SEP] In vielen Entwicklungsländern leben die Menschen in Armut. [SEP] d_________ [SEP] developing
3043,de,-2.641157121,kursieren [SEP] Die Gerüchte kursieren immer noch. [SEP] c________ [SEP] circulate
3044,de,0.147115285,leidenschaftlich [SEP] Er ist ein leidenschaftlicher Automechaniker. [SEP] p_________ [SEP] passionate
3045,de,-0.044778765,"Müll [SEP] Die Stadtverwaltung sorgt dafür, dass kein Müll auf den Straßen liegt. [SEP] r______ [SEP] rubbish"
3046,de,0.373444524,Fleisch [SEP] Sie schneidet sich damit ins eigene Fleisch. [SEP] f____ [SEP] flesh
3047,de,-1.373278726,Ausgaben [SEP] Die Regierung möchte die Ausgaben für Sozialarbeit an Schulen verdoppeln. [SEP] s_______ [SEP] spending
3048,de,-0.677528666,Menschenmenge [SEP] Eine aufgebrachte Menschenmenge versammelte sich vor dem Regierungsgebäude. [SEP] m__ [SEP] mob
3049,de,1.849356147,Regentropfen [SEP] Das Gewitter gestern war besonders heftig. Die Regentropfen trommelten regelrecht auf unser Hausdach. [SEP] r_______ [SEP] raindrop
3050,de,-2.545458542,Partner [SEP] Darf ich dir meinen geschäftlichen Partner vorstellen? [SEP] a________ [SEP] associate
3051,de,-1.593873254,Abkürzung [SEP] Die Abkürzung kann leider nur über die Sommermonate benutzt werden. [SEP] s_______ [SEP] shortcut
3052,de,1.381197068,Deodorant [SEP] Ich verwende jeden Tag ein Deodorant. [SEP] d________ [SEP] deodorant
3053,de,-0.951282271,"ehrgeizig [SEP] Er ist ein junger, ehrgeiziger Anwalt. [SEP] a________ [SEP] ambitious"
3054,de,1.321899896,beinahe [SEP] Der Termin dauerte beinahe zwei Stunden. [SEP] n_____ [SEP] nearly
3055,de,-0.417594364,gesichert [SEP] Als Beamter hat man einen gesicherten Arbeitsplatz. [SEP] s_____ [SEP] secure
3056,de,-2.49449781,umreißen [SEP] In ihrer Rede skizzierte sie kurz den Umfang des Projekts. [SEP] o______ [SEP] outline
3057,de,-2.407324242,"unbekümmert [SEP] Unbekümmert darüber, dass die Zeit schon abgelaufen war, setzte der Student sein Referat fort. [SEP] m_______ [SEP] mindless"
3058,de,-2.04434245,Vorsatz [SEP] Ich habe nur einen Vorsatz für das neue Jahr. Ich möchte mehr Geld sparen. [SEP] r_________ [SEP] resolution
3059,de,-1.315729557,Fachkenntnis [SEP] Bewerber mit einschlägiger Fachkenntnis werden bevorzugt. [SEP] e________ [SEP] expertise
3060,de,0.545456829,Erklärung [SEP] Ich habe mir eine Erklärung und eine Entschuldigung von ihr erwartet. [SEP] e__________ [SEP] explanation
3061,de,-1.84612955,Landung [SEP] Zum Glück erlebten wir wenigstens eine sanfte Landung. [SEP] t________ [SEP] touchdown
3062,de,1.594521214,Unterbrechung [SEP] Sie arbeiteten ohne Unterbrechung. [SEP] b____ [SEP] break
3063,de,1.924301903,Büfett [SEP] Der Preis inkludiert das gesamte Büfett und ein Heißgetränk. [SEP] b_____ [SEP] buffet
3064,de,3.511482,"O.K. [SEP] O.K., ich bin dabei! [SEP] o_ [SEP] ok"
3065,de,2.009606948,Aquarium [SEP] Ich habe vier Goldfische als Haustiere - sie leben in einem Aquarium. [SEP] a_______ [SEP] aquarium
3066,de,1.228647538,innere [SEP] Er zog ein Taschentuch aus seiner inneren Jackentasche heraus. [SEP] i____ [SEP] inner
3067,de,-0.102250175,vielsagend [SEP] Sandra wirft mir einen vielsagenden Blick zu. [SEP] k______ [SEP] knowing
3068,de,-2.288911463,nicht [SEP] Ihre These war bis zu dieser Entdeckung nicht gestützt. [SEP] u__________ [SEP] unsupported
3069,de,0.385512896,"Empfangsmitarbeiter [SEP] Falls Sie während Ihres Aufenthalts in unserem Hotel etwas brauchen, wenden Sie sich bitte an unseren Empfangsmitarbeiter. [SEP] r___________ [SEP] receptionist"
3070,de,1.48685195,Radiologie [SEP] Ich möchte nach dem Abitur eine Facharztausbildung machen und mich auf Radiologie spezialisieren [SEP] r________ [SEP] radiology
3071,de,0.787855114,Raumpfleger [SEP] Der Raumpfleger reinigt die Büros. [SEP] c______ [SEP] cleaner
3072,de,-0.440515609,jede [SEP] In jeder Ecke des Raums steht eine Pflanze. [SEP] e___ [SEP] each
3073,de,-2.922161221,ausmachen [SEP] Die Arien machen nur einen Teil des Stücks aus. [SEP] c_________ [SEP] constitute
3074,de,-0.532938054,künstlich [SEP] Das Produkt ist künstlich hergestellt. [SEP] a___________ [SEP] artificially
3075,de,2.482521321,"sagen [SEP] Sag mir, wo sie wohnen. [SEP] t___ [SEP] tell"
3076,de,-2.803234802,aufgeraut [SEP] Aufgerautes Leder bekommt eine samtähnliche Oberfläche. [SEP] b______ [SEP] brushed
3077,de,0.057481946,"passen [SEP] Wenn wir uns nächste Woche am Montag treffen könnten, dann würde mir das sehr gut passen. [SEP] s___ [SEP] suit"
3078,de,-0.203566818,philosophisch [SEP] Sie sprechen über philosophische Themen. [SEP] p____________ [SEP] philosophical
3079,de,1.718323251,Veteran [SEP] Sie gilt als Veteranin des amerikanischen Kinos. [SEP] v______ [SEP] veteran
3080,de,-1.721439056,Verschwinden [SEP] Das Verschwinden von meiner Halskette kann ich mir einfach nicht erklären! [SEP] d____________ [SEP] disappearance
3081,de,1.608672685,biologisch [SEP] Biologische Produkte kann man im Hofladen um die Ecke kaufen. [SEP] b_________ [SEP] biological
3082,de,-1.282779471,ehrenamtlicher [SEP] Die Schule sucht für diese Aufgabe noch eine ehrenamtliche Mitarbeiterin. [SEP] v________ [SEP] volunteer
3083,de,2.93860116,Flughafen [SEP] Ich brachte meine Eltern zum Flughafen. [SEP] a______ [SEP] airport
3084,de,0.072493964,phänomenal [SEP] Das Theaterstück feiert einen phänomenalen Erfolg. [SEP] p_________ [SEP] phenomenal
3085,de,-1.786555328,Ausstellungsstück [SEP] Die Zeichnung wurde als Ausstellungsstück in den Katalog mit aufgenommen. [SEP] e______ [SEP] exhibit
3086,de,0.102403217,geistig [SEP] Ich habe ein geistiges Bild von ihr vor mir. [SEP] m_____ [SEP] mental
3087,de,-0.699011839,"sich [SEP] Wer Hinweise zu dem Unfall hat, möge sich mit der Polizei in Verbindung setzen. [SEP] c______ [SEP] contact"
3088,de,1.344872464,"ohne [SEP] Max sagt, dass er eine Kindheit ohne Liebe erfahren hätte. [SEP] l_______ [SEP] loveless"
3089,de,2.343767066,Tante [SEP] Ich besuche meine Tante und meinen Onkel einmal im Monat. [SEP] a___ [SEP] aunt
3090,de,-0.803275708,vorführen [SEP] Christian führt den neuen Mantel auf dem Laufsteg vor. [SEP] m____ [SEP] model
3091,de,-1.056320499,Kampf [SEP] Sie konnte schließlich den Kampf gegen ihre Krankheit für sich entscheiden. [SEP] s_______ [SEP] struggle
3092,de,-1.915064741,Schlag [SEP] Der Diktator ergriff durch einen Militärschlag die Macht. [SEP] c___ [SEP] coup
3093,de,2.228902953,Streaming [SEP] Für schnellere Streaming-Geschwindigkeit muss ein Aufpreis bezahlt werden. [SEP] s________ [SEP] streaming
3094,de,-2.011910356,"paaren [SEP] Arroganz, gepaart mit Hochmut, ist eine explosive Mischung. [SEP] c_____ [SEP] couple"
3095,de,-2.573092371,bestätigen [SEP] Die Beweislage scheint ihre Behauptung nicht zu bestätigen. [SEP] v_______ [SEP] validate
3096,de,-1.391921816,Betrug [SEP] Der Bande wurde Erpressung und Betrug vorgeworfen. [SEP] f____ [SEP] fraud
3097,de,-2.924878792,"Ambition [SEP] Tom hat einen Lebensberater, um über seine Bestrebungen, Ziele und Enttäuschungen zu sprechen. [SEP] a_________ [SEP] aspiration"
3098,de,-1.860023152,vermeidbar [SEP] Zigaretten sind leider eine der Hauptursachen für vermeidbare Krankheiten. [SEP] p__________ [SEP] preventable
3099,de,1.012607331,"erzeugen [SEP] Ich arbeite in einem Betrieb, der spezielle Leuchten für Büros herstellt. [SEP] p______ [SEP] produce"
3100,de,-0.447825153,"Samen [SEP] Man kann sich gar nicht vorstellen, welche mächtigen Bäume aus einem Samen herauswachsen können. [SEP] s___ [SEP] seed"
3101,de,0.678262537,Heilmittel [SEP] Für diese Krankheit gibt es ein sehr gutes Heilmittel. [SEP] c___ [SEP] cure
3102,de,1.33554748,Kurse [SEP] Ich belege einen Englischkurs seit Weihnachten. [SEP] c_____ [SEP] course
3103,de,2.515657858,Frau [SEP] Grüßen Sie Ihre Frau von mir. [SEP] w___ [SEP] wife
3104,de,-0.521720125,"einschließlich [SEP] Die gesamte Familie kam zur Feier, einschließlich Tanten und Cousins. [SEP] i________ [SEP] including"
3105,de,0.696746985,Wäsche [SEP] Die Kinder sollten die Wäsche am Morgen nicht vergessen. [SEP] w___ [SEP] wash
3106,de,-0.230084162,konfigurieren [SEP] Der Computer kann beliebig konfiguriert werden. [SEP] c________ [SEP] configure
3107,de,0.98336118,sich [SEP] Viele Menschen machen sich darüber Sorgen. [SEP] w____ [SEP] worry
3108,de,1.463995569,niederländisch [SEP] Brigitte ist ein niederländischer Name. [SEP] d____ [SEP] dutch
3109,de,-1.614229722,Reisender [SEP] Die alte Reisende schien ihr langersehntes Ziel erreicht zu haben. [SEP] v______ [SEP] voyager
3110,de,-0.437226084,Buchung [SEP] Die Fluglinie hat bereits vor einer Woche meine Buchung bestätigt. [SEP] r__________ [SEP] reservation
3111,de,-1.535626114,Fleck [SEP] Er hatte einen öligen Fleck auf seinem Hemd. [SEP] m___ [SEP] mark
3112,de,0.952967645,drucken [SEP] Dieser Drucker druckt farbig als auch schwarz-weiß. [SEP] p____ [SEP] print
3113,de,-1.53796702,Verordnung [SEP] Alle Unternehmen müssen die Verordnung respektieren und umsetzen. [SEP] r_________ [SEP] regulation
3114,de,-0.823650281,anstellbar [SEP] Aufgrund seiner schlechten Ausbildung ist er nicht anstellbar. [SEP] e_________ [SEP] employable
3115,de,1.24211566,unfreundlich [SEP] Es herrschte eine ziemlich unfreundliche Stimmung. [SEP] u_________ [SEP] unfriendly
3116,de,0.776816149,Schalter [SEP] In der Bank gab es eine lange Schlange vor dem Schalter. [SEP] c______ [SEP] counter
3117,de,1.586137438,Foto [SEP] Er macht mit seiner Kamera viele Fotos. [SEP] p____ [SEP] photo
3118,de,-0.970999928,zittern [SEP] Ihre Hände zittern jetzt nicht nur wegen der Kälte. [SEP] t______ [SEP] tremble
3119,de,2.113894924,Unterrichtsstunde [SEP] Was haben wir in der letzten Unterrichtsstunde gemacht? [SEP] l_____ [SEP] lesson
3120,de,1.494023715,Macht [SEP] Seit der letzten Wahl kämpfen mehrere Parteien um die Macht. [SEP] p____ [SEP] power
3121,de,-0.906613046,"Verdacht [SEP] Sie hatte den Verdacht, dass er ihr nicht alles gesagt hatte. [SEP] s________ [SEP] suspicion"
3122,de,-1.345210226,Speicher [SEP] Der Ort hat einen eigenen Speicher für Trinkwasser. [SEP] r________ [SEP] reservoir
3123,de,2.086318861,General [SEP] Der General gibt die Befehle. [SEP] g______ [SEP] general
3124,de,1.346314464,senkrecht [SEP] Die Felswand war nahezu senkrecht. [SEP] v_______ [SEP] vertical
3125,de,1.447209431,Überraschung [SEP] Was für eine Überraschung! Damit hätte ich nicht gerechnet. [SEP] s_______ [SEP] surprise
3126,de,2.185108603,falsch [SEP] Er ist der falsche Mann für diesen Job. [SEP] w____ [SEP] wrong
3127,de,2.419569046,der [SEP] Er war der Zweite im Rennen und kam kurz nach dem Titelverteidiger ins Ziel. [SEP] s_____ [SEP] second
3128,de,-0.472513464,Küsten [SEP] Die Küstenstadt ist wunderschön. Dahin möchte ich nächstes Jahr wieder in den Urlaub fahren. [SEP] c______ [SEP] coastal
3129,de,-0.233152281,Ethik [SEP] Die Ethik ist ein Zweig der Philosophie. [SEP] e_____ [SEP] ethics
3130,de,1.506317862,Handtuch [SEP] Nimm bitte ein frisches Handtuch. [SEP] t____ [SEP] towel
3131,de,0.785459866,"wieder [SEP] Die Stadtregierung sollte alles dafür tun, die Wirtschaft in unserem Ort wieder zu aktivieren. [SEP] r_________ [SEP] reactivate"
3132,de,-3.212754586,sprengen [SEP] Das Gebäude wurde gesprengt. [SEP] b____ [SEP] blast
3133,de,-0.529558443,"unbekleidet [SEP] Er war schon fast unbekleidet, als die Tür aufging. [SEP] u________ [SEP] undressed"
3134,de,-2.034767787,Erklärung [SEP] Die Erklärung des Begriffs hilft mir nicht weiter. [SEP] d_________ [SEP] definition
3135,de,0.491704925,flüssig [SEP] Für die Arbeitsstelle werden flüssige Sprachkenntnisse in Englisch und Deutsch benötigt. [SEP] f_____ [SEP] fluent
3136,de,-2.860329641,Tantiemen [SEP] Aufgrund eines Streits mit der Plattenfirma erhielt die Musikerin noch immer keine Tantiemen für ihren Welthit. [SEP] r______ [SEP] royalty
3137,de,-0.436409293,bewertet [SEP] Die Produkte wurden mit Schulnoten bewertet. [SEP] r____ [SEP] rated
3138,de,-0.207221749,Dauer [SEP] Die Dauer des Seminars war zu lang. [SEP] d_______ [SEP] duration
3139,de,-1.026676259,Kreuzung [SEP] Biegen Sie an der Kreuzung rechts ab. [SEP] c________ [SEP] crossroad
3140,de,-1.993811085,Lehrbuch [SEP] Das ist ein interessantes Lehrbuch zu diesem Thema. [SEP] t_______ [SEP] textbook
3141,de,3.332785387,allein [SEP] Ich war allein im Haus. [SEP] a____ [SEP] alone
3142,de,-0.019559245,seltsam [SEP] Sein Verhalten ist seltsam die letzte Zeit. [SEP] o__ [SEP] odd
3143,de,0.13239397,"befördern [SEP] Eine externe Firma übernimmt es, das Gepäck zu befördern. [SEP] t________ [SEP] transport"
3144,de,1.270099865,"glühen [SEP] Wir beobachten, wie die Leuchtkäfer in der Dunkelheit glühen. [SEP] g___ [SEP] glow"
3145,de,0.889737149,Knoten [SEP] Kannst du mir den Knoten in dieser Schnur lösen? [SEP] k___ [SEP] knot
3146,de,0.090394016,überschwemmen [SEP] Der Regen überflutete die ganze Stadt. [SEP] f____ [SEP] flood
3147,de,0.610647023,Erfindung [SEP] Meine neueste Erfindung hat mir viel Geld eingebracht. [SEP] i________ [SEP] invention
3148,de,-2.548654635,mutmaßlich [SEP] Die mutmaßliche Täterin ist noch auf freiem Fuß. [SEP] s_______ [SEP] supposed
3149,de,-0.528669392,klarstellen [SEP] Könnten Sie Ihre Position zu dem Thema bitte klarstellen? [SEP] c______ [SEP] clarify
3150,de,-1.29928556,Vorführung [SEP] Sie ist vor der ersten Vorführung sehr nervös. [SEP] p__________ [SEP] performance
3151,de,1.406639861,sehr [SEP] Sehr wenige Menschen wissen darüber Bescheid. [SEP] v___ [SEP] very
3152,de,1.58560875,Franchise [SEP] Das neue Konzept ist als Franchise aufgebaut. [SEP] f________ [SEP] franchise
3153,de,0.623056308,Berührungsbildschirm [SEP] Man konnte alles ohne Tastatur oder Maus über den Berührungsbildschirm eingeben. [SEP] t__________ [SEP] touchscreen
3154,de,-3.38177538,Unterlegscheibe [SEP] Zwischen Schraube und Blech lag eine Unterlegscheibe. [SEP] w_____ [SEP] washer
3155,de,1.771522637,Russe [SEP] Der Russe machte sich schließlich auf seinen Heimweg. [SEP] r______ [SEP] russian
3156,de,-0.676121187,"Umfrage [SEP] Die Umfrage zeigt, dass die Mehrheit der Leute dagegen ist. [SEP] s_____ [SEP] survey"
3157,de,0.944428047,berauben [SEP] Drei Maskierte haben am Freitag eine Bank ausgeraubt. [SEP] r__ [SEP] rob
3158,de,-2.709898374,"verleiten [SEP] Ihr müsst die Gegner dazu verleiten, einen Fehler zu machen. [SEP] t____ [SEP] tempt"
3159,de,1.876291397,adoptiert [SEP] Beide Kinder sind adoptiert. [SEP] a______ [SEP] adopted
3160,de,1.620062727,Richtung [SEP] Gehen wir wirklich in die richtige Richtung? [SEP] d________ [SEP] direction
3161,de,0.68452958,"gerade [SEP] Als erstes werden wir versuchen, eine gerade Linie ohne Lineal zu zeichnen. [SEP] s_______ [SEP] straight"
3162,de,-1.256432204,"verderben [SEP] Bitte stell die Milch in den Kühlschrank, weil sie sonst sehr schnell verdirbt. [SEP] s____ [SEP] spoil"
3163,de,-0.408267162,Kopfsprung [SEP] Sie machte einen Kopfsprung ins Wasser. [SEP] d___ [SEP] dive
3164,de,-1.396943901,Treffen [SEP] Das jährliche Treffen unserer Familie wird dieses Jahr von meiner Tante organisiert. [SEP] r______ [SEP] reunion
3165,de,0.509718089,hundert [SEP] Hundert Personen sind in diesem Saal zugelassen. [SEP] h______ [SEP] hundred
3166,de,0.34947309,"zögern [SEP] Das Mädchen zögerte einen Moment und traute sich dann schließlich, zu sprechen. [SEP] h_______ [SEP] hesitate"
3167,de,-1.214131396,Filmmusik [SEP] Die Filmmusik ist ausgezeichnet und erzeugt diese ganz eigene Stimmung. [SEP] s_________ [SEP] soundtrack
3168,de,0.348441277,"Schande [SEP] Es war eine echte Schande, dass ihr bei der Feier nicht dabei sein konntet. [SEP] s____ [SEP] shame"
3169,de,2.013148288,Medaille [SEP] Sie hat die Goldmedaille in diesem Rennen gewonnen. [SEP] m____ [SEP] medal
3170,de,-1.2116054,Spitzen [SEP] Der Spitzenkandidat liegt in Umfragen weiterhin vorn. [SEP] l______ [SEP] leading
3171,de,1.142995565,Nerv [SEP] Ich verliere langsam die Nerven mit dir! [SEP] n____ [SEP] nerve
3172,de,1.004013787,Europäer [SEP] In Australien leben viele Europäer. [SEP] e_______ [SEP] european
3173,de,-1.276831766,untere [SEP] Sie saß auf der untersten Stufe der Treppe. [SEP] b_____ [SEP] bottom
3174,de,-1.762957027,"aufrüsten [SEP] Es wird empfohlen, die Software entsprechend aufzurüsten. [SEP] u______ [SEP] upgrade"
3175,de,1.661472109,Neugeborenes [SEP] Das Neugeborene schreit die ganze Nacht. [SEP] n______ [SEP] newborn
3176,de,-0.14256806,an [SEP] Sie geht langsam an der Post vorbei. [SEP] p___ [SEP] pass
3177,de,-3.882880553,sich [SEP] Die kleinen Kinder klammern sich an ihre Mamas. [SEP] c_____ [SEP] clutch
3178,de,0.982793979,"freundlich [SEP] ""Beruhige dich jetzt. Es gibt keinen Grund zur Sorge"", sagte der Vater freundlich. [SEP] k_____ [SEP] kindly"
3179,de,-2.223924963,"ansprechbar [SEP] Dem Patienten war sehr schwindelig, aber er war durchgehend ansprechbar. [SEP] r_________ [SEP] responsive"
3180,de,1.415047456,Temperatur [SEP] Die durchschnittliche Temperatur ist seither um zwei Grad gestiegen. [SEP] t__________ [SEP] temperature
3181,de,-1.415708378,"genau [SEP] Das ist genau der Grund, warum ich nicht mehr so gern in Supermärkten einkaufe. [SEP] p________ [SEP] precisely"
3182,de,1.792857243,Straße [SEP] Diese Straße führt direkt zum Krankenhaus. [SEP] r___ [SEP] road
3183,de,0.399977801,Ausland [SEP] Er lebt im Ausland. [SEP] a_____ [SEP] abroad
3184,de,-0.320335313,verbeugen [SEP] Er verbeugte sich und verließ den Raum. [SEP] b__ [SEP] bow
3185,de,-0.795215833,bewundernswert [SEP] Sein Benehmen war bewundernswert. [SEP] a________ [SEP] admirable
3186,de,0.787321358,"Pflicht [SEP] Es ist sine Pflicht, pünktlich in der Schule zu erscheinen. [SEP] d___ [SEP] duty"
3187,de,-1.952199016,plötzlich [SEP] Die Geschichte endete plötzlich. [SEP] a_______ [SEP] abruptly
3188,de,-0.986272155,streng [SEP] Er wurde aus Gesundheitsgründen auf eine strenge Diät gesetzt. [SEP] s_____ [SEP] strict
3189,de,1.333655654,"vorhaben [SEP] Wir haben vor, in den nächsten Jahren ein Haus zu kaufen. [SEP] p___ [SEP] plan"
3190,de,-2.015072304,Arbeitsleistung [SEP] Ein gutes Umfeld erhöht die Arbeitsleistung der Mitarbeiterinnen und Mitarbeiter. [SEP] p___________ [SEP] productivity
3191,de,2.599494204,Wein [SEP] Wein wird aus Trauben gewonnen. [SEP] w___ [SEP] wine
3192,de,1.676366704,Form [SEP] Das Auto ist in Österreich leider immer noch die beliebteste Form der Fortbewegung. [SEP] f___ [SEP] form
3193,de,-3.296121171,ungebunden [SEP] Beide waren über 30 und noch ungebunden. [SEP] u_________ [SEP] unattached
3194,de,0.259596401,Schatz [SEP] Sie suchen nach einem vergrabenen Schatz. [SEP] t_______ [SEP] treasure
3195,de,-0.843809863,deprimierend [SEP] Bei diesem deprimierenden Wetter mag ich gar nicht vor die Tür gehen. [SEP] d_________ [SEP] depressing
3196,de,3.355132328,Datum [SEP] Welches Datum haben wir heute? [SEP] d___ [SEP] date
3197,de,0.95827259,integrieren [SEP] Die fremden Menschen sollen in unsere Gesellschaft erfolgreich integriert werden. [SEP] i________ [SEP] integrate
3198,de,-2.027975203,Scheitern [SEP] Nach dem Scheitern ihrer Ehe zog sie in eine andere Stadt. [SEP] b________ [SEP] breakdown
3199,de,0.002138045,Fehler [SEP] Das ist nicht mein Fehler! [SEP] f____ [SEP] fault
3200,de,-4.416070517,gegen [SEP] Die Sportler kämpfen um den Sieg. [SEP] c______ [SEP] contend
3201,de,-2.007741284,Herangehensweise [SEP] Sie muss sich für die Verhandlung eine gute Herangehensweise zurechtlegen. [SEP] s_______ [SEP] strategy
3202,de,1.204398757,Planung [SEP] In den kommenden Monaten konzentrieren wir uns auf die Planung der nächsten Arbeitsschritte. [SEP] p_______ [SEP] planning
3203,de,0.82645843,Anstieg [SEP] Im letzten halben Jahr wurde ein Anstieg der Arbeitslosenzahlen verzeichnet. [SEP] i_______ [SEP] increase
3204,de,-0.372485282,gefühlsvoll [SEP] Der gefühlvolle gefühlsvolle Mann versteht seine Frau sehr gut. [SEP] e________ [SEP] emotional
3205,de,0.188743157,"kürzlich [SEP] Sie hat erst kürzlich davon erfahren, dass sie noch Halbgeschwister hat. [SEP] r_______ [SEP] recently"
3206,de,-2.039459786,"klein [SEP] Du musst die Karotten klein schneiden, bevor sie in den Topf kommen. [SEP] c___ [SEP] chop"
3207,de,3.467978119,in [SEP] Die Kinder spielen draußen im Garten. [SEP] i_ [SEP] in
3208,de,1.403816574,erhitzen [SEP] Erhitze das Öl und füge dann die Zwiebeln hinzu. [SEP] h___ [SEP] heat
3209,de,2.407263306,Pferd [SEP] Das kleine Mädchen liebt Pferde. [SEP] h____ [SEP] horse
3210,de,2.193011829,"Pitbull [SEP] Bei einem Pitbull handelt es sich eigentlich um einen kleinen, starken Kampfhund. [SEP] p______ [SEP] pitbull"
3211,de,-2.648723674,Schätzung [SEP] Diese Zahl ist nur eine Schätzung. [SEP] a____________ [SEP] approximation
3212,de,-2.37854426,ändern [SEP] Der Chef musste den Text verändern. [SEP] m_____ [SEP] modify
3213,de,-0.90491991,Brauch [SEP] Österreich hat ein paar spezielle Bräuche in der Weihnachtszeit. [SEP] c_____ [SEP] custom
3214,de,0.983621336,Scheidung [SEP] Sie hat die Scheidung eingereicht. [SEP] d______ [SEP] divorce
3215,de,-2.401480531,Berichterstattung [SEP] Die Berichterstattung war objektiv und professionell. [SEP] c_______ [SEP] coverage
3216,de,-2.870931327,etwas [SEP] Sie wird sich wegen des schlechten Wetters etwas verspäten. [SEP] s_______ [SEP] slightly
3217,de,2.063443205,gedruckt [SEP] Diese Ausgabe wurde auf sehr schönem Papier gedruckt. [SEP] p______ [SEP] printed
3218,de,3.384701182,Summe [SEP] Als Strafe musste er die Summe von 120 Euro bezahlen. [SEP] s__ [SEP] sum
3219,de,-2.401906009,zugelassen [SEP] Sie wurde für das Studium zugelassen. [SEP] a_______ [SEP] admitted
3220,de,-3.189106805,Armatur [SEP] Der Handwerker reparierte die Armaturen in der Dusche. [SEP] f______ [SEP] fitting
3221,de,0.956996115,Unwetter [SEP] Wegen eines heftigen Unwetters saßen wir für mehrere Tage fest. [SEP] s____ [SEP] storm
3222,de,2.197660035,Mentor [SEP] Sie hat eine Ausbildung zur Mentorin gemacht. [SEP] m_____ [SEP] mentor
3223,de,0.206870133,Abendessen [SEP] Ich habe das Abendessen zubereitet. [SEP] s_____ [SEP] supper
3224,de,-1.526464291,Mieter [SEP] Diese Tapeten hat die vorige Mieterin ausgesucht. [SEP] t_____ [SEP] tenant
3225,de,-2.902973242,"inszenieren [SEP] Sie inszenieren „Warten auf Godot"" mit viel Liebe zum Detail. [SEP] s____ [SEP] stage"
3226,de,-2.427313201,Zugänglichkeit [SEP] Ist die Zugänglichkeit aller Teilnehmer zum Veranstaltungsort gewährleistet? [SEP] a____________ [SEP] accessibility
3227,de,1.750230416,Flamingo [SEP] Im Zoo gibt es Flamingos. [SEP] f_______ [SEP] flamingo
3228,de,-1.764687516,spitz [SEP] Sein spitzes Kinn fiel ihnen ganz besonders auf. [SEP] p______ [SEP] pointed
3229,de,2.335993301,Gehirn [SEP] Das Gehirn ist eines der wichtigsten Organe im menschlichen Körper. [SEP] b____ [SEP] brain
3230,de,1.854604406,Geländewagen [SEP] Sie machen eine Safari in einem Geländewagen. [SEP] j___ [SEP] jeep
3231,de,0.523267161,schließen [SEP] Bitte schließe beim Hinausgehen die Tür hinter dir. [SEP] s___ [SEP] shut
3232,de,0.743933677,Zuwanderung [SEP] Die Zuwanderung hat letztes Jahr ihren Höhepunkt erreicht. [SEP] m________ [SEP] migration
3233,de,-1.877410561,Enthüllung [SEP] Die jüngste Enthüllung wurde durch dieses Magazin veröffentlicht. [SEP] r_________ [SEP] revelation
3234,de,2.07788531,Wasserfall [SEP] Wir sahen unter anderem einen beeindruckenden Wasserfall. [SEP] w________ [SEP] waterfall
3235,de,0.512744316,Schießerei [SEP] Glücklicherweise wurde niemand bei der Schießerei ernsthaft verletzt. [SEP] s_______ [SEP] shooting
3236,de,-1.052736262,"Erschütterung [SEP] Wir spürten die Erschütterung, die ein vorbeifahrender LKW hervorrief. [SEP] v________ [SEP] vibration"
3237,de,-1.036519269,Vorgehensweise [SEP] Zu allererst möchten wir Ihnen die Vorgehensweise genau erklären. [SEP] p________ [SEP] procedure
3238,de,-0.129954052,Wange [SEP] Sie küsste das Kind auf die Wange. [SEP] c____ [SEP] cheek
3239,de,-0.485806733,"kaum [SEP] Sie hat sich kaum getraut, mit dem alten Mann zu sprechen. [SEP] h_____ [SEP] hardly"
3240,de,-1.83807897,ungerechtfertigt [SEP] Er ignorierte diese ungerechtfertigte Kritik. [SEP] u__________ [SEP] unjustified
3241,de,2.724354148,genug [SEP] Die Kette ist nicht lang genug. [SEP] e_____ [SEP] enough
3242,de,-2.317163799,befragen [SEP] Ich wurde zum Rauchverbot befragt. [SEP] s_____ [SEP] survey
3243,de,1.601067353,Weltmeer [SEP] Das Paar besegelt die Weltmeere. [SEP] o____ [SEP] ocean
3244,de,-1.854527758,"sachte [SEP] Die Mutter berührte ihre Kinder sachte an deren Schulter, um sie zu wecken. [SEP] g_____ [SEP] gently"
3245,de,0.428838986,Zunge [SEP] Du sollst doch nicht anderen Leuten die Zunge herausstrecken! [SEP] t_____ [SEP] tongue
3246,de,0.278424501,am [SEP] Du bist die am wenigsten geeignete Person für diesen Job. [SEP] l____ [SEP] least
3247,de,-2.819710572,"Wahrscheinlichkeit [SEP] Die Wahrscheinlichkeit, dass sich die Krankheit ausbreitet, ist hoch. [SEP] l_________ [SEP] likelihood"
3248,de,-2.729870992,Riegel [SEP] Verschließt alle Fenster und Türen mit Riegeln. [SEP] b___ [SEP] bolt
3249,de,-0.440951956,Begleiter [SEP] Meine Freundin war eine tolle Reisebegleiterin. Mit ihr würde ich wieder in den Urlaub fahren. [SEP] c________ [SEP] companion
3250,de,0.829496029,berichten [SEP] Der Journalist berichtet live aus dem Krisengebiet. [SEP] r_____ [SEP] report
3251,de,2.41028841,"morgen [SEP] Dann sehen wir uns morgen, einverstanden? [SEP] t_______ [SEP] tomorrow"
3252,de,0.448067807,manipulativ [SEP] Manipulatives Verhalten wird an den Pranger gestellt. [SEP] m___________ [SEP] manipulative
3253,de,2.562008553,"beitreten [SEP] Ich denke darüber nach, dem hiesigen Volleyballclub beizutreten. [SEP] j___ [SEP] join"
3254,de,-1.614911809,ungelogen [SEP] Sie hat ungelogen über zweihundert Gäste auf ihre Hochzeit eingeladen. [SEP] l________ [SEP] literally
3255,de,-1.995237037,Zeugenaussage [SEP] Die Zeugenaussage der Kellnerin bestätigten seine Darstellung. [SEP] t________ [SEP] testimony
3256,de,-1.975142722,Dürre [SEP] Während der Dürre wird das Wasser knapp. [SEP] d______ [SEP] drought
3257,de,2.287273997,elegant [SEP] Er trägt einen eleganten Anzug. [SEP] e______ [SEP] elegant
3258,de,0.507136792,verträumt [SEP] Sie schaute ihn mit einem verträumten Blick an. [SEP] d_____ [SEP] dreamy
3259,de,-2.742559795,Schattenseite [SEP] Die langen Arbeitszeiten sind wohl die Schattenseite des Jobs. [SEP] d_______ [SEP] downside
3260,de,-0.380928167,überzeugen [SEP] Ich konnte sie nicht überzeugen. [SEP] c_______ [SEP] convince
3261,de,0.176604177,"nicht [SEP] Wir merkten erst in der Bank, dass der Scheck nicht unterschrieben war. [SEP] u_______ [SEP] unsigned"
3262,de,0.427979522,schlau [SEP] Das Mädchen ist schlau und weiß fast immer die richtige Antwort. [SEP] s____ [SEP] smart
3263,de,-1.870788875,Ausschluss [SEP] Der Ausschluss der Sportler stand fest. [SEP] d_______________ [SEP] disqualification
3264,de,0.097851824,sich [SEP] An dieser Stelle verengt sich die Straße. Ab hier können keine Autos mehr fahren. [SEP] n_____ [SEP] narrow
3265,de,-1.843919709,Kutsche [SEP] Die Kutsche fährt mit den Touristen durch die Innenstadt. [SEP] c_______ [SEP] carriage
3266,de,-0.131625445,Ingenieur [SEP] Sie arbeitet als Ingenieurin und ist in der Firma in der Abteilung Tiefbau tätig. [SEP] e_______ [SEP] engineer
3267,de,0.315219729,praktisch [SEP] BewerberInnen sollten schon praktische Erfahrung in diesem Bereich mitbringen. [SEP] p________ [SEP] practical
3268,de,-0.838385421,Ufer [SEP] Wir haben am Ufer ein kleines Lagerfeuer gemacht. [SEP] s____ [SEP] shore
3269,de,1.693223468,beten [SEP] Lasst uns gemeinsam beten. [SEP] p___ [SEP] pray
3270,de,1.218333348,Tagebuch [SEP] Er führt ein Tagebuch. [SEP] d____ [SEP] diary
3271,de,1.379007256,jdn/etw [SEP] Sie konnte mit einem neuen Medikament geheilt werden. [SEP] h___ [SEP] heal
3272,de,-0.283456596,vor [SEP] Die Früchte werden vor Ort geernet. [SEP] l______ [SEP] locally
3273,de,-0.897988863,Bergbau [SEP] Der Bergbau ist ein wichtiger Wirtschaftszweig dieser Region. [SEP] m_____ [SEP] mining
3274,de,0.006503026,Einzelperson [SEP] Jeder Einzelne sollte in unserer Gesellschaft die gleichen Rechte haben. [SEP] i_________ [SEP] individual
3275,de,-3.377352158,Neugestaltung [SEP] Die Wählerinnen und Wähler wünschen sich eine radikale Neugestaltung der Wahlgesetze. [SEP] r__________ [SEP] reformation
3276,de,0.469513724,mieten [SEP] Der Mann mietete ein Auto am Flughafen und fuhr damit in die Stadt. [SEP] h___ [SEP] hire
3277,de,1.902529416,zusammen [SEP] Zählen Sie nun alle bisherigen Zahlen zusammen. [SEP] t_______ [SEP] together
3278,de,-2.634886261,Luxus [SEP] In diesem Urlaub gönne ich mir ein Luxushotel. [SEP] d_____ [SEP] deluxe
3279,de,-1.480892287,Einfahrt [SEP] Unsere Einfahrt zum Haus ist mit Schnee bedeckt. [SEP] d_______ [SEP] driveway
3280,de,2.618902097,Popcorn [SEP] Kein Kinobesuch ist komplett ohne eine Tüte Popcorn. [SEP] p______ [SEP] popcorn
3281,de,-3.361101902,"sich [SEP] In schwierigen Situationen ist es gut, wenn man sich auf die Richtlinien beruft. [SEP] i_____ [SEP] invoke"
3282,de,-1.020808903,"Spur [SEP] Die Einbrecher waren darauf bedacht, keine Spur zu hinterlassen. [SEP] t____ [SEP] trace"
3283,de,-0.008806683,Vergleich [SEP] Der Vergleich zwischen den zwei Geschichten ist dir gut gelungen. [SEP] c_________ [SEP] comparison
3284,de,-0.317201182,"Gelegenheit [SEP] Wir versuchen gemeinsam ein Projekt zu starten, sobald die Gelegenheit dazu günstig ist. [SEP] c_____ [SEP] chance"
3285,de,-1.490680275,Denkmal [SEP] Das Denkmal erinnert an den Tod vieler Soldaten. [SEP] m_______ [SEP] memorial
3286,de,0.616740078,Schlamm [SEP] Die Straße war nach dem Sturm voller Schlamm. [SEP] m__ [SEP] mud
3287,de,1.60740985,schlafend [SEP] Das schlafende Baby wurde vom Klingeln der Türglocke geweckt. [SEP] s_______ [SEP] sleeping
3288,de,0.329024518,treu [SEP] Sie sind dem König treue Diener. [SEP] l____ [SEP] loyal
3289,de,2.651197287,hoch [SEP] Die Siegerin freute sich sehr und hob den Pokal hoch in die Luft. [SEP] h___ [SEP] high
3290,de,-2.190832919,komprimiert [SEP] Die komprimierten Daten wurden per Mail versendet. [SEP] c_________ [SEP] compressed
3291,de,-2.381510791,schieben [SEP] Launisch schiebt er die umstehenden Personen zur Seite und stürmt davon. [SEP] s____ [SEP] shove
3292,de,-2.850195973,unbehaglich [SEP] Sie rutschte unbehaglich auf dem Sessel hin und her. [SEP] u____________ [SEP] uncomfortably
3293,de,-0.195024018,Verantwortung [SEP] Als Leiterin der Abteilung hat sie nun viel Verantwortung übernommen. [SEP] r_____________ [SEP] responsibility
3294,de,-2.274273633,jdn/etw [SEP] Die Maßnahmen wurden von der breiten Öffentlichkeit verurteilt. [SEP] c______ [SEP] condemn
3295,de,1.152122699,Wissenschaftler [SEP] Ein echter Wissenschaftler ist neugierig und gibt nicht so leicht auf. [SEP] s________ [SEP] scientist
3296,de,-0.996094406,unterirdisch [SEP] Die meisten Leitungen verlaufen unterirdisch. [SEP] u__________ [SEP] underground
3297,de,-1.611131789,Krankenpflege [SEP] Die Krankenpflegeschule hat dieses Jahr viele Anmeldungen. [SEP] n______ [SEP] nursing
3298,de,-0.437750675,Flaschen [SEP] Kaufe bitte Flaschenbier und kein Dosenbier. [SEP] b______ [SEP] bottled
3299,de,1.742074116,Patent [SEP] Sie hat ein Patent für ihre neue Erfindung angemeldet. [SEP] p_____ [SEP] patent
3300,de,1.222576063,Telegraf [SEP] Früher wurden wichtige Nachrichten am schnellsten per Telegraf übermittelt. [SEP] t________ [SEP] telegraph
3301,de,2.434349065,draußen [SEP] Warum gehst du nicht mit deinen Freunden nach draußen? [SEP] o__ [SEP] out
3302,de,-3.21444081,Zersplitterung [SEP] Die Zersplitterung des Vielvölkerstaates war nicht mehr aufzuhalten. [SEP] f____________ [SEP] fragmentation
3303,de,-1.472788254,Bach [SEP] Hinter dem Haus läuft ein kleiner Bach vorbei. [SEP] s_____ [SEP] stream
3304,de,-0.921650121,numerisch [SEP] Die Daten sind in numerischer Reihenfolge gespeichert. [SEP] n________ [SEP] numerical
3305,de,-1.569714437,hingebungsvoll [SEP] Sie ist eine hingebungsvolle Mutter und tut alles für ihre Familie. [SEP] d______ [SEP] devoted
3306,de,3.342559127,Brief [SEP] Sie hat einen Brief an ihren Exfreund geschrieben. [SEP] l_____ [SEP] letter
3307,de,-2.458706168,wesentlich [SEP] In den letzten Jahrzehnten ist die Lebensqualität für viele wesentlich gestiegen. [SEP] s____________ [SEP] substantially
3308,de,-1.946743279,"unterstützend [SEP] Meine Eltern waren sehr unterstützend, als ich Probleme mit meiner Firma hatte. [SEP] s_________ [SEP] supportive"
3309,de,-2.916725594,erbärmlich [SEP] Das ist eine erbärmliche Ausrede. [SEP] p_______ [SEP] pathetic
3310,de,-2.233271673,Volkszugehörigkeit [SEP] Nationalität ist in vielen Fällen nicht dasselbe wie Volkszugehörigkeit. [SEP] e________ [SEP] ethnicity
3311,de,-0.98035962,humanitär [SEP] Es wird humanitäre Hilfe geleistet. [SEP] h___________ [SEP] humanitarian
3312,de,0.872470501,Handfeuerwaffe [SEP] Plötzlich zog sie eine Handfeuerwaffe aus ihrer Handtasche und nahm den Einbrecher ins Visier. [SEP] p_____ [SEP] pistol
3313,de,2.45975142,bereit [SEP] Seid ihr bereit? [SEP] r____ [SEP] ready
3314,de,0.575058261,Verbrecher [SEP] Der Verbrecher wurde bei der Polizei angezeigt. [SEP] c_______ [SEP] criminal
3315,de,-0.490956045,Lebensraum [SEP] Der natürliche Lebensraum der Tiere ist gefährdet. [SEP] h______ [SEP] habitat
3316,de,1.721350596,berühren [SEP] Können Sie Ihr Schulterblatt berühren? [SEP] t____ [SEP] touch
3317,de,-0.233937942,Zusammenarbeit [SEP] Die Firma fördert die Zusammenarbeit zwischen Mitarbeitern. [SEP] c__________ [SEP] cooperation
3318,de,3.005879208,Faxgerät [SEP] Im Büro steht ein Faxgerät. [SEP] f__ [SEP] fax
3319,de,-0.881725579,Herausforderer [SEP] Der Herausforderer gewann erneut das Match. [SEP] c_________ [SEP] challenger
3320,de,-1.173298563,Überreste [SEP] Seine sterblichen Überreste wurden nach hundert Jahren in seine Heimat zurückgebracht. [SEP] r______ [SEP] remains
3321,de,-0.011881786,Bewerbung [SEP] Maria zog ihre Bewerbung für den Job zurück. [SEP] a__________ [SEP] application
3322,de,-1.624452114,Vergrößerung [SEP] Diese Linse bewirkt eine Vergrößerung um zehn Prozent. [SEP] m____________ [SEP] magnification
3323,de,0.016169697,"Anweisung [SEP] Die Mutter gab ihren Kindern eine Liste mit Anweisungen, die während ihrer Abwesenheit zu erledigen waren. [SEP] i__________ [SEP] instruction"
3324,de,-0.799535639,Wagen [SEP] Er legte die Ware in den Einkaufswagen. [SEP] c___ [SEP] cart
3325,de,1.351129746,Zwischenmahlzeit [SEP] Ich habe noch nicht wirklich Hunger und eine kleine Zwischenmahlzeit reicht völlig. [SEP] s____ [SEP] snack
3326,de,-1.88249925,Feindseligkeit [SEP] Feindseligkeiten zwischen Mitarbeitern können nicht verhindert werden. [SEP] h________ [SEP] hostility
3327,de,-1.664323652,"Art [SEP] Er hat eine wunderbare Art, Geschichten zu erzählen. [SEP] m_____ [SEP] manner"
3328,de,1.527452786,Mythos [SEP] Dieser Mythos liefert Einblicke in die antike Kultur. [SEP] m___ [SEP] myth
3329,de,2.44317068,"Mund [SEP] Der Arzt zu seinem Patienten: „Öffnen Sie bitte den Mund."" [SEP] m____ [SEP] mouth"
3330,de,2.126277921,Kochen [SEP] Kochen ist interessant. [SEP] c______ [SEP] cooking
3331,de,-2.08100474,anregend [SEP] Es war eine wirklich anregende Diskussion und die Teilnehmer tauschten später ihre E-Mail-Adressen aus. [SEP] s__________ [SEP] stimulating
3332,de,-1.125486038,Vergiftung [SEP] Sie starb letzte Nacht unerwartet an einer Blutvergiftung. [SEP] p________ [SEP] poisoning
3333,de,1.616907873,Herr [SEP] Lobet den Herrn! [SEP] l___ [SEP] lord
3334,de,-1.246195462,Ersatz [SEP] Bei mangelhafter Ware garantieren wir einen kostenlosen Ersatz des Produktes. [SEP] r__________ [SEP] replacement
3335,de,-2.487368981,überschüssig [SEP] Alles überschüssige Material muss anschließend entfernt werden. [SEP] e_____ [SEP] excess
3336,de,-1.100052784,Wettbewerb [SEP] Letztes Jahr nahm ich an einem Gesangwettbewerb teil und kam sogar ins Finale. [SEP] c______ [SEP] contest
3337,de,-2.388141421,über [SEP] Die Eltern werden über den Vorfall an der Schule unterrichtet. [SEP] n_____ [SEP] notify
3338,de,-0.78371208,würdig [SEP] Er war ein würdiger Gegner für mich. [SEP] w_____ [SEP] worthy
3339,de,0.327679567,fließen [SEP] Dieser Fluss fließt in den Bodensee. [SEP] f___ [SEP] flow
3340,de,-0.638149107,Versetzung [SEP] Sie bat um ihre Versetzung ins Londoner Büro. [SEP] t_______ [SEP] transfer
3341,de,-3.280103765,beinhalten [SEP] Das neue Projekt beinhaltet sicherlich sehr viel Arbeit. [SEP] i______ [SEP] involve
3342,de,3.951911806,Westen [SEP] Im Westen geht die Sonne unter. [SEP] w___ [SEP] west
3343,de,0.859880406,"Mathematik [SEP] Ich bin kein großer Fan von Mathematik, habe darin aber trotzdem gute Noten. [SEP] m__________ [SEP] mathematics"
3344,de,-2.192874794,"anständig [SEP] Als Schauspielerin zu arbeiten, war früher für eine anständige Bürgerin undenkbar. [SEP] r__________ [SEP] respectable"
3345,de,-1.374958569,"Mitleid [SEP] Ehrlich gesagt, habe ich kein Mitleid mit ihm. [SEP] s_______ [SEP] sympathy"
3346,de,-1.037935558,effizient [SEP] Das Gerät arbeitet effizient. [SEP] e__________ [SEP] efficiently
3347,de,-1.370765939,"Vorhersage [SEP] Obwohl die wirtschaftliche Lage nicht sehr günstig ist, sind die Vorhersagen für das nächste Finanzjahr sehr zuversichtlich. [SEP] p_________ [SEP] prediction"
3348,de,-0.131463121,nächste [SEP] Die nächste Tankstelle ist 30 km von hier entfernt. [SEP] c______ [SEP] closest
3349,de,-0.588396826,meistern [SEP] Sie hat die letzten Kochstunden gut gemeistert. [SEP] m_____ [SEP] master
3350,de,1.399652341,zugleich [SEP] Sie war glücklich und traurig zugleich. [SEP] b___ [SEP] both
3351,de,-1.944732746,Schaukelstuhl [SEP] Sie sitzt am Abend gern in ihrem Schaukelstuhl auf der Veranda. [SEP] r_____ [SEP] rocker
3352,de,-0.392190973,sich [SEP] Eine Menschenmenge versammelte sich auf dem Platz. [SEP] g_____ [SEP] gather
3353,de,0.00170691,"glauben [SEP] Ich glaube nicht, dass sie noch kommen werden. [SEP] t____ [SEP] think"
3354,de,-1.586458717,verlängert [SEP] Wir fuhren in den Urlaub über das verlängerte Wochenende. [SEP] e_______ [SEP] extended
3355,de,-0.945291515,verteilen [SEP] Die Männer verteilten Broschüren auf der Straße. [SEP] d_________ [SEP] distribute
3356,de,0.36535426,Zeit [SEP] Die lange Trockenzeit macht den Kleinbauern zu schaffen. [SEP] p_____ [SEP] period
3357,de,2.157952776,Oper [SEP] Ich gehe gerne in die Oper. [SEP] o____ [SEP] opera
3358,de,0.238194977,Sendereihe [SEP] Diese Sendereihe ist die Verfilmung eines Fantasyromans von George R. R. Martin. [SEP] s_____ [SEP] series
3359,de,-0.53912745,positiv [SEP] Regelmäßiger Sport wirkt positiv auf den ganzen Körper. [SEP] p_________ [SEP] positively
3360,de,2.380785761,klingeln [SEP] Heute läutet das Telefon nahezu ununterbrochen. [SEP] r___ [SEP] ring
3361,de,2.921672091,unterzeichnen [SEP] Könnten Sie bitte hier und hier unterzeichnen? [SEP] s___ [SEP] sign
3362,de,-0.263744926,"Abhängiger [SEP] Als bekennender Kaffee-Abhängiger trinke ich bis zu fünf Tassen am Tag, um wach zu werden. [SEP] a_____ [SEP] addict"
3363,de,-0.176901901,"zum [SEP] Die Firma stand kurz vor dem Konkurs, aber zum Glück fand sich ein neuer Investor. [SEP] f__________ [SEP] fortunately"
3364,de,1.15471743,Aufkleber [SEP] Sie sammelt Aufkleber berühmter Fußballer in einem Album. [SEP] s______ [SEP] sticker
3365,de,1.400718824,betreten [SEP] Er betrat den Raum und plötzlich wurde es ganz leise. [SEP] e____ [SEP] enter
3366,de,-1.405640486,summen [SEP] Die Biene summt. [SEP] b___ [SEP] buzz
3367,de,-1.130862308,Schale [SEP] Gib das Obst in die Schale und stell sie auf den Tisch. [SEP] d___ [SEP] dish
3368,de,-3.185373339,auf [SEP] Ich führe meinen Erfolg auf glückliche Umstände zurück. [SEP] a________ [SEP] attribute
3369,de,1.142102257,Wert [SEP] Der Wert des gestohlenen Gemäldes ist noch nicht bekannt gegeben worden. [SEP] v____ [SEP] value
3370,de,0.319890243,Formel [SEP] Die Firma hat eine neue Formel entwickelt. [SEP] f______ [SEP] formula
3371,de,-0.140401764,"übergewichtig [SEP] Das Kind ist übergewichtig, es muss sich gesünder ernähren und mehr Sport treiben. [SEP] o_________ [SEP] overweight"
3372,de,-4.142762871,in [SEP] Das Projekt kommt endlich in Schwung. [SEP] m_______ [SEP] momentum
3373,de,-2.041680819,sogenannte [SEP] Diese sogenannte einfache Methode war eigentlich die schwierigste von allen. [SEP] s________ [SEP] so-called
3374,de,-0.963006343,"neugierig [SEP] Wenn sich jemand der alten Frau nähert, öffnet sie ganz neugierig ihre Augen. [SEP] c________ [SEP] curiously"
3375,de,-1.748691433,eben [SEP] Dort drüben ist es relativ eben. Das ist der perfekte Platz für ein Nickerchen. [SEP] l____ [SEP] level
3376,de,-0.374385242,unkonventionell [SEP] Sie hat einen unkonventionellen Kleidungsstil. [SEP] u_____________ [SEP] unconventional
3377,de,0.802267768,Freund [SEP] Sie hat seit einer Woche einen neuen Freund. [SEP] b________ [SEP] boyfriend
3378,de,-0.281871744,institutionell [SEP] Die Unabhängigkeit der Zentrale muss institutionell abgesichert werden. [SEP] i____________ [SEP] institutional
3379,de,-2.700229298,amtierend [SEP] Der amtierende Minister wird bald von einem permantenen Kandidaten abgelöst. [SEP] a_____ [SEP] acting
3380,de,0.453878091,ursprünglich [SEP] Ursprünglich kommt er aus Spanien. [SEP] o_________ [SEP] originally
3381,de,0.642699329,"atmen [SEP] Der Arzt sagt zum Patienten: „Bitte einmal tief ein- und ausatmen."" [SEP] b______ [SEP] breathe"
3382,de,3.015570148,Arbeit [SEP] Das wird viel Arbeit erfordern. [SEP] w___ [SEP] work
3383,de,0.461168171,Beobachtung [SEP] Die Patientin muss zur Beobachtung noch ein paar Tage im Spital bleiben. [SEP] o__________ [SEP] observation
3384,de,0.64355017,abfliegen [SEP] Das Flugzeug flog heute Morgen um acht Uhr ab. [SEP] d_____ [SEP] depart
3385,de,2.461663845,Diagramm [SEP] Die Verkaufsentwicklung der letzten drei Monate wird im Diagramm aufgezeigt. [SEP] d______ [SEP] diagram
3386,de,-0.217443489,Gläubiger [SEP] Er ist ein Gläubiger. [SEP] b_______ [SEP] believer
3387,de,-0.671922383,Abfluss [SEP] Der Abfluss ist schon wieder verstopft. [SEP] d____ [SEP] drain
3388,de,2.565965692,normal [SEP] Sie ist ein ganz normaler Mensch. [SEP] n_____ [SEP] normal
3389,de,0.044506623,Zufriedenheit [SEP] Alles wurde zu ihrer Zufriedenheit erledigt. [SEP] s___________ [SEP] satisfaction
3390,de,0.173362957,Leber [SEP] Eines der inneren Organe des menschlichen Körpers ist die Leber. [SEP] l____ [SEP] liver
3391,de,0.952697394,Deck [SEP] Ich sonne mich auf dem Deck des Schiffes. [SEP] d___ [SEP] deck
3392,de,1.652873651,Krankenwagen [SEP] Der Krankenwagen bringt den Verletzten ins Krankenhaus. [SEP] a________ [SEP] ambulance
3393,de,3.094945459,Tasse [SEP] Alex brachte die Kaffeetassen in die Küche und räumte sie in den Geschirrspüler. [SEP] c__ [SEP] cup
3394,de,1.856843875,Satz [SEP] Wir können das nicht einfach mit einem Satz erklären. [SEP] s_______ [SEP] sentence
3395,de,1.283656205,Ankunft [SEP] Ich war sehr verärgert über die verspätete Ankunft des Zuges. [SEP] a______ [SEP] arrival
3396,de,-0.835975815,entdecken [SEP] Das Programm entdeckte ein paar Fehler und korrigierte sie. [SEP] d_____ [SEP] detect
3397,de,1.855459267,Typ [SEP] Er ist ein richtig netter Typ. [SEP] g__ [SEP] guy
3398,de,-0.507151755,Spind [SEP] Die Schüler hängen ihre Jacken in die Spinde. [SEP] l_____ [SEP] locker
3399,de,-2.402289273,absichtlich [SEP] Du hast das absichtlich gemacht. Das ist gemein. [SEP] d___________ [SEP] deliberately
3400,de,0.40918971,bauen [SEP] Die Brücke wurde 1980 gebaut. [SEP] c________ [SEP] construct
3401,de,-1.791648426,zuschlagen [SEP] Ich schlage die Tür zu. [SEP] b___ [SEP] bang
3402,de,-0.841117346,Tempo [SEP] Bei der Planarbeit können Schüler in ihrem eigenen Tempo arbeiten. [SEP] p___ [SEP] pace
3403,de,-1.369935947,ausdrucksstark [SEP] Die aktuellen Bilder der Künstlerin sind sehr ausdrucksstark. [SEP] e_________ [SEP] expressive
3404,de,1.496668714,Autor [SEP] Ich habe fast alle Bücher dieser Autorin. [SEP] w_____ [SEP] writer
3405,de,1.69925381,"Gleichgewicht [SEP] Ich kann mein Gleichgewicht gut halten, auch wenn ich nur auf einem Bein stehe. [SEP] b______ [SEP] balance"
3406,de,2.42992535,dankbar [SEP] Allein dafür muss man wohl dankbar sein. [SEP] t_______ [SEP] thankful
3407,de,2.222733707,Socke [SEP] Man kann diese Puppe ganz einfach aus einer alten Socke basteln. [SEP] s___ [SEP] sock
3408,de,2.414327954,Araber [SEP] Wir sind Araber und kommen aus Ägypten. [SEP] a___ [SEP] arab
3409,de,1.884212285,logisch [SEP] Das ist die logische Schlussfolgerung darauf. [SEP] l______ [SEP] logical
3410,de,-2.045636531,durchsetzen [SEP] Polizisten müssen die Vorschriften durchsetzen. [SEP] e______ [SEP] enforce
3411,de,1.377016297,Gospel [SEP] Wir waren auf einem Gospelkonzert. [SEP] g_____ [SEP] gospel
3412,de,1.877644845,Navigator [SEP] Der Navigator steuert das Schiff. [SEP] n________ [SEP] navigator
3413,de,0.954195865,Bügeln [SEP] Das Bügeln der Hemden macht mir keinen Spaß. [SEP] i______ [SEP] ironing
3414,de,-0.917057213,zusammenbrechen [SEP] Das alte Gebäude ist eingestürzt. Zum Glück wurde niemand verletzt. [SEP] c_______ [SEP] collapse
3415,de,0.053594712,unglaublich [SEP] Im Lager herrschten unglaubliche Zustände. [SEP] u___________ [SEP] unbelievable
3416,de,2.483218263,Wassermelone [SEP] Beim Picknick verspeisten sie eine ganze Wassermelone. [SEP] w_________ [SEP] watermelon
3417,de,-3.081355667,eingetragen [SEP] Die neu eingetragene Gesellschaft hat ihren Sitz in Wien. [SEP] i___________ [SEP] incorporated
3418,de,1.376742127,Dynamit [SEP] Dynamit wurde für die Sprengung des Gebäudes verwendet. [SEP] d_______ [SEP] dynamite
3419,de,0.633131779,Zahn [SEP] Ihr wurde gerade ein Zahn gezogen. [SEP] t____ [SEP] tooth
3420,de,-2.542137844,unbedeutend [SEP] Sie hat nur unbedeutende Details erzählt. [SEP] i____________ [SEP] insignificant
3421,de,2.186121893,sauer [SEP] Die sauren Zitronen passen ausgezeichnet zu diesem Gericht. [SEP] s___ [SEP] sour
3422,de,1.910732007,russisch [SEP] Ein russischer Künstler gastiert gerade im Konzerthaus und alle schwärmen von seinem großen Talent. [SEP] r______ [SEP] russian
3423,de,-2.13103029,antik [SEP] Das antike Bauwerk steht unter Denkmalschutz. [SEP] a______ [SEP] ancient
3424,de,1.879664402,Boden [SEP] Das kleine Mädchen ist auf den Boden gefallen. [SEP] g_____ [SEP] ground
3425,de,0.837770719,Multiplikation [SEP] Die Schüler lernen heute die Multiplikation. [SEP] m_____________ [SEP] multiplication
3426,de,-1.015418962,Lehrberuf [SEP] Er möchte den Lehrberuf ergreifen. [SEP] t_______ [SEP] teaching
3427,de,-3.082838552,Speiche [SEP] Die Speichen im Vorderrad sind völlig verbogen und es muss ersetzt werden. [SEP] s____ [SEP] spoke
3428,de,-0.431645736,modisch [SEP] Dieser modische Stiefel passt sowohl zu Hosen als auch Kleidern. [SEP] s______ [SEP] stylish
3429,de,2.51642569,Shuttle [SEP] Ein Shuttle vom Hotel zum Tagungsort wurde eingerichtet. [SEP] s______ [SEP] shuttle
3430,de,2.667994908,Element [SEP] Wasserstoff ist das leichteste Element. [SEP] e______ [SEP] element
3431,de,-1.742024463,"gesprungen [SEP] Du trinkst aus einem gesprungenen Glas. Pass auf, dass du dich nicht verletzt. [SEP] c______ [SEP] cracked"
3432,de,-0.041468138,sichtbar [SEP] Die Villa war von der Straße aus kaum sichtbar. [SEP] v______ [SEP] visible
3433,de,-0.071937228,Prüfer [SEP] Die Prüferin gab uns noch weitere zehn Minuten Zeit. [SEP] t_____ [SEP] tester
3434,de,-2.759849644,Vorhaben [SEP] Unser Vorhaben erfordert eine detaillierte Planung und unsere gesamte Aufmerksamkeit. [SEP] e_________ [SEP] enterprise
3435,de,0.553877354,Faszination [SEP] Ich bin überwältigt von der Fasziniation der Unterwasserwelt. [SEP] f__________ [SEP] fascination
3436,de,-1.734435646,verlieren [SEP] John hat seinen Haustürschlüssel verloren. [SEP] l___ [SEP] lose
3437,de,-2.136358972,"logisch [SEP] Ab einem gewissen Alter haben die meisten Menschen die Fähigkeit, logisch zu denken. [SEP] r_____ [SEP] reason"
3438,de,0.105780762,Sessel [SEP] Er machte es sich in seinem Lieblingssessel bequem und begann zu lesen. [SEP] a_______ [SEP] armchair
3439,de,-0.277590597,auf [SEP] Er kletterte ganz schnell auf das Dach des Hauses. [SEP] o___ [SEP] onto
3440,de,0.084712605,"aufstellen [SEP] Die Bewohner fühlen sich sicherer, seit mehr Laternen aufgestellt wurden. [SEP] i______ [SEP] install"
3441,de,-0.420312656,gefrieren [SEP] Der kleine See friert im Winter zu und dann kann man darauf Eislaufen. [SEP] f_____ [SEP] freeze
3442,de,-1.749482156,"widerwillig [SEP] Am Anfang war ich widerwillig, aber man konnte mich schließlich überzeugen. [SEP] r________ [SEP] reluctant"
3443,de,1.688779622,Großeltern [SEP] Die Großeltern kümmern sich zweimal in der Woche um die Kinder. [SEP] g__________ [SEP] grandparent
3444,de,-3.009476649,Verbindung [SEP] Alle Lebewesen sind aus chemischen Verbindungen aufgebaut. [SEP] c_______ [SEP] compound
3445,de,0.537416275,viel [SEP] Da waren viele Leute. [SEP] l___ [SEP] lots
3446,de,1.997362039,"Salatsoße [SEP] Die Salatsoße besteht aus Öl, Essig, Salz und Pfeffer. [SEP] d_______ [SEP] dressing"
3447,de,1.672193283,Fett [SEP] An meiner Hüfte haben sich über die Feiertage Fettrollen angesammelt. [SEP] f__ [SEP] fat
3448,de,-2.255772013,tief [SEP] Ich bin tief beeindruckt von deinen schulischen Leistungen. [SEP] g______ [SEP] greatly
3449,de,0.316698491,"leise [SEP] Als das Kind endlich schlief, schlichen sie sich leise aus dem Zimmer. [SEP] s_______ [SEP] silently"
3450,de,0.616973462,"zwingen [SEP] Der Mann wurde gezwungen, das Dokument zu unterschreiben. [SEP] f____ [SEP] force"
3451,de,1.364528764,Schaf [SEP] Als Kind hatte ich ein Schaf als Haustier. [SEP] s____ [SEP] sheep
3452,de,-0.387523412,Forscher [SEP] Die Forscher in diesem Bereich sind sich über die Gründe für dieses Ergebnis noch nicht einig. [SEP] r_________ [SEP] researcher
3453,de,-0.626505364,Bogen [SEP] Er spannte den Stock in einen Bogen. [SEP] a__ [SEP] arc
3454,de,2.681947638,mein [SEP] Das ist mein Buch. [SEP] m_ [SEP] my
3455,de,1.912024369,Gründer [SEP] Der Gründerin der Schule wurde ein Denkmal im Innenhof gewidmet. [SEP] f______ [SEP] founder
3456,de,-3.443513545,Abschnitt [SEP] Dieser Abschnitt des Films war mir irgendwie zu langatmig. [SEP] s______ [SEP] segment
3457,de,-0.939980805,Porzellan [SEP] Die Teller sind aus Porzellan. [SEP] c____ [SEP] china
3458,de,2.453586053,Haus [SEP] Ich wohne in einem Haus mit Garten. [SEP] h____ [SEP] house
3459,de,-1.066132465,Vorsingen [SEP] Morgen muss ich zum Vorsingen erscheinen. [SEP] a_______ [SEP] audition
3460,de,1.710336314,umbenennen [SEP] Vor dem Speichern sollten Sie die Datei umbenennen. [SEP] r_____ [SEP] rename
3461,de,1.004233053,Fuß [SEP] Ich kann nicht gehen. Mein Fuß tut mir weh. [SEP] f___ [SEP] foot
3462,de,-2.978661597,so [SEP] Unsere Partei möchte diese vieldiskutierte Quasisteuer abschaffen. [SEP] v______ [SEP] virtual
3463,de,-1.22491665,Buchung [SEP] Wir entfernen alle beleidigenden oder hetzerischen Beiträge von diesem Forum. [SEP] p______ [SEP] posting
3464,de,0.188967978,Zugang [SEP] Ich habe zu diesen Dokumenten keinen Zugang. [SEP] a_____ [SEP] access
3465,de,2.154779941,Wodka [SEP] Der Wodka hat seinen Ursprung in Russland. [SEP] v____ [SEP] vodka
3466,de,-0.529414464,Dioxid [SEP] Autos scheiden Kohlendioxid aus. [SEP] d______ [SEP] dioxide
3467,de,-1.668136891,gefühllos [SEP] Sein Kommentar war vollkommen gefühllos. [SEP] i__________ [SEP] insensitive
3468,de,-0.901796966,angespannt [SEP] Die Atmosphäre im Konferenzzimmer war sehr angespannt. [SEP] t____ [SEP] tense
3469,de,2.340959088,Vater [SEP] Mein Vater heißt Walter. [SEP] f_____ [SEP] father
3470,de,0.911148342,laut [SEP] Die lauten Nachbarn nerven mich. [SEP] n____ [SEP] noisy
3471,de,-1.007935136,Diskussionsleiter [SEP] Der Diskussionsleiter hat einen guten Job gemacht. [SEP] m________ [SEP] moderator
3472,de,-1.732750456,ablehnen [SEP] Ich lehne jede Form von Gewalt ab. [SEP] r_____ [SEP] reject
3473,de,0.671638827,"jemand [SEP] Ist da jemand, der sich darum kümmert? [SEP] a______ [SEP] anybody"
3474,de,0.042424319,"auf [SEP] Sie setzen viele Schauspieler auf die schwarze Liste, weil sie politisch tätig waren. [SEP] b________ [SEP] blacklist"
3475,de,2.519314782,"manchmal [SEP] Manchmal frage ich mich, wie er diese Position überhaupt bekommen konnte. [SEP] s________ [SEP] sometimes"
3476,de,1.423165363,Erdnuss [SEP] In der Weihnachtszeit esse ich viele Erdnüsse. [SEP] p_____ [SEP] peanut
3477,de,-0.617835736,Quellenverzeichnis [SEP] Die Information über ein bestimmtes Buch findest du im Quellenverzeichnis. [SEP] i____ [SEP] index
3478,de,-3.320576924,doppelte [SEP] Wir benötigen die Dokumente in doppelter Ausführung. [SEP] d__________ [SEP] duplication
3479,de,-1.930666718,Ärger [SEP] Er konnte seinen Ärger über die blöden Kommentare kaum verbergen. [SEP] i_________ [SEP] irritation
3480,de,0.24061196,"Autobiografie [SEP] Viele Prominente entscheiden sich, eine Autobiografie zu veröffentlichen. [SEP] a____________ [SEP] autobiography"
3481,de,2.134522876,Reisepass [SEP] Ich muss meinen Reisepass verlängern. [SEP] p_______ [SEP] passport
3482,de,2.788040712,hassen [SEP] Ich hasse dich! Ich will dich nicht mehr sehen. [SEP] h___ [SEP] hate
3483,de,0.41181837,"hypothetisch [SEP] Das hypothetische Beispiel soll den Studenten helfen, die Theorie zu verstehen. [SEP] h___________ [SEP] hypothetical"
3484,de,-2.656589401,heruntergehen [SEP] Wir gingen den Berg hinunter. [SEP] d______ [SEP] descend
3485,de,-2.583918594,leisten [SEP] Sie leistete ihren Kunden stets besonders gute Dienste. [SEP] r_____ [SEP] render
3486,de,-2.708969046,Zufluchtsort [SEP] Das selbst gebaute Baumhaus war unser Zufluchtsort in unserer Kindheit. [SEP] h____ [SEP] haven
3487,de,1.131308443,Rallye [SEP] Mit seinem alten Porsche nimmt er nach wie vor gern an speziellen Rallyes teil. [SEP] r____ [SEP] rally
3488,de,0.573667256,Rakete [SEP] Die Satelliten werden mittels einer Rakete in die Erdumlaufbahn gebracht. [SEP] r_____ [SEP] rocket
3489,de,-0.491730995,"Schlaganfall [SEP] Sie erholte sich langsam, aber stetig von dem Schlaganfall. [SEP] s_____ [SEP] stroke"
3490,de,0.385703352,gewalttätig [SEP] Dann aber wurde die Gruppe plötzlich gewalttätig. [SEP] v______ [SEP] violent
3491,de,0.129207954,Ladegerät [SEP] Mein Handy hat fast keinen Akku mehr. Wo ist denn das Ladegerät? [SEP] c______ [SEP] charger
3492,de,-0.899214743,"dass [SEP] Ich befürchte, dass ich den Zug nicht mehr erwischen werde. [SEP] a_____ [SEP] afraid"
3493,de,1.00861227,gesellschaftlich [SEP] Sie wollen gesellschaftliche Probleme wie Arbeitslosigkeit und Armut mit diesem Programm bekämpfen. [SEP] s_____ [SEP] social
3494,de,3.114539364,Zeit [SEP] Die Zeit soll bekanntlich alle Wunden heilen. [SEP] t___ [SEP] time
3495,de,-1.394941687,Angst [SEP] Seine Angst machte ihm schwer zu schaffen. [SEP] a______ [SEP] anxiety
3496,de,3.015130778,Komet [SEP] Kometen bestehen aus Eis und Gestein. [SEP] c____ [SEP] comet
3497,de,0.290143618,Gesamtsumme [SEP] Die Gesamtsumme für die heutige Lieferung beträgt 584 Euro. [SEP] t____ [SEP] total
3498,de,-1.474887841,ausbeuten [SEP] Die Arbeiter auf den Gemüsefeldern werden ausgebeutet. [SEP] e______ [SEP] exploit
3499,de,0.498989713,Schicht [SEP] Der Kuchen hat verschiedene Schichten. [SEP] l____ [SEP] layer
3500,de,-1.003807508,peitschen [SEP] Du sollst doch die Pferde nicht peitschen! [SEP] w___ [SEP] whip
3501,de,-2.515415715,Personal [SEP] Das Personal leistet gute Arbeit. [SEP] p________ [SEP] personnel
3502,de,-2.972499318,fördern [SEP] Jedes Jahr fördert unser Betrieb das Fußballteam mit einer kleinen Geldsumme. [SEP] s______ [SEP] sponsor
3503,de,3.000546151,Bar [SEP] Lass uns in eine Bar gehen und einen Cocktail trinken. [SEP] b__ [SEP] bar
3504,de,2.053369391,heute [SEP] Sollen wir heute Abend auswärts essen? [SEP] t______ [SEP] tonight
3505,de,2.481547222,Pyramide [SEP] Die ägyptische Hochkultur errichtete Pyramiden für ihre verstorbenen Herrscher und Herrscherinnen. [SEP] p______ [SEP] pyramid
3506,de,0.480274794,saudisch [SEP] Die saudische Regierung war zu keiner Stellungnahme bereit. [SEP] s____ [SEP] saudi
3507,de,1.033498666,Rechtsanwalt [SEP] Ich möchte einen Rechtsanwalt konsultieren. [SEP] l_____ [SEP] lawyer
3508,de,-2.302780056,Zeichen [SEP] Der Schauspieler gibt seiner Partnerin ein Zeichen. [SEP] c__ [SEP] cue
3509,de,-1.322084666,gebildet [SEP] Der gebildete Eiter in der Wunde muss vom Arzt entfernt werden. [SEP] f_____ [SEP] formed
3510,de,-3.115517537,stützen [SEP] Er war müde und musste seinen Kopf mit der Hand abstützen. [SEP] p___ [SEP] prop
3511,de,-1.108414611,Ausweispapiere [SEP] Die junge Frau hatte keine Ausweispapiere bei sich. [SEP] i_____________ [SEP] identification
3512,de,2.31015899,magnetisch [SEP] Die Spitze des Schraubenziehers ist magnetisch. [SEP] m_______ [SEP] magnetic
3513,de,-0.52969637,Bundes [SEP] Nach Bundesrecht müssen Jugendliche unter 16 Jahren um Mitternacht zu Hause sein. [SEP] f______ [SEP] federal
3514,de,-1.289945176,Bedingungen [SEP] Wir mussten ihre Bedingungen wohl oder übel akzeptieren. [SEP] t____ [SEP] terms
3515,de,-0.937650587,vermarkten [SEP] Der Artikel wurde gut vermarktet und deshalb wurde er von vielen Kunden gekauft. [SEP] m_____ [SEP] market
3516,de,1.537230164,entspannend [SEP] Das Hotel bietet auch zahlreiche entspannende Massagen und Behandlungen an. [SEP] r_______ [SEP] relaxing
3517,de,-0.222336317,unter [SEP] Er trug ein Hemd unter seinem Pullover. [SEP] u_________ [SEP] underneath
3518,de,-3.216181123,fest [SEP] Sie packte ihn am Ärmel und zog ihn ins Wohnzimmer. [SEP] g____ [SEP] grasp
3519,de,-2.440772142,Ventil [SEP] Sie braucht ein Ventil für ihre Traurigkeit. [SEP] o_____ [SEP] outlet
3520,de,-2.577492642,Elektro [SEP] In diesem Geschäft werden Elektrogeräte verkauft. [SEP] e_________ [SEP] electrical
3521,de,0.7870798,plaudern [SEP] Sie plauderten den ganzen Nachmittag. [SEP] c___ [SEP] chat
3522,de,2.59375104,Garten [SEP] In unserem Garten steht ein großer alter Nussbaum. [SEP] g_____ [SEP] garden
3523,de,0.646128181,spritzen [SEP] Der Arzt spritzte dem Patienten die Impfung. [SEP] i_____ [SEP] inject
3524,de,-0.327467938,"Angelegenheit [SEP] Ich bin froh, dass diese Angelegenheit endlich aus der Welt geschafft wurde. [SEP] m_____ [SEP] matter"
3525,de,2.474650659,halten [SEP] Kannst du meine Jacke bitte kurz halten? [SEP] h___ [SEP] hold
3526,de,1.893858062,Sportler [SEP] Der Ringrichter trennte die beiden Sportler. [SEP] b____ [SEP] boxer
3527,de,-0.860686414,Berühmtheit [SEP] In diesem Hotel übernachteten schon einige Berühmtheiten. [SEP] c________ [SEP] celebrity
3528,de,0.203996569,Leichtathletik [SEP] Mit speziellen Übungen wollen wir die Kinder für die Leichtathletik gewinnen. [SEP] a________ [SEP] athletics
3529,de,-0.805706881,"Expedition [SEP] Bei dieser Expedition fahren wir mit einem Jeep in die Savanne und beobachten Löwen, Giraffen und Elefanten hautnah. [SEP] s_____ [SEP] safari"
3530,de,1.886281656,zukünftig [SEP] Zukünftige Mitarbeiter werden in diesem Büro sitzen. [SEP] f_____ [SEP] future
3531,de,2.512965937,Stadtplan [SEP] Wir holen bei der Touristeninformation einen Stadtplan von London. [SEP] m__ [SEP] map
3532,de,-1.546201152,beurlaubt [SEP] Die beurlaubte Lehrperson sah ihren Fehler nicht ein. [SEP] s________ [SEP] suspended
3533,de,-2.876472818,schleichen [SEP] Sie kam zu spät nach Hause und schlich in ihr Schlafzimmer. [SEP] c____ [SEP] creep
3534,de,-2.385360962,leitender [SEP] Die leitende Angestellte hat die Versammlung einberufen. [SEP] e________ [SEP] executive
3535,de,-0.030198366,"Leitung [SEP] Als sein Vater starb, übernahm der älteste Sohn die Leitung des Unternehmens. [SEP] c______ [SEP] control"
3536,de,-0.012150079,Frist [SEP] Morgen endet die Frist. Wir dürfen sie nicht verpassen. [SEP] d_______ [SEP] deadline
3537,de,-0.671877654,Theaterstück [SEP] Dieses Theaterstück wird nächste Woche zum ersten Mal aufgeführt. [SEP] p___ [SEP] play
3538,de,1.383503336,Biografie [SEP] Er hat eine Biografie über den bekannten Chefkoch geschrieben. [SEP] b________ [SEP] biography
3539,de,-1.97618137,Kontroverse [SEP] Das letzte Interview war Anlass für heftige Kontroversen. [SEP] c__________ [SEP] controversy
3540,de,0.69090792,beeindrucken [SEP] Ihre Eleganz hat mich beeindruckt. [SEP] i______ [SEP] impress
3541,de,3.173180771,Hochland [SEP] Die Kartoffel stammt aus dem Hochland in Lateinamerika. [SEP] h_______ [SEP] highland
3542,de,1.964576221,Reiseführer [SEP] Ich fahre nächste Woche nach Berlin und habe mir deshalb einen Reiseführer gekauft. [SEP] g____ [SEP] guide
3543,de,3.099539346,Flagge [SEP] Die österreichische Flagge hat die Farben rot-weiß-rot. [SEP] f___ [SEP] flag
3544,de,1.709014998,Armee [SEP] Er diente einige Jahre in der Armee. [SEP] a___ [SEP] army
3545,de,-1.011219916,Verbindung [SEP] Es muss eine Verbindung zwischen Hauptbahnhof und dem Hotel geben. [SEP] l___ [SEP] link
3546,de,0.659441833,Flucht [SEP] Die Insassen planten ihre Flucht. [SEP] e_____ [SEP] escape
3547,de,0.150219919,"aufschließen [SEP] Schließen Sie die Tür auf, bitte! [SEP] u_____ [SEP] unlock"
3548,de,2.80007633,Polizei [SEP] Die Polizei wird demnächst verstärkt Verkehrskontrollen durchführen. [SEP] p_____ [SEP] police
3549,de,-0.346293751,unantastbar [SEP] Sie war nach so vielen Jahren in dieser Position fast unantastbar geworden. [SEP] u__________ [SEP] untouchable
3550,de,0.666023675,Individualismus [SEP] Der Individualismus rückt den Einzelnen in den Vordergrund. [SEP] i____________ [SEP] individualism
3551,de,2.594209194,Blick [SEP] Lass mich einen Blick auf deine Hausaufgaben werfen. [SEP] l___ [SEP] look
3552,de,-2.03887423,Truppe [SEP] Unsere Truppe wurde direkt an die Front versetzt. [SEP] t____ [SEP] troop
3553,de,-2.763761847,abwerfen [SEP] Einige Baumsorten werfen das Laub nicht jeden Winter ab. [SEP] s___ [SEP] shed
3554,de,-0.863585787,"außerdem [SEP] Susanne liebt es, Romane in ihrer Freizeit zu lesen. Außerdem treibt sie auch gerne Sport. [SEP] a___________ [SEP] additionally"
3555,de,-0.195563803,Pfarrer [SEP] Ein Pfarrer wird bei der Hochzeit eine Messe zelebrieren. [SEP] p_____ [SEP] priest
3556,de,-0.093989131,Zimmerdecke [SEP] Wir müssen die Zimmerdecke neu streichen. [SEP] c______ [SEP] ceiling
3557,de,0.372760204,faszinierend [SEP] Die Show ist faszinierend. [SEP] f__________ [SEP] fascinating
3558,de,-0.516833833,"hetzen [SEP] Du brauchst dich nicht hetzen, weil wir noch genügend Zeit haben, bis der Bus abfährt. [SEP] r___ [SEP] rush"
3559,de,0.48472579,Spiritualität [SEP] Ihr war die eigene Spiritualität stets ein Anliegen und sie meditierte regelmäßig. [SEP] s___________ [SEP] spirituality
3560,de,2.668952223,Bauernhof [SEP] Während der Sommermonate arbeitet sie auf einem Bauernhof. [SEP] f___ [SEP] farm
3561,de,-0.877513222,"Widerstand [SEP] Es heißt oft, dass politischer Widerstand keinen Sinn macht, aber durch unsere Demonstration wurden viele auf das Thema aufmerksam. [SEP] p______ [SEP] protest"
3562,de,-0.949981673,Einschränkung [SEP] Manche Güter können nur mit bestimmten Einschränkungen produziert und exportiert werden. [SEP] r__________ [SEP] restriction
3563,de,-1.410292745,Zusammentreffen [SEP] Ich habe sie nicht mehr gesehen seit unserem letzten Zusammentreffen vor zwei Jahren. [SEP] e________ [SEP] encounter
3564,de,0.311533879,"psychologisch [SEP] Es gibt eine Hotline für Studierende, die psychologische Unterstützung brauchen. [SEP] p____________ [SEP] psychological"
3565,de,-2.904893062,Sicht [SEP] Aus geschichtlicher Sicht ist das ein bedeutender Fund. [SEP] p__________ [SEP] perspective
3566,de,0.338140592,"Schicksal [SEP] Sie versucht, ihrem Schicksal zu entfliehen. [SEP] d______ [SEP] destiny"
3567,de,1.189888041,böse [SEP] Manche Menschen sind einfach böse. [SEP] e___ [SEP] evil
3568,de,-0.427864738,"Pate [SEP] Er hat eingewilligt, Patenonkel von der kleinen Matilda zu werden. [SEP] g________ [SEP] godfather"
3569,de,-0.23814205,Wettbewerb [SEP] Die Firmen stehen im Wettbewerb zueinander. [SEP] c__________ [SEP] competition
3570,de,2.517452435,Jazz [SEP] Wir gehen heute Abend auf ein Jazzkonzert. [SEP] j___ [SEP] jazz
3571,de,-0.594958519,unbehaglich [SEP] Sie saßen in einer sehr unbehaglichen Position. [SEP] u____________ [SEP] uncomfortable
3572,de,-1.057723026,"Krankheitszeichen [SEP] Ein Krankheitszeichen ist etwa trockene, juckende Haut. [SEP] s______ [SEP] symptom"
3573,de,-0.317404343,Unterbrechung [SEP] Die Sprecherin ignorierte die Unterbrechungen der Zuhörer im Publikum. [SEP] i___________ [SEP] interruption
3574,de,-3.271125703,"wiederfinden [SEP] Ich bin mir sicher, dass das richtige Programm diese verlorenen Daten wiederfinden könnte. [SEP] r_______ [SEP] retrieve"
3575,de,2.788769569,Notiz [SEP] Ich schrieb meiner Mutter eine kurze Notiz. [SEP] n___ [SEP] note
3576,de,-1.668380934,argwöhnisch [SEP] Sie schaute ihn argwöhnisch an. [SEP] s___________ [SEP] suspiciously
3577,de,1.779129202,Dichter [SEP] Emily Dickinson war eine bedeutende amerikanische Dichterin. [SEP] p___ [SEP] poet
3578,de,-1.929031314,Spannung [SEP] Er konnte die Spannung kaum noch aushalten. [SEP] s_______ [SEP] suspense
3579,de,-0.425705006,Kunde [SEP] Sie berät ihre Kunden in finanziellen Angelegenheiten. [SEP] c_____ [SEP] client
3580,de,-0.016123732,Taxi [SEP] Ich rufe dir ein Taxi. [SEP] c__ [SEP] cab
3581,de,1.43895295,Herzensbrecher [SEP] Er ist ein wahrer Herzensbrecher! [SEP] h___________ [SEP] heartbreaker
3582,de,-0.026420748,"in [SEP] Gefällt dir dein neues Studentenheim? – Ja, es ist in Ordnung. [SEP] f___ [SEP] fine"
3583,de,-2.206440817,Schritt [SEP] Sie hat ihre nächsten Schritte genau geplant. [SEP] m___ [SEP] move
3584,de,2.09871034,"zeigen [SEP] Kannst du mir bitte zeigen, wie man diese Einstellung ändert? [SEP] s___ [SEP] show"
3585,de,-2.951250135,"beeindruckend [SEP] Das war eine beeindruckende Leistung, gratuliere! [SEP] a______ [SEP] awesome"
3586,de,-0.164335116,Annehmlichkeit [SEP] Ich genieße die Annehmlichkeiten eines Viersternehotels. [SEP] c______ [SEP] comfort
3587,de,0.524041987,persisch [SEP] Hier hat ein neues persisches Restaurant eröffnet. [SEP] p______ [SEP] persian
3588,de,3.467593753,global [SEP] In den letzten Jahren gab es große globale Veränderungen in der Wirtschaft. [SEP] g_____ [SEP] global
3589,de,-0.120924592,simuliert [SEP] Bei simulierten Flügen können die Pilotinnen und Piloten ihr neues Wissen anwenden. [SEP] s________ [SEP] simulated
3590,de,1.344146021,"entschuldigen [SEP] Bitte entschuldige die Unordnung. Ich bin nicht mehr dazu gekommen, die Küche aufzuräumen. [SEP] e_____ [SEP] excuse"
3591,de,-1.324994104,Abschnitt [SEP] Auf diesem Abschnitt ist die Straße derzeit ziemlich glatt und eisig. [SEP] s______ [SEP] section
3592,de,2.649106756,Sushi [SEP] Gehen wir heute Abend Sushi essen? [SEP] s____ [SEP] sushi
3593,de,-0.617583327,Lehrplan [SEP] Der Lehrplan der Schule wurde vor Kurzem aktualisiert. [SEP] c_________ [SEP] curriculum
3594,de,-2.231618088,"Vorgehensweise [SEP] Wir brauchen eine alternative Vorgehensweise, um das Problem zu lösen. [SEP] a_______ [SEP] approach"
3595,de,-1.510994861,Tugend [SEP] Er führte ein beispielhaftes Leben voller Tugend. [SEP] v_____ [SEP] virtue
3596,de,0.068268352,wechseln [SEP] Man kann leicht per Mausklick zwischen den Dokumenten wechseln. [SEP] s_____ [SEP] switch
3597,de,3.020998285,sauber [SEP] Die Kinder machen ihr Zimmer sauber. [SEP] c____ [SEP] clean
3598,de,2.937223936,"nein [SEP] Nein danke, ich möchte kein weiteres Stück Kuchen. [SEP] n_ [SEP] no"
3599,de,-0.763771007,außerdem [SEP] Außerdem kann ich nicht tanzen. [SEP] f__________ [SEP] furthermore
3600,de,-0.96025421,Stange [SEP] Die Feuerwehrleute rutschen über eine Stange ins Erdgeschoss und rennen zu den Einsatzfahrzeugen. [SEP] p___ [SEP] pole
3601,de,3.593120194,Bingo [SEP] Pensionisten treffen sich zum Bingospielen. [SEP] b____ [SEP] bingo
3602,de,-0.33531325,ungenau [SEP] Die Polizei erhielt nur ungenaue Beschreibungen des Tathergangs. [SEP] v____ [SEP] vague
3603,de,0.276022333,Staudamm [SEP] In dieser Region gibt es einige Staudämme. [SEP] d__ [SEP] dam
3604,de,0.1918349,Verwandter [SEP] Wir besuchen zu Ostern oft einen Verwandten in Norddeutschland. [SEP] r_______ [SEP] relative
3605,de,0.44716152,aufregend [SEP] Was für ein aufregendes Spiel! [SEP] e_______ [SEP] exciting
3606,de,0.376297267,getrocknet [SEP] Ich esse gerne getrocknete Früchte. [SEP] d____ [SEP] dried
3607,de,-3.512834928,Aufräumungs [SEP] Die Aufräumungskosten nach der Feier waren hoch. [SEP] c______ [SEP] cleanup
3608,de,0.780342747,ungekocht [SEP] Sie sollten ihren Magen schonen und in den nächsten Tagen ungekochtes Gemüse vermeiden. [SEP] r__ [SEP] raw
3609,de,-2.34885767,Vene [SEP] Der Krankenpfleger suchte lange nach einer Vene in ihrem Unterarm. [SEP] v___ [SEP] vein
3610,de,-1.216907668,Sekt [SEP] Zu Silvester stoßen alle mit einem Glas Sekt an. [SEP] c________ [SEP] champagne
3611,de,-0.237655451,"zu [SEP] Leider passiert es mir immer wieder, dass ich zu schnell fahre. [SEP] s____ [SEP] speed"
3612,de,0.650759944,tödlich [SEP] Sie leidet an einer tödlichen Krankheit. [SEP] d_____ [SEP] deadly
3613,de,0.843605466,Lastwagen [SEP] Der Lastwagen transportierte Hühner quer durch das Land. [SEP] t____ [SEP] truck
3614,de,1.008147859,Seehund [SEP] Seehunde sind in Neufundland weit verbreitet. [SEP] s___ [SEP] seal
3615,de,2.896578195,Arena [SEP] Die Arena ist restlos ausverkauft. [SEP] a____ [SEP] arena
3616,de,1.427926936,Nachtleben [SEP] Wien hat ein tolles Nachtleben. [SEP] n________ [SEP] nightlife
3617,de,2.5214957,Nase [SEP] Sie hat eine spitzige Nase. [SEP] n___ [SEP] nose
3618,de,-0.483049443,Wiese [SEP] Es wächst viel Löwenzahn auf dieser Wiese. [SEP] m_____ [SEP] meadow
3619,de,1.163940408,Hacken [SEP] Das Hacken von Computern ist verboten! [SEP] h______ [SEP] hacking
3620,de,-1.199795581,"Bewusstsein [SEP] Politisches Bewusstsein zu entwickeln, braucht Zeit. [SEP] a________ [SEP] awareness"
3621,de,-2.15482216,Lese-und [SEP] In der Schule verbessern die Schüler ihre Lese-und Schreibfähigkeit. [SEP] l_______ [SEP] literacy
3622,de,-0.382913151,unteres [SEP] Auf dieser Seite fehlt eine Zeile am unteren Ende der Seite. [SEP] b_____ [SEP] bottom
3623,de,3.140689369,Ohr [SEP] Sie trägt schönen Schmuck an ihrem Ohr. [SEP] e__ [SEP] ear
3624,de,3.206356336,Hoffnung [SEP] Die Hoffnung stirbt zuletzt. [SEP] h___ [SEP] hope
3625,de,1.800022016,asiatisch [SEP] Ich habe Interesse an asiatischer Geschichte. [SEP] a____ [SEP] asian
3626,de,-0.377506223,fliehen [SEP] Die Menschen fliehen von der Unfallstelle. [SEP] f___ [SEP] flee
3627,de,-0.686696449,aushandeln [SEP] Der Vertrag muss neu ausgehandelt werden. [SEP] n________ [SEP] negotiate
3628,de,-1.933465991,ungefähr [SEP] Wir sind ungefähr gleich alt. [SEP] r______ [SEP] roughly
3629,de,1.278421688,sich [SEP] Sie lockte sich die Haare für die Feier. [SEP] c___ [SEP] curl
3630,de,-0.183385002,damals [SEP] Seit damals habe ich nichts mehr von ihr gehört. [SEP] t___ [SEP] then
3631,de,-0.641859062,vorbei [SEP] Du bist schon an der Post vorbeigefahren. [SEP] p___ [SEP] past
3632,de,-0.56593104,eng [SEP] Wir sind seit Jahren enge Freunde. [SEP] i_______ [SEP] intimate
3633,de,-0.247759707,verdeckt [SEP] Es handelte sich um verdeckte Ermittlungen. [SEP] u_________ [SEP] undercover
3634,de,-1.591235776,schwer [SEP] Sie wurde nach dem Sturz schwer verletzt ins Krankenhaus eingeliefert. [SEP] s_______ [SEP] severely
3635,de,-0.343584595,Treue [SEP] Ich bewundere Annas Treue zu ihrer Schwester. [SEP] l______ [SEP] loyalty
3636,de,-1.303669058,"mager [SEP] Die Katze war ziemlich mager, als wir sie bei uns aufnahmen. [SEP] s_____ [SEP] skinny"
3637,de,-1.477882485,Bestandteil [SEP] Der Mechaniker hat das Auto in alle Bestandteile zerlegt. [SEP] c________ [SEP] component
3638,de,1.027400923,parallel [SEP] Die gesuchte Straße ist parallel zu dieser. [SEP] p_______ [SEP] parallel
3639,de,0.303990309,Ernte [SEP] Die Kartoffelernte hat bereits stattgefunden. [SEP] h______ [SEP] harvest
3640,de,-3.365025003,Unzurechnungsfähigkeit [SEP] Der Angeklagte wurde wegen Unzurechnungsfähigkeit freigesprochen. [SEP] i_______ [SEP] insanity
3641,de,-2.739936958,"entnommen [SEP] Hebt man von einem Sparbuch vor Ablauf der Laufzeit Geld ab, so wird der entnommene Betrag zu einem niedrigeren Zinssatz verzinst. [SEP] e________ [SEP] extracted"
3642,de,1.345070737,Wortschatz [SEP] Sie erweitern ihren Wortschatz ständig. [SEP] v_________ [SEP] vocabulary
3643,de,0.062658857,"Hinweis [SEP] Der Hinweis an der Tür informiert die Kunden darüber, dass das Geschäft wegen eines Todesfalls geschlossen bleibt. [SEP] n_____ [SEP] notice"
3644,de,-1.177908207,schädlich [SEP] Dieses Produkt enthält schädliche Substanzen. [SEP] h______ [SEP] harmful
3645,de,2.230100599,Zirkus [SEP] Ich gehe mit meinen Neffen in den Zirkus. Sie lieben die Akrobaten auf dem Trapez. [SEP] c_____ [SEP] circus
3646,de,1.105129474,besteuern [SEP] Die Regierung möchte die Kinderbetreuung besteuern. [SEP] t__ [SEP] tax
3647,de,0.47680631,fotografisch [SEP] Sie hat ein fotografisches Gedächtnis. [SEP] p___________ [SEP] photographic
3648,de,-0.662686204,Garnelen [SEP] Als Vorspeise gibt es einen Salat mit kleinen Garnelen und Ananas. [SEP] s_____ [SEP] shrimp
3649,de,-0.272133328,Umzug [SEP] Ich freue mich auf den Faschingsumzug. [SEP] p_____ [SEP] parade
3650,de,0.711556514,Schaden [SEP] Das Erdbeben verursachte großflächigen Schaden. [SEP] d_____ [SEP] damage
3651,de,-1.10609734,vermuten [SEP] Vermutet Maria etwas? [SEP] s______ [SEP] suspect
3652,de,-0.179371248,Flur [SEP] Die Toiletten befinden sich am Ende des Flurs. [SEP] c_______ [SEP] corridor
3653,de,3.016368642,singen [SEP] Manchmal singt mein Nachbar laut unter der Dusche. [SEP] s___ [SEP] sing
3654,de,-1.333003847,#NAME? [SEP] Er ist ein Künstlerkollege von mir. [SEP] f_____ [SEP] fellow
3655,de,-3.057246514,"Vorteil [SEP] Der Vorteil ist wenigstens, dass ich nicht noch einmal zurück muss. [SEP] u_____ [SEP] upside"
3656,de,2.360986247,exotisch [SEP] Die Akrobaten tragen exotische Kostüme. [SEP] e_____ [SEP] exotic
3657,de,-0.247852189,zufällig [SEP] Die TeilnehmerInnen für dieses Experiment werden rein zufällig einander zugeteilt. [SEP] r_______ [SEP] randomly
3658,de,-0.33413872,elektronisch [SEP] Die Daten sind elektronisch gespeichert. [SEP] e_____________ [SEP] electronically
3659,de,3.129197049,"hoffen [SEP] Ich hoffe, dass ich noch rechtzeitig ankommen werde. [SEP] h___ [SEP] hope"
3660,de,-1.617431354,Kohlenhydrat [SEP] Kartoffeln und Nudeln enthalten viele Kohlenhydrate. [SEP] c___________ [SEP] carbohydrate
3661,de,-0.619356618,Maßnahme [SEP] Diese Maßnahme soll das Gröbste verhindern. [SEP] m______ [SEP] measure
3662,de,0.365846151,Jahrzehnt [SEP] Das letzte Jahrzehnt war sehr ereignisreich. [SEP] d_____ [SEP] decade
3663,de,-0.271223428,"rau [SEP] Diese Steinwand hat eine dunkle, raue Oberfläche und muss daher kaum gepflegt werden. [SEP] r____ [SEP] rough"
3664,de,0.721380201,Kruste [SEP] Das Brot ist knusprig und hat eine gute Kruste. [SEP] c____ [SEP] crust
3665,de,1.133026174,"Werkzeug [SEP] Gib acht, das ist ein sehr gefährliches Werkzeug. [SEP] t___ [SEP] tool"
3666,de,-1.599849468,umgekehrt [SEP] Bitte ordnen Sie die Spielsteine nun in umgekehrter Reihenfolge an. [SEP] r_______ [SEP] reversed
3667,de,-1.198797238,Rakete [SEP] Amerika hat eine Rakete gestartet. [SEP] m______ [SEP] missile
3668,de,-2.110682789,zuwerfen [SEP] Beim Baseball muss der Werfer den Ball mit aller Wucht einem Spieler der gegnerischen Mannschaft zuwerfen. [SEP] p____ [SEP] pitch
3669,de,2.644253837,Blogger [SEP] Sie ist eine bekannte Modebloggerin. [SEP] b______ [SEP] blogger
3670,de,-3.285265022,Hochrechnung [SEP] Die Hochrechnung für das nächste Quartal fällt dieses Mal sehr gut aus. [SEP] p_________ [SEP] projection
3671,de,0.277698594,"versinken [SEP] Die Titanic versinkt im Pazifik, als noch über tausend Passagiere an Bord sind. [SEP] s___ [SEP] sink"
3672,de,-0.308080886,äußerst [SEP] Er ist äußerst gutaussehend. [SEP] e________ [SEP] extremely
3673,de,2.358038774,Freundin [SEP] Thomas hat seit ein paar Wochen eine Freundin. [SEP] g_________ [SEP] girlfriend
3674,de,2.082599801,Ente [SEP] Die Enten schwimmen auf dem See. [SEP] d___ [SEP] duck
3675,de,-2.030245228,Schuldspruch [SEP] Bei einem Schuldspruch drohen ihr zehn Jahre Haft. [SEP] c_________ [SEP] conviction
3676,de,1.05548625,Gedanke [SEP] Dieser Gedanke geht mir nicht mehr aus dem Kopf. [SEP] t______ [SEP] thought
3677,de,1.336648208,Cupcake [SEP] Dieses Café verkauft sehr gute Cupcakes. [SEP] c______ [SEP] cupcake
3678,de,0.619731083,Durchschnitt [SEP] Sein Arbeitsergebnis liegt unter dem Durchschnitt. [SEP] a______ [SEP] average
3679,de,-1.677643469,informiert [SEP] Die Kunden werden über die Schließung informiert. [SEP] n_______ [SEP] notified
3680,de,-3.198438434,Einschränkung [SEP] Das Team konnte das Projekt trotz einiger Einschränkungen zeitgerecht und erfolgreich abschließen. [SEP] c_________ [SEP] constraint
3681,de,-1.264525904,Schädlingsbekämpfungsmittel [SEP] Es ist ein neues Schädlingsbekämpfungsmittel auf den Markt gekommen. [SEP] p________ [SEP] pesticide
3682,de,3.668804786,Fußball [SEP] Die Kinder spielen draußen Fußball. [SEP] f_______ [SEP] football
3683,de,-1.466824514,Trafo [SEP] Der Trafo ist ein Bauelement der Elektrotechnik. [SEP] t__________ [SEP] transformer
3684,de,1.427061569,Optimismus [SEP] Sie geht mit der richtigen Portion Optimismus an die Sache ran. [SEP] o_______ [SEP] optimism
3685,de,-0.244646135,erfolgreich [SEP] Das Team konnte seinen Titel erfolgreich verteidigen. [SEP] s___________ [SEP] successfully
3686,de,-1.841175613,Zivilist [SEP] Organisationen wie Amnesty International bemühen sich u. a. um den Schutz von Zivilisten in Krisengebieten. [SEP] c_______ [SEP] civilian
3687,de,0.393550067,Miniatur [SEP] Das Kind spielt mit einer Miniaturkamera. [SEP] m________ [SEP] miniature
3688,de,1.197136128,"sich [SEP] Wir müssen uns beeilen, ansonsten verpassen wir den Zug. [SEP] h____ [SEP] hurry"
3689,de,-1.734570779,durchführen [SEP] Die Regierung will dieses Projekt bald durchführen. [SEP] u________ [SEP] undertake
3690,de,1.381672463,Wähler [SEP] Die Wählerin verlässt die Kabine und steckt das verschlossene Kuvert in eine Urne. [SEP] v____ [SEP] voter
3691,de,-0.670951213,Rückseite [SEP] An der Rückseite des Fahrzeuges befindet sich der Kofferraum. [SEP] r___ [SEP] rear
3692,de,2.31176162,Journalist [SEP] Sie arbeitet als erfolgreiche Journalistin. [SEP] j_________ [SEP] journalist
3693,de,-2.33719111,fantastisch [SEP] In diesem Anzug schaust du fantastisch aus. [SEP] t_______ [SEP] terrific
3694,de,-0.913012754,Handel [SEP] Der Handel vor Weihnachten nahm ungewohnte Ausmaße an. [SEP] t______ [SEP] trading
3695,de,1.029809391,klassisch [SEP] Ich schaue mir gerne klassische Ballette an. [SEP] c________ [SEP] classical
3696,de,-2.281007431,Staatsanwalt/Staatsanwältin [SEP] Der Staatsanwalt hat die Ermittlungen eingeleitet. [SEP] p_________ [SEP] prosecutor
3697,de,-0.155259145,Weizen [SEP] Letztes Jahr wurden hier drei Tonnen Weizen geerntet. [SEP] w____ [SEP] wheat
3698,de,-1.06459973,Versenden [SEP] Autofahren und das Versenden von SMS-Nachrichten ist verboten. [SEP] m________ [SEP] messaging
3699,de,-0.219959584,Veilchen [SEP] Ihre Tochter schenkte ihr ein Veilchen aus dem Garten. [SEP] v_____ [SEP] violet
3700,de,-0.959108943,verbunden [SEP] Die Vorfälle sind irgendwie miteinander verbunden. [SEP] l_____ [SEP] linked
3701,de,1.097626083,"Filter [SEP] Die Familie trinkt das Wasser nicht direkt vom Wasserhahn, sondern benutzt einen Wasserfilter. [SEP] f_____ [SEP] filter"
3702,de,0.394196296,Adrenalin [SEP] Adrenalin wird in Gefahrensituationen ausgeschüttet. [SEP] a_________ [SEP] adrenaline
3703,de,2.760469859,Tageslicht [SEP] Wir haben eine helle Wohnung. Es kommt viel Tageslicht durch die großen Fenster. [SEP] d_______ [SEP] daylight
3704,de,0.619324395,schmerzlich [SEP] Ich bin mir dieser Tatsache schmerzlich bewusst – du hast mich doch gestern erst daran erinnert! [SEP] p________ [SEP] painfully
3705,de,0.076577486,wissenschaftlich [SEP] Sein Beitrag wurde in einem wissenschaftlichen Magazin veröffentlicht. [SEP] s_________ [SEP] scientific
3706,de,2.344913601,Hacker [SEP] Ein Hacker hat die Alarmanlage lahmgelegt. [SEP] h_____ [SEP] hacker
3707,de,-2.042891825,Rückgang [SEP] Es wurde ein Rückgang an Geburten verzeichnet. [SEP] d______ [SEP] decline
3708,de,2.74456473,neun [SEP] Anna hat neun Geschwister. [SEP] n___ [SEP] nine
3709,de,-0.757295636,scheußlich [SEP] Die Suppe schmeckt scheußlich. [SEP] n____ [SEP] nasty
3710,de,2.307130093,Limette [SEP] In den Cocktail gehören Limetten. [SEP] l___ [SEP] lime
3711,de,-1.85832139,konkurrierend [SEP] Es gibt viele konkurrierende Firmen in dieser Gegend. [SEP] c________ [SEP] competing
3712,de,0.116794796,geologisch [SEP] Das Gelände wird seit Wochen geologisch untersucht. [SEP] g___________ [SEP] geologically
3713,de,0.540845275,Strom [SEP] Die elektrischen Geräte brauchen Strom. [SEP] e__________ [SEP] electricity
3714,de,-0.635234881,"bedingungslose [SEP] Es war die bedingungslose Liebe ihrer Eltern, die ihr Kraft gab. [SEP] u____________ [SEP] unconditional"
3715,de,-2.094360389,"sich [SEP] Der Präsident vermutet, dass sich einige schon gegen ihn verschwören. [SEP] p___ [SEP] plot"
3716,de,1.177081054,interessant [SEP] Wir haben einen interessanten Film angeschaut. [SEP] i__________ [SEP] interesting
3717,de,-0.445616187,geografisch [SEP] Das Haus ist geografisch ideal gelegen. [SEP] g_____________ [SEP] geographically
3718,de,-1.731786247,Zulassung [SEP] Viele Studenten nehmen an der Prüfung teil und hoffen auf eine Zulassung zum Studium. [SEP] a________ [SEP] admission
3719,de,1.229654686,auf [SEP] Das neue Geschäft liegt auf halber Strecke zwischen dem Postamt und der Bäckerei. [SEP] h______ [SEP] halfway
3720,de,0.540764105,projizieren [SEP] Dieses kleine Gerät kann Bilder an eine nahe gelegene Wand projizieren. [SEP] p______ [SEP] project
3721,de,-1.664018446,Sorgerecht [SEP] Die geschiedenen Eltern teilen sich das Sorgerecht für ihre beiden Kinder. [SEP] c______ [SEP] custody
3722,de,1.374277893,"langweilen [SEP] Ich hoffe, ich langweile dich nicht mit meinen Ausführungen. [SEP] b___ [SEP] bore"
3723,de,-0.274049418,Unsichtbarkeit [SEP] Die Unsichtbarkeit tödlicher Strahlung kann sehr gefährlich sein. [SEP] i___________ [SEP] invisibility
3724,de,-2.046326236,Bewegung [SEP] Wir müssen immer in Bewegung bleiben. [SEP] m_____ [SEP] motion
3725,de,0.127598301,Leute [SEP] Junge Leute nehmen an der Veranstaltung teil. [SEP] p_____ [SEP] people
3726,de,2.004856148,Haarschnitt [SEP] Der neue Haarschnitt steht dir gut! [SEP] h______ [SEP] haircut
3727,de,-1.898910086,Vertrautheit [SEP] Während des Sprechens wird die Vertrautheit der beiden offensichtlich. [SEP] i_______ [SEP] intimacy
3728,de,-0.678216665,Überzeugung [SEP] Das geht gegen meine Überzeugungen. [SEP] b_____ [SEP] belief
3729,de,-3.173905269,gefasst [SEP] Trotz seiner Trauer verhielt er sich gefasst. [SEP] c_______ [SEP] composed
3730,de,-1.477991251,Hauptsitz [SEP] Die Firma hat ihren Hauptsitz in London. [SEP] h___________ [SEP] headquarters
3731,de,-0.552288652,allerdings [SEP] Das klingt nicht gut. Allerdings gibt es auch etwas Positives an der Situation. [SEP] h______ [SEP] however
3732,de,-1.733534351,Mondschein [SEP] Der Mondschein erhellt die Nacht. [SEP] m________ [SEP] moonshine
3733,de,3.872663202,Idol [SEP] Die Sängerin war früher meine Idol. In meinem Zimmer hingen überall Poster von ihr. [SEP] i___ [SEP] idol
3734,de,-1.327821024,"unwahrscheinlich [SEP] Es ist unwahrscheinlich, dass er vor sechs Uhr ankommt. [SEP] u_______ [SEP] unlikely"
3735,de,2.768701311,Hotline [SEP] Diese Hotline wurde für besondere Anfragen eingerichtet. [SEP] h______ [SEP] hotline
3736,de,-2.592007891,einzigartig [SEP] Die Ausstellung war ein einzigartiger Erfolg. [SEP] s_______ [SEP] singular
3737,de,3.417722174,jdn/etw [SEP] Ich liebe dich von ganzem Herzen. [SEP] l___ [SEP] love
3738,de,0.875732017,Wanderung [SEP] Wir haben eine lange Wanderung gemacht. [SEP] h___ [SEP] hike
3739,de,-2.120608912,darstellen [SEP] Das Bild stellt eine typische Szene des königlichen Lebens dar. [SEP] d_____ [SEP] depict
3740,de,2.925222173,"am [SEP] Mein Vater ist letztes Jahr gestorben, meine Mutter ist aber noch am Leben. [SEP] a____ [SEP] alive"
3741,de,-0.585521577,Befehlshaber [SEP] Herr Müller ist der neue Befehlshaber des Truppenübungsplatzes. [SEP] c________ [SEP] commander
3742,de,-1.81977285,Stipendium [SEP] Mit einem Stipendium konnte er schließlich auch Oxford besuchen und dort einige Semester studieren. [SEP] s__________ [SEP] scholarship
3743,de,0.435786236,"meditieren [SEP] Ich meditiere täglich. Es hilft mir, mich zu entspannen. [SEP] m_______ [SEP] meditate"
3744,de,-1.90023951,Bedeutung [SEP] Ein schneller Zugang zum Internet hat für eine Region mittlerweile eine große Bedeutung. [SEP] s___________ [SEP] significance
3745,de,1.341596679,Bulle [SEP] Er macht seinen Job als Bulle sehr gern. [SEP] c__ [SEP] cop
3746,de,0.40273225,Rand [SEP] Er blieb am Rande des Abgrunds stehen. [SEP] e___ [SEP] edge
3747,de,2.286261053,schütteln [SEP] Du darfst die Flasche nicht vor dem Öffnen schütteln. [SEP] s____ [SEP] shake
3748,de,-0.535176702,zugeben [SEP] Ich gebe meine Enttäuschung offen zu. [SEP] a____ [SEP] admit
3749,de,-1.829182262,Auffrischung [SEP] Ich könnte in Mathematik wirklich einen Auffrischungskurs gebrauchen [SEP] r________ [SEP] refresher
3750,de,-2.976797972,bekannt [SEP] Er ist ein bekannter Schriftsteller. [SEP] n____ [SEP] noted
3751,de,-0.186508289,die [SEP] Die Geschworenen sind zu einem Urteil gelangt. [SEP] j___ [SEP] jury
3752,de,0.755682674,Park [SEP] Sie gehen im Park spazieren. [SEP] p___ [SEP] park
3753,de,0.520625325,richtig [SEP] Anna schätzt ihre Fähigkeiten richtig ein. [SEP] c________ [SEP] correctly
3754,de,0.103947921,Landwirtschaft [SEP] Viele Länder sind von der Landwirtschaft abhängig. [SEP] a__________ [SEP] agriculture
3755,de,-0.016600318,Kriterium [SEP] Der Aufsatz entspricht nicht den geforderten Kriterien. [SEP] c_______ [SEP] criteria
3756,de,1.171558914,lebend [SEP] Mein Mann hat leider keine lebenden Verwandten mehr. [SEP] l_____ [SEP] living
3757,de,0.541408115,bestrafen [SEP] Ihre Mutter bestraft sie nur sehr selten mit Verboten. [SEP] p_____ [SEP] punish
3758,de,-1.994391725,Vulkan [SEP] Dieser Vulkan brach zuletzt vor 89 Jahren aus. [SEP] v______ [SEP] volcano
3759,de,-1.882063369,befestigen [SEP] Bringe diesen Gepäcksaufkleber auf deinem Koffer an. [SEP] a_____ [SEP] attach
3760,de,-1.87870222,Wahlgang [SEP] Keiner der Kandidaten erreichte im ersten Wahlgang die erforderliche Mehrheit. [SEP] b_____ [SEP] ballot
3761,de,0.793052811,intolerant [SEP] Er ist ein intoleranter Mann. [SEP] i_________ [SEP] intolerant
3762,de,-2.864724532,taktvoll [SEP] Die taktvolle Antwort überzeugte alle. [SEP] d_________ [SEP] diplomatic
3763,de,-0.776047031,"Kirchentor [SEP] Sie erwartete ihren Vater am Kirchentor, damit er sie zum Altar geleiten konnte. [SEP] p_____ [SEP] portal"
3764,de,2.286472924,gestoppt [SEP] Die Klimaerwärmung muss gestoppt werden. [SEP] s______ [SEP] stopped
3765,de,-0.780630316,vorhersehbar [SEP] Die Handlung in diesen Filmen war leider sehr vorhersehbar. [SEP] p__________ [SEP] predictable
3766,de,-1.590899664,Übertragung [SEP] Die Übertragung der Krankheit erfolgt durch Hautkontakt. [SEP] t___________ [SEP] transmission
3767,de,1.778842171,Manuskript [SEP] Der Autor schickt das Manuskript an seine Verlegerin. [SEP] m_________ [SEP] manuscript
3768,de,-0.546886772,"gießen [SEP] Wenn die Zwiebeln goldbraun geröstet sind, kann man etwas Wein in die Pfanne gießen. [SEP] p___ [SEP] pour"
3769,de,0.379059981,Braten [SEP] In vielen Pubs kann man am Sonntag Braten essen. [SEP] r____ [SEP] roast
3770,de,-0.55975557,stumm [SEP] Sein stummes Lächeln verriet ihn. [SEP] m___ [SEP] mute
3771,de,1.972325505,schnell [SEP] Könntest du schnell ins Wohnzimmer kommen? Es stimmt was mit dem Fernseher nicht. [SEP] q______ [SEP] quickly
3772,de,-0.269665888,Unsicherheit [SEP] Der Mann strahlt große Unsicherheit aus. [SEP] i_________ [SEP] insecurity
3773,de,2.272520574,"Finger [SEP] Sie hat lange, dünne Finger. [SEP] f_____ [SEP] finger"
3774,de,0.186266681,Auszählung [SEP] Bei Beginn der Auszählung sah es nach einem Kopf-an-Kopf-Rennen zwischen den beiden Kandidaten aus. [SEP] c____ [SEP] count
3775,de,-0.785864699,bewundert [SEP] Sie war eine von aller Welt bewunderte Persönlichkeit. [SEP] a______ [SEP] admired
3776,de,-1.958188915,Aufstand [SEP] Die Proteste führten schließlich zu einem nationalen Aufstand und zum Sturz der Regierung. [SEP] r_________ [SEP] revolution
3777,de,2.372583179,Alpha [SEP] Der erste Buchstabe des griechischen Alphabets ist Alpha. [SEP] a____ [SEP] alpha
3778,de,0.998549846,Akzent [SEP] Er spricht mit einem ausländischen Akzent. [SEP] a_____ [SEP] accent
3779,de,0.66501284,außerhalb [SEP] Sie lebt außerhalb von Berlin. [SEP] o______ [SEP] outside
3780,de,-2.949486057,Schaden [SEP] Der Mann leidet an einem Hörschaden. [SEP] i_________ [SEP] impairment
3781,de,2.58884615,Kino [SEP] Ich gehe gern ins Kino und schaue mir die neuesten Filme an. [SEP] c_____ [SEP] cinema
3782,de,2.157865622,Alphabet [SEP] Das Alphabet ist eine festgelegte Reihenfolge aller Schriftzeichen einer Sprache. [SEP] a_______ [SEP] alphabet
3783,de,0.048695042,Festmahl [SEP] Zu Weihnachten gab es ein Festmahl. [SEP] f____ [SEP] feast
3784,de,0.672278883,tragbar [SEP] Früher hatten sie ihren tragbaren CD-Player immer dabei. [SEP] p_______ [SEP] portable
3785,de,0.872489865,Schriftsteller [SEP] Der Schriftsteller hat einen neuen Roman geschrieben. [SEP] a_____ [SEP] author
3786,de,-1.149073623,geblendet [SEP] Er wurde von der Sonne geblendet und konnte kurz nichts sehen. [SEP] b______ [SEP] blinded
3787,de,-2.679282921,Übergang [SEP] Der Übergang von Jazz zu Popmusik kam nicht bei allen Fans gut an. [SEP] c________ [SEP] crossover
3788,de,-1.030756583,"sich [SEP] Wir haben es uns zum Ziel gesetzt, mit dieser Strategie noch mehr Menschen zu erreichen, um ihnen zu helfen. [SEP] t_____ [SEP] target"
3789,de,-3.968830909,angesäuselt [SEP] Schon nach zwei kleinen Bier ist Sandra angesäuselt. [SEP] m____ [SEP] merry
3790,de,-1.337623661,freiwillig [SEP] Die Teilnahme am Nachmittagsunterricht ist freiwillig. [SEP] o_______ [SEP] optional
3791,de,1.194200303,Teufel [SEP] Zum Fasching habe ich mir ein Teufelkostüm gekauft. [SEP] d____ [SEP] devil
3792,de,-0.318525612,"theoretisch [SEP] Das ist theoretisch möglich, aber sehr unwahrscheinlich. [SEP] t____________ [SEP] theoretically"
3793,de,1.095267633,Tinte [SEP] Die Tinte bei meinem Füller ist leer. [SEP] i__ [SEP] ink
3794,de,-3.205926869,genaue [SEP] Das neue Gesetz muss noch einer genauen Überprüfung unterzogen werden. [SEP] s_______ [SEP] scrutiny
3795,de,1.160079671,"erraten [SEP] Bei diesem Spiel muss man erraten, welchen Gegenstand die Spieler erklären. [SEP] g____ [SEP] guess"
3796,de,-2.186623938,eisig [SEP] Es bläst ein eisiger Wind. [SEP] c_______ [SEP] chilling
3797,de,1.442185696,Punkt [SEP] Der Dalmatiner hat weißes Fell mit schwarzen Punkten. [SEP] d__ [SEP] dot
3798,de,-1.56722978,Standpunkt [SEP] Ich kann Ihren Standpunkt zu dieser Sache nicht verstehen. [SEP] s____ [SEP] stand
3799,de,2.629457301,Milchshake [SEP] Ich hätte gerne einen Erdbeermilchshake. [SEP] m________ [SEP] milkshake
3800,de,0.307332496,"Rache [SEP] Wenn man Rache übt, schadet man sich oft auch selbst. [SEP] r______ [SEP] revenge"
3801,de,-0.238411072,Eigeninitiative [SEP] Er zeigte Eigeninitiative und großes Engagement für das Projekt. [SEP] i_________ [SEP] initiative
3802,de,-1.488128429,"beabsichtigen [SEP] Was beabsichtigst du, gegen das Problem zu tun? [SEP] i_____ [SEP] intend"
3803,de,1.286846881,Implantat [SEP] Die Frau hat Brustimplantate. [SEP] i______ [SEP] implant
3804,de,-1.92609152,bestreuen [SEP] Abschließend bestreuen Sie den Kuchen noch mit Staubzucker und Schokoladenstreusel. [SEP] s_______ [SEP] sprinkle
3805,de,1.20425726,"schrecklich [SEP] Die Frau hatte einen schrecklichen Tag und ist froh, dass sie endlich schlafen gehen kann. [SEP] h_______ [SEP] horrible"
3806,de,0.341472317,Milliardär [SEP] Mein Nachbar hat eine Firma gegründet und ist damit zum Milliardär geworden. [SEP] b__________ [SEP] billionaire
3807,de,3.285747427,Mathe [SEP] Ich mag Mathe in der Schule wirklich gern. [SEP] m___ [SEP] math
3808,de,0.60156274,erwartend [SEP] Der zu erwartende Erfolg blieb aus. [SEP] e_______ [SEP] expected
3809,de,-2.861889872,verwirrt [SEP] Sie warf mir einen recht verwirrten Blick zu. [SEP] p______ [SEP] puzzled
3810,de,0.596424658,Elefant [SEP] Elefanten sind riesige Tiere. [SEP] e_______ [SEP] elephant
3811,de,-2.911050315,Becher [SEP] Er kaufte sich einen großen Becher Joghurt. [SEP] t__ [SEP] tub
3812,de,-0.872730927,Thema [SEP] Das Thema der heutigen Diskussion ist der Klimawandel. (NICHT theme) [SEP] t____ [SEP] topic
3813,de,-2.616735358,Training [SEP] Alle können am Training teilnehmen. Man muss nur motiviert sein. [SEP] c_______ [SEP] coaching
3814,de,-2.624233424,wiederaufnehmen [SEP] Die Gespräche wurden nach einer längeren Verhandlungspause wiederaufgenommen. [SEP] r_____ [SEP] resume
3815,de,0.825996822,Geschäftsmann [SEP] Er war ein tüchtiger Geschäftsmann. [SEP] b__________ [SEP] businessman
3816,de,-0.328463068,"vorschlagen [SEP] Ich möchte vorschlagen, dass wir für heute Feierabend machen. [SEP] s______ [SEP] suggest"
3817,de,-3.392060128,nicht [SEP] Das geht aus bisher nicht gemeldeten Dokumenten hervor. [SEP] u_________ [SEP] unreported
3818,de,-2.611854371,dezent [SEP] Ich nahm einen dezenten Geruch nach Kaffee wahr. [SEP] f____ [SEP] faint
3819,de,0.246389979,dienen [SEP] Das dient ihm nur als Ausrede. [SEP] s____ [SEP] serve
3820,de,0.024123704,Zunahme [SEP] Die Gewichtszunahme des erkrankten Pferdes ist beachtlich. [SEP] g___ [SEP] gain
3821,de,0.839839743,ursprüngliche [SEP] Wer ist der ursprüngliche Besitzer dieser antiken Uhr? [SEP] o_______ [SEP] original
3822,de,2.902378016,Holz [SEP] Unsere Möbel sind aus ziemlich teurem Holz. [SEP] w___ [SEP] wood
3823,de,1.009334638,"usw. [SEP] Die Kinder spielen gerne Fußball, Volleyball, Basketball usw. [SEP] e__ [SEP] etc"
3824,de,0.515374429,vorbeifahrend [SEP] Ein vorbeifahrender Autofahrer rief die Rettung. [SEP] p______ [SEP] passing
3825,de,-0.653803742,tiefe [SEP] Der Witwer überwand seine Trauer nach langer Zeit. [SEP] g____ [SEP] grief
3826,de,1.796775605,Finalist [SEP] Die Finalisten bereiten sich auf das Spiel vor. [SEP] f_______ [SEP] finalist
3827,de,1.332157049,ehrlich [SEP] Sie ist eine ehrliche junge Frau. [SEP] h_____ [SEP] honest
3828,de,-2.265006144,"Eigenschaft [SEP] So manche Eigenschaft verriet, dass sie Geschwister waren. [SEP] t____ [SEP] trait"
3829,de,-0.764541871,Zahl [SEP] Die aktuellen Verkaufszahlen sind ausgezeichnet. [SEP] f_____ [SEP] figure
3830,de,-0.334673531,verbieten [SEP] Das Buch wurde in der Schule verboten. [SEP] b__ [SEP] ban
3831,de,-0.708431944,wahnsinnig [SEP] Ihr Plan ist wahnsinnig! Das wird doch nie klappen. [SEP] i_____ [SEP] insane
3832,de,2.220028203,Teamarbeit [SEP] Projekte dieser Art gelingen am besten in Teamarbeit. [SEP] t_______ [SEP] teamwork
3833,de,1.674230447,"bleiben [SEP] Bleib still, ich versuche mit deinen Haaren einen Zopf zu machen. [SEP] k___ [SEP] keep"
3834,de,-0.512799824,Stapel [SEP] Auf dem Boden des Kinderzimmers türmen sich Bücherstapel. [SEP] p___ [SEP] pile
3835,de,0.85465475,Quote [SEP] Die Geburtenquote hat in den letzten Jahren stetig abgenommen. [SEP] r___ [SEP] rate
3836,de,-1.141737039,"moralisch [SEP] Es ist unmoralisch für einen Arzt, Vertrauliches zu enthüllen. [SEP] e______ [SEP] ethical"
3837,de,0.491669683,Aptheke [SEP] Eine junge Apothekerin arbeitet in dieser Apotheke. [SEP] p_______ [SEP] pharmacy
3838,de,0.984547495,Bürste [SEP] Ich kämme meine Haare mit einer Bürste. [SEP] b____ [SEP] brush
3839,de,-0.298959655,"präzise [SEP] Die präzise Anleitung hilft dir, den Kasten richtig aufzubauen. [SEP] a_______ [SEP] accurate"
3840,de,3.515582387,Brot [SEP] Ich esse eine Scheibe Brot mit Butter und Marmelade zum Frühstück. [SEP] b____ [SEP] bread
3841,de,0.761331671,Parlament [SEP] Das Europäische Parlament hat seinen Sitz in Straßburg. [SEP] p_________ [SEP] parliament
3842,de,-0.708495127,"Spiegelbild [SEP] Das Wasser im Teich ist so klar, dass man sein Spiegelbild darin erkennen kann. [SEP] r_________ [SEP] reflection"
3843,de,-2.153332018,"trotzdem [SEP] Es fing an, stark zu regnen, aber wir gingen trotzdem weiter. [SEP] r_________ [SEP] regardless"
3844,de,2.068000838,Sieger [SEP] Sie ging als Siegerin aus dem Rennen hervor. [SEP] w_____ [SEP] winner
3845,de,-1.842578152,Zusammenarbeit [SEP] Die Zusammenarbeit zwischen den Teams funktioniert sehr gut. [SEP] c____________ [SEP] collaboration
3846,de,-2.284375265,Pfarrer [SEP] In dieser Gemeinde gibt es einen sehr engagierten Pfarrer. [SEP] p_____ [SEP] pastor
3847,de,-1.188638954,Drehung [SEP] Der Eiskunstläufer zeigte eine schwierige Drehung vor. [SEP] s___ [SEP] spin
3848,de,1.744749909,jdn/etw [SEP] Bringe Winterkleidung mit. Hier ist es sehr kalt. [SEP] b____ [SEP] bring
3849,de,-0.145389412,Zugabe [SEP] Jeder Kunde erhält ein Schminkset als Zugabe ab einer Bestellung von 50 Euro. [SEP] b____ [SEP] bonus
3850,de,-0.386090294,Lagerung [SEP] Durch gute Lagerung werden manche Lebensmittel sogar noch besser. [SEP] s______ [SEP] storage
3851,de,-3.032067607,aufsehenerregend [SEP] Die Direktorin trat aufsehenerregend von ihrem Amt zurück. [SEP] s____________ [SEP] sensationally
3852,de,-0.192048211,jdm [SEP] Der Hund gehorcht seinem Herrchen. [SEP] o___ [SEP] obey
3853,de,1.46967851,Glücks [SEP] Heute ist nicht mein Glückstag. [SEP] l____ [SEP] lucky
3854,de,1.166353969,umfassend [SEP] Die Papst ist das Oberhaupt der katholischen Kirche. [SEP] c_______ [SEP] catholic
3855,de,1.757771833,breit [SEP] Er hat einen sehr breiten Mund. [SEP] w___ [SEP] wide
3856,de,3.486618215,blind [SEP] Sein Vater ist schon sein ganzes Leben lang blind. [SEP] b____ [SEP] blind
3857,de,-2.464750721,gesellig [SEP] Sie ist eine gesellige Person und auf jeder Party ein gern gesehener Gast. [SEP] s_______ [SEP] sociable
3858,de,-0.999531553,"nochmals [SEP] Wenn mir ein Lied gut gefällt, dann spiele ich es gerne nochmals ab. [SEP] r_____ [SEP] replay"
3859,de,1.550359521,"sich [SEP] Es ist manchmal schwierig, sich der rasch verändernden Welt anzupassen. [SEP] c_______ [SEP] changing"
3860,de,-0.397832398,Pastete [SEP] Heute Mittag gibt es hausgemachte Pastete. [SEP] p__ [SEP] pie
3861,de,1.132450338,Wette [SEP] Wir haben die Wette gewonnen. [SEP] b__ [SEP] bet
3862,de,1.423781088,täglich [SEP] Ich gehe täglich zum Bäcker und kaufe frisches Brot. [SEP] d____ [SEP] daily
3863,de,1.288031803,"Chemikalie [SEP] Wenn man mit diesen Chemikalien arbeitet, muss man sehr gut aufpassen und bestimmte Schutzkleidung tragen. [SEP] c_______ [SEP] chemical"
3864,de,-1.817192778,erzielen [SEP] Die Firma kann nicht genug Gewinne erzielen. [SEP] g_______ [SEP] generate
3865,de,2.102864586,"Führung [SEP] Er übernimmt die Führung und schafft es, als Erster ins Ziel zu fahren. [SEP] l___ [SEP] lead"
3866,de,1.038602133,Horoskop [SEP] Die alte Frau liest täglich ihr Horoskop. [SEP] h________ [SEP] horoscope
3867,de,-0.829390023,Veröffentlichung [SEP] Die Veröffentlichung des Albums ist für den kommenden September geplant. [SEP] r______ [SEP] release
3868,de,-1.423926653,aufhören [SEP] Der Regen wird bald aufhören. [SEP] c____ [SEP] cease
3869,de,0.335807601,unkompliziert [SEP] Er war ein freundlicher und unkomplizierter junger Mann. [SEP] u____________ [SEP] uncomplicated
3870,de,-2.154128589,"Berater [SEP] Bevor ich mich entscheide, möchte ich einen Berater um seine Meinung bitten. [SEP] c_________ [SEP] consultant"
3871,de,-1.980097741,anscheinend [SEP] Das Mädchen hat dem Polizisten anscheinend eine sehr genaue Beschreibung des Täters gegeben. [SEP] a_______ [SEP] apparent
3872,de,3.268949235,regnen [SEP] Wenn es nur endlich zu regnen aufhören würde. [SEP] r___ [SEP] rain
3873,de,1.159502343,gekochtes [SEP] Ich esse gern ein gekochtes Ei zum Frühstück. [SEP] b_____ [SEP] boiled
3874,de,-1.459024302,Klemmbrett [SEP] Sie befestigt alle wichtigen Notizen auf einem Klemmbrett. [SEP] c________ [SEP] clipboard
3875,de,3.116328205,Tatsache [SEP] Die Vorstände können die Fakten nicht mehr länger ignorieren. [SEP] f___ [SEP] fact
3876,de,0.056108451,neurologisch [SEP] Er leidet an einer neurologischen Störung. [SEP] n___________ [SEP] neurological
3877,de,1.500408711,wie [SEP] Das kleine Mädchen schaut wie ihre Mutter aus. [SEP] l___ [SEP] like
3878,de,-2.89959355,Artist [SEP] Der Artist führt im Zirkus turnerische und spektakuläre Tricks vor. [SEP] a______ [SEP] acrobat
3879,de,-0.973772217,Marmor [SEP] Im Flur haben wir uns für einen Marmorboden entschieden. [SEP] m_____ [SEP] marble
3880,de,-1.119760189,Ergebnis [SEP] Der Politiker wollte nichts zum Wahlergebnis sagen. [SEP] o______ [SEP] outcome
3881,de,-2.06018077,erleichtern [SEP] Das neue Programm erleichtert die Handhabung der Maschine. [SEP] f_________ [SEP] facilitate
3882,de,1.367952195,jagen [SEP] Eulen jagen bei Nacht. [SEP] h___ [SEP] hunt
3883,de,-2.335774565,aus [SEP] Die Lebensmittel wurden aus Tierprodukten gewonnen. [SEP] d_____ [SEP] derive
3884,de,-1.079251567,Station [SEP] Er wurde auf die psychiatrische Station verlegt. [SEP] w___ [SEP] ward
3885,de,1.091990044,"Ziel [SEP] Unser Ziel ist es, das Spiel zu gewinnen. [SEP] g___ [SEP] goal"
3886,de,-2.671609426,jdn/etw [SEP] Niemand will die Echtheit der Aussage infrage stellen. [SEP] c________ [SEP] challenge
3887,de,-1.393665361,untätig [SEP] Seine untätige Einstellung machte mich verrückt. [SEP] i_______ [SEP] inactive
3888,de,-0.40706072,nach [SEP] Wir sollten das Volleyballspiel nach den offiziellen Regeln spielen. [SEP] a________ [SEP] according
3889,de,0.362225195,Statistik [SEP] Auch für Statistik muss man kreativ sein und gute Lösungen für Probleme finden. [SEP] s_________ [SEP] statistics
3890,de,0.026426002,fähig [SEP] Die neue Malerin ist eine fähige und erfahrene Mitarbeiterin. [SEP] a___ [SEP] able
3891,de,0.645043985,Toleranz [SEP] Sie zeigten keinerlei Toleranz gegenüber Andersdenkenden. [SEP] t________ [SEP] tolerance
3892,de,-1.425788567,beunruhigt [SEP] Beunruhigte Eltern können die Beratungshotline kontaktieren. [SEP] c________ [SEP] concerned
3893,de,-3.459573199,Schalung [SEP] Man muss Löcher durch die Holzschalung bohren. [SEP] b_______ [SEP] boarding
3894,de,-0.176749571,Fernsehzuschauer [SEP] Die durchschnittliche Fernsehzuschauerin sieht zu dieser Tageszeit kaum fern. [SEP] v_____ [SEP] viewer
3895,de,2.797339221,Selbst [SEP] Wir bieten Hilfe zur Selbsthilfe. [SEP] s___ [SEP] self
3896,de,-0.878899007,fertigstellen [SEP] Die Arbeit an dem Zaun wurde letzte Woche fertiggestellt. [SEP] c_______ [SEP] complete
3897,de,-0.500295136,Gewerkschaft [SEP] Ich bin der Gewerkschaft beigetreten. [SEP] u____ [SEP] union
3898,de,1.570425133,herzlos [SEP] Sie ist grausam und herzlos. [SEP] h________ [SEP] heartless
3899,de,-1.17572032,Telefonist [SEP] Er arbeitet seit ein paar Wochen als Telefonist. [SEP] o_______ [SEP] operator
3900,de,-2.381172772,Offenlegung [SEP] Die Öffentlichkeit drängt auf die Offenlegung der geheimen Dokumente. [SEP] d_________ [SEP] disclosure
3901,de,-1.096039851,Quelle [SEP] Die Quelle dieses Bächleins liegt in den Bergen hinter dem Dorf. [SEP] s_____ [SEP] source
3902,de,0.27431609,Demokratie [SEP] Die neuen Gesetze gefährden die bestehende Demokratie. [SEP] d________ [SEP] democracy
3903,de,-2.609641188,deutlich [SEP] Das war eine deutliche Ansage. Es ist dem nichts mehr hinzuzufügen. [SEP] e_______ [SEP] explicit
3904,de,1.1909408,Blitz [SEP] Es gibt heute ein starkes Gewitter mit Donner und Blitz. [SEP] l________ [SEP] lightning
3905,de,0.695283451,Kolumnist [SEP] Sie arbeitet seit drei Jahren als Kolumnistin für die Zeitung. [SEP] c________ [SEP] columnist
3906,de,1.018169309,"Hügel [SEP] In dieser Region gibt es keine richtigen Berge, dafür aber viele Hügel. [SEP] h___ [SEP] hill"
3907,de,-3.504929101,seine [SEP] Sie spitzte ihre Ohren. Sie wollte auf keinen Fall etwas verpassen. [SEP] c___ [SEP] cock
3908,de,-3.026652456,stufenweise [SEP] Die Aufgaben in diesem Test werden stufenweise immer schwieriger. [SEP] p____________ [SEP] progressively
3909,de,1.510052777,abgerundet [SEP] Die abgerundeten Kanten sind ideal für Kindermöbel. [SEP] r______ [SEP] rounded
3910,de,-0.928480798,Reiseführer [SEP] Ich fahre nächste Woche nach Berlin und habe mir deshalb einen Reiseführer gekauft. [SEP] g________ [SEP] guidebook
3911,de,1.99348735,Interview [SEP] Während des Interviews kamen der Sprecherin die Tränen. [SEP] i________ [SEP] interview
3912,de,0.838830265,Gewalt [SEP] Müssen sie denn immer auf Gewalt zurückgreifen? [SEP] v_______ [SEP] violence
3913,de,-0.587342623,Keks [SEP] Zum Kaffee werden Kekse serviert. [SEP] b______ [SEP] biscuit
3914,de,3.099632091,Deutsche [SEP] Die Deutschen essen gerne Würste. [SEP] g_____ [SEP] german
3915,de,-0.360936351,Verkauf [SEP] Der Verkauf von Tabak an Minderjährige ist verboten. [SEP] s___ [SEP] sale
3916,de,2.205701838,"kommentieren [SEP] Er verweigerte, die Angelegenheit zu kommentieren. [SEP] c______ [SEP] comment"
3917,de,1.33277882,"Kompressor [SEP] Wir benutzten einen Kompressor zum Verdichten von Gasen, um die Luftballons aufzublasen. [SEP] c_________ [SEP] compressor"
3918,de,0.08825606,Schatten [SEP] Es war sehr sonnig und sie zog den Liegestuhl in den Schatten unter dem Baum. [SEP] s____ [SEP] shade
3919,de,-0.749901965,gepflegt [SEP] Mein Mann trägt einen gepflegten Bart. [SEP] n___ [SEP] neat
3920,de,0.189959937,Luxus [SEP] Ein neues Luxushotel hat an der Küste eröffnet. [SEP] l_____ [SEP] luxury
3921,de,-2.213836296,Desorientierung [SEP] Er zeigt Anzeichen von Desorientierung und Verwirrtheit. [SEP] d_____________ [SEP] disorientation
3922,de,0.920347195,verfügbar [SEP] Ist John verfügbar? [SEP] a________ [SEP] available
3923,de,-1.942154747,"trotzdem [SEP] Ich habe dir dreimal gesagt, du sollst keine Süßigkeiten vor dem Abendbrot essen und du hast es trotzdem gemacht! [SEP] a_____ [SEP] anyway"
3924,de,3.028756416,Baum [SEP] Er kletterte so schnell wie möglich auf den Baum. [SEP] t___ [SEP] tree
3925,de,3.103531469,Jahr [SEP] Letzes Jahr waren wir am Meer. [SEP] y___ [SEP] year
3926,de,0.078312792,sich [SEP] Diese zwei Mädchen streiten sich ständig. [SEP] a____ [SEP] argue
3927,de,2.224103846,"sollen [SEP] Du solltest dir keine großen Sorgen machen, weil er sicher bald nach Hause kommt. [SEP] s_____ [SEP] should"
3928,de,0.238757443,"Kapuze [SEP] Sollte es regnen, zieh dir die Kapuze des Mantels über den Kopf. [SEP] h___ [SEP] hood"
3929,de,-1.513830958,"geringer [SEP] Ferner vermehren sich Bakterien in geringerem Maße, sodass weniger Geld für Reinigungsmittel investiert werden muss. [SEP] l_____ [SEP] lesser"
3930,de,0.303584242,jdn/etw [SEP] Sie fotografiert gerne fremde Menschen. [SEP] p_________ [SEP] photograph
3931,de,2.981172508,sich [SEP] Plötzlich drehen sich alle um und lächeln uns an. [SEP] t___ [SEP] turn
3932,de,-0.413334429,Fahrrad [SEP] Ich fahre mit dem Fahrrad nach Berlin. [SEP] b______ [SEP] bicycle
3933,de,-2.066531397,durchdringend [SEP] Er schaute sie mit einem durchdringenden Blick an. [SEP] p__________ [SEP] penetrating
3934,de,-1.746821233,Umweltschützer [SEP] Die Umweltschützer organisieren eine Demonstration gegen den Bau einer Autobahn. [SEP] e_______________ [SEP] environmentalist
3935,de,-0.311088152,beenden [SEP] Wir werden den Einsatz mit Ende des Jahres beenden. [SEP] t________ [SEP] terminate
3936,de,-1.318071024,Zusammenstoß [SEP] Heute Nacht war die Küstenwache im Einsatz wegen eines Zusammenstoßes zweier Frachtschiffe. [SEP] c________ [SEP] collision
3937,de,-0.89655157,Dolmetscher [SEP] Sie arbeitet seit vielen Jahren als Dolmetscherin. [SEP] i__________ [SEP] interpreter
3938,de,2.642401385,legen [SEP] Du kannst das Buch dort drüben hinlegen. [SEP] p__ [SEP] put
3939,de,1.861253988,Snowboarder [SEP] Sie war eine der erfolgreichsten Snowboarderinnen der letzten Olympischen Spiele. [SEP] s__________ [SEP] snowboarder
3940,de,1.384564973,Immunität [SEP] Als politische Immunität bezeichnet man den Schutz eines Abgeordneten vor Strafverfolgung. [SEP] i_______ [SEP] immunity
3941,de,0.474015224,"stören [SEP] Es tut mir leid, ich wollte euch nicht stören. [SEP] d______ [SEP] disturb"
3942,de,2.014374283,gut [SEP] Er spricht sehr gut Französisch. [SEP] w___ [SEP] well
3943,de,1.8717471,Frustration [SEP] Seine Frustration war deutlich spürbar. [SEP] f__________ [SEP] frustration
3944,de,2.652718554,Osten [SEP] Im Osten geht die Sonne auf. [SEP] e___ [SEP] east
3945,de,3.337081832,"Spam [SEP] Jedes Mal, wenn ich meinen E-Mail-Eingang aktualisiere, tauchen weitere Spam E-Mails auf. [SEP] s___ [SEP] spam"
3946,de,1.506210025,"Zehe [SEP] Ich glaube, ich habe mir meine kleine Zehe verstaucht. [SEP] t__ [SEP] toe"
3947,de,0.972384906,Marke [SEP] Wir führen alle gängigen Kleidungsmarken. [SEP] b____ [SEP] brand
3948,de,1.037370286,nach [SEP] Ich machte einen Schritt nach vorne und begrüßte den Unbekannten. [SEP] f______ [SEP] forward
3949,de,1.033593256,etw/jdn [SEP] Die Polizei hat den Täter gefunden. [SEP] f___ [SEP] find
3950,de,-1.106645971,Urteil [SEP] Ist die Jury zu einem Urteil gelangt? [SEP] v______ [SEP] verdict
3951,de,-2.691379979,Beurteilung [SEP] Nach der offiziellen Beurteilung der möglichen Risiken wurde der Betrieb bis auf Weiteres eingestellt. [SEP] a_________ [SEP] assessment
3952,de,-0.88980549,abgelenkt [SEP] Sie war von der Musik abgelenkt und konnte sich nicht auf ihre Arbeit konzentrieren. [SEP] d_________ [SEP] distracted
3953,de,1.53796528,Schüssel [SEP] Vermische die Eier mit dem Zucker in einer großen Schüssel. [SEP] b___ [SEP] bowl
3954,de,-2.734756094,"Nachahmung [SEP] Du solltest diese Turnschuhe nicht kaufen, weil die sicher nur eine billige Nachahmung des Originals sind und bald kaputt werden. [SEP] r__________ [SEP] replication"
3955,de,2.841547432,joggen [SEP] Ich gehe drei Mal pro Woche joggen. [SEP] j______ [SEP] jogging
3956,de,1.74091049,sich [SEP] Manche Dinge werden sich nie verändern. [SEP] c_____ [SEP] change
3957,de,1.941190504,brauchen [SEP] Ich brauche etwas Zeit für mich. [SEP] n___ [SEP] need
3958,de,-2.831267845,Unternehmens [SEP] Die Unternehmensführung hat ihren Sitz in Wien. [SEP] c________ [SEP] corporate
3959,de,-3.758453725,"allgemein [SEP] „Möbel"" ist ein Oberbegriff für Tische, Stühle, Sofas etc. [SEP] g______ [SEP] generic"
3960,de,-0.367061029,humanistisch [SEP] Er verbreitet humanistisches Gedankengut. [SEP] h_________ [SEP] humanistic
3961,de,-0.634226038,abziehen [SEP] Der Präsident wird die Armee aus dem Krisengebiet abziehen. [SEP] w_______ [SEP] withdraw
3962,de,2.738166846,Vergangenheit [SEP] Sie spricht offen über ihre schwierige Vergangenheit. [SEP] p___ [SEP] past
3963,de,2.036822244,"kennzeichnen [SEP] Ich werde alle Pakete ins Auto packen, die du gekennzeichnet hast. [SEP] m___ [SEP] mark"
3964,de,-0.288512083,nationalistisch [SEP] Die Medien berichten von nationalistischen Tendenzen in Europa. [SEP] n__________ [SEP] nationalist
3965,de,0.751909858,Gartenarbeit [SEP] Ich bin für den Haushalt zuständig und mein Mann kümmert sich um die Gartenarbeit. [SEP] g________ [SEP] gardening
3966,de,-0.153872585,Vergebung [SEP] Ich habe etwas Schlimmes getan. Ich möchte dich um Vergebung bitten. [SEP] f__________ [SEP] forgiveness
3967,de,0.387880934,unprofessionell [SEP] Er legte manchmal unprofessionelles Verhalten an den Tag. [SEP] u_____________ [SEP] unprofessional
3968,de,-3.094895744,Reise [SEP] Wir machten eine zehntägige Reise durch Italien. [SEP] t___ [SEP] tour
3969,de,-0.36506452,Griff [SEP] Sie hielt das Kind mit einem festen Griff am Arm. [SEP] g___ [SEP] grip
3970,de,0.682496524,Leibwache [SEP] Die Schauspielerin geht ohne ihre Leibwache nicht mehr aus dem Haus. [SEP] b________ [SEP] bodyguard
3971,de,-2.286234706,Folgen [SEP] Die Folgen des Sturmes waren verheerend. [SEP] a________ [SEP] aftermath
3972,de,3.130597756,Blut [SEP] Sein Gesicht war voller Blut. [SEP] b____ [SEP] blood
3973,de,1.480263133,Gefangene/r [SEP] Die Gefangene wurde in ihre Zelle gebracht. [SEP] p_______ [SEP] prisoner
3974,de,3.025662265,zwei [SEP] Am Strand standen zwei Häuser. [SEP] t__ [SEP] two
3975,de,0.077970137,annehmen [SEP] Ich nehme die Auszeichnung sehr gerne an. [SEP] a_____ [SEP] accept
3976,de,-0.265978653,wild [SEP] Er schlug wild mit den Armen um sich. [SEP] w_____ [SEP] wildly
3977,de,-0.256432711,analytisch [SEP] Tom ist sehr analytisch: Er nimmt alles auseinander und zerlegt es. [SEP] a_________ [SEP] analytical
3978,de,-3.126604484,wesentlich [SEP] Er hat einen wesentlichen Teil zum Projekt beigetragen. [SEP] i_______ [SEP] integral
3979,de,-0.558078675,Muster [SEP] Sein Verhaltensmuster ist typisch für diese Krankheit. [SEP] p______ [SEP] pattern
3980,de,-0.188264737,Lehrer [SEP] Die Skianfänger werden von einem ausgebildeten Skilehrer angeleitet. [SEP] i_________ [SEP] instructor
3981,de,0.623547266,Minze [SEP] Magst du etwas Minze in deinen Cocktail? [SEP] m___ [SEP] mint
3982,de,0.584917773,Tonfall [SEP] Sprich bitte nicht in diesem Tonfall mit mir! [SEP] t___ [SEP] tone
3983,de,0.887825514,"fasziniert [SEP] Der faszinierte Schüler versuchte, die Übung zu wiederholen. [SEP] f_________ [SEP] fascinated"
3984,de,2.09114279,"genießen [SEP] Ich genieße es, einen guten Film mit meinem Freund anzuschauen. [SEP] e____ [SEP] enjoy"
3985,de,-1.632045636,höchster [SEP] Die höchste Regierungsgewalt hat das Angebot abgelehnt. [SEP] s______ [SEP] supreme
3986,de,-1.176905585,lächerlich [SEP] Die Preise waren lächerlich niedrig und so konnten wir unseren Urlaub problemlos verlängern. [SEP] r___________ [SEP] ridiculously
3987,de,2.121781551,Spinne [SEP] Die schwarze Witwe ist eine giftige Spinne. [SEP] s_____ [SEP] spider
3988,de,2.976605348,nächster [SEP] Ich rufe dich nächste Woche an. [SEP] n___ [SEP] next
3989,de,-1.531668552,heben [SEP] Er muss den ganzen Tag schwere Sachen heben. [SEP] l______ [SEP] lifting
3990,de,1.572800919,Ansichtskarte [SEP] Am Ende des Urlaubs schickte ihm Nadine eine Ansichtskarte aus Italien. [SEP] p_______ [SEP] postcard
3991,de,-0.690312904,Glas [SEP] Im Kühlschrank steht ein offenes Marmeladenglas. [SEP] j__ [SEP] jar
3992,de,-1.542106865,ungeregelt [SEP] Die bisher ungeregelte Nutzung des Weltraums wird bald zu einem Problem. [SEP] u__________ [SEP] unregulated
3993,de,-0.531881592,"Zufall [SEP] Es ist reiner Zufall, dass ich meine Tante heute getroffen habe. [SEP] c__________ [SEP] coincidence"
3994,de,1.418558835,Mittag [SEP] Wir treffen uns am Mittag. [SEP] n___ [SEP] noon
3995,de,-2.028803295,Region [SEP] Die autonome Region Trient ist auf Obst- und Weinanbau spezialisiert. [SEP] p_______ [SEP] province
3996,de,-1.369702029,gesetzgebend [SEP] Die beiden Kammern bilden zusammen die gesetzgebende Gewalt. [SEP] l__________ [SEP] legislative
3997,de,-0.380028356,"Folge [SEP] Sie hat gehandelt, ohne sich Gedanken über die Folgen zu machen. [SEP] c__________ [SEP] consequence"
3998,de,0.893475846,einrahmen [SEP] Ich rahme die neuen Fotos ein. [SEP] f____ [SEP] frame
3999,de,-2.993517815,zustimmen [SEP] Ich kann deinem Plan nicht zustimmen. [SEP] a______ [SEP] approve
4000,de,2.574457061,auf [SEP] Das Buch liegt auf dem Tisch. [SEP] o_ [SEP] on
4001,de,0.01039265,Erfrischung [SEP] Nach dem Start werden Erfrischungen serviert. [SEP] r__________ [SEP] refreshment
4002,de,-0.059550859,Hör [SEP] Ich mag literarische Hörbücher besonders gern. [SEP] a____ [SEP] audio
4003,de,-1.98549661,"Hang [SEP] Hinter unserem Haus gibt es einen kurzen steilen Hang, weswegen wir jetzt einen Zaun errichtet haben. [SEP] s____ [SEP] slope"
4004,de,1.062328682,Fanatiker [SEP] Er ist ein absoluter Oldtimer-Fanatiker. Er besitzt schon sechs Autos! [SEP] f______ [SEP] fanatic
4005,de,2.494557663,Nachmittag [SEP] Ich habe einen Termin am Nachmittag. [SEP] a________ [SEP] afternoon
4006,de,-1.505710876,Beifall [SEP] Die Zuschauer klatschten Beifall. [SEP] a______ [SEP] applaud
4007,de,0.084671078,jdm [SEP] Er reichte ihr die Dokumente. [SEP] h___ [SEP] hand
4008,de,0.019854595,"programmierbar [SEP] Diese Maschine ist programmierbar, damit sie auch andere Produkte anfertigen kann. [SEP] p___________ [SEP] programmable"
4009,de,2.399012875,Glocke [SEP] Die Glocke leitet die Pause ein. [SEP] b___ [SEP] bell
4010,de,-1.34133394,chirurgisch [SEP] Die chirurgischen Instrumente müssen desinfiziert werden. [SEP] s_______ [SEP] surgical
4011,de,-0.617100586,vereinbart [SEP] Sie stimmten dem vereinbarten Preis zu. [SEP] a_____ [SEP] agreed
4012,de,-2.222084286,Vorsprechen [SEP] Nach dem Vorsprechen erhielt ich leider eine Absage. [SEP] c______ [SEP] casting
4013,de,-0.873379258,mystisch [SEP] Sie hat ein mystisches Erlebnis gehabt. [SEP] m_______ [SEP] mystical
4014,de,1.149236385,"besiegen [SEP] Um ins Finale zu kommen, muss England Deutschland bei diesem Match besiegen. [SEP] b___ [SEP] beat"
4015,de,-1.008752553,Stadion [SEP] Nach diesem spektakulären Tor tobte das ganze Stadion. [SEP] s______ [SEP] stadium
4016,de,-2.536606366,schlendern [SEP] Gedankenversunken schlendern sie durch die dunklen Gassen. [SEP] s_____ [SEP] stroll
4017,de,-0.37928636,gewiss [SEP] Das ist gewiss möglich! [SEP] c________ [SEP] certainly
4018,de,0.948594252,schützen [SEP] Wir müssen die natürliche Vielfalt in unseren Wäldern schützen. [SEP] p______ [SEP] protect
4019,de,-0.290093281,"Spaßvogel [SEP] Er ist wirklich lustig, ein richtiger Spaßvogel. [SEP] j____ [SEP] joker"
4020,de,2.559452454,Bleistift [SEP] Sie zeichnet ein Bild mit einem Bleistift. [SEP] p_____ [SEP] pencil
4021,de,0.433088159,tausend [SEP] Etwa tausend Zuschauer sahen die Premiere. [SEP] t_______ [SEP] thousand
4022,de,-0.482658608,Form [SEP] Zeichne die Form eines Dreiecks auf das Stück Papier. [SEP] s____ [SEP] shape
4023,de,1.98497926,Gemüse [SEP] Du solltest mehr Obst und Gemüse essen. [SEP] v________ [SEP] vegetable
4024,de,-0.468711276,"Sprichwort [SEP] Ein altes Sprichwort besagt, dass Geld allein auch nicht glücklich macht. [SEP] s_____ [SEP] saying"
4025,de,-0.646483862,köstlich [SEP] In der Küche riecht es köstlich. Hast du einen Kuchen gebacken? [SEP] d__________ [SEP] deliciously
4026,de,-0.381454508,"Ausdruck [SEP] Das ist ein sehr wissenschaftlicher Ausdruck, vielleicht findest du ein einfacheres Wort. [SEP] t___ [SEP] term"
4027,de,1.625518542,Integration [SEP] Es gibt verschiedene Ansätze zur erfolgreichen Integration der Flüchtlinge. [SEP] i__________ [SEP] integration
4028,de,-2.474552723,faszinierend [SEP] Zeitreisen sind ein faszinierendes Thema für einen neuen Film. [SEP] i_________ [SEP] intriguing
4029,de,0.793616414,nachahmen [SEP] Restaurants in der ganzen Welt ahmen deutsches Bier nach. [SEP] i______ [SEP] imitate
4030,de,0.037951665,"verschwinden [SEP] Sie verschwinden so lautlos, wie sie erschienen sind. [SEP] v_____ [SEP] vanish"
4031,de,-0.738209596,"Mitspracherecht [SEP] Es tut mir leid, aber bei dieser Sache habe ich kein Mitspracherecht. [SEP] s__ [SEP] say"
4032,de,1.664945341,Olive [SEP] Ich esse gerne Oliven. [SEP] o____ [SEP] olive
4033,de,-0.425274743,Bindung [SEP] Die Bindung zwischen Muter und Kind ist einzigartig. [SEP] b___ [SEP] bond
4034,de,2.658430284,Effekt [SEP] Seine Bemerkungen hatten den gegenteiligen Effekt. [SEP] e_____ [SEP] effect
4035,de,1.603979872,platzieren [SEP] Eine Bombe wurde unter dem Sitz platziert. [SEP] p____ [SEP] place
4036,de,0.204460473,Ferien [SEP] Die Weihnachtsferien sind dieses Jahr etwas länger als sonst. [SEP] v_______ [SEP] vacation
4037,de,1.791559997,Fingerabdruck [SEP] Bei der Einreise nach Amerika wird dein Fingerabdruck überprüft. [SEP] f__________ [SEP] fingerprint
4038,de,-2.531492022,Kampf [SEP] Das ist ein aussichtsloser Kampf. [SEP] c_____ [SEP] combat
4039,de,-2.968136034,jdn/etw [SEP] Seine Einwände wurden mit einer Handbewegung abgetan. [SEP] d______ [SEP] dismiss
4040,de,-3.81342013,Art [SEP] Ihr Lächeln reflektiert ihre fröhliche Art. [SEP] d__________ [SEP] disposition
4041,de,0.824888705,Wert [SEP] Die Diebe erbeuteten Juwelen im Wert von mehreren tausend Dollar. [SEP] w____ [SEP] worth
4042,de,0.090103555,Überprüfung [SEP] Eine Überprüfung der Rechtschreibfehler sollte jeder Kandidat nach Fertigstellung seines Textes durchführen. [SEP] c____ [SEP] check
4043,de,-0.213886294,herzzerreißend [SEP] Die Neuigkeiten sind herzzerreißend! [SEP] h____________ [SEP] heartbreaking
4044,de,-0.362508788,Soziologie [SEP] Die Soziologie ist ähnlich wie Politik oder Wirtschaft eine Teildisziplin der Sozialwissenschaften. [SEP] s________ [SEP] sociology
4045,de,-1.961162185,unvereinbar [SEP] Sport und der Konsum von zu viel Alkohol sind unvereinbar. [SEP] i___________ [SEP] incompatible
4046,de,-0.860168246,vorhersagen [SEP] Der Wetterbericht sagt besonders schlechtes Wetter für das Wochenende voraus. [SEP] p______ [SEP] predict
4047,de,-2.332846368,Leistung [SEP] Das ist eine beachtliche Leistung. [SEP] a_____________ [SEP] accomplishment
4048,de,0.720493685,gescheitert [SEP] Seine Ehe ist gescheitert. [SEP] f_____ [SEP] failed
4049,de,0.914166361,Feder [SEP] Der Schwan hat eine weiße Feder verloren. [SEP] f______ [SEP] feather
4050,de,0.42869902,gespendet [SEP] Gespendetes Blut kann Leben retten. [SEP] d______ [SEP] donated
4051,de,0.729011034,bisexuell [SEP] Sie hat bisexuelle Erfahrungen in ihrer Jugend gemacht. [SEP] b_______ [SEP] bisexual
4052,de,2.480717294,schneiden [SEP] Schneide das Brot in Würfel. [SEP] c__ [SEP] cut
4053,de,1.471056598,Prüfung [SEP] Wir haben nächste Woche eine Englischprüfung. [SEP] e___ [SEP] exam
4054,de,1.853344404,feiern [SEP] Wir feiern den Geburtstag meiner Schwester. [SEP] c________ [SEP] celebrate
4055,de,1.703698714,Feminist [SEP] Sie ist eine Feministin. [SEP] f_______ [SEP] feminist
4056,de,-0.268460521,verhindern [SEP] Regelmäßiges Zähneputzen verhindert das Entstehen von Karies. [SEP] p______ [SEP] prevent
4057,de,-1.219477156,"kräftigen [SEP] Diese Übung ist sehr gut dazu geeignet, die tiefen Bauchmuskeln zu kräftigen. [SEP] s_________ [SEP] strengthen"
4058,de,-0.206179753,Schwung [SEP] Mit einem Schwung ihrer Axt spaltete sie das Scheit. [SEP] s____ [SEP] swing
4059,de,-1.579512867,Verarbeitung [SEP] Die Datenverarbeitung benötigt bei dieser Anwendung oft sehr viel Arbeitsspeicher. [SEP] p_________ [SEP] processing
4060,de,1.477541653,Scannen [SEP] Scannen ist die digitale Erfassung von Büchern. [SEP] s_______ [SEP] scanning
4061,de,1.968325323,Grad [SEP] Draußen ist es ein paar Grad wärmer als drinnen. [SEP] d_____ [SEP] degree
4062,de,-0.592848679,Geiger [SEP] Sie war eine sehr berühmte Geigerin und gab Konzerte auf der ganzen Welt. [SEP] v________ [SEP] violinist
4063,de,0.491765462,Süßigkeiten [SEP] Kinder lieben Süßigkeiten. [SEP] c____ [SEP] candy
4064,de,-2.364696554,ununterbrochen [SEP] Die ununterbrochene Wasserzufuhr wird den Bewohnern garantiert. [SEP] c_________ [SEP] continuous
4065,de,-2.665691561,in [SEP] Er war in Gedanken versunken. [SEP] a_______ [SEP] absorbed
4066,de,1.711063916,"dimensional [SEP] Jeder Fertigungsschritt erfüllt strenge Anforderungen, von der Skizze zum Modell und schließlich die dreidimensionale Bearbeitung. [SEP] d__________ [SEP] dimensional"
4067,de,-0.019383302,Vorbereitung [SEP] Die Vorbereitung für diese Feier zog sich über mehrere Wochen. [SEP] p__________ [SEP] preparation
4068,de,2.161550049,Zahnarzt [SEP] Ich gehe zweimal im Jahr zum Zahnarzt. [SEP] d______ [SEP] dentist
4069,de,-0.910687981,Schulden [SEP] Das Geschäft hat hohe Schulden. [SEP] d___ [SEP] debt
4070,de,-0.655578011,"spüren [SEP] Sie spürte, dass etwas nicht stimmte. [SEP] s____ [SEP] sense"
4071,de,0.252813074,erschöpft [SEP] Die erschöpften Sportler gingen sofort zu Bett. [SEP] e________ [SEP] exhausted
4072,de,-1.157627277,Rolltreppe [SEP] Die Rolltreppe führt in den zweiten Stock. [SEP] e________ [SEP] escalator
4073,de,0.294703984,Vertrauen [SEP] Ich habe großes Vertrauen in dich. [SEP] f____ [SEP] faith
4074,de,-2.074855528,Musterexemplar [SEP] Alle späteren Modelle müssen exakt gleich aussehen und funktionieren wie das Musterexemplar. [SEP] p________ [SEP] prototype
4075,de,-2.203550886,verdunkeln [SEP] Die speziellen Fenster verdunkeln den Raum. [SEP] o______ [SEP] obscure
4076,de,1.309520036,"in [SEP] Sie ist paranoid und bildet sich ein, verfolgt zu werden. [SEP] p_______ [SEP] paranoid"
4077,de,-0.96018988,Einsparung [SEP] Durch eine Einsparung bei den Produktionskosten konnten einige Gehälter erhöht werden. [SEP] s_____ [SEP] saving
4078,de,1.800149153,schmerzlich [SEP] Das ist eine schmerzliche Erinnerung. [SEP] p______ [SEP] painful
4079,de,3.225237941,grün [SEP] Ich trinke jeden Morgen einen grünen Smoothie. [SEP] g____ [SEP] green
4080,de,-0.007024042,jdm [SEP] Er wird die Rolle als Zeitungsverkäufer im Film bekommen [SEP] c___ [SEP] cast
4081,de,-3.072747122,ahnungslos [SEP] Sie beobachtete ihre ahnungslosen Opfer über einen längeren Zeitraum. [SEP] u________ [SEP] unknowing
4082,de,-3.086204214,Schlag [SEP] Der Boxer verfehlte den Gegner mit seinem letzten Schlag. [SEP] b___ [SEP] blow
4083,de,1.499759466,Diplomat [SEP] Der Diplomat rückt sein Land in den Fokus der Gespräche. [SEP] d_______ [SEP] diplomat
4084,de,-1.685425536,verdorben [SEP] Das Fest wurde durch das furchtbare Wetter verdorben. [SEP] r_____ [SEP] ruined
4085,de,0.731447397,Quarterback [SEP] Der Quarterback beim American Football erfordert viel Geschick und eine besonders gute Wurftechnik. [SEP] q__________ [SEP] quarterback
4086,de,-0.697806636,"Platin [SEP] Manche Ehepaare bevorzugen Ringe aus Platin, weil diese härter sind als Ringe aus Gold oder Silber. [SEP] p_______ [SEP] platinum"
4087,de,-0.258790881,sichern [SEP] Wir sollten uns so bald wie möglich Tickets für dieses Konzert sichern. [SEP] s_____ [SEP] secure
4088,de,3.137514802,Mittagessen [SEP] Die ganze Familie trifft sich zum Mittagessen. [SEP] l____ [SEP] lunch
4089,de,-2.685162442,Grundregel [SEP] Die Grundregeln der Schwerkraft sind im gesamten Universum gleich. [SEP] p________ [SEP] principle
4090,de,2.659846848,lernen [SEP] Was habt ihr heute in der Schule gelernt? [SEP] l____ [SEP] learn
4091,de,0.352521373,Reichweite [SEP] Medikamente sollten immer außerhalb der Reichweite von Kindern gelagert werden. [SEP] r____ [SEP] reach
4092,de,0.608530026,Gen [SEP] Es werden nicht nur die guten Gene an die Kinder weitergegeben. [SEP] g___ [SEP] gene
4093,de,2.299357226,lustig [SEP] Das Fest war wirklich lustig. [SEP] f__ [SEP] fun
4094,de,1.576412045,hyperaktiv [SEP] Das hyperaktive Kind kann nicht still sitzen. [SEP] h__________ [SEP] hyperactive
4095,de,-0.208922502,sich [SEP] Sie bewerben sich online. [SEP] a____ [SEP] apply
4096,de,2.396270505,explosiv [SEP] Die Flüssigkeit ist höchst explosiv. [SEP] e________ [SEP] explosive
4097,de,-1.610159464,pleite [SEP] Ich kann mir die Hose nicht leisten. Ich bin pleite. [SEP] b____ [SEP] broke
4098,de,-4.500877119,labil [SEP] Seit dem Unfall war sie psychisch etwas labil. [SEP] u_________ [SEP] unbalanced
4099,de,2.182359778,Hammer [SEP] Er schlug den Nagel mit einem Hammer in die Wand. [SEP] h_____ [SEP] hammer
4100,de,2.184236598,Glas [SEP] Die Autoscheiben bestehen aus Glas. [SEP] g____ [SEP] glass
4101,de,-1.883877601,"wahrgenommen [SEP] Was als Schüchternheit wahrgenommen wird, ist des Öfteren schlicht ein Ausdruck der Höflichkeit. [SEP] p________ [SEP] perceived"
4102,de,2.033379154,Denken [SEP] Rationales Denken ist eine Voraussetzung für diesen Studiengang. [SEP] t_______ [SEP] thinking
4103,de,0.755529894,Rennen [SEP] Das war heute ein wirklich großartiges Rennen zwischen dem Neuankömmling und dem Titelverteidiger. [SEP] r___ [SEP] race
4104,de,-2.947719882,Anteil [SEP] Der Anteil an männlichen Studenten nimmt derzeit jährlich ab. [SEP] p_________ [SEP] proportion
4105,de,-1.05401934,"Anzahlung [SEP] Ich habe eine Anzahlung in der Höhe von 50 Euro geleistet. Den Rest bezahle ich, wenn ich die Waschmaschine abhole. [SEP] d______ [SEP] deposit"
4106,de,1.984792507,Spazierengehen [SEP] Im Preis inbegriffen sind gemeinsame Aktivitäten wie Spazierengehen. [SEP] w______ [SEP] walking
4107,de,0.583173819,Skateboard [SEP] Einige Sportler können mit dem Skateboardfahren wirklich gutes Geld verdienen. [SEP] s_________ [SEP] skateboard
4108,de,-1.402183655,Dirigent [SEP] Ein erfahrener Dirigent leitet das Orchester. [SEP] c________ [SEP] conductor
4109,de,-1.969112322,"Betreuer [SEP] Ich treffe mich einmal im Monat mit meiner Betreuerin, um die Fortschritte der Bachelorarbeit zu besprechen. [SEP] s_________ [SEP] supervisor"
4110,de,-0.118163987,beobachten [SEP] Die Krankenschwester überwacht die Atmung des Patienten. [SEP] m______ [SEP] monitor
4111,de,0.907187461,"Vorstellung [SEP] Sie haben keine klare Vorstellung, wie das Haus finanziert oder geplant werden soll. [SEP] p___ [SEP] plan"
4112,de,0.720505714,Soße [SEP] Mit etwas Mehl kann man abschließend die Soße binden und die gewünschte Konsistenz erreichen. [SEP] s____ [SEP] sauce
4113,de,-1.938540521,"andernfalls [SEP] Bei gutem Wetter können wir grillen, aber andernfalls könnten wir auch ins Kino gehen. [SEP] a____________ [SEP] alternatively"
4114,de,-0.328734527,Kohle [SEP] Die Heizung braucht mehr Kohle. [SEP] c___ [SEP] coal
4115,de,2.000698648,Labor [SEP] Sie arbeitet in einem Labor. [SEP] l__ [SEP] lab
4116,de,-3.327946682,ziehen [SEP] Ich schleppte den schweren Koffer die Stiegen hinauf. [SEP] h___ [SEP] haul
4117,de,-1.555011506,Erinnerung [SEP] Die Statue bleibt eine ständige Erinnerung an die schwierige Zeit während des Krieges. [SEP] r_______ [SEP] reminder
4118,de,2.216514908,Kickboxen [SEP] Ich gehen jeden Freitag Kickboxen. [SEP] k_________ [SEP] kickboxing
4119,de,-2.248001872,Schwelle [SEP] Diese Vorgänge liegen unterhalb der Schwelle der menschlichen Wahrnehmung. [SEP] t________ [SEP] threshold
4120,de,0.141238058,"Anschrift [SEP] Ich notiere mir Ihre Anschrift, damit ich Ihnen die Rechnung senden kann. [SEP] a______ [SEP] address"
4121,de,3.017196819,Regen [SEP] In manchen Monaten gibt es besonders viel Regen um diese Jahreszeit. [SEP] r___ [SEP] rain
4122,de,-3.152877294,Fähigkeit [SEP] Das Hörvermögen ist eine wichtige menschliche Fähigkeit. [SEP] f______ [SEP] faculty
4123,de,0.819166041,mit [SEP] Ich reise mit dem Rucksack durch Europa. [SEP] b_______ [SEP] backpack
4124,de,2.518208271,Streaming [SEP] Wir nutzen mittlerweile das Internet und schauen unsere liebsten Sendungen via Streaming. [SEP] s________ [SEP] streaming
4125,de,1.13182038,"Spoiler [SEP] Wer diese Folge noch nicht gesehen hat, sollte diesen Blog nicht lesen, weil er voll von Spoilern ist. [SEP] s______ [SEP] spoiler"
4126,de,1.203326388,versagen [SEP] Ich habe versagt. [SEP] f___ [SEP] fail
4127,de,-3.244762581,Literatur [SEP] Als Gast des heutigen Interviews dürfen wir einen anerkannten Literaturkritiker begrüßen. [SEP] l_______ [SEP] literary
4128,de,1.397030171,Kunststoff [SEP] Flaschen aus Kunststoff sollten zum Schutz der Umwelt wiederverwendet werden. [SEP] p______ [SEP] plastic
4129,de,1.927991616,"Geschlechtsverkehr [SEP] In der letzten Stunde wurde uns erklärt, wie man verantwortungsvoll mit dem Thema Geschlechtsverkehr umgeht. [SEP] s__ [SEP] sex"
4130,de,2.000779053,"Konflikt [SEP] Ich versuche immer, unnötigen Konflikten aus dem Weg zu gehen. [SEP] c_______ [SEP] conflict"
4131,de,-1.806449727,treiben [SEP] Das Schlauchboot trieb auf dem Wasser. [SEP] d____ [SEP] drift
4132,de,-2.383673373,angehend [SEP] Nächste Woche treffe ich unsere angehenden Partner für dieses Projekt. [SEP] p__________ [SEP] prospective
4133,de,-1.723004599,verärgert [SEP] Wir telefonierten und sie hörte sich sehr verärgert an. [SEP] a______ [SEP] annoyed
4134,de,2.262087567,"warnen [SEP] Sie versuchte, mich zu warnen, aber ich hörte nicht hin. [SEP] w___ [SEP] warn"
4135,de,0.402723967,bakteriell [SEP] Ich verwende eine antibakterielle Zahncreme. [SEP] b________ [SEP] bacterial
4136,de,-1.529074654,stimmlich [SEP] Er zeigte während seiner Konzerte eine beeindruckende Stimmtechnik. [SEP] v____ [SEP] vocal
4137,de,2.041204915,Führer [SEP] Die Führerin der politischen Partei wird von allen Mitgliedern geschätzt. [SEP] l_____ [SEP] leader
4138,de,-2.301197848,hämmern [SEP] Ihre Fäuste hämmerten beständig gegen das große Tor. [SEP] p____ [SEP] pound
4139,de,-1.60844821,Überfahrt [SEP] Die Überfahrt ist bei diesem Angebot inklusive. [SEP] t______ [SEP] transit
4140,de,1.417846839,Gitarre [SEP] Ich spiele seit drei Jahren Gitarre. [SEP] g_____ [SEP] guitar
4141,de,-1.816996708,häufig [SEP] Meter ist eine in der Mathematik häufig verwendete Einheit. [SEP] c_______ [SEP] commonly
4142,de,-1.637427996,"rührselig [SEP] Der Film war nicht sehr realistisch, sondern eher rührselig. [SEP] s__________ [SEP] sentimental"
4143,de,-0.44354209,Anmeldung [SEP] Sie können diese Webseite nur mit vorhergehender Anmeldung benutzen. [SEP] r___________ [SEP] registration
4144,de,0.224998152,Ankündigung [SEP] Der Premierminister wird morgen eine Ankündigung machen. [SEP] a___________ [SEP] announcement
4145,de,-2.199250985,Razzia [SEP] Nach langer Planung wurden die Drogendealer bei einer Razzia festgenommen. [SEP] r___ [SEP] raid
4146,de,-1.62953133,"Überschrift [SEP] Eine Überschrift soll kurz sein und den Leser anregen, weiterzulesen. [SEP] h______ [SEP] heading"
4147,de,0.497258446,vegetarisch [SEP] Er sammelt vegetarische Kochbücher. [SEP] v_________ [SEP] vegetarian
4148,de,2.614437847,wählen [SEP] Ich stimme für diese Kandidatin. [SEP] v___ [SEP] vote
4149,de,1.348999871,"Werbespot [SEP] Nachdem ich das Parfüm in einem Werbespot gesehen hatte, kaufte ich es im Geschäft. [SEP] a_ [SEP] ad"
4150,de,-4.114508749,Pfanne [SEP] Braten Sie das Steak beidseitig in einer gusseisernen Pfanne an. [SEP] s______ [SEP] skillet
4151,de,-1.505185388,sich [SEP] Das Meersalz löst sich im Badewasser auf. [SEP] d_______ [SEP] dissolve
4152,de,-1.650530827,offenlegen [SEP] Sie wollte keine Details dieser E-Mail offenlegen. [SEP] r_____ [SEP] reveal
4153,de,-0.03966457,jdm [SEP] Du schuldest mir noch zehn Euro. [SEP] o__ [SEP] owe
4154,de,1.146309871,"dich [SEP] Gib acht, dass du dich nicht verletzt! [SEP] y_______ [SEP] yourself"
4155,de,0.839587954,"Wiedergabeliste [SEP] Wir müssen für die Hochzeitsfeier noch eine eigene Wiedergabeliste zusammenstellen, die wir dann nach dem Essen abspielen können. [SEP] p_______ [SEP] playlist"
4156,de,-0.352274093,Insekt [SEP] In Asien essen viele Menschen Insekten. [SEP] b__ [SEP] bug
4157,de,0.56103922,faszinieren [SEP] Dieser Sport hat mich immer schon fasziniert. [SEP] f________ [SEP] fascinate
4158,de,-1.501175887,"wahrscheinlich [SEP] Der wahrscheinlichste Grund für sein Nichterscheinen ist, dass er verschlafen hat. [SEP] l_____ [SEP] likely"
4159,de,-1.295702604,aufziehen [SEP] Sie ziehen ihn immer wegen seines Namens auf. [SEP] t____ [SEP] tease
4160,de,-1.832799075,Empfindlichkeit [SEP] Er hat sich gerade von einer Grippe erholt und hat eine erhöhte Empfindlichkeit gegenüber Kälte und Zugluft. [SEP] s__________ [SEP] sensitivity
4161,de,2.550142174,Klassenzimmer [SEP] Alle Schüler haben sich im Klassenzimmer eingefunden. [SEP] c________ [SEP] classroom
4162,de,0.064958001,verurteilen [SEP] Kurz vor der schriftlichen Prüfung verdammte sie ihre Fauhlheit und Bequemlichkeit. [SEP] d___ [SEP] damn
4163,de,-2.290228215,"Mitte [SEP] Ich fühle mich geehrt, den heutigen Abend in eurer Mitte verbringen zu dürfen. [SEP] m____ [SEP] midst"
4164,de,-3.539194376,"unkontrolliert [SEP] Wenn der Trend unkontrolliert weitergeht, dann wird Fettleibigkeit zu einem großen Problem für die Gesellschaft werden. [SEP] u________ [SEP] unchecked"
4165,de,1.702267602,Geschenk [SEP] Sie hat viele tolle Geschenke zum Geburtstag erhalten. [SEP] g___ [SEP] gift
4166,de,-1.246582014,"Ablenkung [SEP] Die Arbeit ist wichtig, deshalb darf es keine Ablenkung geben. [SEP] d__________ [SEP] distraction"
4167,de,0.522383141,Falle [SEP] Das Wiesel war mit der Pfote in eine Falle geraten. [SEP] t___ [SEP] trap
4168,de,0.154135345,Klippe [SEP] Die Aussicht auf die Klippen ist unglaublich beruhigend. [SEP] c____ [SEP] cliff
4169,de,1.406193421,offiziell [SEP] Der Kindergarten öffnet erst nächsten Monat offiziell. [SEP] o_________ [SEP] officially
4170,de,-2.398795097,Werbung [SEP] Mit viel Werbung wird auf die Gefahren des Rauchens aufmerksam gemacht. [SEP] p________ [SEP] publicity
4171,de,2.160165747,Knie [SEP] Ich habe mir beim Fußballspielen das Knie verletzt. [SEP] k___ [SEP] knee
4172,de,-0.713020297,"Gehsteig [SEP] Der Gehsteig kann derzeit nicht benutzt werden, weil zu viel Schnee liegt. [SEP] s_______ [SEP] sidewalk"
4173,de,0.05366899,Kunde [SEP] Die Kundin spricht mit dem Mann an der Kasse. [SEP] c_______ [SEP] customer
4174,de,-1.173108206,doppelt [SEP] Meine Kinder haben eine doppelte Staatsbürgerschaft. [SEP] d___ [SEP] dual
4175,de,-1.520829105,Leid [SEP] Dieser Krieg hat furchtbares Leid verursacht. [SEP] s________ [SEP] suffering
4176,de,-1.906333374,entsetzlich [SEP] Das war eine entsetzliche Erfahrung. [SEP] t_________ [SEP] terrifying
4177,de,0.296688783,Unterhose [SEP] Er hat blaue Unterhosen an. [SEP] p____ [SEP] pants
4178,de,-1.379939975,Kaufmann [SEP] Der Kaufmann handelt mit edlen Stoffen. [SEP] m_______ [SEP] merchant
4179,de,0.573105348,Erbse [SEP] Ich mag keine Erbsen. [SEP] p__ [SEP] pea
4180,de,2.622115502,Networking [SEP] Networking ist bei einer Abendveranstaltung wichtig. [SEP] n_________ [SEP] networking
4181,de,-0.18024278,Thema [SEP] Ein wiederkehrendes Thema in seinen Bildern ist die Einsamkeit. (NICHT topic) [SEP] t____ [SEP] theme
4182,de,3.037382221,Lernen [SEP] Das Lernen hat heute Spaß gemacht. [SEP] l_______ [SEP] learning
4183,de,-1.299145715,Beleuchtung [SEP] Die Beleuchtung der Anlage ist kaputt. [SEP] i___________ [SEP] illumination
4184,de,2.185135673,Basketball [SEP] Ich spiele seit zwei Jahren Basketball. [SEP] b_________ [SEP] basketball
4185,de,0.782025854,kooperativ [SEP] Der Schüler ist sehr kooperativ und hilft gerne schwächeren Mitschülern. [SEP] c__________ [SEP] cooperative
4186,de,3.306149465,Mischung [SEP] Bier und Wein sollten nicht miteinander vermischt werden. Das kann eine Kopfschmerz-Mischung sein. [SEP] m__ [SEP] mix
4187,de,1.431320718,Institut [SEP] Der Professor arbeitet am Institut für Biowissenschaft. [SEP] i________ [SEP] institute
4188,de,-0.242913967,Behälter [SEP] Die Haferflocken sind in dem blauen Behälter da drüben! [SEP] c________ [SEP] container
4189,de,-1.550379912,streicheln [SEP] Ein Blindenhund ist ein Arbeitstier und man sollte ihn nicht zu viel streicheln. [SEP] s_____ [SEP] stroke
4190,de,-2.643423414,korrumpierend [SEP] Macht kann sogar auf den ehrlichsten Menschen einen korrumpierenden Einfluss haben. [SEP] c_________ [SEP] corrupting
4191,de,2.351499709,reich [SEP] Die beiden kommen aus einer sehr reichen Familie. [SEP] r___ [SEP] rich
4192,de,-2.823009452,"Abmachung [SEP] Dass ich auch deinen Computer bedienen darf, war Teil der Abmachung. [SEP] a__________ [SEP] arrangement"
4193,de,-1.999674436,Bewegungslosigkeit [SEP] Vorübergehende Bewegungslosigkeit ist ein Zeichen von totaler Überraschung. [SEP] i_________ [SEP] immobility
4194,de,-1.736789966,Rückzugsort [SEP] Ihr gemeinsames Haus in den Bergen ist der ideale Rückzugsort für die beiden. [SEP] r______ [SEP] retreat
4195,de,-1.533501622,"bewältigen [SEP] Er war in der Lage, die Aufgabe meisterhaft zu bewältigen. [SEP] a_________ [SEP] accomplish"
4196,de,-1.918090659,im [SEP] Er ist im Kreise seiner Familie. [SEP] s_________ [SEP] surrounded
4197,de,0.207267462,Arbeitgeber [SEP] Der Arbeitgeber ist mit der Arbeit seiner Mitarbeiterin sehr zufrieden. [SEP] e_______ [SEP] employer
4198,de,2.208729273,anzünden [SEP] Susanne zündet sich eine Zigarette an. [SEP] l____ [SEP] light
4199,de,2.670230437,Arm [SEP] Sie schlang ihre Arme um seinen Hals. [SEP] a__ [SEP] arm
4200,de,2.457127307,"Fitness [SEP] Sie hat sich vorgenommen, ihre körperliche Fitness zu verbessern. [SEP] f______ [SEP] fitness"
4201,de,0.615454216,Schwitzen [SEP] Das Schwitzen an heißen Tagen kann sehr unangenehm sein. [SEP] s_______ [SEP] sweating
4202,de,2.692371057,Schwein [SEP] Der Bauer hat fünf Schweine. [SEP] p__ [SEP] pig
4203,de,1.183614631,vor [SEP] Das Blumengeschäft ist direkt vor der Post. [SEP] f____ [SEP] front
4204,de,1.202019303,mainstreamig [SEP] Unser Restaurant ist unabhängig statt mainstreamig und vor allem raffiniert statt einfältig. [SEP] m_________ [SEP] mainstream
4205,de,-2.138027886,völlig [SEP] Er war völlig unvernünftig. [SEP] u______ [SEP] utterly
4206,de,1.669614448,Stimme [SEP] Ich konnte seine Stimme undeutlich im Nebenraum hören. [SEP] v____ [SEP] voice
4207,de,-3.779829558,Darlegung [SEP] Die Polizisten unterbrachen den Zeugen öfters bei der Darlegung des Sachverhalts. [SEP] e_________ [SEP] exposition
4208,de,0.132583895,Größe [SEP] Der Lehrer zu seinen Schülern: Stellt euch der Größe nach auf! [SEP] h_____ [SEP] height
4209,de,-2.826125289,verrühren [SEP] Verrühren Sie die Eier mit einem Schneebesen und leeren Sie die Masse in eine heiße Pfanne. [SEP] s_______ [SEP] scramble
4210,de,-0.966879239,Fachkraft [SEP] Wir sind auf der Suche nach einer Fachkraft für Webdesign. [SEP] s_________ [SEP] specialist
4211,de,-1.647305732,Fähigkeit [SEP] Sie kann den Wettkampf gewinnen. Sie hat definitiv die Fähigkeit dazu. [SEP] c_________ [SEP] capability
4212,de,2.87248755,Königin [SEP] Die Königin ist eine wichtige Figur beim Schach. [SEP] q____ [SEP] queen
4213,de,-0.843945337,Bild [SEP] Dort hängt ein Bild von Egon Schiele. [SEP] p_______ [SEP] painting
4214,de,0.972504178,gewählt [SEP] Er wurde zum Bürgermeister gewählt. [SEP] e______ [SEP] elected
4215,de,0.790419542,Zeuge [SEP] Sie trat als Zeugin der Anklage auf. [SEP] w______ [SEP] witness
4216,de,3.629815566,"siegen [SEP] Wer, glaubst du, wird siegen? [SEP] w__ [SEP] win"
4217,de,0.199895858,hinunter [SEP] Ich lief so schnell es ging die Treppen hinunter. [SEP] d_________ [SEP] downstairs
4218,de,-3.951412721,völlig [SEP] Jetzt bin ich endgültig völlig verwirrt. [SEP] t_________ [SEP] thoroughly
4219,de,-0.668060399,anderen [SEP] Auf der anderen Seite des Flussufers steht eine Ente. [SEP] f__ [SEP] far
4220,de,-1.201303119,"einige [SEP] Wir haben den ganzen Tag gearbeitet, aber es gibt noch einiges zu tun. [SEP] p_____ [SEP] plenty"
4221,de,-2.089997161,teilen [SEP] Nach der ersten Hälfte des Workshops möchten die Leiter die Gruppe teilen. [SEP] s____ [SEP] split
4222,de,3.112890718,Agent [SEP] Mein Agent hat mir eine Rolle in dem neuen Film besorgen können. [SEP] a____ [SEP] agent
4223,de,3.248514558,Modem [SEP] Die Internetverbindung wird mit dem Modem hergestellt. [SEP] m____ [SEP] modem
4224,de,3.506165635,Rose [SEP] Rosen sind seine Leidenschaft und er züchtet sie in seinem Garten. [SEP] r___ [SEP] rose
4225,de,-0.528759427,abwischen [SEP] Kannst du bitte noch den Tisch abwischen? [SEP] w___ [SEP] wipe
4226,de,-0.399377706,"fluchen [SEP] Der Handwerker fluchte, als er sich an der Hand verletzte. [SEP] c____ [SEP] curse"
4227,de,0.036450473,Folter [SEP] Das Ziel der NGO ist die weltweite Abschaffung von Folter. [SEP] t______ [SEP] torture
4228,de,-0.774334174,"wissenschaftlich [SEP] Es ist wissenschaftlich erwiesen, dass die Erde rund ist. [SEP] s_____________ [SEP] scientifically"
4229,de,-1.843887946,kommunal [SEP] Nächsten Sonntag finden Kommunalwahlen statt. [SEP] m________ [SEP] municipal
4230,de,-2.908955338,Zusammenhalt [SEP] Die Dorfbewohner wollen als Zeichen des Zusammenhalts die Flüchtlingsunterbringung verschönern und einen Spielplatz errichten. [SEP] s_________ [SEP] solidarity
4231,de,0.608039564,Aufsatz [SEP] Als Hausaufgabe müssen wir einen Aufsatz schreiben. [SEP] e____ [SEP] essay
4232,de,-1.802432045,Arbeitsraum [SEP] Etwa 17 Mitarbeiter teilten sich den Arbeitsraum. [SEP] w________ [SEP] workspace
4233,de,0.437004894,veröffentlichen [SEP] Er veröffentlicht dieses Jahr seinen ersten Roman. [SEP] p______ [SEP] publish
4234,de,-2.011548124,positives [SEP] Ich glaube wirklich an die Kraft von positivem Denken. [SEP] p_________ [SEP] positivity
4235,de,-2.693943325,Übergangs [SEP] In der Zwischenzeit wurde eine Übergangsregierung gebildet. [SEP] t___________ [SEP] transitional
4236,de,0.02844394,Verlag [SEP] Nach langem Suchen habe ich nun endlich einen Verlag für mein Buch gefunden. [SEP] p________ [SEP] publisher
4237,de,-0.357351092,Karriere [SEP] Ich habe mich bewusst für diese Karriere entschieden und deshalb arbeite ich hart dafür. [SEP] c_____ [SEP] career
4238,de,1.966963819,Verlierer [SEP] Der Verlierer zahlt die nächste Runde Bier. [SEP] l____ [SEP] loser
4239,de,2.64709097,Familie [SEP] Nebenan wohnt eine Familie mit Zwillingen. [SEP] f_____ [SEP] family
4240,de,1.361173607,"evakuieren [SEP] Wenn der Alarm losgeht, muss das Firmengebäude evakuiert werden. [SEP] e_______ [SEP] evacuate"
4241,de,-0.489469298,Strecke [SEP] Aufgrund einer Baustelle musste ich meine Strecke ändern und kam etwas zu spät. [SEP] r____ [SEP] route
4242,de,2.346542069,"Adverb [SEP] Ein Adverb ist ein Wort, das ein Verb, Substantiv, Adjektiv oder ein anderes Umstandswort seinem Umstand nach näher bestimmt (z. B. abends, bald, dort) [SEP] a_____ [SEP] adverb"
4243,de,1.216516212,Geschirrspülmaschine [SEP] Die Geschirrspülmaschine wäscht die Teller. [SEP] d_________ [SEP] dishwasher
4244,de,2.437641813,sonnig [SEP] Der heutige Tag wird sonnig und warm. [SEP] s____ [SEP] sunny
4245,de,1.542008003,Krankheit [SEP] Die Schülerin war wegen Krankheit drei Tage nicht in der Schule. [SEP] i______ [SEP] illness
4246,de,1.361418008,"charismatisch [SEP] Er war ein charismatischer Führer, der viele Anhänger hatte. [SEP] c__________ [SEP] charismatic"
4247,de,-2.800612699,schwierig [SEP] Das ist wirklich eine schwierige Angelegenheit. [SEP] p__________ [SEP] problematic
4248,de,2.591745413,vormittags [SEP] Der Kurs beginnt um 11 Uhr vormittags. [SEP] a_ [SEP] am
4249,de,-2.536921865,vergleichend [SEP] Wir wollten in einem vergleichenden Hotel übernachten. [SEP] c__________ [SEP] comparative
4250,de,-0.646242323,wohnen [SEP] Meine Eltern wohnen in einer geräumigen Villa am Stadtrand. [SEP] r_____ [SEP] reside
4251,de,-0.622323802,Thermometer [SEP] Ein Thermometer misst die Temperatur. [SEP] t__________ [SEP] thermometer
4252,de,-0.490851003,bleiben [SEP] Der Rest des Geldes bleibt bis auf Weiteres auf dem Konto. [SEP] r_____ [SEP] remain
4253,de,-0.698309268,Kumpel [SEP] Ich gehe mit meinen Kumpels ein Bier trinken. [SEP] b____ [SEP] buddy
4254,de,-1.688996613,Sichtweite [SEP] Die Sichtweite war durch den dichten Nebel stark eingeschränkt. [SEP] v_________ [SEP] visibility
4255,de,-0.353036311,Ökologe [SEP] Die Ökologin arbeitet an einem neuen Projekt. [SEP] e________ [SEP] ecologist
4256,de,0.603698129,zahlend [SEP] Er ist ein zahlender Gast dieses Hotels. [SEP] p_____ [SEP] paying
4257,de,-1.417667107,akustisch [SEP] Das akustische Signal war deutlich zu hören. [SEP] a_______ [SEP] acoustic
4258,de,0.101290198,"Papierkram [SEP] Ich muss noch zwei Stunden im Büro bleiben, weil ich den Papierkram noch fertig machen muss. [SEP] p________ [SEP] paperwork"
4259,de,1.20340878,sich [SEP] Kleinkinder entwickeln sich unterschiedlich schnell. [SEP] d______ [SEP] develop
4260,de,-2.167025784,umwelt [SEP] Die Familie lebt sehr umweltbewusst. [SEP] e______________ [SEP] environmentally
4261,de,-3.899418404,verantwortungsvoll [SEP] Verhalte dich verantwortungsvoll und sei ein gutes Vorbild für deine Mitschüler. [SEP] r__________ [SEP] responsibly
4262,de,0.67789425,Einzel [SEP] Ich bin ein Einzelkind. [SEP] o___ [SEP] only
4263,de,-1.360232217,Annahme [SEP] Deine Begründung beruht auf einer völlig falschen Annahme. [SEP] a_________ [SEP] assumption
4264,de,-1.551859416,regieren [SEP] Als Königin regiert sie schon seit vielen Jahrzehnten das Land. [SEP] r___ [SEP] rule
4265,de,-0.953567279,muskulös [SEP] Christian ist durchtrainiert und muskulös. [SEP] m_______ [SEP] muscular
4266,de,0.144192528,jdn/etw [SEP] Was hat deine Entscheidung letztendlich beeinflusst? [SEP] i________ [SEP] influence
4267,de,0.422128333,trotz [SEP] Trotz meiner Angst vor mündlichen Wiederholungen trete ich zur Prüfung an. [SEP] d______ [SEP] despite
4268,de,1.427375043,Allianz [SEP] Die Staaten bilden eine Allianz zur Terrorismusbekämpfung. [SEP] a_______ [SEP] alliance
4269,de,-1.786561412,Perle [SEP] Ich trage am liebsten meine Kette aus Holzperlen. [SEP] b___ [SEP] bead
4270,de,-0.59018651,"Sänger [SEP] Die Sängerin hatte eine raue Stimme, die gut zum Stil der Band passte. [SEP] v_______ [SEP] vocalist"
4271,de,-0.660112761,begleiten [SEP] Die Eltern begleiten ihre Kinder zum Kindergarten. [SEP] a________ [SEP] accompany
4272,de,1.432808729,stolz [SEP] Der stolze Vater gab später ebenfalls ein Presseinterview. [SEP] p____ [SEP] proud
4273,de,-1.186379287,Behauptung [SEP] Die Behauptung war eindeutig falsch. [SEP] c____ [SEP] claim
4274,de,-0.174600549,biologisch [SEP] Wir kaufen nur biologisch angebautes Gemüse. [SEP] b___________ [SEP] biologically
4275,de,0.762090384,Neutron [SEP] Das Neutron ist ein Teilchen ohne elektrische Ladung. [SEP] n______ [SEP] neutron
4276,de,2.453619181,Liebe [SEP] Unsere Liebe hält ewig. [SEP] l___ [SEP] love
4277,de,2.724628458,Essen [SEP] Das Essen ist fertig! [SEP] f___ [SEP] food
4278,de,2.173137064,spät [SEP] Der Bus kommt zu spät. [SEP] l___ [SEP] late
4279,de,-2.11525368,Konsistenz [SEP] Die Eltern zeigen keine Konsistenz in ihren Erziehungsmaßnahmen. [SEP] c__________ [SEP] consistency
4280,de,-1.846861052,Abhör [SEP] Im Zimmer des Präsidenten wurde ein Abhörgerät gefunden. [SEP] l________ [SEP] listening
4281,de,-0.839406514,Diagnostik [SEP] Der Patient liest eine Broschüre zur Diagnostik und Therapie von Krebs. [SEP] d__________ [SEP] diagnostics
4282,de,2.134416108,"fühlen [SEP] Seitdem ich mehr Sport mache, fühle ich mich großartig. [SEP] f___ [SEP] feel"
4283,de,-1.186323464,aufweichen [SEP] Mit dem Badewasser kannst du Nägel aufweichen und dann kann man sie leichter mit der Nagelschere kürzen. [SEP] s_____ [SEP] soften
4284,de,-1.228722341,getrennt [SEP] Meine Schwester und ich hatten immer getrennte Zimmer. [SEP] s_______ [SEP] separate
4285,de,2.557560469,Hochzeit [SEP] Sie ist zu seiner Hochzeit nicht eingeladen. [SEP] w______ [SEP] wedding
4286,de,2.004619224,Sprecher [SEP] Die Sprecherin wurde nur selten unterbrochen. [SEP] s______ [SEP] speaker
4287,de,0.55618183,Fotografie [SEP] An der Wand hängt eine Fotografie von einem wunderschönen Sonnenuntergang. [SEP] p_________ [SEP] photograph
4288,de,-1.707536663,Tastenfeld [SEP] Man muss den Zugangscode in diesem Tastenfeld eingeben. [SEP] k_____ [SEP] keypad
4289,de,-2.327603988,Eisenbahnlinie [SEP] Eine Eisenbahnlinie verbindet seit über hundert Jahren die beiden Orte. [SEP] r_______ [SEP] railroad
4290,de,1.690609042,unbehaart [SEP] Der junge Mann hat eine unbehaarte Brust. [SEP] h_______ [SEP] hairless
4291,de,-3.33873686,Mist [SEP] Manche Menschen verwenden Mist für ihren Garten als natürlichen Dünger. [SEP] d_______ [SEP] dropping
4292,de,-0.391502614,"Dehnung [SEP] Bei dieser Dehnung muss man vorsichtig sein, um den Muskel nicht zu verletzen. [SEP] s______ [SEP] stretch"
4293,de,1.977566236,Jaguar [SEP] Jaguare können sehr schnell laufen. [SEP] j_____ [SEP] jaguar
4294,de,-0.19731439,Elektronik [SEP] Die Schule hat sich auf Elektronik und Maschinenbau spezialisiert. [SEP] e__________ [SEP] electronics
4295,de,-2.972901878,hilflos [SEP] Das hilflose Opfer liegt auf dem Boden. [SEP] p______ [SEP] passive
4296,de,0.666966355,frittiert [SEP] Ich mag keinen frittierten Fisch. [SEP] f____ [SEP] fried
4297,de,-1.335615182,Versammlung [SEP] Sie nahmen an der Versammlung teil. [SEP] a_______ [SEP] assembly
4298,de,1.308853565,Kellnerin [SEP] Die Kellnerin ließ sehr lange auf sich warten. [SEP] w_______ [SEP] waitress
4299,de,-1.34817012,bezaubernd [SEP] Das Buch beinhaltet einige bezaubernde Illustrationen. [SEP] c_______ [SEP] charming
4300,de,2.430982362,fertig [SEP] Beende die Geschichte. [SEP] f_____ [SEP] finish
4301,de,-1.52411417,"stolpern [SEP] Räum das bitte weg, sonst stolpern die Kinder darüber. [SEP] t___ [SEP] trip"
4302,de,-2.724288927,"ruhig [SEP] Als Chirurg braucht man wirklich eine ruhige Hand, um alle Handgriffe präzise ausführen zu können. [SEP] s_____ [SEP] steady"
4303,de,-1.441161525,Buchhändler [SEP] Lokale Buchhändler bieten oft kleine Leseecken in ihren Geschäften an. [SEP] b_________ [SEP] bookseller
4304,de,-1.213229732,unvollständig [SEP] Die Arbeit ist unvollständig ausgeführt. [SEP] i___________ [SEP] incompletely
4305,de,2.602723924,Video [SEP] Die Verwendung von Video im Klassenzimmer ist keine Seltenheit mehr. [SEP] v____ [SEP] video
4306,de,2.06304417,Zeitmesser [SEP] Stellen Sie den Zeitmesser auf 25 Minuten ein. [SEP] t____ [SEP] timer
4307,de,0.721120838,gesammelt [SEP] Die gesammelten Gedichte wurden in einer Jubiläumsausgabe verkauft. [SEP] c________ [SEP] collected
4308,de,-0.603713063,enttäuschend [SEP] Ds war heute ein enttäuschendes Spiel. [SEP] d____________ [SEP] disappointing
4309,de,-0.885216727,Beschwerde [SEP] Sie reichte eine offizielle Beschwerde ein. [SEP] c________ [SEP] complaint
4310,de,-0.788541574,richtig [SEP] Alles soll an seinem richtigen Platz sein. [SEP] p_____ [SEP] proper
4311,de,-1.096748874,rau [SEP] Das raue Klima dieser Gegend halten nicht viele Menschen aus. [SEP] h____ [SEP] harsh
4312,de,-0.587633044,"Kragen [SEP] Viele Jugendliche stellen den Kragen ihres Poloshirts auf, um lässiger zu wirken. [SEP] c_____ [SEP] collar"
4313,de,1.366171799,hängend [SEP] Die hängenden Petunien blühten in allen Farben. [SEP] h______ [SEP] hanging
4314,de,2.026339162,Wolke [SEP] Heute sieht man mehr Wolken am Himmel als gestern. [SEP] c____ [SEP] cloud
4315,de,1.53701968,Handvoll [SEP] Es kamen nur eine Handvoll Leute zur Party. [SEP] h______ [SEP] handful
4316,de,3.250385997,"kalt [SEP] Draußen ist es zu kalt, um spazieren zu gehen. [SEP] c___ [SEP] cold"
4317,de,1.764719687,Jugend [SEP] Er hat in seiner Jugend viel Musik gemacht. [SEP] y____ [SEP] youth
4318,de,2.204923139,"Schrei [SEP] Ich hörte einen Schrei, wusste aber nicht, aus welcher Richtung er kam. [SEP] c__ [SEP] cry"
4319,de,3.17055588,Outfit [SEP] Für den Ball habe ich mir ein neues Outfit gekauft. [SEP] o_____ [SEP] outfit
4320,de,-0.237443029,bluten [SEP] Sie schnitt sich in den Finger und blutete. [SEP] b____ [SEP] bleed
4321,de,1.115514731,geschäftliche [SEP] Wir haben eine geschäftliche Abmachung mit dem neuen Kosmetiklieferanten getroffen. [SEP] d___ [SEP] deal
4322,de,1.46550096,Kleidung [SEP] Zieh warme Kleidung an! In den Bergen ist es kalt. [SEP] c______ [SEP] clothes
4323,de,2.902555535,"weinen [SEP] Nachdem sie vom Tod ihres Hundes erfuhr, weinte sie den ganzen Nachmittag. [SEP] c__ [SEP] cry"
4324,de,-0.435149768,Schutz [SEP] Es regnete stark und wir suchten Schutz unter einem großen Baum. [SEP] s______ [SEP] shelter
4325,de,0.118239175,gigantisch [SEP] Eine gigantische Schlucht tat sich vor ihnen auf. [SEP] g_______ [SEP] gigantic
4326,de,1.008953257,Zinn [SEP] Zinn ist ein silberweiß glänzendes und sehr weiches Schwermetall. [SEP] t__ [SEP] tin
4327,de,-3.547554155,"in [SEP] Ich ziehe in Erwägung, nächstes Jahr ein Sabbatical einzulegen. [SEP] c__________ [SEP] contemplate"
4328,de,-1.364290413,Ultraschall [SEP] Auch mit Ultraschall lautete die Diagnose nicht anders. [SEP] u_________ [SEP] ultrasound
4329,de,-1.216369155,"Schlucht [SEP] Wir haben eine Wanderroute geplant, die auch durch eine Schlucht führt. [SEP] c_____ [SEP] canyon"
4330,de,-0.923470984,untersuchen [SEP] Der Ingenieur wird das Baugelände heute noch untersuchen. [SEP] i______ [SEP] inspect
4331,de,-0.998492281,Darm [SEP] Der menschliche Darm ist ca. drei Meter lang. [SEP] g__ [SEP] gut
4332,de,-2.009057677,Zeichen [SEP] Die Bereitschaft zur Korrektur ist ein Zeichen von Weisheit. [SEP] i_________ [SEP] indication
4333,de,1.178670229,"Streik [SEP] Die Arbeiter drohten mit Streik, weil man ihre Forderungen nicht ernst nahm. [SEP] s_____ [SEP] strike"
4334,de,-3.281719425,abhängig [SEP] Die pünktliche Abfahrt des Zuges ist vom Wetter abhängig. [SEP] c__________ [SEP] conditional
4335,de,1.690579298,"Held [SEP] Die Frau wurde als Heldin gefeiert, weil sie ein Mädchen vor dem Ertrinken rettete. [SEP] h___ [SEP] hero"
4336,de,1.043139582,eines [SEP] Eines Tages wird er diesen Job kündigen und sich eine bessere Arbeit suchen. [SEP] s______ [SEP] someday
4337,de,-3.199637186,hervorragend [SEP] Die hervorragende Sängerin gewann einen Preis. [SEP] d____________ [SEP] distinguished
4338,de,3.159380007,Natur [SEP] Ich bin gerne in der Natur. [SEP] n_____ [SEP] nature
4339,de,1.802837819,Schnitt [SEP] Die Schnittwunde an seinem Finger war sehr tief und musste im Spital genäht werden. [SEP] c__ [SEP] cut
4340,de,-4.919883337,schlotterig [SEP] Er zieht im Sommer gerne leichte schlottrige Hosen an. [SEP] f_____ [SEP] floppy
4341,de,2.063579466,Kommentator [SEP] Der Kommentator beim Fernsehen kommentierte das Fußballspiel. [SEP] c__________ [SEP] commentator
4342,de,-1.212120596,Entfernung [SEP] Die sofortige Entfernung des Blinddarms ist bei dieser Patientin unumgänglich. [SEP] r______ [SEP] removal
4343,de,1.290251056,Kneipe [SEP] Am Freitagabend gehen wir eigentlich immer auf ein Bier aund Fish und Chips in die Kneipe ums Eck. [SEP] p__ [SEP] pub
4344,de,-1.007904293,bewegungslos [SEP] Anna liegt bewegungslos auf dem Sofa. [SEP] m_________ [SEP] motionless
4345,de,-0.631886724,fehlen [SEP] Dem Team fehlt es an der nötigen Disziplin. [SEP] l___ [SEP] lack
4346,de,3.067066521,helfen [SEP] Ich kann dir bei den Hausaufgaben helfen. [SEP] h___ [SEP] help
4347,de,2.700964101,Honig [SEP] Zum Frühstück esse ich eine Scheibe Brot mit Butter und Honig. [SEP] h____ [SEP] honey
4348,de,-0.332469638,Geisel [SEP] Die Geiseln wurden nach langen Verhandlungen freigelassen. [SEP] h______ [SEP] hostage
4349,de,1.955173745,Post [SEP] Die Post wird gegen Mittag gebracht. [SEP] m___ [SEP] mail
4350,de,-0.6140276,"Vereinfachung [SEP] Eine Vereinfachung des Gesetzes wäre sinnvoll, damit es besser eingehalten werden kann. [SEP] s_____________ [SEP] simplification"
4351,de,-0.971964437,ungeduldig [SEP] Sie wartete ungeduldig auf ihre Kinder. [SEP] i__________ [SEP] impatiently
4352,de,0.229592166,Tätowierung [SEP] Sie hatte eine Tätowierung auf ihrem Rücken. [SEP] t_____ [SEP] tattoo
4353,de,-0.808274094,"kurzes [SEP] Letztes Jahr hatte sie ein kurzes Liebesverhältnis mit einem Kollegen, das aber nach einem Monat endete. [SEP] r______ [SEP] romance"
4354,de,3.230380753,später [SEP] Gibt es von diesem Film auch noch eine spätere Vorstellung? [SEP] l____ [SEP] later
4355,de,-1.738906143,"vertreten [SEP] Ich brauche noch jemanden, der mich morgen bei der Versammlung vertritt. [SEP] s_________ [SEP] substitute"
4356,de,3.553500201,Sprung [SEP] Bei diesem Sprung hättest du dich verletzen können. [SEP] j___ [SEP] jump
4357,de,0.120608259,Verformung [SEP] Die Verformung der Plastikflasche wurde durch die Hitze verursacht. [SEP] d__________ [SEP] deformation
4358,de,1.949270187,Studie [SEP] Wir suchen noch immer nach freiwilligen Teilnehmern für unsere Studie. [SEP] s____ [SEP] study
4359,de,-2.346132187,Stummel [SEP] Auf der Straße liegen viele Zigarettenstummel. [SEP] b___ [SEP] butt
4360,de,0.368445054,retten [SEP] Die Bergwache war sofort zur Stelle und konnte die beiden Bergsteiger rechtzeitig retten. [SEP] r_____ [SEP] rescue
4361,de,0.052525337,in [SEP] Ich werde am Ende des Jahres in den Ruhestand treten. [SEP] r_____ [SEP] retire
4362,de,-0.485990957,Verhandlung [SEP] Die Vertragsverhandlungen dauern an. [SEP] n__________ [SEP] negotiation
4363,de,1.877165001,"Globus [SEP] Die Kinder drehen den Globus und schauen nach, wo sich Europa befindet. [SEP] g____ [SEP] globe"
4364,de,0.62526473,"Analyst [SEP] Ein Analyst ist ein Fachmann, der die Geschehnisse sehr genau analysiert. [SEP] a______ [SEP] analyst"
4365,de,-1.222196875,nachprüfen [SEP] Wie wollen Sie ihre Geschichte je nachprüfen? [SEP] v_____ [SEP] verify
4366,de,2.990987193,Mitte [SEP] Ein Hund saß in der Mitte des Stadtplatzes. [SEP] m_____ [SEP] middle
4367,de,1.810742075,Layout [SEP] Mir gefällt das Layout dieser Zeitschrift. [SEP] l_____ [SEP] layout
4368,de,0.038421834,überwältigend [SEP] Die Anteilnahme ist überwältigend. Damit haben wir nicht gerechnet. [SEP] o___________ [SEP] overwhelming
4369,de,-0.340618468,Brillenglas [SEP] Meine neue Brille hat relativ dicke Brillengläser. [SEP] l___ [SEP] lens
4370,de,-1.938254046,Pfarrgemeinde [SEP] Die ganze Pfarrgemeinde nimmt am Fest teil. [SEP] p_____ [SEP] parish
4371,de,1.11195991,berechnen [SEP] Wir müssen die Gesamtkosten des Projekts berechnen. [SEP] c________ [SEP] calculate
4372,de,-1.633108216,trennen [SEP] Die Wohnung war komplett dunkel. Der Strom wurde abgeschaltet. [SEP] d_________ [SEP] disconnect
4373,de,-1.336808437,Blick [SEP] Er konnte seinen Blick nicht von ihr abwenden. [SEP] g___ [SEP] gaze
4374,de,-1.630499578,"Brühe [SEP] Wenn du die Soße etwas würziger magst, füge anstatt Wasser etwas Brühe hinzu. [SEP] b____ [SEP] broth"
4375,de,1.883253629,Boot [SEP] Ich fahre mit dem Boot über den See. [SEP] b___ [SEP] boat
4376,de,-4.309691373,Behauptung [SEP] Sie stritt die Vorwürfe gegen sie ab. [SEP] a_________ [SEP] allegation
4377,de,1.259132838,"Materialist [SEP] Sie ist eine richtige Materialistin. Sie ist nur glücklich, wenn sie sich neue Sachen kaufen kann. [SEP] m__________ [SEP] materialist"
4378,de,-0.812169727,krabbeln [SEP] Das Baby krabbelte auf dem Boden. [SEP] c____ [SEP] crawl
4379,de,-1.592259245,sich [SEP] Dunkle Schatten verdüstern den Himmel. Es wird wohl bald regnen. [SEP] c____ [SEP] cloud
4380,de,2.289226833,tropisch [SEP] Der tropische Regenwald ist in Gefahr. [SEP] t_______ [SEP] tropical
4381,de,1.20003828,geografisch [SEP] Die geografische Lage des Hauses ist ideal. [SEP] g_________ [SEP] geographic
4382,de,-1.341944709,"aufgeben [SEP] Stopp, ich gebe auf! Du bist der Sieger! [SEP] s________ [SEP] surrender"
4383,de,-1.462717372,Widerstand [SEP] Der Widerstand gegen das Bauprojekt ist groß. [SEP] o_________ [SEP] opposition
4384,de,1.631610345,durch [SEP] Die Diebe gelangten durch die Hintertür herein. [SEP] t______ [SEP] through
4385,de,-1.92041448,Todesopfer [SEP] Weitere Todesopfer wurden nicht gemeldet. [SEP] c_______ [SEP] casualty
4386,de,-3.398933397,genau [SEP] Er wird die Beweise genau prüfen. [SEP] c______ [SEP] closely
4387,de,-2.008605493,Empfänger [SEP] Der Empfänger dieses Preises sieht oft einer erfolgreichen Zukunft entgegen. [SEP] r________ [SEP] recipient
4388,de,-0.713369159,kostspielig [SEP] Die Jacke kostet 350 Euro. Ich finde das ziemlich kostspielig. [SEP] c_____ [SEP] costly
4389,de,1.905195588,Silber [SEP] Die Kette war aus purem Silber. [SEP] s_____ [SEP] silver
4390,de,0.666366865,ungelöst [SEP] Das ist heute noch ein ungelöstes Rätsel. [SEP] u_______ [SEP] unsolved
4391,de,-1.460712961,Regal [SEP] Könntest du die CDs später wieder zurück ins Regal stellen. [SEP] r___ [SEP] rack
4392,de,-0.419772742,"jdn/etw [SEP] Martin weiß haargenau, wie er andere Menschen beeinflussen kann. [SEP] m_________ [SEP] manipulate"
4393,de,0.014713272,gut [SEP] Er ist ein gut aussehender junder Mann. [SEP] h_______ [SEP] handsome
4394,de,0.049754676,zufriedenstellen [SEP] Mit unserer Speisekarte möchten wir alle unsere Gäste zufriedenstellen. [SEP] s______ [SEP] satisfy
4395,de,0.506207207,diagnostizieren [SEP] Der Arzt diagnostiziert eine schwere Krankheit. [SEP] d_______ [SEP] diagnose
4396,de,-2.882808937,anzüglich [SEP] Ich finde seine anzüglichen Witze nicht lustig. [SEP] o________ [SEP] offensive
4397,de,3.277918523,Haar [SEP] Das Mädchen hat braune Haare. [SEP] h___ [SEP] hair
4398,de,3.360937866,"zu [SEP] Üblicherweise gehe ich zu Fuß zur Arbeit, weil es mir gut tut. [SEP] w___ [SEP] walk"
4399,de,1.777001022,indisch [SEP] Die indische Küche ist sehr pikant. [SEP] i_____ [SEP] indian
4400,de,-0.524265091,Unabhängigkeit [SEP] Der Widerstand gegen die britische Kolonialherrschaft führte 1947 zur Unabhängigkeit Indiens. [SEP] i___________ [SEP] independence
4401,de,-1.218067613,"Ausreißer [SEP] Er arbeitet bei einer Anlaufstelle für jugendliche Ausreißer, wo er schon vielen Jugendlichen geholfen hat, ein neues Zuhause zu finden. [SEP] r______ [SEP] runaway"
4402,de,0.365745549,zufrieden [SEP] Ich bin mit dem Fortschritt bei der Baustelle wirklich zufrieden. [SEP] s________ [SEP] satisfied
4403,de,-1.468842019,rätselhaft [SEP] Die Frau verschwand auf rätselhafte Weise. [SEP] m___________ [SEP] mysteriously
4404,de,1.932548689,Verlassen [SEP] Beim Verlassen des Bahnhofs gab es Komplikationen. [SEP] l______ [SEP] leaving
4405,de,3.088110601,"Antwort [SEP] Es war eine schwierige Frage, aber Anna wusste die Antwort. [SEP] a_____ [SEP] answer"
4406,de,3.192152994,"kurz [SEP] Die Prüfung war kurz, aber trotzdem relativ schwierig. [SEP] s____ [SEP] short"
4407,de,-0.841961005,Zahnfleisch [SEP] Ein gesundes Zahnfleisch ist rosa. [SEP] g__ [SEP] gum
4408,de,0.90644262,türkisch [SEP] Danach konnten wir uns im türkischen Bad entspannen. [SEP] t______ [SEP] turkish
4409,de,-0.27112216,Existenz [SEP] Das Foto ist ein Beweis für die Existenz von Elfen. [SEP] e________ [SEP] existence
4410,de,1.233948915,aussuchen [SEP] Du kannst dir einen Schal aussuchen. [SEP] c_____ [SEP] choose
4411,de,0.44259202,Taille [SEP] Sie legte ihren Arm um seine Taille. [SEP] w____ [SEP] waist
4412,de,2.738450891,niemand [SEP] Niemand weiß davon. [SEP] n_____ [SEP] nobody
4413,de,0.683816443,Fehler [SEP] Wir entdeckten einen Fehler in unseren Berechnungen. [SEP] e____ [SEP] error
4414,de,-2.324176195,Liebhaber [SEP] Das Museum wird von einer Liebhaberin der Malerei geleitet. [SEP] e_________ [SEP] enthusiast
4415,de,-3.303102172,befestigen [SEP] Die Frau befestigte den Glücksbringer am Rückspiegel des Autos. [SEP] h___ [SEP] hook
4416,de,-0.334136528,Ziel [SEP] Wir sollten dieses Ziel bis nächsten Monat erreichen. [SEP] t_____ [SEP] target
4417,de,-0.322249354,durchbohren [SEP] Ich bohrte ein Loch in die Wand. [SEP] d____ [SEP] drill
4418,de,-1.83326158,"jdn/etw [SEP] Ich lernte, die Zwillingen voneinander zu unterscheiden. [SEP] d__________ [SEP] distinguish"
4419,de,-3.070459954,erklären [SEP] Das erklärt den Vorfall. [SEP] a______ [SEP] account
4420,de,-1.742440135,Fortschreiten [SEP] Dieses Medikament verhindert ein Fortschreiten der Krankheit. [SEP] p__________ [SEP] progression
4421,de,-1.249422208,"belohnen [SEP] Manchmal belohnen wir die Schülerinnen, wenn sie besonders hart an einer Aufgabe gearbeitet haben. [SEP] r_____ [SEP] reward"
4422,de,0.658984505,teilweise [SEP] Ich war teilweise daran schuld. [SEP] p_____ [SEP] partly
4423,de,-1.810592758,drehende [SEP] Sie sollten schnell drehende Bewegungen in der nächsten Zeit vermeiden. [SEP] s_______ [SEP] spinning
4424,de,0.853715792,Empfang [SEP] Können wir uns einfach beim Hotelempfang treffen? [SEP] r________ [SEP] reception
4425,de,-0.879364863,falsch [SEP] Diese Frage wurde falsch beantwortet. [SEP] i__________ [SEP] incorrectly
4426,de,2.0380624,"völlig [SEP] Diese Reaktion ist völlig normal, keine Sorge. [SEP] t______ [SEP] totally"
4427,de,-1.324798983,Vorhaben [SEP] Bei diesem Vorhaben haben wirklich alle Dorfbewohner mitgearbeitet. [SEP] p______ [SEP] project
4428,de,0.163206383,"sich [SEP] Ich wette, dass er sich nicht traut, von der Brücke ins Wasser zu springen. [SEP] d___ [SEP] dare"
4429,de,2.168828837,gerecht [SEP] Das Leben ist nicht immer gerecht. [SEP] f___ [SEP] fair
4430,de,-3.202984667,gestaffelt [SEP] Die Startzeiten der Sportler sind gestaffelt. [SEP] g________ [SEP] graduated
4431,de,1.207701277,Komplex [SEP] Ich wohne in dem Gebäudekomplex da drüben. [SEP] c______ [SEP] complex
4432,de,1.68627906,Avatar [SEP] Er hat einen Avatar als Verkörperung von sich selbst entwickelt. [SEP] a_____ [SEP] avatar
4433,de,-1.303367607,Spender [SEP] Die Krankenschwester bedankte sich bei den Spendern für ihren Beitrag. [SEP] d____ [SEP] donor
4434,de,-0.542959595,"körperlich [SEP] Es ist wichtig, dass man sich regelmäßig körperlich bewergt. [SEP] p_________ [SEP] physically"
4435,de,-1.901404134,Gleichgültigkeit [SEP] Sie reagierte auf seinen Wutausbruch mit scheinbarer Gleichgültigkeit. [SEP] i___________ [SEP] indifference
4436,de,-2.808557698,Kriminalistik [SEP] Er hat Kriminalistik studiert. [SEP] c__________ [SEP] criminology
4437,de,2.158337073,Uhr [SEP] Sie schaute auf ihre Uhr und erschrak. [SEP] w____ [SEP] watch
4438,de,2.994648394,sehen [SEP] Ich sehe sehr gut und brauche keine Brille. [SEP] s__ [SEP] see
4439,de,0.178203501,"beinahe [SEP] Bist du bereit? Beinahe, ich suche nur noch die Haustürschlüssel. [SEP] a_____ [SEP] almost"
4440,de,2.690575497,Hit [SEP] Die Band spielte viele Hits aus den Neunzigerjahren. [SEP] h__ [SEP] hit
4441,de,-4.853221995,Legislative [SEP] Das Parlament ist die Legislative. [SEP] l__________ [SEP] legislature
4442,de,0.079448891,überzeugt [SEP] Sie war von seiner Unschuld überzeugt. [SEP] c________ [SEP] convinced
4443,de,3.435895271,versuchen [SEP] Ich kann es zumindest versuchen. [SEP] t__ [SEP] try
4444,de,-1.26737371,Zuneigung [SEP] Sie sehnt sich nach mehr Zuneigung. [SEP] a________ [SEP] affection
4445,de,2.021602301,Ungeheuer [SEP] Das Mädchen hat vor den Ungeheuern unter ihrem Bett Angst. [SEP] m______ [SEP] monster
4446,de,-0.139778414,Vortrag [SEP] Der Vortrag war sehr spannend. [SEP] l______ [SEP] lecture
4447,de,2.510025148,Zebra [SEP] Das Zebra ist ein Verwandter des Pferds. [SEP] z____ [SEP] zebra
4448,de,-0.496627376,Fünfeck [SEP] Als nächstes werden wir ein Fünfeck zeichnen. [SEP] p_______ [SEP] pentagon
4449,de,3.196606344,treffen [SEP] Der Baseballspieler hat den Ball genau getroffen. [SEP] h__ [SEP] hit
4450,de,1.680839604,Tauchen [SEP] Ich liebe das Tauchen. Ich habe letztes Jahr einen Tauchkurs gemacht. [SEP] d_____ [SEP] diving
4451,de,-1.665507992,"vermuten [SEP] Weil das Zimmer leer war, habe ich vermutet, dass du schon nach Hause gegangen bist. [SEP] p______ [SEP] presume"
4452,de,-2.216576526,Niveau [SEP] Die Lehrerin ist mit dem Niveau der Leistungen in dieser Klasse noch nicht ganz zufrieden. [SEP] s_______ [SEP] standard
4453,de,2.555531414,mobil [SEP] Ein mobiler Bäckereiwagen macht jeden Samstag in unserer Straße halt. [SEP] m_____ [SEP] mobile
4454,de,-0.991914445,allmählich [SEP] Sie arbeitete hart und baute sich allmählich eine Karriere auf. [SEP] g________ [SEP] gradually
4455,de,-0.778218037,unzensiert [SEP] Sie druckten ihren Kommentar unzensiert ab. [SEP] u_________ [SEP] uncensored
4456,de,0.59891291,zusammenpassen [SEP] Passen das Kleid und die Schuhe zusammen? [SEP] m____ [SEP] match
4457,de,-0.353813614,"verschieden [SEP] Sie sprechen verschieden, obwohl sie in der gleichen Gegend aufgewachsen sind. [SEP] d__________ [SEP] differently"
4458,de,3.303278474,Raucher [SEP] Derzeit haben wir nur sehr wenige Raucher im Betrieb. [SEP] s_____ [SEP] smoker
4459,de,0.655321995,ohne [SEP] Sein letztes Werk blieb ohne Titel. [SEP] u_______ [SEP] untitled
4460,de,1.48657914,optisch [SEP] Meine Sonnenbrille hat optische Gläser. [SEP] o______ [SEP] optical
4461,de,-2.551705145,zum [SEP] Lassen Sie mich hiermit unser Missfallen zum Ausdruck bringen. [SEP] v____ [SEP] voice
4462,de,-0.625248475,"bodenständig [SEP] Sie ist eine bodenständige junge Frau und weiß genau, was sie will. [SEP] g_______ [SEP] grounded"
4463,de,0.675780097,Umlaufbahn [SEP] Das Raumfahrzeug trat in die Umlaufbahn des Planeten ein. [SEP] o____ [SEP] orbit
4464,de,2.686003553,Winter [SEP] Den Winter verbringen wir gerne im Süden. [SEP] w_____ [SEP] winter
4465,de,1.010450643,Ingwer [SEP] Magst du probieren? Ich habe frische Ingwerkekse gebacken. [SEP] g_____ [SEP] ginger
4466,de,2.444155447,Gefahr [SEP] Wir müssen alle Bewohner des Dorfes vor der Gefahr warnen. [SEP] d_____ [SEP] danger
4467,de,-3.119680938,angetan [SEP] Er war sichtlich von ihrer Tochter angetan. [SEP] t____ [SEP] taken
4468,de,0.513673085,Eisberg [SEP] Die Passagiere auf dem Schiff sahen nur die Spitze des Eisbergs. [SEP] i______ [SEP] iceberg
4469,de,0.861026119,logisch [SEP] Der Junge präsentierte sein Thema klar und logisch. [SEP] l________ [SEP] logically
4470,de,0.606822879,"Gebet [SEP] Gemeinsam sprachen sie ein Gebet, bevor sie zu essen begannen. [SEP] p_____ [SEP] prayer"
4471,de,-1.499943788,Bewegung [SEP] Bewegung sollte ein fixer Bestandteil unseres Tagesablaufs sein. [SEP] e_______ [SEP] exercise
4472,de,-0.343745742,Schläger [SEP] Zum Baseballspielen braucht man unter anderem einen Schläger. [SEP] b__ [SEP] bat
4473,de,-1.193376527,Memoiren [SEP] Der Ex-Politiker hat erst kürzlich seine Memoiren veröffentlicht. [SEP] m_____ [SEP] memoir
4474,de,2.47108279,hier [SEP] Warte bitte hier. Ich komme gleich wieder. [SEP] h___ [SEP] here
4475,de,1.796499423,aktivieren [SEP] Die Maschine kann mit diesen Knöpfen aktiviert werden. [SEP] a_______ [SEP] activate
4476,de,2.376979757,"Teil [SEP] Die Vortrag war langweilig bis jetzt, außer der kurze Teil über die Geschichte Österreichs. [SEP] p___ [SEP] part"
4477,de,1.564329279,verschlossen [SEP] Sie stehen vor verschlossenen Türen. [SEP] l_____ [SEP] locked
4478,de,2.552428171,Haarwaschmittel [SEP] Mit diesem Haarwaschmittel werden Ihre Haare stets glänzen und strahlen. [SEP] s______ [SEP] shampoo
4479,de,1.628904899,Miete [SEP] Ich kann mir die Miete gerade noch leisten. [SEP] r___ [SEP] rent
4480,de,2.886175739,Anrufer [SEP] Der Anrufer wollte anonym bleiben. [SEP] c_____ [SEP] caller
4481,de,-1.040151637,Schützer/Schützerin [SEP] Diese Heilige wurde früher oft als Beschützerin der Kinder verehrt. [SEP] p________ [SEP] protector
4482,de,-0.856922153,Stechmücke [SEP] Im Sommer gibt es viele Stechmücken. [SEP] m_______ [SEP] mosquito
4483,de,-2.453080804,vorrangig [SEP] Dieses Magazin richtet sich vorrangig an junge Teenager. [SEP] p________ [SEP] primarily
4484,de,0.49501595,Einwohner [SEP] Die Gemeinde hat zirka 15 000 Einwohner. [SEP] i_________ [SEP] inhabitant
4485,de,3.201526409,deutsch [SEP] Die deutsche Frau fährt nach England in den Urlaub. [SEP] g_____ [SEP] german
4486,de,0.294263974,Vanille [SEP] Sein Lieblingseis ist und bleibt Vanille. [SEP] v______ [SEP] vanilla
4487,de,-1.668334886,Entschädigungsleistung [SEP] Die Opfer erhielten eine Entschädigungsleistung in der Höhe von 1000 Euro. [SEP] c___________ [SEP] compensation
4488,de,1.91563324,"Fahrschein [SEP] Er hatte schon wieder vergessen, einen Fahrschein zu lösen. [SEP] t_____ [SEP] ticket"
4489,de,2.337637406,Lärm [SEP] Der Lärm der Baustelle ist kaum auszuhalten. [SEP] n____ [SEP] noise
4490,de,-0.53207125,enthalten [SEP] Der hellblaue Brief enthielt eine Hochzeitseinladung. [SEP] c______ [SEP] contain
4491,de,-2.313467982,Lieblichkeit [SEP] Er wurde durch ihre Lieblichkeit schier verzaubert. [SEP] s________ [SEP] sweetness
4492,de,1.450819214,Heidelbeere [SEP] Ich backe am Nachmittag Heidelbeermuffins. [SEP] b________ [SEP] blueberry
4493,de,1.180372802,Spielplatz [SEP] Der Spielplatz hinter der Schule wird dieses Jahr erneuert. [SEP] p_________ [SEP] playground
4494,de,-5.141519787,unterstützen [SEP] Wir unterstützen nicht den Einsatz von Gewalt. [SEP] a_______ [SEP] advocate
4495,de,-1.257621771,garantieren [SEP] Ein Erfolg kann nicht garantiert werden. [SEP] g________ [SEP] guarantee
4496,de,-1.999961222,einheimisch [SEP] Das Museum zeigt das Leben der Ureinwohner. [SEP] i_________ [SEP] indigenous
4497,de,3.320434837,Orange [SEP] Im Winter schmecken Orangen am besten. [SEP] o_____ [SEP] orange
4498,de,-0.005210466,ernten [SEP] Das Gemüse wird von den Bauern geerntet. [SEP] h______ [SEP] harvest
4499,de,0.194442761,zusammenstoßen [SEP] Die Autos stießen frontal zusammen. [SEP] c____ [SEP] crash
4500,de,-5.090433488,Stelle [SEP] Es gibt noch verschneite Stellen auf der Straße. Bitte fahr vorsichtig! [SEP] p____ [SEP] patch
4501,de,-1.607958786,Friseur [SEP] Der Friseur macht seinen Beruf sehr gerne. [SEP] h__________ [SEP] hairstylist
4502,de,3.101424948,träumen [SEP] Ich träumte von meinem neuen Job. [SEP] d____ [SEP] dream
4503,de,1.152016297,Grenze [SEP] Die Grenze zwischen Österreich und der Schweiz ist momentan geschlossen. [SEP] b_____ [SEP] border
4504,de,-0.023216681,Kuppel [SEP] Die Kuppel des fiorentinischen Domes ist sehr bekannt. [SEP] d___ [SEP] dome
4505,de,2.61566907,"seit [SEP] Seit er mit dem Studium fertig ist, scheint er viel gelassener zu sein. [SEP] s____ [SEP] since"
4506,de,1.517430432,violett [SEP] Diese Farbe war früher sehr teuer und nur hohe Adelige konnte sich violette Kleidung leisten. [SEP] p_____ [SEP] purple
4507,de,-0.00132997,"kontrollieren [SEP] Der Schiedsrichter ist die Person, die das Spiel leitet. [SEP] c______ [SEP] control"
4508,de,-1.626852887,Früchtebrot [SEP] Früchtebrot wird zur Weihnachtszeit viel gegessen. [SEP] f________ [SEP] fruitcake
4509,de,-1.074487959,festziehen [SEP] Du musst die Schrauben und Muttern noch festziehen. [SEP] t______ [SEP] tighten
4510,de,-0.226907524,"beinhalten [SEP] Eine gesunde Ernährung beinhaltet viel Obst, Gemüse und vollwertige Lebensmittel. [SEP] i______ [SEP] include"
4511,de,-0.447218826,Schließung [SEP] Der Computervirus führt zu einer kurzfristigen Abschaltung des Servers. [SEP] s_______ [SEP] shutdown
4512,de,-1.018067827,"gesellschaftlich [SEP] Viele Lebensentwürfe, die früher gesellschaftlich nicht toleriert wurden, werden heutzutage mehrheitlich angenommen. [SEP] s_______ [SEP] socially"
4513,de,-1.939441442,Abschrift [SEP] Bei der Abschrift der Dokumente sind einige entscheidende Fehler passiert. [SEP] t____________ [SEP] transcription
4514,de,0.108248468,Würfel [SEP] Für das Käsefondue schneide das Brot in Würfel. [SEP] c___ [SEP] cube
4515,de,0.640649252,"wählen [SEP] Sie einigten sich darauf, ihn als Vorsitzenden zu wählen. [SEP] e____ [SEP] elect"
4516,de,-1.424845774,feucht [SEP] Feuchtes Holz sollte man nicht ins Feuer werfen. [SEP] d___ [SEP] damp
4517,de,0.711407718,"weitermachen [SEP] Der Arzt bestärkte den Patienten, dass er mit seiner Ernährungsumstellung weitermachen sollte. [SEP] c_______ [SEP] continue"
4518,de,3.215844609,Online [SEP] Ich habe das Buch in einer Onlinebuchhandlung gekauft. [SEP] o_____ [SEP] online
4519,de,1.670269437,"Bahnhof [SEP] Es wäre gut, wenn du deine Großmutter beim Bahnhof abholen könntest. [SEP] s______ [SEP] station"
4520,de,0.199154627,Friedensstifter [SEP] Die Frau wurde als Friedensstifterin geehrt. [SEP] p_________ [SEP] peacemaker
4521,de,-1.190644656,ermüden [SEP] Die Teilnahme am Wettkampf hat mich ermüdet. [SEP] e______ [SEP] exhaust
4522,de,-0.86582357,Ruhe [SEP] Nach der Überquerung der Alpen kommen die Vögel schließlich bei ihrem ersten Ruheplatz an. [SEP] r______ [SEP] resting
4523,de,2.842375995,Gruppe [SEP] Sebastian führt die Gruppe an. [SEP] g____ [SEP] group
4524,de,1.139811739,kontinental [SEP] Das kontinentale Klima in dieser Gegend ist eher rau. [SEP] c__________ [SEP] continental
4525,de,-0.349573674,Auswahl [SEP] Wir möchten eine bessere Auswahl an Produkten für unsere Kunden anbieten. [SEP] c_____ [SEP] choice
4526,de,2.200927533,Superstar [SEP] Der amerikanische Superstar lässt sich auf dem roten Teppich fotografieren. [SEP] s________ [SEP] superstar
4527,de,0.094307709,Erfolg [SEP] Mit diesem Album feierte sie ihren bisher größten Erfolg. [SEP] s______ [SEP] success
4528,de,2.825159005,Insel [SEP] Auf der Insel gibt es einige Hotels. [SEP] i_____ [SEP] island
4529,de,-0.383922379,riesig [SEP] Jupiter ist ein riesiger Planet. [SEP] g____ [SEP] giant
4530,de,-1.430013639,Gouverneur [SEP] Der Gouverneur von Kalifornien hat Verbesserungen versprochen. [SEP] g_______ [SEP] governor
4531,de,-1.430858878,"Strafe [SEP] Die Strafe ist hart, aber durchaus angemessen. [SEP] p______ [SEP] penalty"
4532,de,-1.145374421,technisch [SEP] Der technische Fortschritt der letzten Jahre war unglaublich. [SEP] t____________ [SEP] technological
4533,de,0.223575588,aktiv [SEP] Wie viele Bewerbungen hast du schon geschrieben? Suchst du aktiv nach Arbeit? [SEP] a_______ [SEP] actively
4534,de,-0.467589014,Gasse [SEP] Die Familie wohnt in einer kleinen Gasse. [SEP] l___ [SEP] lane
4535,de,0.274099467,#NAME? [SEP] Das Team ist noch immer auf der Suche nach einer dunkelhäutigen Frau für die Hauptrolle. [SEP] s______ [SEP] skinned
4536,de,-2.177552143,füttern [SEP] Die Jacke ist mit Fleece gefüttert. [SEP] l___ [SEP] line
4537,de,2.979967276,gratis [SEP] Der Eintritt ist gratis. [SEP] f___ [SEP] free
4538,de,1.702457812,schuldig [SEP] Ich bin schuldig. Ich habe die Tat begangen. [SEP] g_____ [SEP] guilty
4539,de,-0.691032311,Vorbeugung [SEP] Wir sollten mehr Geld in die Vorbeugung von Suchterkrankung investieren. [SEP] p_________ [SEP] prevention
4540,de,1.309456454,Lohn [SEP] Der Lohn für diese Arbeit ist ziemlich gut. [SEP] p__ [SEP] pay
4541,de,-0.534142376,Hochschule [SEP] Meine Schwester besucht die Hochschule der bildenen Künste in Wien. [SEP] a______ [SEP] academy
4542,de,-1.169315685,sich [SEP] Die Kinder nähern sich dem Pony. [SEP] a_______ [SEP] approach
4543,de,0.888249871,Wärme [SEP] Er genoss die Wärme auf seiner Haut. [SEP] w_____ [SEP] warmth
4544,de,0.045118903,stressig [SEP] Die Arbeit als Busfahrer kann manchmal sehr stressig sein. [SEP] s________ [SEP] stressful
4545,de,2.685627621,elastisch [SEP] Sie trug ein elastisches Armband. [SEP] e______ [SEP] elastic
4546,de,-1.273487227,Gründer [SEP] Eines der Gründungsmitgleider ist letzte Woche verstorben. [SEP] f_______ [SEP] founding
4547,de,-2.338626589,"jemand [SEP] Er ist jemand, der sich richtig gut in Szene setzen kann, und dann allen anderen die Show stiehlt. [SEP] s______ [SEP] showman"
4548,de,-1.028830985,Zertifikat [SEP] Am Ende dieses Kurses erhalten die Teilnehmer ein Zertifikat. [SEP] c____________ [SEP] certification
4549,de,-1.377819689,"wertschätzend [SEP] Schülerinnen und Schüler sind dazu angehalten, sich wertschätzend gegenüber den Lehrpersonen zu verhalten. [SEP] r___________ [SEP] respectfully"
4550,de,1.906174839,Cheeseburger [SEP] Der Imbissladen macht sehr gute Cheeseburger. [SEP] c___________ [SEP] cheeseburger
4551,de,0.269549366,uns [SEP] Wir haben uns sehr amüsiert auf dem Fest. Wir haben mit ganz vielen Leuten geredet. [SEP] o________ [SEP] ourselves
4552,de,0.623246107,wirtschaftlich [SEP] Ich bin wirtschaftlich unabhängig von meinen Eltern. [SEP] e___________ [SEP] economically
4553,de,1.150891275,"Donner [SEP] In der Ferne konnten wir noch den Donner hören, doch das Gewitter war vorbeigezogen. [SEP] t______ [SEP] thunder"
4554,de,-1.759947471,"ertragreich [SEP] Nach zwei Jahren nahm die Firma bereits mehr ein, als investiert wurde, und wurde damit ertragreich. [SEP] p_________ [SEP] profitable"
4555,de,1.28771506,chronisch [SEP] Er leidet an einer chronischen Krankheit. [SEP] c______ [SEP] chronic
4556,de,0.610561506,eintauchen [SEP] Sie taucht die Kekse in den Kaffee ein. [SEP] d__ [SEP] dip
4557,de,2.708531085,gestern [SEP] Wir waren gestern auch dabei. [SEP] y________ [SEP] yesterday
4558,de,-0.629575637,selbstsicher [SEP] Sie ist sehr selbstsicher und traut sich viel zu. [SEP] c________ [SEP] confident
4559,de,-1.666178239,Unterkünfte [SEP] Wir suchen noch Unterkünfte für die Opfer der Flutkatastrophe. [SEP] h______ [SEP] housing
4560,de,-3.823526766,außerordentlich [SEP] Das ist wirklich außerordentlich wichtig für mich. [SEP] t_______ [SEP] terribly
4561,de,-0.74233751,einem [SEP] Sein Verhalten war alles andere als einem Präsidenten angemessen. [SEP] p___________ [SEP] presidential
4562,de,-2.388323938,"getrennt [SEP] Sie leben getrennt, aber sie sind trotzdem ein Paar und verreisen auch gemeinsam. [SEP] s_________ [SEP] separately"
4563,de,-0.337316002,"so [SEP] Lasst uns so tun, als ob der Boden aus flüssiger Lava wäre! [SEP] p______ [SEP] pretend"
4564,de,2.233035565,schwach [SEP] Er war nach der langen Krankheit immer noch sehr schwach. [SEP] w___ [SEP] weak
4565,de,3.076937364,Nuss [SEP] Ich mag keine Nüsse. [SEP] n__ [SEP] nut
4566,de,1.021276416,Literatur [SEP] Die Literatur des 20. Jahrhunderts hat es ihr besonders angetan. [SEP] l_________ [SEP] literature
4567,de,0.026404089,Blutübertragung [SEP] Er erhielt eine Blutübertragung. [SEP] t__________ [SEP] transfusion
4568,de,-0.485679054,antibakteriell [SEP] Er verwendet eine antibakterielle Seife. [SEP] a____________ [SEP] antibacterial
4569,de,3.085625719,frisch [SEP] Das hier servierte Essen ist ganz frisch. [SEP] f____ [SEP] fresh
4570,de,-0.20046085,Kleinkind [SEP] Das Kleinkind trippelte unischer auf mich zu. [SEP] t______ [SEP] toddler
4571,de,1.188604289,"Adjektiv [SEP] Ein Adjektiv beschreibt, welche Eigenschaften Gegenstände oder Personen hat. [SEP] a________ [SEP] adjective"
4572,de,-2.537992124,hügelig [SEP] Die Region ist geprägt von heißen Quellen und hügeligem Weideland. [SEP] r______ [SEP] rolling
4573,de,2.22843878,"riechen [SEP] Ich rieche schon, dass du wieder etwas ganz Besonderes gekocht hast. [SEP] s____ [SEP] smell"
4574,de,-0.140771866,"Andeutung [SEP] Ich bin mir nicht sicher, was sie gemeint hat. Sie hat nur eine komische Andeutung gemacht. [SEP] h___ [SEP] hint"
4575,de,-0.326280102,Besetzung [SEP] Die Filmbesetzung war nach mehreren Tagen vollständig ausgewählt. [SEP] c___ [SEP] cast
4576,de,2.508822922,Kampf [SEP] Er begann einen Kampf mit einem anderen Mann. [SEP] f____ [SEP] fight
4577,de,-1.141148251,steinig [SEP] Auf diesem steinigen Gelände wachsen nur sehr wenige Pflanzen. [SEP] r____ [SEP] rocky
4578,de,-0.986340403,sich [SEP] Im Laufe der Nummer entkleiden sich beide Tänzer auf spektakuläre Weise. [SEP] s____ [SEP] strip
4579,de,0.57509733,zerbrechlich [SEP] Gib Acht auf diese Schachtel. Sie beinhaltet zerbrechliche Gegenstände. [SEP] f______ [SEP] fragile
4580,de,0.952460724,Wolle [SEP] Diese Wolle stammt von spanischen Schafen. [SEP] w___ [SEP] wool
4581,de,1.519988325,"Visum [SEP] Sie haben ein Visum beantragt, warten aber immer noch. [SEP] v___ [SEP] visa"
4582,de,0.539461468,ökonomisch [SEP] Der ökonomische Wachstum der Region wird von der Bürgermeisterin begrüßt. [SEP] e_______ [SEP] economic
4583,de,-1.664356293,Stickstoff [SEP] Die Luft besteht hauptsächlich aus Sauerstoff und Stickstoff. [SEP] n_______ [SEP] nitrogen
4584,de,1.137810279,Weisheit [SEP] Er war für seinen Mut und seine Weisheit bekannt. [SEP] w_____ [SEP] wisdom
4585,de,3.325990443,Frosch [SEP] Die Prinzessin küsst den Frosch. [SEP] f___ [SEP] frog
4586,de,0.816536528,Gegenstand [SEP] Er hat sich an einem Gegenstand den Fuß angeschlagen. [SEP] o_____ [SEP] object
4587,de,1.616224664,musikalisch [SEP] Unser Kind ist sehr musikalisch. [SEP] m______ [SEP] musical
4588,de,0.578662218,Kiefer [SEP] Dieser Nadelbaum ist eine Kiefer. [SEP] p___ [SEP] pine
4589,de,1.146888388,verlassen [SEP] Verlassen Sie das Gebäude über den Hintereingang. [SEP] e___ [SEP] exit
4590,de,0.792634483,grinsen [SEP] Sie war so glücklich und grinste die ganze Zeit vor sich hin. [SEP] g___ [SEP] grin
4591,de,-1.975034143,Moderator [SEP] Ich finde den Moderator der Morgenradiosendung sympathisch. [SEP] b__________ [SEP] broadcaster
4592,de,2.265760536,Zukunft [SEP] Wir schauen in eine glückliche Zukunft. [SEP] f_____ [SEP] future
4593,de,-1.98225048,"Einfühlungsvermögen [SEP] Manche glauben, dass das Lesen von Literatur unsere Intelligenz und unser Einfühlungsvermögen schulen kann. [SEP] s__________ [SEP] sensibility"
4594,de,2.240449849,Flug [SEP] Der Flug dauerte fünf Stunden. [SEP] f_____ [SEP] flight
4595,de,2.66187135,Brücke [SEP] Dort drüben ist eine Brücke. Dort kannst du den Fluss überqueren. [SEP] b_____ [SEP] bridge
4596,de,0.215738736,"erlauben [SEP] Die Mutter erlaubte dem Kind, ins Kino zu gehen. [SEP] a____ [SEP] allow"
4597,de,2.418755318,Kobra [SEP] Die Kobra ist eine gefährliche Schlange. [SEP] c____ [SEP] cobra
4598,de,2.959524729,Flasche [SEP] Wir haben eine Flasche Wein getrunken. [SEP] b_____ [SEP] bottle
4599,de,-1.704994044,"homophob [SEP] Jemand der homophob ist, hat eine starke Abneigung gegen Homosexuelle. [SEP] h_________ [SEP] homophobic"
4600,de,0.983128926,cremig [SEP] Wir aßen Nudeln mit einer cremigen Soße. [SEP] c_____ [SEP] creamy
4601,de,-0.667024447,Veröffentlichung [SEP] Vor der Veröffentlichung des Artikels müssen wir ihn noch einmal gründlich durchlesen. [SEP] p__________ [SEP] publication
4602,de,-1.156816272,Lehm [SEP] Die Suppe wurde im Lehmtopf serviert. [SEP] c___ [SEP] clay
4603,de,2.137897435,Papier [SEP] Schreib deine Geschichte auf ein Blatt Papier. [SEP] p____ [SEP] paper
4604,de,-1.217515565,moralisch [SEP] Das ist moralisch nicht vertretbar. [SEP] e________ [SEP] ethically
4605,de,-0.430983731,jdm [SEP] Eine Begriffsliste am Ende des Buches unterstützt den Leser. [SEP] a__ [SEP] aid
4606,de,1.555527172,Frau [SEP] Sie war die erste Frau im Parlament. [SEP] w____ [SEP] woman
4607,de,-1.545252453,Zivil [SEP] Verdeckte Ermittler tarnen sich durch Zivilkleidung. [SEP] c_______ [SEP] civilian
4608,de,1.476381972,Löffel [SEP] Könnten Sie mir bitte noch einen Löffel bringen? [SEP] s____ [SEP] spoon
4609,de,-0.370028514,sprachlich [SEP] Sie bewies wieder einmal ihre sprachliche Ausdrucksfähigkeit. [SEP] v_____ [SEP] verbal
4610,de,-0.268146043,"Teich [SEP] Das Wasser im Teich ist so ruhig, dass man sich darin spiegeln kann. [SEP] p___ [SEP] pond"
4611,de,2.612318114,Cousin [SEP] Sie ist eine Cousine von mir. [SEP] c_____ [SEP] cousin
4612,de,2.866720067,Gas [SEP] Ich rieche Gas. Ist der Herd noch eingeschalten? [SEP] g__ [SEP] gas
4613,de,0.66657656,Ballett [SEP] Schwanensee ist ein sehr bekanntes Ballettstück. [SEP] b_____ [SEP] ballet
4614,de,1.71524676,Sitz [SEP] Direkt vorne beim Busfahrer ist noch ein Sitz frei. [SEP] s___ [SEP] seat
4615,de,0.191771344,Hafen [SEP] Der Tanker muss am Hafen von Triest neu beladen werden. [SEP] p___ [SEP] port
4616,de,-2.534475797,"festlegen [SEP] Wir sollten bald ein Meeting festlegen, um die Angelegenheit endgültig zu klären. [SEP] s_______ [SEP] schedule"
4617,de,-1.378762657,übrig [SEP] Es gibt auf diesem Flug noch ein paar übrige Sitzplätze. [SEP] s____ [SEP] spare
4618,de,-2.805182416,"Schwindel [SEP] Viele ältere Menschen haben ihr Geld verloren, weil sie auf den Schwindel reingefallen sind. [SEP] c__ [SEP] con"
4619,de,-1.62194769,töricht [SEP] Als junger Bursche war ich ziemlich unvernünftig und töricht. [SEP] f______ [SEP] foolish
4620,de,-2.617628323,"Schatz [SEP] Soll ich dich mitnehmen, Schatz? [SEP] b___ [SEP] babe"
4621,de,-2.336831452,"Belastung [SEP] Ihr neuer Job macht ihr viel Freude, aber ist auch eine Belastung für ihre Beziehung. [SEP] s_____ [SEP] strain"
4622,de,-2.919562474,gegebene [SEP] Die Arbeiter halten sich strikt an die Weisung des Vorgesetzten. [SEP] d________ [SEP] directive
4623,de,-1.5503623,mittelalterlich [SEP] Sie haben in einer mittelalterlichen Burg geheiratet. [SEP] m_______ [SEP] medieval
4624,de,-0.043700452,Heimatland [SEP] Er ist schon seit Jahren nicht mehr in sein Heimatland zurückgekehrt. [SEP] m_________ [SEP] motherland
4625,de,-1.823497804,wiederbeleben [SEP] Das Ärzteteam konnte ihn nach dem Unfall wiederbeleben. [SEP] r_____ [SEP] revive
4626,de,-0.132038941,Tatverdächtiger [SEP] Sie beschrieb den Tatverdächtigen. [SEP] s______ [SEP] suspect
4627,de,2.568174794,Festival [SEP] Das Rockfestival findet jedes Jahr im Mai statt. [SEP] f_______ [SEP] festival
4628,de,0.497477789,nützlich [SEP] Diese Informationen könnten sich als nützlich erweisen. [SEP] u_____ [SEP] useful
4629,de,2.689789832,"hilfreich [SEP] Vielen Dank, deine Tipps waren sehr hilfreich. [SEP] h______ [SEP] helpful"
4630,de,-1.20427237,anregen [SEP] Diese Art von Spiel regt die Kreativität der Kinder an und sorgt für Abwechslung. [SEP] s________ [SEP] stimulate
4631,de,0.834242242,japanisch [SEP] Mir schmeckt japanisches Essen. [SEP] j_______ [SEP] japanese
4632,de,-2.374228626,Abhängigkeit [SEP] Viele Entwicklungsländer befinden sich in einer wirtschaftlichen und politischen Abhängigkeit von stärkeren Nationen. [SEP] d_________ [SEP] dependence
4633,de,2.752455397,"Steak [SEP] Sie isst nicht häufig Fleisch, aber ab und zu hat sie Lust auf ein richtig saftiges Steak. [SEP] s____ [SEP] steak"
4634,de,0.320116453,Verwirrung [SEP] Es herrschte große Verwirrung. [SEP] c________ [SEP] confusion
4635,de,2.090146998,Reis [SEP] Kannst du bitte noch den Reis waschen und kochen? [SEP] r___ [SEP] rice
4636,de,-1.037852595,Leiche [SEP] Die Leiche wurde im Fluss gefunden. [SEP] c_____ [SEP] corpse
4637,de,-2.342670763,"verschieden [SEP] Beide sind Krankenschwestern, aber abgesehen davon sind sie komplett verschieden. [SEP] u_____ [SEP] unlike"
4638,de,2.321361259,"Kultur [SEP] Wenn du von Kultur begeistert bist, solltest du unbedingt Wien besuchen. [SEP] c______ [SEP] culture"
4639,de,1.581826115,Universitätsgelände [SEP] Es gibt ein neues Café auf dem Universitätsgelände. [SEP] c_____ [SEP] campus
4640,de,-1.469139002,benachteiligt [SEP] Es gibt ein Stipendium für benachteiligte Kinder. [SEP] d____________ [SEP] disadvantaged
4641,de,-0.232971272,gerecht [SEP] Eine gerechte und transparente Notenvergebung ist mir wichtig. [SEP] j___ [SEP] just
4642,de,-2.106138039,Grenze [SEP] Zwischen Arbeitgeber und -nehmer bestehen immer gewisse Grenzen. [SEP] b_______ [SEP] boundary
4643,de,-2.587428467,auftauchend [SEP] Auftauchende Probleme müssen sofort gelöst werden. [SEP] e_______ [SEP] emerging
4644,de,2.172237371,Spiegel [SEP] Der Mann schaut kritisch in den Spiegel. [SEP] m_____ [SEP] mirror
4645,de,-0.172743106,"von [SEP] Kalte, vom Nordpol kommende Luftströmungen werden das Wetter in den nächsten Tagen sehr stark abkühlen. [SEP] p____ [SEP] polar"
4646,de,-0.789100952,unaussprechlich [SEP] Sie litt unaussprechliche Qualen. [SEP] u__________ [SEP] unspeakable
4647,de,-0.105348102,verschneit [SEP] Die Kutschenfahrt ging vorbei an verschneiten Hügeln und gefrorenen Seen. [SEP] s____ [SEP] snowy
4648,de,-2.860298531,geschnitten [SEP] Die geschnittenen Äpfel werden anschließend in den Topf gegeben. [SEP] c______ [SEP] chopped
4649,de,1.595866101,Schlange [SEP] Die Grüne Mamba ist eine Schlange und lebt überwiegend auf Bäumen und Sträuchern. [SEP] s____ [SEP] snake
4650,de,-1.92121846,Angst [SEP] Du sollst doch den Kindern keine Angst einjagen. [SEP] t______ [SEP] terrify
4651,de,0.311212827,Wäsche [SEP] Mein Vater macht die Wäsche immer mittwochs. [SEP] w______ [SEP] washing
4652,de,-2.024927024,Auftrag [SEP] Hast du den Auftrag schon abgegeben? [SEP] a_________ [SEP] assignment
4653,de,-2.162976731,Wirksamkeit [SEP] Die Wirksamkeit des Medikaments ist klinisch bestätigt. [SEP] e____________ [SEP] effectiveness
4654,de,-1.328771644,palästinensisch [SEP] Das sind palästinensische Gebiete. [SEP] p__________ [SEP] palestinian
4655,de,-0.501846876,seufzen [SEP] Am Ende der ersten Seite seufzte sie gelangweilt und machte schließlich auf der nächsten Seite weiter. [SEP] s___ [SEP] sigh
4656,de,1.613557904,Münze [SEP] Mein Großvater hat ein Leben lang Münzen aus der ganzen Welt gesammelt. [SEP] c___ [SEP] coin
4657,de,-0.340041262,erhöht [SEP] Rauchen führt zu einem erhöhten Krebsrisiko. [SEP] i________ [SEP] increased
4658,de,2.266317597,Baby [SEP] Er benimmt sich wie ein Baby. [SEP] b___ [SEP] baby
4659,de,-3.69454501,Bekanntwerden [SEP] Das Auftreten des Vorfalls war unvermeidbar. [SEP] e________ [SEP] emergence
4660,de,1.51797417,"kompliziert [SEP] Die Sache wird immer komplizierter. Ich weiß nicht, wie wir das Problem lösen können. [SEP] c__________ [SEP] complicated"
4661,de,-2.127654141,"klar [SEP] Es ist klar, dass sie ihm nicht noch einmal aus der Patsche helfen wird. [SEP] p____ [SEP] plain"
4662,de,1.271689847,Investor [SEP] Es werden noch Investoren gesucht. [SEP] i_______ [SEP] investor
4663,de,0.086044806,zweitranging [SEP] Es gibt hier nur eine wirklich wichtige Frage und alle anderen Fragen sind absolut zweitrangig. [SEP] s________ [SEP] secondary
4664,de,0.202383062,Rohr [SEP] Wasser und Gas werden durch das Rohr gepumpt. [SEP] p___ [SEP] pipe
4665,de,-0.859095074,fortschrittlich [SEP] Fortschrittliche Technologien eröffnen neue Möglichkeiten. [SEP] a_______ [SEP] advanced
4666,de,2.319224674,jdn/etw [SEP] Wir ignorierten ihre Warnung. [SEP] i_____ [SEP] ignore
4667,de,-0.622177201,verbündet [SEP] Die verbündeten Streitkräfte haben den Kampf gewonnen. [SEP] a_____ [SEP] allied
4668,de,0.073499856,steigend [SEP] Die steigenden Temperaturen bedingt durch den Klimawandel sind ein großes Problem. [SEP] r_____ [SEP] rising
4669,de,0.914527935,Exil [SEP] Napoleon lebte auf der Insel Elba im Exil. [SEP] e____ [SEP] exile
4670,de,-0.426962854,Turnier [SEP] Schon nach der ersten Runde war das Turnier für sie beendet. [SEP] t_________ [SEP] tournament
4671,de,0.703036409,politisch [SEP] Die politisch aktiven Jugendlichen konnten eine Gesetzesänderung erreichen. [SEP] p__________ [SEP] politically
4672,de,2.365483648,"vertrauen [SEP] Die Teilnehmerinnen müssen lernen, einander zu vertrauen. [SEP] t____ [SEP] trust"
4673,de,0.7584357,"mit [SEP] Es wurde kritisiert, wie sie mit dem Problem umgegangen sind. [SEP] h_____ [SEP] handle"
4674,de,-1.949729287,stapeln [SEP] In deinem Büro muss man schon die Bücher am Boden stapeln. [SEP] s____ [SEP] stack
4675,de,2.958426569,"niemals [SEP] Du wirst niemals erraten, wer mich heute angerufen hat! [SEP] n____ [SEP] never"
4676,de,-2.232307562,Kreislauf [SEP] Der Kreislauf der Natur ist ein atemberaubendes Phänomen. [SEP] c____ [SEP] cycle
4677,de,-1.695198265,"Gebühr [SEP] Man muss eine kleine Gebühr entrichten, um hier parken zu können. [SEP] c_____ [SEP] charge"
4678,de,-1.481987786,fördern [SEP] Das Projekt fördert Austauschprogramme mit ausländischen Schulen. [SEP] p______ [SEP] promote
4679,de,0.051799991,kommerziell [SEP] Er veröffentlichte eine kommerziell erfolgreiche Buchreihe. [SEP] c___________ [SEP] commercially
4680,de,0.922419952,schon [SEP] Er hat schon einiges erlebt in seinen jungen Jahren. [SEP] a______ [SEP] already
4681,de,-1.728629961,gleichmäßig [SEP] Verteile den Kakao gleichmäßig auf der Torte. [SEP] e_____ [SEP] evenly
4682,de,1.276937114,"Knopf [SEP] Sie müssen diesen Knopf drücken, um das Gerät einzuschalten. [SEP] b_____ [SEP] button"
4683,de,1.549286953,Saxophon [SEP] Lisa Simpson spielt in der Serie häufig auf ihrem Saxophon. [SEP] s________ [SEP] saxophone
4684,de,-2.926580606,"fördern [SEP] Du solltest dir eine Praktikumsstelle suchen, um deine Karriere weiter voranzubringen. [SEP] f______ [SEP] further"
4685,de,-1.655502524,"knien [SEP] Sie kniete vor ihrem Freund hin und fragte ihn, ob er sie heiraten möchte. [SEP] k____ [SEP] kneel"
4686,de,1.467111887,dreckig [SEP] Er wusch seine dreckigen Füße. [SEP] d____ [SEP] dirty
4687,de,0.708517988,"Brieftasche [SEP] Sie hatte kaum Geld, aber zwei Kreditkarten in ihrer Brieftasche. [SEP] w_____ [SEP] wallet"
4688,de,2.204384456,Isolation [SEP] Die Dorfbewohner leben in Isolation und haben keinen Kontakt zu anderen Menschen. [SEP] i________ [SEP] isolation
4689,de,-2.916718989,Vermittlung [SEP] Die Vermittlung von Plätzen für Seniorenheime kann lange dauern. [SEP] p________ [SEP] placement
4690,de,-0.291397314,beschuldigen [SEP] Sie beschuldigen sie fälschlicherweise. [SEP] a_____ [SEP] accuse
4691,de,2.287754523,Pflanze [SEP] Diese Pflanze ist pflegeleicht und muss nur selten gegossen werden. [SEP] p____ [SEP] plant
4692,de,1.515871356,Karaoke [SEP] Wir gehen heute Abend in eine Karaokebar. [SEP] k______ [SEP] karaoke
4693,de,-2.127234857,"Werbekampagne [SEP] Durch eine gezielte Werbekampagne gelang es dem Regime, dass Minderheiten vermehrt unterdrückt wurden. [SEP] p_________ [SEP] propaganda"
4694,de,-0.317398595,"entfernen [SEP] Sie nahm sich viel Zeit, um ihr Make-up gründlich zu entfernen. [SEP] r_____ [SEP] remove"
4695,de,0.304233991,Diamant [SEP] Sie trägt einen Diamantring. [SEP] d______ [SEP] diamond
4696,de,-1.009065329,mutig [SEP] Sie ist ein mutiges Mädchen. [SEP] b____ [SEP] brave
4697,de,1.610674723,umarmen [SEP] Sie umarmten sich zum Abschied. [SEP] h__ [SEP] hug
4698,de,2.93937164,Stift [SEP] Hast du einen Stift für mich? [SEP] p__ [SEP] pen
4699,de,-1.759376821,"sich [SEP] Ich möchte mich nicht einmischen, aber mir ist ein kleiner Fehler in eurer Berechnung aufgefallen. [SEP] i________ [SEP] interfere"
4700,de,-0.588327686,Tätigkeitsgebiet [SEP] Vorrangiges Tätigkeitsgebiet unserer Praxis: Behandlung von Angstpatienten durch Akupunktur. [SEP] a___ [SEP] area
4701,de,-0.373335058,"Hinweis [SEP] Man muss nach Hinweisen suchen, um das Rätsel zu lösen. [SEP] c___ [SEP] clue"
4702,de,-1.626518309,"Beratung [SEP] Ich rufe die Anwältin an, um herauszufinden, wie hoch die Gebühr für eine Beratung ist. [SEP] c___________ [SEP] consultation"
4703,de,0.238666583,Einwanderung [SEP] Die Politik verhandelt neue Einwanderungsgesetze. [SEP] i__________ [SEP] immigration
4704,de,0.510920752,Bergwerk [SEP] Ein Drittel der Bevölkerung war im Bergwerk beschäftigt. [SEP] m___ [SEP] mine
4705,de,-2.178743428,"verkaufsfördernd [SEP] Wir brauchen Werbematerialien, um dieses Produkt beliebter zu machen. [SEP] p__________ [SEP] promotional"
4706,de,1.016951262,geologisch [SEP] Die geologische Untersuchung des Geländes ist abgeschlossen. [SEP] g_________ [SEP] geological
4707,de,-0.624179581,wesentlich [SEP] Eier sind ein wesentlicher Bestandteil eines Kuchens. [SEP] k__ [SEP] key
4708,de,2.54979518,"tschüss [SEP] Wir gehen nach Hause. Es ist Zeit, Tschüss zu sagen. [SEP] b__ [SEP] bye"
4709,de,0.446026082,Aktualisierung [SEP] Es gab eine Aktualisierung zur bestehenden Urlaubsregelung. [SEP] u_____ [SEP] update
4710,de,0.365130807,romantisch [SEP] Stephanie und Harry sind seit kurzem auch romantisch verbandelt. [SEP] r___________ [SEP] romantically
4711,de,1.467606435,Korruption [SEP] Die Bank wurde wegen Korruption angeklagt. [SEP] c_________ [SEP] corruption
4712,de,1.919942857,Tampon [SEP] Sie hatte einen Tampon in ihrer Handtasche. [SEP] t_____ [SEP] tampon
4713,de,-0.546194527,Beendigung [SEP] Sein Verhalten führte zur Beendigung des Arbeitsverhältnisses. [SEP] t__________ [SEP] termination
4714,de,-1.511627258,Hypothek [SEP] Er hat eine Hypothek auf sein Haus aufgenommen. [SEP] m_______ [SEP] mortgage
4715,de,0.195505936,Aktivierung [SEP] Die Aktivierung der Maschine wurde versehentlich ausgelöst. [SEP] a_________ [SEP] activation
4716,de,0.911709001,gefährlich [SEP] Der Bär kam mir gefährlich nahe. [SEP] d__________ [SEP] dangerously
4717,de,1.861425018,Szene [SEP] In dieser Szene streiten die beiden Hauptdarsteller. [SEP] s____ [SEP] scene
4718,de,-2.167013794,Neugestaltung [SEP] Die Kanzlerin kündigte eine radikale Neugestaltung der Steuergesetze an. [SEP] r_____ [SEP] reform
4719,de,2.458866367,nass [SEP] Unsere Kleidung war völlig nass geworden. [SEP] w__ [SEP] wet
4720,de,0.494565854,danach [SEP] Lass uns einen Film anschauen und danach in eine Bar gehen. [SEP] a________ [SEP] afterward
4721,de,-1.65504243,Stammes [SEP] Der Stammesälteste nahm bei vielen Völkern eine besondere Rolle ein. [SEP] t_____ [SEP] tribal
4722,de,-1.603587072,vereinbaren [SEP] Ich versuche einen Termin mit dem Direktor der Firma zu vereinbaren. [SEP] a______ [SEP] arrange
4723,de,0.95995466,biografisch [SEP] Sein Roman enthält biografische Elemente. [SEP] b_________ [SEP] biographic
4724,de,-4.178875536,Standard [SEP] Die Leistung ist über dem Standard. [SEP] p__ [SEP] par
4725,de,0.305234383,"wieder [SEP] Nachdem der Computer neu aufgesetzt wurde, kann man ihn wieder mit dem Netzwerk verbinden. [SEP] r________ [SEP] reconnect"
4726,de,1.888776641,unter [SEP] Diese Unterwasserhöhlen sind vor kurzem entdeckt worden. [SEP] u_________ [SEP] underwater
4727,de,-2.389698472,Spitze [SEP] Sie erreichten die Insel an ihrer nördlichen Spitze. [SEP] t__ [SEP] tip
4728,de,-1.41205294,symbolisch [SEP] Es war ein symbolisch bedeutsamer Handschlag. [SEP] s___________ [SEP] symbolically
4729,de,2.432090009,Design [SEP] Ein neues Automodell mit neuem Design wurde auf der Messe präsentiert. [SEP] d_____ [SEP] design
4730,de,-2.541843451,"öffentliche [SEP] Viele öffentliche Versorgungsbetriebe wurden ebenfalls durch den Hurrikan zerstört, was die Situation noch verschärfte. (Üblicherweise im Plural, Antwort bitte im SINGULAR angeben.) [SEP] u______ [SEP] utility"
4731,de,2.405664922,Handball [SEP] Meine Schwester spielt seit vielen Jahren Handball. [SEP] h_______ [SEP] handball
4732,de,-2.49908105,Angeklagter [SEP] Die Angeklagte bereute ihre Tat. [SEP] d________ [SEP] defendant
4733,de,-1.184331449,Rolle [SEP] Könntest du bitte auch eine Rolle Toilettenpapier mitnehmen? [SEP] r___ [SEP] roll
4734,de,1.226176992,"Backofen [SEP] Man muss den Backofen vorheizen, bevor man den Kuchen hineingibt. [SEP] o___ [SEP] oven"
4735,de,-2.433667652,Umbau [SEP] Der Umbau von einer Wohnsiedlung zu Geschäftsräumlichkeiten dauerte ziemlich lang. [SEP] c_________ [SEP] conversion
4736,de,-0.125108227,Supermacht [SEP] Die USA ist weltweit als Supermacht etabliert. [SEP] s_________ [SEP] superpower
4737,de,-2.662435557,namenlos [SEP] Er ruht in einem namenlosen Grab. [SEP] u_______ [SEP] unmarked
4738,de,-1.511247248,fotogen [SEP] Das Mädchen ist sehr fotogen. Alle Bilder von ihr schauen toll aus. [SEP] p_________ [SEP] photogenic
4739,de,-1.292107885,Drehung [SEP] Mit einer schnellen Drehung des Handgelenks öffnete sie das Schloss. [SEP] t____ [SEP] twist
4740,de,-1.306745313,"in [SEP] Der Kommissar vermutet, dass die Vorfälle miteinander in Verbindung stehen. [SEP] l___ [SEP] link"
4741,de,-2.438394676,"Astronom [SEP] Astronomen gehen davon aus, dass die Sonne von etwa 100 Milliarden Kometen umkreist wird. [SEP] a_________ [SEP] astronomer"
4742,de,-0.735983421,Ahorn [SEP] Wir haben einen Tisch aus Ahornholz. [SEP] m____ [SEP] maple
4743,de,-1.780610286,behördlich [SEP] Wir müssen alle behördlichen Vorgaben zuerst erfüllen und können dann den Bau in Auftrag geben. [SEP] r_________ [SEP] regulatory
4744,de,-1.635196722,Fachsprache [SEP] Das ist ein Begriff aus der medizinischen Fachsprache. [SEP] t__________ [SEP] terminology
4745,de,-1.695458149,einschließen [SEP] Die eingestürzten Mauern schließen ihn im Keller ein. [SEP] t___ [SEP] trap
4746,de,0.029527688,Rückmeldung [SEP] Am Ende jedes Aufsatzes schreibt der Lehrer eine kurze Rückmeldung für die Schüler. [SEP] f_______ [SEP] feedback
4747,de,-1.675451778,"vervielfältigen [SEP] Ich habe die Erlaubnis dazu, diesen Text beliebig oft zu vervielfältigen. [SEP] r________ [SEP] reproduce"
4748,de,1.764406378,Mikrofon [SEP] Sie hält das Mikrofon nahe an den Mund. [SEP] m_________ [SEP] microphone
4749,de,-0.5516507,"negativ [SEP] Hör endlich auf, immer negativ zu denken! [SEP] n_________ [SEP] negatively"
4750,de,-0.930300364,Niederlage [SEP] Die Fußballmannschaft aus Deutschland hat eine Niederlage erlitten. [SEP] d_____ [SEP] defeat
4751,de,-0.162428328,"außer [SEP] Wir haben niemanden darüber informiert, außer ihren Vater. [SEP] e_____ [SEP] except"
4752,de,0.657827147,Architektur [SEP] Die Kirche ist ein typisches Beispiel gotischer Architektur. [SEP] a___________ [SEP] architecture
4753,de,1.551594027,Appetit [SEP] Bei diesem Anblick ist mir der Appetit vergangen. [SEP] a_______ [SEP] appetite
4754,de,-2.140819019,Gast [SEP] Für das nächste Semester hat die Universität eine hochinteressante Gastprofessorin eingeladen. [SEP] v_______ [SEP] visiting
4755,de,2.188284693,tief [SEP] Der See ist an dieser Stelle sehr tief. [SEP] d___ [SEP] deep
4756,de,1.049650528,nah [SEP] Wir können zu Fuß zur Schule gehen – die Schule ist nah. [SEP] c____ [SEP] close
4757,de,0.119082669,Ereignis [SEP] Die Wanderung war das beste Ereignis meines Lebens. [SEP] e____ [SEP] event
4758,de,0.953761446,Reparatur [SEP] Könntest du unser Auto morgen zur Reparatur in die Werkstatt bringen? [SEP] r_____ [SEP] repair
4759,de,-0.440794699,Verletzung [SEP] Die zugezogene Verletzung ist schwerwiegend. [SEP] i_____ [SEP] injury
4760,de,-0.150047067,lutschen [SEP] Als Kind wollte ich ständig meinen Daumen lutschen. [SEP] s___ [SEP] suck
4761,de,-1.59146192,Kindererziehung [SEP] Kindererziehung ist nicht immer leicht. [SEP] p________ [SEP] parenting
4762,de,-1.409053097,beeindruckend [SEP] Diese Frau spielt beeindruckend Klavier. [SEP] i___________ [SEP] impressively
4763,de,1.139719902,jdn/etw [SEP] Die Zeugin identifizierte den Verbrecher. [SEP] i_______ [SEP] identify
4764,de,0.928860412,industriell [SEP] Japan ist ein Land mit viel industrieller Produktion. [SEP] i_________ [SEP] industrial
4765,de,-0.150449889,Einfachheit [SEP] Der Erfolg dieses Gerätes beruht vor allem auf seiner Einfachheit. [SEP] s_________ [SEP] simplicity
4766,de,0.572149904,Heiliger [SEP] In Indien besuchten wir den Tempel eines berühmten Heiligen. [SEP] s____ [SEP] saint
4767,de,3.255357173,trocken [SEP] Die Lebensmittel sollten an einem trockenen und kühlen Platz gelagert werden. [SEP] d__ [SEP] dry
4768,de,-1.933534056,verweilen [SEP] Die Studenten verweilen nach dem Unterricht im Klassenraum. [SEP] l_____ [SEP] linger
4769,de,-0.355613683,Ruf [SEP] Er hatte an seiner ehemaligen Schule einen sehr guten Ruf. [SEP] r_________ [SEP] reputation
4770,de,1.139265499,"Befähigung [SEP] Alle Lehrpersonen müssen die entsprechende Befähigung nachweisen, um an dieser Schule zu arbeiten. [SEP] q____________ [SEP] qualification"
4771,de,0.270288838,Anfassen [SEP] Hochwertiges Material kann man schon beim Anfassen erkennen. [SEP] f___ [SEP] feel
4772,de,-0.592015955,"zuversichtlich [SEP] Ich bin zuversichtlich, dass ich eine gute Note bekommen werde. [SEP] h______ [SEP] hopeful"
4773,de,-1.787415232,"Gedankenübertragung [SEP] Wow, das war ja die reinste Gedankenübertragung! [SEP] t________ [SEP] telepathy"
4774,de,1.230997423,Brust [SEP] Er verschränkte die Arme vor der Brust und wartete. [SEP] b_____ [SEP] breast
4775,de,-1.802584684,Wahrzeichen [SEP] Das Wahrzeichen wird von vielen Touristen besucht. [SEP] l_______ [SEP] landmark
4776,de,-3.100608623,Engagement [SEP] Vielen Dank für euer Engagement. Das Ergebnis spricht für sich selbst. [SEP] d_________ [SEP] dedication
4777,de,0.175519124,Picknick [SEP] Wir machen ein kleines Picknick unter dem alten Baum. [SEP] p_____ [SEP] picnic
4778,de,-1.568644107,Schlitz [SEP] Er tastete den gesamten Automaten ab und konnte den Schlitz für die Münzen einfach nicht finden. [SEP] s___ [SEP] slot
4779,de,1.861529751,kognitiv [SEP] Die Übungen dienen zur Verbesserung der kognitiven Fähigkeiten von älteren Menschen. [SEP] c________ [SEP] cognitive
4780,de,0.885141588,Türklingel [SEP] Ich habe die Türklingel gehört. Es muss jemand vor der Tür stehen. [SEP] d_______ [SEP] doorbell
4781,de,0.60186611,Algebra [SEP] Algebra ist die Lehre von den Gleichungen und ist ein Teilgebiet der Mathematik. [SEP] a______ [SEP] algebra
4782,de,-1.221125356,"während [SEP] Zuerst dachten alle, er sei arrogant, wohingegen er in Wahrheit nur schüchtern war. [SEP] w______ [SEP] whereas"
4783,de,1.208568016,Notizbuch [SEP] Er kritzelt etwas in sein Notizbuch. [SEP] n_______ [SEP] notebook
4784,de,2.107783338,Galaxie [SEP] In der Galaxie gibt es unzählbar viele Sterne. [SEP] g_____ [SEP] galaxy
4785,de,2.045002649,Mauer [SEP] Er saß auf der Mauer und betrachtete die Gegend um ihn herum. [SEP] w___ [SEP] wall
4786,de,3.365323574,Uniform [SEP] Er hatte die Uniform schon längst abgelegt. [SEP] u______ [SEP] uniform
4787,de,1.185224392,perfekt [SEP] Sie beherrscht die Tanzschritte perfekt. [SEP] p________ [SEP] perfectly
4788,de,2.791803849,am [SEP] Diese Frage wird am meisten von den Studenten gestellt. [SEP] m___ [SEP] most
4789,de,-1.04685118,umgehend [SEP] Ich verlange eine umgehende Erklärung von euch. [SEP] i________ [SEP] immediate
4790,de,-0.728247738,Wiederholung [SEP] Nach jeder Wiederholung der Übung sollten Sie kurz Luft holen und rasten. [SEP] r_________ [SEP] repetition
4791,de,-0.214468825,glückerlicherweise [SEP] Glückerlicherweise ist den Insassen nichts passiert. [SEP] h______ [SEP] happily
4792,de,-2.234296184,"verbergen [SEP] Es war ihm kaum möglich, seine Trauer zu verbergen. [SEP] c______ [SEP] conceal"
4793,de,0.323549595,beschämt [SEP] Ich war beschämt wegen seines Verhaltens. [SEP] a______ [SEP] ashamed
4794,de,-2.006878594,Blockierung [SEP] Abgestürzte Felsen verursachen die Blockierung der Straße. [SEP] o__________ [SEP] obstruction
4795,de,0.116736733,"Dampf [SEP] Durch das Kochen von Wasser entsteht Dampf, der für das Betreiben des Motors verwendet wird. [SEP] s____ [SEP] steam"
4796,de,-0.827478312,Beton [SEP] Anna und Sebastians Haus ist aus Beton. [SEP] c_______ [SEP] concrete
4797,de,-2.011721761,wohl [SEP] Sie teilte uns ihre wohl überlegte Entscheidung mit. [SEP] c_________ [SEP] considered
4798,de,2.263148188,hoffentlich [SEP] Hoffentlich kommen sie nicht zu spät. [SEP] h________ [SEP] hopefully
4799,de,-0.795941399,autobiografisch [SEP] Der Roman enthält einige autobiografische Details. [SEP] a_______________ [SEP] autobiographical
4800,de,-1.073717193,Ausstoß [SEP] Ein neuer Filter soll den Ausstoß schädlicher Substanzen reduzieren. [SEP] e_______ [SEP] emission
4801,de,3.484413225,Webcam [SEP] Eine Webcam ist direkt auf die Skipiste ausgerichtet. [SEP] w_____ [SEP] webcam
4802,de,-2.24151998,mittel [SEP] Das Mädchen ist von mittlerer Größe. [SEP] m_____ [SEP] medium
4803,de,-1.22948216,"unter [SEP] Gibt es hier irgendwo einen Raum, wo wir unter vier Augen sprechen können? [SEP] p________ [SEP] privately"
4804,de,-0.202983082,konventionell [SEP] Du kannst das Wasser in einem Wasserkocher oder in einem konventionellen Topf kochen. [SEP] c___________ [SEP] conventional
4805,de,2.350282898,Name [SEP] Mein Name ist Stefanie. [SEP] n___ [SEP] name
4806,de,-3.084340845,nahekommen [SEP] Die vorgeschlagenen Leistungen kommen unseren Vorstellungen nahe. [SEP] a__________ [SEP] approximate
4807,de,0.612972186,Glaubensrichtung [SEP] Menschen aller möglichen Glaubensrichtungen haben sich zu dieser Feier versammelt. [SEP] r_______ [SEP] religion
4808,de,-5.478098136,Erholung [SEP] Laut aktuellen Prognosen können wir fürs nächste Jahr mit einer wirtschaftlichen Erholung rechnen. [SEP] r______ [SEP] rebound
4809,de,-0.047936615,im [SEP] Sie war früher bei der Polizei tätig und ist jetzt im Ruhestand. [SEP] r______ [SEP] retired
4810,de,-0.616175512,Band [SEP] Als Mädchen trug sie oft ein gelbes Band in ihren schwarzen Haaren. [SEP] r_____ [SEP] ribbon
4811,de,-1.582732225,Haftung [SEP] Das Geschäft übernimmt keine Haftung für verlorene Jacken. [SEP] l________ [SEP] liability
4812,de,-0.167352677,Schlag [SEP] Er musste beim Boxtraining so manchen Schlag einstecken. [SEP] p____ [SEP] punch
4813,de,-2.083552444,Eigenschaft [SEP] Sie besaß alle Eigenschaften einer Leiterin. [SEP] a________ [SEP] attribute
4814,de,-1.252670435,Berichterstattung [SEP] Die Berichterstattung zu diesem Vorfall ist leider ungenau und lückenhaft. [SEP] r________ [SEP] reporting
4815,de,-2.374823529,zum [SEP] Beim Feuer wurde zum Glück niemand verletzt. [SEP] t_________ [SEP] thankfully
4816,de,0.53977262,Arbeitsplatz [SEP] Der Weg von Zuhause zum Arbeitsplatz dauert etwa eine halbe Stunde. [SEP] w________ [SEP] workplace
4817,de,0.125038021,Dynamik [SEP] Die Dynamik ist die Lehre vom Einfluss der Kräfte auf die Bewegungsvorgänge von Körpern. [SEP] d_______ [SEP] dynamics
4818,de,-1.392621511,wiederaufgebaut [SEP] Nach dem Großbrand in 1495 wurde die Kathedrale von Grund auf wiederaufgebaut. [SEP] r______ [SEP] rebuilt
4819,de,-1.535634784,Statuten [SEP] Die Statuten der Universität verlangen die Gleichberechtigung aller Studierenden. [SEP] s______ [SEP] statute
4820,de,2.949922262,Vogel [SEP] Die Vögel fliegen über die Häuserdächer. [SEP] b___ [SEP] bird
4821,de,-1.044569904,Kommentar [SEP] Die Kommentare zu den Entwicklungen beziehen sich auf die ärmeren Länder. [SEP] c_________ [SEP] commentary
4822,de,-0.085553359,Paradigma [SEP] Die neuen Erkenntnisse wurden zum Paradigma in der westlichen Welt. [SEP] p_______ [SEP] paradigm
4823,de,-0.041761446,"Selbstvertrauen [SEP] Der Junge ist schüchtern, es fehlt ihm an Selbstvertrauen. [SEP] c_________ [SEP] confidence"
4824,de,-2.701056234,vorsichtig [SEP] Ein vorsichtigerer Umgang mit den Maschinen hätte den Unfall wahrscheinlich verhindern können. [SEP] c_______ [SEP] cautious
4825,de,-0.717727857,widerlich [SEP] Der Gestank von toten Tierkadavern war widerlich. [SEP] d_________ [SEP] disgusting
4826,de,-1.185811661,Ermutigung [SEP] Mit der Ermutigung meiner Eltern reiste ich alleine nach England. [SEP] e____________ [SEP] encouragement
4827,de,2.272207425,"Studio [SEP] Die letzten vier Monate verbrachte sie im Studio, um an ihrem neuen Album zu arbeiten. [SEP] s_____ [SEP] studio"
4828,de,-3.319820712,greifen [SEP] Das kleine Mädchen griff nach der Hand ihres Vaters. [SEP] g___ [SEP] grip
4829,de,2.892790351,Schusswaffe [SEP] Die Schusswaffe wurde nach der Tat nicht mehr gefunden. [SEP] g__ [SEP] gun
4830,de,-2.775331604,überwachen [SEP] Anna leitet das Projekt. [SEP] o______ [SEP] oversee
4831,de,-1.519565266,Amtsperson [SEP] Der Regierungsbeamte geht bald in Pension. [SEP] o_______ [SEP] official
4832,de,0.332649811,kreischend [SEP] Jeden Abend aufs Neue stellen sie sich in einer Konzerthalle dem kreischenden Publikum. [SEP] s________ [SEP] screaming
4833,de,4.179614884,Kuss [SEP] Es war ein leidenschaftlicher Kuss. [SEP] k___ [SEP] kiss
4834,de,0.918836473,Fußball [SEP] Für beide ist Fußball die wichtigste Freizeitbeschäftigung. [SEP] s_____ [SEP] soccer
4835,de,-1.383874041,"annehmen [SEP] Ich nehme an, dass er die Wahrheit sagt. [SEP] a_____ [SEP] assume"
4836,de,0.504613918,bellen [SEP] Der Hund bellte die ganze Zeit. [SEP] b___ [SEP] bark
4837,de,0.895914175,Wohnung [SEP] Ich bin vor Kurzem in eine neue Wohnung gezogen. [SEP] a________ [SEP] apartment
4838,de,0.570075028,braten [SEP] Die Lammschulter sollte dann für ca. 50 Minuten im Ofen braten. [SEP] r____ [SEP] roast
4839,de,0.157067747,Bürsten [SEP] Das Bürsten öffnet die Struktur des Leders und erzeugt eine weiche Struktur. [SEP] b_______ [SEP] brushing
4840,de,3.866369475,fahren [SEP] Ich fahre mit dem Auto zur Arbeit. [SEP] d____ [SEP] drive
4841,de,-1.13790404,Autobahn [SEP] Wir dürfen auf der Autobahn nicht zu schnell fahren. [SEP] f______ [SEP] freeway
4842,de,0.484259822,"Kannibalismus [SEP] Tiere zu essen, ist nicht weit vom Kannibalismus entfernt. [SEP] c__________ [SEP] cannibalism"
4843,de,1.587727264,Roman [SEP] Sie schreibt einen klassischen Liebesroman. [SEP] n____ [SEP] novel
4844,de,0.554512957,Pullover [SEP] Heute zieht sie den Pullover mit Norwegermuster an. [SEP] s______ [SEP] sweater
4845,de,-1.611771395,zulässig [SEP] Das zulässige Gesamtgewicht des Fahrzeuges ist überschritten. [SEP] p________ [SEP] permitted
4846,de,0.369006112,Esel [SEP] Ein Esel zieht den alten Holzanhänger. [SEP] d_____ [SEP] donkey
4847,de,-1.033617569,besitzen [SEP] Der Angeklagte besitzt mehrere illegale Schusswaffen. [SEP] p______ [SEP] possess
4848,de,3.529005643,Kosten [SEP] Durch die Erhöhung der Rohstoffpreise werden die Kosten der Produkte steigen. [SEP] c___ [SEP] cost
4849,de,0.663366069,wesentlich [SEP] Reis ist ein wesentlicher Bestandteil der asiatischen Ernährung. [SEP] b____ [SEP] basic
4850,de,-2.547611394,dazugehörig [SEP] Nach dem Lesetext folgen dazugehörige Übungen. [SEP] c____________ [SEP] corresponding
4851,de,2.090169613,Gastgeber [SEP] Die Gastgeberin bekam einen Blumenstrauß als Geschenk. [SEP] h___ [SEP] host
4852,de,0.15574268,Steuerzahler [SEP] Ich würde mich als durchschnittliche Steuerzahlerin einschätzen. [SEP] t_______ [SEP] taxpayer
4853,de,-1.709756096,sowjetisch [SEP] Das ehemalige Ostdeutschland war zuvor die sowjetische Besatzungszone. [SEP] s_____ [SEP] soviet
4854,de,-1.673988935,Angelegenheit [SEP] Bürger haben ein Mitspracherecht bei wichtigen öffentlichen Angelegenheiten. [SEP] a_____ [SEP] affair
4855,de,-0.369479235,dreifach [SEP] Sie wurde wegen dreifachen Mordes angeklagt. [SEP] t_____ [SEP] triple
4856,de,-0.253283949,außerdem [SEP] Sie konnte außerdem noch Klavier spielen. [SEP] b______ [SEP] besides
4857,de,2.932718758,"Geschichte [SEP] Es scheint, als ob sich die Geschichte wiederholt. [SEP] h______ [SEP] history"
4858,de,-2.637101659,Verfilmung [SEP] Die Romanverfilmung war ein voller Erfolg. [SEP] a_________ [SEP] adaptation
4859,de,0.468795413,emotional [SEP] Mit Geschäftskunden sollte man nicht emotional handeln. [SEP] e__________ [SEP] emotionally
4860,de,2.024276542,Sorte [SEP] Welche Sorte Kaffee soll ich dir kaufen? [SEP] k___ [SEP] kind
4861,de,1.808214565,unterrichten [SEP] Beide unterrichten an derselben Schule. [SEP] t____ [SEP] teach
4862,de,0.87745267,verkauft [SEP] Dieses Haus wurde gerade eben verkauft. [SEP] s___ [SEP] sold
4863,de,-2.429509901,darstellbar [SEP] Durch ein spezielles Programm werden die Ergebnisse in einer Grafik darstellbar gemacht. [SEP] r____________ [SEP] representable
4864,de,-1.001714884,Jugend [SEP] Die Jugendkriminalität ist in den letzten Monaten deutlich gestiegen. [SEP] j_______ [SEP] juvenile
4865,de,3.050902139,digital [SEP] Sie arbeitet mit digitalen Technologien. [SEP] d______ [SEP] digital
4866,de,1.592200305,Hüfte [SEP] Sie hat an den Hüften zugenommen und daher passt ihr das Kleid nicht mehr. [SEP] h__ [SEP] hip
4867,de,1.562775569,"Karton [SEP] Bitte lies zuerst die Gebrauchsanweisung, bevor du das Handy aus dem Karton nimmst. [SEP] b__ [SEP] box"
4868,de,-3.29118476,Luftröhre [SEP] Die Luftröhre verläuft vom Kehlkopf abwärts in die Lunge. [SEP] a_____ [SEP] airway
4869,de,-1.852658171,Konkurrent [SEP] Der Billigdiscounter ist ein starker Konkurrent für den normalen Supermarkt. [SEP] c_________ [SEP] competitor
4870,de,0.689877355,astrologisch [SEP] In seinem zweiten Buch wendet er die Erkenntnisse aus Geometrie und Musik auf astrologische Betrachtungen an. [SEP] a___________ [SEP] astrological
4871,de,-0.491217092,fortschreiten [SEP] Dank der neuen Computertechnologien macht auch die Naturwissenschaft große Fortschritte. [SEP] p_______ [SEP] progress
4872,de,0.788833992,Brüderlichkeit [SEP] Unser Trainer brachte uns Toleranz und Freiheit bei und schuf eine Atmosphäre von Brüderlichkeit. [SEP] b__________ [SEP] brotherhood
4873,de,0.966827615,leiden [SEP] An manchen Tagen leide ich unter furchtbaren Kopfschmerzen. [SEP] s_____ [SEP] suffer
4874,de,1.081576618,gesamt [SEP] Das sind nur drei Prozent der gesamten Bevölkerung. [SEP] t____ [SEP] total
4875,de,2.72111722,Operation [SEP] Die Militäroperation wurde minuziös geplant. [SEP] o________ [SEP] operation
4876,de,1.084796498,"verwunden [SEP] Der Löwe wollte seinen Artgenossen nur verwunden, nicht töten. [SEP] w____ [SEP] wound"
4877,de,1.319821329,Möhre [SEP] Das Kind hat eine Möhre als gesunden Snack mit. [SEP] c_____ [SEP] carrot
4878,de,1.323481764,Nachtisch [SEP] Zum Nachtisch wird Käsekuchen serviert. [SEP] d______ [SEP] dessert
4879,de,0.377130822,jdn/etw [SEP] Bäume umgeben das gesamte Grundstück. [SEP] s_______ [SEP] surround
4880,de,1.78787016,Rundfunk [SEP] Das Projekt wurde in Rundfunk und Fernsehen beworben. [SEP] r____ [SEP] radio
4881,de,-3.232271992,wie [SEP] Sie wurde wie durch ein Wunder von der Krankheit geheilt. [SEP] m________ [SEP] magically
4882,de,1.075039554,persönlich [SEP] Ich persönlich halte nichts von dem neuen Programm. [SEP] p_________ [SEP] personally
4883,de,0.986455752,Opportunist [SEP] Der Opportunist nutzt den kurzen Moment der Unsicherheit. [SEP] o__________ [SEP] opportunist
4884,de,-1.455467983,Transparent [SEP] Wir gestalten verschiedene Transparente für die Demonstration. [SEP] b_____ [SEP] banner
4885,de,-0.002437084,Sucht [SEP] Die Sucht nach Zucker und das Verlangen nach Süßigkeiten machen viele Diäten zur Qual. [SEP] a________ [SEP] addiction
4886,de,-0.914780788,Umfrage [SEP] Laut einer aktuellen Umfrage verliert der Präsident immer mehr an Ansehen. [SEP] p___ [SEP] poll
4887,de,0.379463632,empfindlich [SEP] Ich habe sehr empfindliche Haut und muss immer spezielle Pflegeprodukte kaufen. [SEP] s________ [SEP] sensitive
4888,de,2.038614047,Größe [SEP] Das Wohnzimmer hat genau die richtige Größe für uns. [SEP] s___ [SEP] size
4889,de,0.887481654,nächsten [SEP] Die Familie kam erst am nächsten Tag an. [SEP] f________ [SEP] following
4890,de,-0.629206118,"brüten [SEP] Vögel bauen sich ein Nest, legen Eier hinein und brüten diese aus. [SEP] b____ [SEP] breed"
4891,de,-4.765471373,auf [SEP] Er hat das Rennen auf unvergessliche Weise gewonnen. [SEP] m________ [SEP] memorably
4892,de,0.17449652,Jahrestag [SEP] Das Paar feierte seinen zweiten Jahrestag. [SEP] a__________ [SEP] anniversary
4893,de,-1.992153054,Affäre [SEP] Diese Affäre beendete ihre steile politische Karriere. [SEP] s______ [SEP] scandal
4894,de,-1.128979684,Dollar [SEP] Kannst du mir fünf Dollar leihen? [SEP] b___ [SEP] buck
4895,de,0.248880694,hirnlos [SEP] Das war eine hirnlose Aktion. Macht das nie wieder! [SEP] b________ [SEP] brainless
4896,de,2.111206645,bemalt [SEP] Die bemalte Wand ist schön. [SEP] p______ [SEP] painted
4897,de,-6.068295019,völlig [SEP] Das ist völlig falsch. [SEP] a_________ [SEP] altogether
4898,de,1.576839888,Berührung [SEP] Sie spürte eine sanfte Berührung auf ihrer Schulter. [SEP] t____ [SEP] touch
4899,de,0.583209309,Verhaftung [SEP] Zahlreiche Hinweise aus der Bevölkerung führten zur Verhaftung des Verbrechers. [SEP] a_____ [SEP] arrest
4900,de,0.928144394,"betiteln [SEP] Der Artikel ist treffend betitelt. (üblicherweise passiv, bitte die AKTIVE Form angeben.) [SEP] t____ [SEP] title"
4901,de,-0.889277352,Gewächshaus [SEP] Die Tomaten wachsen im Gewächshaus. [SEP] g_________ [SEP] greenhouse
4902,de,2.287105921,danken [SEP] Du brauchst mir dafür nicht zu danken. [SEP] t____ [SEP] thank
4903,de,2.249637089,Feier [SEP] Bist du auch auf die Geburtstagsfeier von Andrea eingeladen? [SEP] p____ [SEP] party
4904,de,0.123867309,Drehbuch [SEP] Das Drehbuch ist ausgezeichnet und wird sich sicher gut verkaufen lassen. [SEP] s_____ [SEP] script
4905,de,0.811916091,"Italiener [SEP] Italiener sind überall bekannt für ihre gute Küche: Die ganze Welt liebt Pasta, Pizza und Gelato. [SEP] i______ [SEP] italian"
4906,de,1.707246838,"Bande [SEP] Das Programm soll Jugendliche davor beschützen, einer Bande beizutreten. [SEP] g___ [SEP] gang"
4907,de,-0.509842592,"Kontrollliste [SEP] Vor der Abreise überprüften wir, ob wir alles laut Kontrollliste eingepackt hatten. [SEP] c________ [SEP] checklist"
4908,de,-1.888244634,Kongressabgeordneter [SEP] Die Kongressabgeordneten treffen sich heute zu einer Versammlung. [SEP] c__________ [SEP] congressman
4909,de,-0.65607751,"Patentante [SEP] Sie hat eingewilligt, Patentante von der kleinen Matilda zu werden. [SEP] g________ [SEP] godmother"
4910,de,0.714259205,waagerecht [SEP] Er zeichnet eine waagerechte Linie auf das Papier. [SEP] h_________ [SEP] horizontal
4911,de,-4.655876451,unbestimmt [SEP] Der Roman spielt zu einer unbestimmten Zeit. [SEP] u__________ [SEP] unspecified
4912,de,-0.014585612,jüdisch [SEP] In diesem Ort gibt es ein bekanntes jüdisches Museum. [SEP] j_____ [SEP] jewish
4913,de,-0.093068367,in [SEP] Er ist heute in Richtung Grenze aufgebrochen. [SEP] t_____ [SEP] toward
4914,de,-0.89843631,sich [SEP] Die vorzeitige Veröffentlichung der Umfragen wird sich auf das Wahlergebnis auswirken. [SEP] a_____ [SEP] affect
4915,de,0.882663125,"weder [SEP] Ich kann mich weder für das eine Kleid, noch für das andere entscheiden. [SEP] n______ [SEP] neither"
4916,de,-0.111165485,"hauptsächlich [SEP] Der Kuchen besteht hauptsächlich aus Mehl, Milch und Eiern. [SEP] m_____ [SEP] mainly"
4917,de,-0.043690098,Teig [SEP] Wir können die Pizza belegen. Ich habe einen Teig vorbereitet. [SEP] d____ [SEP] dough
4918,de,-1.428852702,"Innovations [SEP] Wenn die Firma es versteht, ihre Innovationskraft weiter zu fördern, werden sie sehr viel Erfolg haben. [SEP] i_______ [SEP] innovate"
4919,de,2.588516489,"Benutzer [SEP] Als Benutzerin des Fahrzeugs ist sie für den Schaden haftbar, auch wenn sie nicht die Besitzerin ist. [SEP] u___ [SEP] user"
4920,de,0.288787708,kühl [SEP] Draußen ist es kühl. [SEP] c___ [SEP] cool
4921,de,1.796798428,imperial [SEP] Ich bewundere diese imperiale Architektur. [SEP] i_______ [SEP] imperial
4922,de,-0.691747193,Rechtfertigung [SEP] Es gibt keine Rechtfertigung für ihr Handeln. [SEP] j____________ [SEP] justification
4923,de,-2.70998004,Installationsprogramm [SEP] Das Installationsprogramm ist leicht zu bedienen. [SEP] i________ [SEP] installer
4924,de,1.755699451,Abstraktion [SEP] Die steigende Abstraktion in der Kunst macht Interpretationen anspruchsvoller. [SEP] a__________ [SEP] abstraction
4925,de,2.233166505,Insekt [SEP] Kerzenlicht lockt in den Sommermonaten Insekten an. [SEP] i_____ [SEP] insect
4926,de,0.856428481,leihen [SEP] Ich leihe ein Buch aus der Bibliothek aus. [SEP] b_____ [SEP] borrow
4927,de,-0.809017873,Übergang [SEP] Der Übergang von der Schule zum Arbeitsleben fiel ihr nicht leicht. [SEP] t_________ [SEP] transition
4928,de,-0.260049914,Absolvent [SEP] Die Absolventen feierten ihren Studienerfolg. [SEP] g_______ [SEP] graduate
4929,de,-1.55396672,in [SEP] Ich verbringe meine Freizeit am liebsten in der freien Natur. [SEP] o_______ [SEP] outdoors
4930,de,-1.052804255,Rechts [SEP] Ich nehme eine Rechtsberatung in Anspruch. [SEP] l____ [SEP] legal
4931,de,2.091820033,Tiger [SEP] Der Tiger lebt nur noch in wenigen Gebieten Asiens wild. [SEP] t____ [SEP] tiger
4932,de,-1.253790658,Teil [SEP] Wir konnten leider nur einen Teilerfolg erzielen. [SEP] p______ [SEP] partial
4933,de,1.589606571,Telegramm [SEP] Mein Großvater schickte ein Telegramm an seinen Onkel. [SEP] t_______ [SEP] telegram
4934,de,-0.182423622,"Vorführung [SEP] Die Vorführung zeigt, dass Kochen ohne Öl möglich ist. [SEP] d____________ [SEP] demonstration"
4935,de,3.279051764,Endspiel [SEP] Das Endspiel fand in Madrid statt. [SEP] f____ [SEP] final
4936,de,3.380255426,Schwimmbecken [SEP] Gegen Mittag kehrten sie zum Hotel zurück und schliefen entspannt auf einer der Sonnenliegen neben dem Schwimmbecken. [SEP] p___ [SEP] pool
4937,de,-2.316276225,"überprüfen [SEP] Die Journalistin überprüfte den Artikel noch einmal, bevor sie ihn an die Redaktion weiterleitete. [SEP] r_____ [SEP] review"
4938,de,2.920084464,"Spielzeug [SEP] Die Pistole war nicht echt, nur ein Spielzeug. [SEP] t__ [SEP] toy"
4939,de,0.475563918,Dieb [SEP] Die Diebin nahm außer diesem Bild nichts mit. [SEP] t____ [SEP] thief
4940,de,-2.51883331,Entscheidungsspiel [SEP] Der Aufstieg in die nächste Liga wurde bei einem spannenden Entscheidungsspiel besiegelt. [SEP] p______ [SEP] playoff
4941,de,2.341573253,Geige [SEP] Mein Bruder spielt sehr gut Geige. [SEP] v_____ [SEP] violin
4942,de,-2.01306823,selbstsicher [SEP] Er spricht selbstsicher über seine Pläne. [SEP] c__________ [SEP] confidently
4943,de,-2.614788353,stupsen [SEP] Er stupst sie mit dem Finger und flüstert ihr etwas ins Ohr. [SEP] p___ [SEP] poke
4944,de,0.530638094,potenziell [SEP] Potenzielle Kunden sollten durch zusätzliche Angebote auf unser Produkt aufmerksam gemacht werden. [SEP] p________ [SEP] potential
4945,de,-1.977781532,Arzt [SEP] Sie arbeitet als Ärztin. [SEP] p________ [SEP] physician
4946,de,2.830624898,"ewig [SEP] Wir haben uns versprochen, dass wir uns ewig lieben werden. [SEP] f______ [SEP] forever"
4947,de,-2.096464337,trotzdem [SEP] Die Straßenverhältnisse in dieser Gegend sind sehr schlecht. Trotzdem gibt es hier viel Verkehr. [SEP] n__________ [SEP] nonetheless
4948,de,2.754182445,backen [SEP] Ich backe einen Geburtstagskuchen für meine Schwester. [SEP] b___ [SEP] bake
4949,de,0.253204041,Hyperaktivität [SEP] Das Kind leidet an einer Aufmerksamkeitsdefizit-Hyperaktivitätsstörung. [SEP] h____________ [SEP] hyperactivity
4950,de,0.668386132,Wunder [SEP] Ich hoffe immer noch auf ein Wunder. [SEP] m______ [SEP] miracle
4951,de,-1.304865662,Produktion [SEP] Die Fabrik hat ihre Produktion um zehn Prozent gesteigert. [SEP] o_____ [SEP] output
4952,de,-1.516813983,überlegen [SEP] Das neue Modell ist dem alten wirklich in den meisten Punkten weit überlegen. [SEP] s_______ [SEP] superior
4953,de,-1.768694177,ohne [SEP] Die Erzählung ist ohne Bezug zur realen Welt. [SEP] u________ [SEP] unrelated
4954,de,-1.82170207,tröstend [SEP] Ich danke dir. Das war eine tröstende Geste von dir. [SEP] c_________ [SEP] comforting
4955,de,0.171195671,Ruhm [SEP] So vergeht der Ruhm der Welt! [SEP] g____ [SEP] glory
4956,de,-1.288679772,Gewebe [SEP] Farbstoffe werden auch aus pflanzlichem Gewebe gewonnen. [SEP] t_____ [SEP] tissue
4957,de,-0.420466327,"Diagramm [SEP] Das Diagramm zeigt, dass die Arbeitslosigkeit gestiegen ist. [SEP] g____ [SEP] graph"
4958,de,1.402765326,"wiedergeboren [SEP] Im Hinduismus glaubt man daran, dass jeder Mensch viele Male wiedergeboren wird. [SEP] r_____ [SEP] reborn"
4959,de,-1.41695374,stark [SEP] Die Frau hatte starke Schmerzen im Unterleib. [SEP] i______ [SEP] intense
4960,de,-2.621448759,unglaublich [SEP] Das Bild ist unglaublich schön. [SEP] i_________ [SEP] incredibly
4961,de,3.30983674,Hälfte [SEP] Die eine Hälfte der Gruppe kommt bitte mit mir mit! [SEP] h___ [SEP] half
4962,de,-1.431259809,schlendern [SEP] In der Altstadt können Sie gemütlich durch die Gassen schlendern. [SEP] w_____ [SEP] wander
4963,de,-2.232687819,bahnbrechend [SEP] Diese neue bahnbrechende Entwicklung stellt alles andere in den Schatten. [SEP] r____________ [SEP] revolutionary
4964,de,0.528053821,Sarkasmus [SEP] Sie war für ihren guten Sinn für Humor und ihren beißenden Sarkasmus weithin bekannt. [SEP] s______ [SEP] sarcasm
4965,de,3.526717299,Tennis [SEP] Sollen wir heute Nachmittag Tennis spielen? [SEP] t_____ [SEP] tennis
4966,de,-1.964044762,"Sitzung [SEP] Können wir noch eine Sitzung einplanen, um das Projekt fertigzuplanen? [SEP] s______ [SEP] session"
4967,de,-2.171144329,Großteil [SEP] Er stellte den Großteil seiner Arbeit vor dem Abendessen fertig. [SEP] b___ [SEP] bulk
4968,de,-3.756793884,nicht [SEP] Das bisher nicht notierte Unternehmen möchte ab Herbst an die Börse. [SEP] u_______ [SEP] unlisted
4969,de,2.468892281,Bankier [SEP] Mein Mann arbeitet als Bankier. [SEP] b_____ [SEP] banker
4970,de,-1.523493339,beseitigen [SEP] Die Spuren des Verbrechens wurden beseitigt. [SEP] c____ [SEP] clear
4971,de,1.076489222,republikanisch [SEP] Meine republikanischen Freunde waren über dieses Wahlergebnis sehr erfreut. [SEP] r_________ [SEP] republican
4972,de,2.118005701,kreativ [SEP] Sie bastelt gerne und ist sehr kreativ. [SEP] c_______ [SEP] creative
4973,de,1.926139259,Busch [SEP] Es wachsen viele Bäume und Büsche in unserem Garten. [SEP] b___ [SEP] bush
4974,de,0.543490184,Relativität [SEP] Einstein war der Begründer der Relativitätstheorie. [SEP] r_________ [SEP] relativity
4975,de,-2.971708216,ausreichend [SEP] Die Leistung war ausreichend. [SEP] a_______ [SEP] adequate
4976,de,-1.833023299,"Eingangstor [SEP] Das Eingangstor öffnet sich automatisch, wenn ein Auto vorfährt. [SEP] g______ [SEP] gateway"
4977,de,-2.951099108,Programm [SEP] Die Regierung legte ein neues Programm zur Ausbildung aller Lehrkräfte fest. [SEP] s_____ [SEP] scheme
4978,de,-3.468108704,Modernisierung [SEP] Die Modernisierung des Gebäudes war längst überfällig. [SEP] m____________ [SEP] modernization
4979,de,-4.453996302,Leiter [SEP] Der Leiter des Unternehmens hat viel Erfahrung. [SEP] c_________ [SEP] controller
4980,de,0.420477287,Zeitleiste [SEP] Eine Zeitleiste stellt die zeitliche Abfolge als räumliche Reihenfolge dar. [SEP] t_______ [SEP] timeline
4981,de,0.496643428,Morgengrauen [SEP] Sie tanzten die ganze Nacht und gingen erst im Morgengrauen nach Hause. [SEP] d___ [SEP] dawn
4982,de,-0.758832206,"Fortsetzung [SEP] Ich freue mich, dass wir die Fortführung unserer Zusammenarbeit besiegeln konnten. [SEP] c___________ [SEP] continuation"
4983,de,-1.228956125,Kleintransporter [SEP] Er wirft das alte Sperrholz auf die Ladefläche seines Kleintransporters. [SEP] p_____ [SEP] pickup
4984,de,1.572410837,harmlos [SEP] Diese Schlange ist harmlos. Es wird dir nichts passieren. [SEP] h_______ [SEP] harmless
4985,de,2.575349551,Baseball [SEP] Er spielt sehr gut Baseball. [SEP] b_______ [SEP] baseball
4986,de,2.276484503,der [SEP] Der amerikanische Kongress wird gewählt und ist für die Gesetze zuständig. [SEP] c_______ [SEP] congress
4987,de,-1.286422462,Epidemie [SEP] Die Region leidet unter einer Grippeepidemie. [SEP] e_______ [SEP] epidemic
4988,de,1.606609467,Dank [SEP] Ich möchte meinen Dank zum Ausdruck bringen. [SEP] t_____ [SEP] thanks
4989,de,-0.039064021,Zuckerkrankeit [SEP] Er leidet seit einigen Jahren an der Zuckerkrankheit und muss sich Insulin spritzen. [SEP] d_______ [SEP] diabetes
4990,de,-1.080200879,größtenteils [SEP] Wir verdanken unseren Sieg größtenteils dem guten Wetter. [SEP] l______ [SEP] largely
4991,de,-0.312580743,ideologisch [SEP] Sie hatten ideologisch unterschiedliche Weltanschauungen. [SEP] i__________ [SEP] ideological
4992,de,1.322237953,explodieren [SEP] Eine Bombe explodierte vor dem Einkaufszentrum. [SEP] e______ [SEP] explode
4993,de,1.448145576,Geist [SEP] Sie hat in ihrem Traum von Geistern geträumt. [SEP] g____ [SEP] ghost
4994,de,1.514487573,Hochschule [SEP] Gibt es in dieser Region eine Hochschule? [SEP] u_________ [SEP] university
4995,de,-0.338269223,"Gesichts [SEP] Sie trägt eine Gesichtsmaske auf, bevor sie ins Bett geht. [SEP] f_____ [SEP] facial"
4996,de,1.007837297,einführen [SEP] Das Land führt Waren aus verschiedenen Ländern ein. [SEP] i_____ [SEP] import
4997,de,-2.55562949,Stange [SEP] Sie müssen noch eine Stange für den Vorhang besorgen. [SEP] r__ [SEP] rod
4998,de,-0.97096981,Präsidentschaft [SEP] Seine Präsidentschaft wurde von zahlreichen Skandalen überschattet. [SEP] p_________ [SEP] presidency
4999,de,0.585511144,Kaktus [SEP] Auf der Insel Gran Canaria wachsen viele Kakteen. [SEP] c_____ [SEP] cactus
5000,de,-0.990330383,betonen [SEP] Die Berichte betonen die wichtige Rolle der Eltern. [SEP] u________ [SEP] underline
5001,de,1.104995863,jdm [SEP] Die Familie gratulierte dem Sohn zur bestandenen Führerscheinprüfung. [SEP] c___________ [SEP] congratulate
5002,de,1.641728138,nicht [SEP] Liebst du mich nicht mehr? [SEP] a______ [SEP] anymore
5003,de,1.056463535,Schweiß [SEP] Nach dem Spiel waren alle in Schweiß gebadet. [SEP] s____ [SEP] sweat
5004,de,3.285605876,Neon [SEP] Neonlichter waren in den Achtzigerjahren sehr beliebt. [SEP] n___ [SEP] neon
5005,de,0.095970734,übernatürlich [SEP] Die Hexe aus diesem Märchen hat übernatürliche Kräfte. [SEP] s___________ [SEP] supernatural
5006,de,-2.582801539,"formvollendet [SEP] Unser Anspruch ist es, formvollendete Lösungen für unsere Kunden anzubieten. [SEP] a________ [SEP] aesthetic"
5007,de,-0.073132812,glücklos [SEP] Bisher waren wir bei der Buchung leider glücklos. [SEP] u______ [SEP] unlucky
5008,de,2.326724838,Feuerball [SEP] Der zweite Feuerball entstand entlang der Ostseite des Turms. [SEP] f_______ [SEP] fireball
5009,de,2.726481472,Yoga [SEP] Sie hat wieder mit Yoga aufgehört. [SEP] y___ [SEP] yoga
5010,de,1.644819337,jemand [SEP] Kann mir bitte jemand helfen? [SEP] a_____ [SEP] anyone
5011,de,1.433792772,Mondlicht [SEP] Das Mondlicht erhellt die Nacht. [SEP] m________ [SEP] moonlight
5012,de,-0.054084087,"Seepferdchen [SEP] Manche Seepferdchen sind so winzig, dass man sie in freier Wildbahn kaum ausfindig machen kann. [SEP] s_______ [SEP] seahorse"
5013,de,-1.059308058,Mühe [SEP] Sie hat ohne große Mühe die Hausaufgaben gemacht. [SEP] d_________ [SEP] difficulty
5014,de,-3.07149732,Ausstrahlung [SEP] Die erste Ausstrahlung des Films im öffentlichen Fernsehen wurde nun doch verschoben. [SEP] s______ [SEP] showing
5015,de,0.991589533,Fall [SEP] Das ist eine interessanter Fall. Ich kümmere mich darum. [SEP] c___ [SEP] case
5016,de,0.522028708,Aufräumen [SEP] Das Aufräumen nach der Feier war kein Zuckerschlecken. [SEP] c_______ [SEP] cleaning
5017,de,1.431641128,"optimistisch [SEP] Er hatte eine schwierige Zeit, aber jetzt schaut er optimistisch in die Zukunft. [SEP] o_________ [SEP] optimistic"
5018,de,-2.023535645,typisch [SEP] Die Ansichten meiner Schwiegermutter sind nicht typisch für ihre Generation. [SEP] r_____________ [SEP] representative
5019,de,-0.990817539,teilweise [SEP] Dort steht ein teilweise gedeckter Tisch. [SEP] p________ [SEP] partially
5020,de,-2.135379894,erwarten [SEP] Welche Ergebnisse erwartest du dir? [SEP] a_________ [SEP] anticipate
5021,de,-3.965311584,"auf [SEP] Er kam auf die Idee, die Fabrikhalle in ein Museum zu verwandeln. [SEP] c_______ [SEP] conceive"
5022,de,-1.699942547,Anreiz [SEP] Die Regierung verspricht finanzielle Anreize für das Projekt. [SEP] i________ [SEP] incentive
5023,de,-2.750856543,"quellen [SEP] Kochen Sie die Erbsen, sodass sie quellen und weich werden. [SEP] s____ [SEP] swell"
5024,de,-0.691220537,Winkel [SEP] Beide Linien bilden einen Winkel von 90°. [SEP] a____ [SEP] angle
5025,de,0.814614629,"aufzeichnen [SEP] Es ist sehr praktisch, wenn man TV-Sendungen einfach aufzeichnen kann, um sie zu einem späteren Zeitpunkt anzusehen. [SEP] r_____ [SEP] record"
5026,de,2.115764948,buchstabieren [SEP] Könnten Sie bitte Ihren Nachnamen buchstabieren. [SEP] s____ [SEP] spell
5027,de,-0.886767981,Wasserstoff [SEP] Wasserstoff und Sauerstoff erzeugen Wasser. [SEP] h_______ [SEP] hydrogen
5028,de,-0.617459684,Vorfahre [SEP] Ihre Vorfahren kamen aus Irland. [SEP] a_______ [SEP] ancestor
5029,de,1.136550484,geplant [SEP] Das Meeting läuft leider nicht wie geplant. [SEP] p______ [SEP] planned
5030,de,2.091715575,leer [SEP] Das leere Glas wird wieder aufgefüllt. [SEP] e____ [SEP] empty
5031,de,1.492040185,"um [SEP] Mein Nachbar sorgt sich um meine Blumen und die Post, wenn ich im Urlaub bin. [SEP] c___ [SEP] care"
5032,de,0.401734121,ausrutschen [SEP] Meine Großmutter ist letzte Woche auf der Treppe ausgerutscht und muss für ein paar Wochen einen Gips tragen. [SEP] s___ [SEP] slip
5033,de,0.846660551,badend [SEP] Die badenden Kinder haben viel Spaß. [SEP] b______ [SEP] bathing
5034,de,-0.317262562,schaukeln [SEP] Sie sitzen auf den Bänken und schaukeln mit den Beinen. [SEP] s____ [SEP] swing
5035,de,-1.909480807,offensichtlich [SEP] Offensichtlich habe ich mich in dir getäuscht. [SEP] a_________ [SEP] apparently
5036,de,2.57366966,lustig [SEP] Das ist eine lustige Geschichte. Alle Kinder haben gelacht. [SEP] f____ [SEP] funny
5037,de,-2.07777946,ununterbrochen [SEP] Es regnete ununterbrochen für fünf Tage. [SEP] c___________ [SEP] continuously
5038,de,-1.965838552,Jahrgang [SEP] 2009 war für Rieslingweine ein besonders guter Jahrgang. [SEP] v______ [SEP] vintage
5039,de,-0.003696434,statistisch [SEP] Sie kann dir bei der statistischen Auswertung deiner Daten helfen. [SEP] s__________ [SEP] statistical
5040,de,1.4574676,Konfiguration [SEP] Man kann die Konfiguration der Computer nach Belieben verändern. [SEP] c____________ [SEP] configuration
5041,de,3.36632278,Suite [SEP] Wir konnten uns dort sogar eine Luxus-Suite leisten. [SEP] s____ [SEP] suite
5042,de,-2.669262926,Abschaltung [SEP] Das Elektrizitätswerk droht mir der Abschaltung des Stroms. [SEP] d____________ [SEP] disconnection
5043,de,-0.209826364,Thema [SEP] Könnten wir bitte das Thema wechseln und über etwas anderes sprechen? [SEP] s______ [SEP] subject
5044,de,-2.279251569,ergreifen [SEP] Du solltest diese Chance unbedingt ergreifen und dich auf die Stelle bewerben. [SEP] s____ [SEP] seize
5045,de,-0.558025812,ohrfeigen [SEP] Sie drehte sich um und ohrfeigte den Mann. [SEP] s___ [SEP] slap
5046,de,-0.935523409,Hütte [SEP] Ich habe mir über die Sommerferien ein kleine Hütte auf dem Land angemietet. [SEP] c______ [SEP] cottage
5047,de,0.529283576,ermüden [SEP] Nach einigen Kilometern begannen ihre Beine zu ermüden. [SEP] t___ [SEP] tire
5048,de,1.627978374,Kegeln [SEP] Wir haben den Wettkampf im Kegeln gewonnen. [SEP] b______ [SEP] bowling
5049,de,0.508503383,Legalität [SEP] Ich bezweifle die Legalität deiner Tat. [SEP] l_______ [SEP] legality
5050,de,2.261139447,Schuss [SEP] Der Jäger feuerte einen gezielten Schuss ab. [SEP] s___ [SEP] shot
5051,de,2.472784251,Alkohol [SEP] Alkohol macht die Leute betrunken. [SEP] a______ [SEP] alcohol
5052,de,1.086338203,Magnetismus [SEP] Die Kraftwirkung zwischen Magneten nennt man Magnetismus. [SEP] m________ [SEP] magnetism
5053,de,0.55324036,Technologie [SEP] Modernste Technologien werden unseren Alltag in Zukunft zunehmend verändern. [SEP] t_________ [SEP] technology
5054,de,-1.345827654,gewaltig [SEP] Der gefällte Baum hat einen gewaltigen Stamm. [SEP] m______ [SEP] massive
5055,de,2.594092381,Banane [SEP] In mein Frühstücksmüsli schneide ich eine Banane hinein. [SEP] b_____ [SEP] banana
5056,de,1.539535934,schlaflos [SEP] Er hat wegen des neuen Kredits einige schlaflose Nächte verbracht. [SEP] s________ [SEP] sleepless
5057,de,-0.257328794,unvorbereitet [SEP] Auf diese Antwort war sie allerdings völlig unvorbereitet. [SEP] u_________ [SEP] unprepared
5058,de,1.919793968,gesund [SEP] Sie hat ein gesundes Baby zur Welt gebracht. [SEP] h______ [SEP] healthy
5059,de,-2.494031343,Herrschaft [SEP] Laut einer Studie sind die Banken besonders berüchtigt für die männliche Vorherrschaft im Management. [SEP] d_________ [SEP] domination
5060,de,-1.961658791,"uneinig [SEP] Die Kinder sind sich uneinig, welches Spiel sie spielen wollen. [SEP] d______ [SEP] divided"
5061,de,-2.939511823,Gespräch [SEP] Ich hatte ein nettes Gespräch mit ihr. [SEP] c_______ [SEP] chatting
5062,de,0.38827367,Verzeichnis [SEP] Alle Studierenden werden zu Studienbeginn in ein Verzeichnis eingetragen. [SEP] r_______ [SEP] register
5063,de,-0.572928739,unveröffentlicht [SEP] Nach seinem Tod wurde ein bislang unveröffentlichter Roman gefunden. [SEP] u__________ [SEP] unpublished
5064,de,2.767212004,besuchen [SEP] Die Minister besuchen derzeit die ehemaligen Kolonien. [SEP] v____ [SEP] visit
5065,de,-2.722068974,Einheit [SEP] Das Haus besteht aus vier eigenständigen Einheiten. [SEP] e_____ [SEP] entity
5066,de,0.49151429,einzigartig [SEP] Ihr einzigartiges Talent ebnete den Weg für eine großartige Laufbahn. [SEP] u_____ [SEP] unique
5067,de,3.111287345,Hobby [SEP] Ihr Hobby ist das Angeln. [SEP] h____ [SEP] hobby
5068,de,1.844337095,natürlich [SEP] Die Creme besteht nur aus natürlichen Inhaltsstoffen. [SEP] n______ [SEP] natural
5069,de,1.946109777,Alligator [SEP] Der zu den Krokodilen gehörenden Alligator hat eine kurze Schnauze. [SEP] a________ [SEP] alligator
5070,de,-0.291336168,vernichten [SEP] Dieser Skandal vernichtet nun endgültig seine Karriere. [SEP] r___ [SEP] ruin
5071,de,0.050478047,Zahn [SEP] Zahnseide sollte täglich verwendet werden. [SEP] d_____ [SEP] dental
5072,de,2.415557855,Museum [SEP] Die Familie besucht das Museum. [SEP] m_____ [SEP] museum
5073,de,1.25421657,Wahl [SEP] Die Bürger gehen zur Wahl. [SEP] e_______ [SEP] election
5074,de,3.043622022,Fenster [SEP] Er konnte ihnen durchs Fenster zusehen. [SEP] w_____ [SEP] window
5075,de,2.037859951,Runde [SEP] Ein professioneller Boxkampf kann bis zu zwölf Runden dauern. [SEP] r____ [SEP] round
5076,de,-1.489067871,ausstellen [SEP] Seine Werke werden im Museum ausgestellt. [SEP] e______ [SEP] exhibit
5077,de,2.870747491,bitte [SEP] Könnten Sie mir bitte helfen? [SEP] p_____ [SEP] please
5078,de,-0.339901288,Mangel [SEP] Aus Mangel an Beweisen wurde der Angeklagte freigesprochen. [SEP] l___ [SEP] lack
5079,de,0.204986083,tragischerweise [SEP] Seine Frau verunglückte tragischerweise tödlich. [SEP] t_________ [SEP] tragically
5080,de,-2.009492069,Einrichtung [SEP] Die Forschungseinrichtung erhielt die Zusage von Forschungsgeldern. [SEP] e____________ [SEP] establishment
5081,de,1.267215691,finanziell [SEP] Die Familie hat finanzielle Probleme. [SEP] f________ [SEP] financial
5082,de,-1.68905437,einen [SEP] Der kleine Robert schaute sich in seinem neuen Kinderzimmer um und liebte es sofort. [SEP] g_____ [SEP] glance
5083,de,-1.396230648,Urlaub [SEP] Anton wurde der Urlaub genehmigt. [SEP] l____ [SEP] leave
5084,de,-4.30280004,Befürwortung [SEP] Mit der Befürwortung dieses Antrags unterstützen wir klar die Mehrheit unserer Wähler. [SEP] a_______ [SEP] advocacy
5085,de,-4.355156226,Beweis [SEP] Ihr Erfolg ist ein Beweis für ihr Durchsetzungsvermögen. (NICHT testimony) [SEP] t________ [SEP] testament
5086,de,-0.271522433,rätselhaft [SEP] Der rätselhafte Mord wurde noch nicht aufgeklärt. [SEP] m_________ [SEP] mysterious
5087,de,1.45755501,"Wanderschuh [SEP] Wir brauchen feste Wanderschuhe, um diesen Berg zu bezwingen. [SEP] b___ [SEP] boot"
5088,de,1.518825317,australisch [SEP] Ich habe australische Verwandte. [SEP] a_________ [SEP] australian
5089,de,0.557835371,homosexuell [SEP] Diese Bar wird von viele homosexuellen Menschen besucht. [SEP] h_________ [SEP] homosexual
5090,de,-1.848118041,entstehen [SEP] Das Konzept dieser Shops entstand in London. [SEP] o________ [SEP] originate
5091,de,-1.275958786,"ausladen [SEP] Die beiden halfen, das Gepäck auszuladen. [SEP] u_____ [SEP] unload"
5092,de,1.057471143,Sanktion [SEP] Gegen den Iran wurde gestern eine neue Sanktion verhängt. [SEP] s_______ [SEP] sanction
5093,de,-3.93308842,alamieren [SEP] Sie hörten jemanden im Haus und alamierten die Polizei. [SEP] a____ [SEP] alert
5094,de,1.705598579,sportlich [SEP] Maria ist sehr sportlich. [SEP] a_______ [SEP] athletic
5095,de,-0.395790353,"dehnen [SEP] Dehnen Sie regelmäßig Ihre Nackenmuskulatur, wenn Sie vor dem Bildschirm arbeiten. [SEP] s______ [SEP] stretch"
5096,de,-0.537768791,"Größe [SEP] Die Größe und den moralischen Fortschritt einer Nation kann man daran ermessen, wie sie ihre Tiere behandelt. [SEP] g________ [SEP] greatness"
5097,de,-0.241669471,Karren [SEP] Wir konnten den mit Heu beladenen Karren lange nicht überholen. [SEP] w____ [SEP] wagon
5098,de,1.418795631,Wörterbuch [SEP] Ich schlage unbekannte Wörter im Wörterbuch nach. [SEP] d_________ [SEP] dictionary
5099,de,0.91958909,Kommunismus [SEP] Unter dem Kommunismus dürfen Menschen kein Eigentum besitzen. [SEP] c________ [SEP] communism
5100,de,-0.252704268,Belastung [SEP] Diese Verantwortung ist eine Belastung für ihn. [SEP] b_____ [SEP] burden
5101,de,0.358339027,unklar [SEP] Das Motiv für die Tat ist immer noch unklar. [SEP] u______ [SEP] unclear
5102,de,-1.34877842,jugendlich [SEP] Sie hat immer noch ein jugendliches Aussehen. [SEP] a_________ [SEP] adolescent
5103,de,-2.400168248,jdm [SEP] Sie machte sich selbst für die Folgen den Unfalls verantwortlich. [SEP] a__________ [SEP] accountable
5104,de,3.151504635,Mond [SEP] Heute Nacht haben wir Vollmond. [SEP] m___ [SEP] moon
5105,de,-3.482674359,reflektierend [SEP] Gerade im Herbst sollten Radfahrer reflektierende Kleidung tragen. [SEP] r_________ [SEP] reflective
5106,de,0.203071243,Therapeut [SEP] Meine Therapeutin hat mir diese Übung empfohlen. [SEP] t________ [SEP] therapist
5107,de,-0.034368503,Seil [SEP] Wir spannten ein langes Seil zwischen den beiden Bäumen. [SEP] r___ [SEP] rope
5108,de,0.708566189,Technik [SEP] Wissenschaft und Technik werden in dieser Ausbildung kombiniert. [SEP] t___ [SEP] tech
5109,de,1.150318046,"qualifiziert [SEP] Diese Chirurgin erscheint uns besonders geeignet, um diese schwierige Operation durchzuführen. [SEP] q________ [SEP] qualified"
5110,de,-4.966023344,"murmeln [SEP] Der Vater verstand sein Kind nicht, weil es murmelte. [SEP] m_____ [SEP] mutter"
5111,de,2.663447512,Roboter [SEP] Ein Roboter kann diese Arbeit bereits problemlos übernehmen. [SEP] r____ [SEP] robot
5112,de,0.083505103,Getreide [SEP] Der Bauer baut Getreide an. [SEP] c___ [SEP] corn
5113,de,1.406586956,Reihenfolge [SEP] Die Liste führt alle Namen in alphabetischer Reihenfolge auf. [SEP] o____ [SEP] order
5114,de,-2.466293021,praktisch [SEP] Die Ergebnisse sind praktisch dieselben wie letztes Jahr. [SEP] v________ [SEP] virtually
5115,de,-0.236816552,Eimer [SEP] Sie baut mit dem Eimer eine Sandburg. [SEP] b_____ [SEP] bucket
5116,de,-1.311124306,Ablehnung [SEP] Im Falle einer Ablehnung kann man sich immer zu einem späteren Zeitpunkt noch einmal bewerben. [SEP] r________ [SEP] rejection
5117,de,-2.982925457,aufsässig [SEP] Seine aufsässige Kunst wurde bereits in Museen auf der ganzen Welt ausgestellt. [SEP] p__________ [SEP] provocative
5118,de,-1.081496063,vorübergehend [SEP] Diese Nummer ist vorübergehend nicht erreichbar. [SEP] t__________ [SEP] temporarily
5119,de,1.834708433,"Sieg [SEP] Zugegeben, es war ein sehr knapper Sieg, aber die Hauptsache ist, wir sind in der nächsten Runde. [SEP] v______ [SEP] victory"
5120,de,1.507133447,dick [SEP] Überall lag eine dicke Schicht Staub. [SEP] t____ [SEP] thick
5121,de,-1.758730854,anstrengend [SEP] Manche Kinder sind sehr anstrengend. [SEP] d________ [SEP] demanding
5122,de,2.069343413,Drucker [SEP] Könntest du bitte Tinte für den Drucker nachkaufen? [SEP] p______ [SEP] printer
5123,de,-0.067645726,abmessen [SEP] Der Mann misst die Länge des Tisches ab. [SEP] m______ [SEP] measure
5124,de,0.053464701,"Bohrer [SEP] Wir brauchen einen Bohrer, um das Bild aufzuhängen. [SEP] d____ [SEP] drill"
5125,de,-1.535032403,ausrichten [SEP] Wer richtet die Geburtstagsparty für Tom dieses Jahr aus? [SEP] h___ [SEP] host
5126,de,1.298542112,Mitgliedschaft [SEP] Er hat eine Mitgliedschaft beim Fitnessstudio abgeschlossen. [SEP] m_________ [SEP] membership
5127,de,-1.061463618,zugeben [SEP] Während der Befragung gestand der Dieb den Einbruch. [SEP] c______ [SEP] confess
5128,de,4.087454127,"Burger [SEP] Ich hätte gerne einen Cheeseburger mit Pommes, bitte! [SEP] b_____ [SEP] burger"
5129,de,-1.433190497,"gleichgültig [SEP] Es ist einfach, Geld gegenüber gleichgültig zu sein, wenn man immer genügend davon hatte. [SEP] i__________ [SEP] indifferent"
5130,de,-2.932223423,absuchen [SEP] Mit einem Fernglas suchen sie die Küste nach Zeichen von Zivilisation ab. [SEP] s___ [SEP] scan
5131,de,-0.902137287,"zurückgeschickt [SEP] Wir können nicht garantieren, dass die zurückgeschickten Artikel rechtzeitig ersetzt werden. [SEP] r_______ [SEP] returned"
5132,de,0.02620602,Hormon [SEP] Die Schilddrüse ist für den Hormonhaushalt im Körper zuständig. [SEP] h______ [SEP] hormone
5133,de,-0.790674553,Vorzug [SEP] Die Kinder haben den Vorzug einer guten Erziehung genossen. [SEP] b______ [SEP] benefit
5134,de,1.32214555,Tochter [SEP] Mein Tochter heiß Anna. [SEP] d_______ [SEP] daughter
5135,de,-0.379465085,"voller [SEP] Obwohl meine Oma schon über 70 ist, ist sie noch voller Energie. [SEP] e________ [SEP] energetic"
5136,de,1.788439,handgefertigt [SEP] Die Tasche ist handgefertigt. [SEP] h_______ [SEP] handmade
5137,de,0.991792708,"besprühen [SEP] Die Orchidee wird es dir danken, wenn du regelmäßig die Luftwurzeln mit Leitungswasser besprühst. [SEP] s____ [SEP] spray"
5138,de,-1.365337708,verkünden [SEP] Die Rebellen verkünden die Errichtung eines neuen unabhängigen Staates. [SEP] p_______ [SEP] proclaim
5139,de,-1.260063715,"dienstältere [SEP] Ihr Vorschlag ist gut, aber ich muss zuerst meinen Vorgesetzten um Erlaubnis bitten. [SEP] s_____ [SEP] senior"
5140,de,-2.204923771,Marine [SEP] Er besucht die Marineakademie. [SEP] n____ [SEP] naval
5141,de,0.911767108,sich [SEP] Zieh dich an und dann lass uns endlich gehen. [SEP] d____ [SEP] dress
5142,de,0.810945516,Fossil [SEP] Das Museum stellt Fossilien in Bernsteinen aus. [SEP] f_____ [SEP] fossil
5143,de,0.65333525,U-Boot [SEP] Sie bauten für das Projekt ihr eigenes U-Boot und erforschten damit den Meeresgrund. [SEP] s________ [SEP] submarine
5144,de,-0.66300552,verstellbar [SEP] Der Sitz im Auto ist verstellbar. [SEP] a_________ [SEP] adjustable
5145,de,2.955393998,Karate [SEP] Mein Sohn macht Karate. [SEP] k_____ [SEP] karate
5146,de,-1.907747832,austauschbar [SEP] Das Gerät hat praktischerweise austauschbare Klingen. [SEP] r__________ [SEP] replaceable
5147,de,1.812796276,mit [SEP] Sie zeigt mit dem Finger auf einen Punkt am Horizont. [SEP] p____ [SEP] point
5148,de,-0.676278039,verständlich [SEP] Natürlich ist ihre Einstellung durchaus verständlich. [SEP] u_____________ [SEP] understandable
5149,de,0.223075934,glaubhaft [SEP] Ihre Geschichte ist absolut glaubhaft. Ich bin deshalb auf ihrer Seite. [SEP] b_________ [SEP] believable
5150,de,2.292107485,Kirsche [SEP] Im Sommer esse ich viele Kirschen. [SEP] c_____ [SEP] cherry
5151,de,2.502941233,pflanzen [SEP] Im Frühling pflanze ich einen Apfelbaum im Garten. [SEP] p____ [SEP] plant
5152,de,-1.085653782,Anwesen [SEP] Ihr Anwesen ist ein Vermögen wert. [SEP] e_____ [SEP] estate
5153,de,-0.493971783,Abonnent [SEP] Durch das neue Layout konnten wir viele neue Abonnenten gewinnen. [SEP] s_________ [SEP] subscriber
5154,de,-0.678136536,nicht [SEP] Dieses Buch ist derzeit nicht erhältlich. [SEP] u__________ [SEP] unavailable
5155,de,-1.182070106,sich [SEP] Ich muss mich einer Operation unterziehen. [SEP] u______ [SEP] undergo
5156,de,-1.034167349,Anziehungskraft [SEP] Er erlag ihrer bezaubernden Anziehungskraft. [SEP] c____ [SEP] charm
5157,de,2.602426821,füttern [SEP] Die Kinder füttern die Enten mit Brotresten. [SEP] f___ [SEP] feed
5158,de,-0.89000628,Geständnis [SEP] Er hat ein umfassendes Geständnis abgelegt und später widerrufen. [SEP] c_________ [SEP] confession
5159,de,1.104380343,Treibstoff [SEP] Benzin wird als Treibstoff verwendet. [SEP] f___ [SEP] fuel
5160,de,1.668850609,"Mittagszeit [SEP] Lass uns eine Pause einlegen, es ist schon fast Mittagszeit. [SEP] l________ [SEP] lunchtime"
5161,de,1.469556169,Enkelkind [SEP] Sie hat schon drei Enkelkinder. [SEP] g_________ [SEP] grandchild
5162,de,-1.292243659,untersuchen [SEP] Der Forscher untersucht alle Gegenstände. [SEP] e______ [SEP] examine
5163,de,3.555518484,Virus [SEP] Dieser Virus wird durch Stechfliegen übertragen. [SEP] v____ [SEP] virus
5164,de,-4.415529038,Zukunftsmöglichkeiten [SEP] Die Zukunftsmöglichkeiten dieser Region wurden sicherlich noch nicht vollständig ausgeschöpft. [SEP] p________ [SEP] potential
5165,de,-0.576345197,waagerecht [SEP] Die Schwester rückt das Bett waagerecht. [SEP] h___________ [SEP] horizontally
5166,de,1.511177892,intensiv [SEP] Dieser Sportplatz braucht intensive Pflege. [SEP] i________ [SEP] intensive
5167,de,-0.566488936,eingebildet [SEP] Ich kann sie nicht ausstehen. Sie ist eingebildet. [SEP] a_______ [SEP] arrogant
5168,de,0.63115119,"machtlos [SEP] Als die gegnerischen Truppen uns angriffen, waren wir völlig machtlos. [SEP] p________ [SEP] powerless"
5169,de,-0.129913958,Assistent [SEP] Sie ist die Assistentin der Geschäftsleitung. [SEP] a________ [SEP] assistant
5170,de,-0.588157132,Ehrgeiz [SEP] Er wirkt ziemlich verloren und hat keinen Ehrgeiz. [SEP] a_______ [SEP] ambition
5171,de,0.91522221,"Lesbe [SEP] Während der Konferenz wird über die Grundrechte von Lesben, Schwulen und Bisexuellen diskutiert. [SEP] l______ [SEP] lesbian"
5172,de,2.603992545,Popmusik [SEP] Auf diesem Album verbindet sie Popmusik mit Klassik. [SEP] p__ [SEP] pop
5173,de,1.944303102,einsam [SEP] Ich bin vielleicht ein etwas einsamer Wolf. [SEP] l___ [SEP] lone
5174,de,-0.295636788,eine [SEP] Der Filmschauspieler wird ab März ausnahmsweise eine Hauptrolle in einem Broadwaystück spielen. [SEP] s___ [SEP] star
5175,de,2.481318762,schüchtern [SEP] Er ist sehr schüchtern und spricht nur ungern mit fremden Personen. [SEP] s__ [SEP] shy
5176,de,3.692478972,küssen [SEP] Der Mann küsst seine Ehefrau. [SEP] k___ [SEP] kiss
5177,de,0.474201358,verletzt [SEP] Die verletzten Menschen konnten den Notruf verständigen. [SEP] i______ [SEP] injured
5178,de,2.260403889,süß [SEP] Diese Limonade ist mir zu süß. [SEP] s____ [SEP] sweet
5179,de,0.729626298,Schach [SEP] Sie spielt seit Jahren Schach. [SEP] c____ [SEP] chess
5180,de,-0.57952887,"Funke [SEP] Ein einziger Funke genügte, um das ganze Haus in Brand zu stecken. [SEP] s____ [SEP] spark"
5181,de,0.274353201,Dienst [SEP] Für diesen Dienst berechnen wir eine separate Gebühr. [SEP] s______ [SEP] service
5182,de,-1.551484017,Büroangestellter [SEP] Der Büroangestellte beginnt täglich um 8 Uhr mit seiner Arbeit. [SEP] c____ [SEP] clerk
5183,de,2.533867926,Gabel [SEP] Ich esse mit Messer und Gabel. [SEP] f___ [SEP] fork
5184,de,-1.021888901,Handfeuerwaffe [SEP] Der Sheriff löste die kritische Situation und konfiszierte die Handfeuerwaffe. [SEP] r_______ [SEP] revolver
5185,de,-1.475672109,Aussetzung [SEP] Eine zu lange Aussetzung an die Sonne kann schädlich sein. [SEP] e_______ [SEP] exposure
5186,de,2.087533455,weise [SEP] Es war nicht gerade eine weise Entscheidung. [SEP] w___ [SEP] wise
5187,de,0.341749734,Begrüßung [SEP] Die Gäste wurden mit einer warmherzigen Begrüßung empfangen. [SEP] g_______ [SEP] greeting
5188,de,-1.780387122,Achse [SEP] Die Erde dreht sich um ihre eigene Achse. [SEP] a___ [SEP] axis
5189,de,-0.043459392,Krieger [SEP] Das Buch handelt von einer Kriegerin im mittelalterlichen China. [SEP] w______ [SEP] warrior
5190,de,-0.761805403,Beton [SEP] Die Betonhausanlage wirkte äußerst steril. [SEP] c_______ [SEP] concrete
5191,de,0.541626046,Ruhm [SEP] Jeder Autor strebt nach Ruhm und manchmal auch nach Reichtum. [SEP] f___ [SEP] fame
5192,de,1.789515368,fremd [SEP] Sprichst du eine Fremdsprache? [SEP] f______ [SEP] foreign
5193,de,4.10133479,Sonne [SEP] Die Sonne liegt im Mittelpunkt unseres Sonnensystems. [SEP] s__ [SEP] sun
5194,de,3.037528837,Nacht [SEP] Sie haben die ganze Nacht getanzt. [SEP] n____ [SEP] night
5195,de,3.171895164,Kredit [SEP] Ich habe den Computer auf Kredit gekauft. [SEP] c_____ [SEP] credit
5196,de,0.58799405,würzig [SEP] Ich mag würziges Essen und wir gehen regelmäßig zu einem indischen Restaurant in unserer Nähe. [SEP] s____ [SEP] spicy
5197,de,0.005116783,Analogie [SEP] Ich beurteilte dieses Projekt in Analogie zu vergangenen. [SEP] a______ [SEP] analogy
5198,de,2.328468618,"europäisch [SEP] Sie wohnt in Amerika, hat aber europäische Wurzeln. [SEP] e_______ [SEP] european"
5199,de,-0.868325561,daraus [SEP] Die daraus folgenden Ergebnisse werden bald veröffentlicht. [SEP] r________ [SEP] resulting
5200,de,2.003193107,weltweit [SEP] Ihre Firma hat weltweit über 4000 Mitarbeiterinnen. [SEP] w________ [SEP] worldwide
5201,de,0.773186266,"innen [SEP] Vergiss bitte nicht, das Auto auch innen zu putzen. [SEP] i_____ [SEP] inside"
5202,de,1.431115854,Kinn [SEP] Sie stützt ihr Kinn auf ihre Hände auf. [SEP] c___ [SEP] chin
5203,de,-3.431051299,Industrialisierung [SEP] Japan hat infolge der Industrialisierung einen drastischen Wandel durchlaufen. [SEP] i________________ [SEP] industrialization
5204,de,-3.219547352,Ziel [SEP] Unsere Zielgruppe sind weibliche Jugendliche. [SEP] t_______ [SEP] targeted
5205,de,0.244634117,verspätet [SEP] Der verspätete Zug kam endlich am Bahnhof an. [SEP] d______ [SEP] delayed
5206,de,-2.716937689,überholt [SEP] Er hat überholte Vorstellungen vom Familienleben. [SEP] o_______ [SEP] outdated
5207,de,3.092307602,krank [SEP] Sie war krank und konnte deshalb nicht zur Arbeit gehen. [SEP] i__ [SEP] ill
5208,de,-0.776957119,Befürworter [SEP] Die Aktion hat viele Befürworter. [SEP] s________ [SEP] supporter
5209,de,-0.944029352,Tutorium [SEP] Begleitend zum  Seminar wurde ein interessantes Tutorium angeboten. [SEP] t_______ [SEP] tutorial
5210,de,-1.963891437,beruhigen [SEP] Ich kann dich beruhigen. Alles läuft nach Plan. [SEP] r_______ [SEP] reassure
5211,de,1.591698106,"unwirklich [SEP] Sie fühlte sich unwirklich, als wäre sie Teil eines Traums. [SEP] u_____ [SEP] unreal"
5212,de,-0.051974241,um [SEP] Sie mochte am liebsten mit anderen Kindern um die Wette rennen oder Verstecken spielen. [SEP] r___ [SEP] race
5213,de,0.368251442,Fahrzeug [SEP] Achten Sie bitte auf jedes entgegenkommende Fahrzeug. [SEP] v______ [SEP] vehicle
5214,de,2.534819181,"Ski [SEP] Nach dem Sturz musste er sich überwinden, um wieder Ski zu fahren. [SEP] s__ [SEP] ski"
5215,de,-2.476787673,ungeschult [SEP] Ein weiteres Problem ist das ungeschulte Personal. (NICHT unskilled) [SEP] u________ [SEP] untrained
5216,de,0.895834258,"Flüssigkeit [SEP] Man muss viel Flüssigkeit zu sich nehmen, wenn man Sport treibt. [SEP] f____ [SEP] fluid"
5217,de,-0.513353408,überzeugend [SEP] Er hatte überzeugende Argumente für die Reise. [SEP] c_________ [SEP] convincing
5218,de,1.090417067,"Sünde [SEP] Es wäre eine Sünde, diesen Schokoladenkuchen nicht gleich anzuschneiden. [SEP] s__ [SEP] sin"
5219,de,-1.191354925,metallhaltig [SEP] Die Substanz ist metallhaltig. [SEP] m_______ [SEP] metallic
5220,de,-3.303583628,Stammlokal [SEP] Er trinkt gerne ein Bier in seinem Stammlokal. [SEP] h______ [SEP] hangout
5221,de,-1.100073553,Jugendlicher [SEP] Die Jugendlichen treffen sich dreimal die Woche zum Fußballtraining. [SEP] a_________ [SEP] adolescent
5222,de,-4.535062053,urzeitlich [SEP] Bei dieser Grabstelle fand man urzeitliche Werkzeuge. [SEP] p________ [SEP] primitive
5223,de,-0.812168957,vertraulich [SEP] Die streng vertraulichen Dokumente dürfen nur von Mitarbeitern der Firma gelesen werden. [SEP] c___________ [SEP] confidential
5224,de,-1.180558662,Eigentum [SEP] Es können sich immer weniger Menschen Wohneigentum leisten. [SEP] o________ [SEP] ownership
5225,de,-0.656024185,Verbraucher [SEP] Laut einer Umfrage sind Verbraucher mit dem neuen Produkt völlig zufrieden. [SEP] c_______ [SEP] consumer
5226,de,2.621250018,Zitrone [SEP] Ich hätte gerne ein Mineralwasser mit Zitrone. [SEP] l____ [SEP] lemon
5227,de,-0.47112534,"foltern [SEP] Willst du ein Schokoladeneis? - Quäle mich nicht! Du weißt doch, wie sehr ich Schokoladeneis liebe, aber ich bin auf Diät! [SEP] t______ [SEP] torture"
5228,de,-1.98382735,"unvermeidlich [SEP] Es scheint, also ob ein Krieg nun unvermeidlich wäre. [SEP] i_________ [SEP] inevitable"
5229,de,0.337207851,Fahrgast [SEP] In den Bus passen keine Fahrgäste mehr. [SEP] p________ [SEP] passenger
5230,de,3.7686358,König [SEP] Der König regierte das Land für viele Jahre. [SEP] k___ [SEP] king
5231,de,-0.541114769,"Ärmel [SEP] Die Ärmel müssen definitiv gekürzt werden, wenn du diesen Mantel kaufen möchtest. [SEP] s_____ [SEP] sleeve"
5232,de,1.272085923,Öffentlichkeit [SEP] Die Öffentlichkeit muss durch die Medien gut informiert werden. [SEP] p_____ [SEP] public
5233,de,-0.064482024,"Symbol [SEP] Klicke auf dieses Symbol, um das Dokument zu speichern. [SEP] i___ [SEP] icon"
5234,de,0.251911123,"Hinterhof [SEP] Danke, dass du den Hinterhof in Ordnung gebracht hast. [SEP] b_______ [SEP] backyard"
5235,de,0.686501659,Vorteil [SEP] Eine solide Ausbildung bringt viele Vorteile. [SEP] a________ [SEP] advantage
5236,de,1.13473584,"Polizist [SEP] Der Polizist freute sich, dass die Sache noch ein gutes Ende fand. [SEP] p________ [SEP] policeman"
5237,de,2.144087947,Arabisch [SEP] Ich spreche Arabisch. [SEP] a_____ [SEP] arabic
5238,de,2.551426501,sterben [SEP] Meine Großmutter starb im Alter von 95 Jahren. [SEP] d__ [SEP] die
5239,de,-1.143981219,Abonnement [SEP] Sie können Ihr Abonnement jederzeit durch eine E-Mail an unseren Kundenservice stornieren. [SEP] s___________ [SEP] subscription
5240,de,0.026182222,dergleichen [SEP] Er kann Musiker und dergleichen nicht ausstehen. [SEP] l___ [SEP] like
5241,de,1.556933811,jdn/etw [SEP] Ich konnte sie nicht beruhigen. [SEP] c___ [SEP] calm
5242,de,-3.650157814,nahe [SEP] Wo ist die nächste Tankstelle? [SEP] n___ [SEP] near
5243,de,1.188024233,Kopfschmerzen [SEP] Ich habe heute starke Kopfschmerzen und bleibe deshalb zu Hause im Bett. [SEP] h_______ [SEP] headache
5244,de,2.174653503,hilflos [SEP] Der kleine Junge saß ganz alleine in der Ecke und wirkte hilflos. [SEP] h_______ [SEP] helpless
5245,de,2.233165918,Matrix [SEP] Mithilfe dieser Matrix können wir das mathematische Problem lösen. [SEP] m_____ [SEP] matrix
5246,de,-1.961072996,wählerisch [SEP] Wir sind bei der Suche nach dem besten Kandidaten sehr wählerisch. [SEP] s________ [SEP] selective
5247,de,-0.470203242,ordnen [SEP] Er ist sehr genau und ordnet alle seine Bücher in alphabetischer Reihenfolge. [SEP] s___ [SEP] sort
5248,de,1.265484645,wütend [SEP] Er wird leicht wütend. [SEP] a____ [SEP] angry
5249,de,3.234736437,blau [SEP] Sie trägt ein blaues Kleid. [SEP] b___ [SEP] blue
5250,de,1.315781062,dokumentieren [SEP] Der Film dokumentiert das Leben auf dem Land. [SEP] d_______ [SEP] document
5251,de,2.280934331,Kaffee [SEP] Ich beginne jeden Morgen mit einer Tasse Kaffee. [SEP] c_____ [SEP] coffee
5252,de,-2.27108366,belanglos [SEP] Wie kann man sich über so eine belanglose Sache nur aufregen? [SEP] t______ [SEP] trivial
5253,de,0.981410494,Valentinsgeschenk [SEP] Er erhielt mehrere kitschige Karten als Valentinsgeschenk. [SEP] v________ [SEP] valentine
5254,de,-0.233100006,verringert [SEP] Wir möchten verringerte Kosten an unsere Kunden weitergeben. [SEP] r______ [SEP] reduced
5255,de,1.077609318,irrational [SEP] Diese irrationale Furcht vor Hunden muss überwunden werden. [SEP] i_________ [SEP] irrational
5256,de,3.187811612,Nation [SEP] Führende Industrienationen haben ein Treffen organisiert. [SEP] n_____ [SEP] nation
5257,de,-1.024845597,wegen [SEP] Tom sieht beunruhigt aus. [SEP] a______ [SEP] alarmed
5258,de,-2.296019741,"Vorstellung [SEP] Ich habe keine Vorstellung von dem Leid, das die anderen erfahren haben. [SEP] n_____ [SEP] notion"
5259,de,0.960213523,Geräusch [SEP] Seit einer Woche oder so macht mein Auto dieses seltsame Geräusch. [SEP] s____ [SEP] sound
5260,de,-0.78130595,Unendlichkeit [SEP] Ich liebe die Unendlichkeit des Meeres. [SEP] i_______ [SEP] infinity
5261,de,-0.355568134,Auswahl [SEP] Dieser Laden bietet eine tolle Auswahl an unterschiedlichen Käsen und Weinen. [SEP] s________ [SEP] selection
5262,de,0.972189605,Kompromiss [SEP] Am Ende konnten sich die streitenden Parteien doch noch auf einen Kompromiss einigen. [SEP] c_________ [SEP] compromise
5263,de,-0.488639064,"Ansteckung [SEP] Es gibt eine Impfung, um sich vor einer Ansteckung zu schützen. [SEP] i________ [SEP] infection"
5264,de,0.221606122,streichen [SEP] Mehrere Namen wurden von der Teilnehmerliste gestrichen. [SEP] d_____ [SEP] delete
5265,de,-0.119014829,luxuriös [SEP] Wir haben ein luxuriöses Hotel gebucht. Ich freue mich schon darauf. [SEP] l________ [SEP] luxurious
5266,de,-4.263477974,abbauen [SEP] Die Firma muss wegen finanziellen Schwierigkeiten Personal abbauen. [SEP] d_______ [SEP] downsize
5267,de,2.084730983,Fleisch [SEP] Ich esse kein Fleisch. [SEP] m___ [SEP] meat
5268,de,0.383951374,Verlobung [SEP] Das Paar gab ihre Verlobung bekannt. [SEP] e_________ [SEP] engagement
5269,de,0.840195018,"Unterschrift [SEP] Wir mussten auf der Geburtstagskarte seine Unterschrift fälschen, weil er in den letzten Tagen nicht im Büro war. [SEP] s________ [SEP] signature"
5270,de,1.214354859,Knochen [SEP] Sie rutschte aus und brach sich einen Knochen am Fuß. [SEP] b___ [SEP] bone
5271,de,-0.871022386,bezüglich [SEP] Die Bewerberin hat einige Fragen bezüglich des Bewerbungsprozesses. [SEP] r________ [SEP] regarding
5272,de,2.848531794,See [SEP] Im Sommer schwimmen wir im See. [SEP] l___ [SEP] lake
5273,de,1.374902221,authentisch [SEP] Der Brief ist authentisch. Das kann ich beweisen. [SEP] a________ [SEP] authentic
5274,de,-3.273868991,Entlassung [SEP] Die Patientin muss zwei Wochen nach der Entlassung zur Kontrolle ins Krankenhaus kommen. [SEP] d________ [SEP] discharge
5275,de,-1.422517702,Bodenschwelle [SEP] Wir fuhren mit dem Auto über einige Bodenschwellen und mir wurde dabei ganz schlecht. [SEP] b___ [SEP] bump
5276,de,-0.52881604,Sinnbild [SEP] Das Lamm ist im Christentum das Sinnbild der Auferstehung. [SEP] s_____ [SEP] symbol
5277,de,-1.878622367,unabhängig [SEP] Sie arbeitet sehr unabhängig. [SEP] i____________ [SEP] independently
5278,de,1.157267521,noch [SEP] Lasst uns die Sache nicht komplizierter machen! [SEP] c_________ [SEP] complicate
5279,de,1.090097392,"Medizin [SEP] Die kranke Frau geht zur Apotheke, um Medizin zu kaufen. [SEP] m_______ [SEP] medicine"
5280,de,-3.298439604,steigen [SEP] Mit großem Getöse steigt die Rakete immer höher und höher in die Luft hinauf. [SEP] s___ [SEP] soar
5281,de,0.809461356,Notfall [SEP] Im Notfall kontaktieren Sie bitte meine Eltern. [SEP] e________ [SEP] emergency
5282,de,2.689709244,Seite [SEP] Lies den ersten Absatz auf Seite 5 vor. [SEP] p___ [SEP] page
5283,de,3.423416481,Spaziergang [SEP] Ein kurzer Spaziergang ist jetzt genau das Richtige. [SEP] w___ [SEP] walk
5284,de,-0.473686347,extern [SEP] Eine externe Fachkommission führte die Prüfung durch. [SEP] e_______ [SEP] external
5285,de,-2.427354482,strafrechtlich [SEP] Strafrechtlich liegt nichts gegen ihn vor. [SEP] c_________ [SEP] criminally
5286,de,3.456419209,Tür [SEP] Ich schließe die Tür auf. [SEP] d___ [SEP] door
5287,de,0.392453546,jdn/etw [SEP] Die Mutter beobachtet ihre Kinder von dem Fenster aus. [SEP] o______ [SEP] observe
5288,de,-1.783255491,"Unterkunft [SEP] Die Unterkunft ist zwar schlicht, dafür liegt sie aber zentral. [SEP] a____________ [SEP] accommodation"
5289,de,0.198725135,rotierend [SEP] Die rotierenden Messer der Küchenmaschine zerkleinern problemlos jede Art von Gemüse. [SEP] r_______ [SEP] rotating
5290,de,-0.911149077,Impfstoff [SEP] Gegen diese Krankheit gibt es keinen Impfstoff. [SEP] v______ [SEP] vaccine
5291,de,2.108872991,Bauer [SEP] Die Bäuerin besitzt zehn Kühe. [SEP] f_____ [SEP] farmer
5292,de,-1.572082104,ohne [SEP] Die Band spielte die Zugaben ohne elekronische Verstärkung. [SEP] u________ [SEP] unplugged
5293,de,-2.535692363,Unverträglichkeit [SEP] Auf die Unverträglichkeit mancher Blutgruppen muss geachtet werden. [SEP] i______________ [SEP] incompatibility
5294,de,1.072431348,besorgt [SEP] Wir waren über die Lage sehr besorgt. [SEP] w______ [SEP] worried
5295,de,-0.978945354,"zufrieden [SEP] Als ich Susanne letzte Woche traf, wirkte sie zufrieden. [SEP] c______ [SEP] content"
5296,de,-1.025555972,sich [SEP] Die Planeten drehen sich um ihre eigene Achse. [SEP] s___ [SEP] spin
5297,de,-2.492769055,"dringlich [SEP] Die Geiseln sofort in Sicherheit zu bringen, ist eine dringliche Angelegenheit. [SEP] p_______ [SEP] pressing"
5298,de,1.25876188,absagen [SEP] Die Feier wurde abgesagt. [SEP] c_____ [SEP] cancel
5299,de,-0.180816594,Anmut [SEP] Sie bewegt sich mit einer unglaublichen Anmut. [SEP] g____ [SEP] grace
5300,de,2.257459249,Heroin [SEP] Heroin ist eine sehr gefährliche Droge. [SEP] h_____ [SEP] heroin
5301,de,-2.249653851,verheerend [SEP] Die verheerenden Waldbrände haben viel Schaden angerichtet. [SEP] d__________ [SEP] devastating
5302,de,1.921773063,Republik [SEP] In einer Republik gibt es im Gegenzug zur Monarchie keinen König oder Königin. [SEP] r_______ [SEP] republic
5303,de,2.791625385,wirklich [SEP] Der Anzug steht dir wirklich gut. [SEP] r_____ [SEP] really
5304,de,3.657324644,Person [SEP] Das Ticket kostet 25 Euro pro Person. [SEP] p_____ [SEP] person
5305,de,0.098644079,geduldig [SEP] Sie wartet geduldig auf den Bus. [SEP] p________ [SEP] patiently
5306,de,1.062222664,Tasche [SEP] Schließlich fand er die Schlüssel in seiner Hosentasche. [SEP] p_____ [SEP] pocket
5307,de,2.026465088,persönlich [SEP] Ich bin nicht damit einverstanden. Das ist meine ganz persönliche Meinung. [SEP] p_______ [SEP] personal
5308,de,1.896145972,Nest [SEP] Auf dem Baum ist ein Vogelnest. [SEP] n___ [SEP] nest
5309,de,0.317973702,Bauarbeiter [SEP] Die Bauarbeiter beginnen heute mit ihrer Arbeit. [SEP] b______ [SEP] builder
5310,de,2.377031882,System [SEP] Das politische System des Landes ist auf den ersten Blick demokratisch. [SEP] s_____ [SEP] system
5311,de,1.257135631,"Einkäufe [SEP] Wenn ich viel Stress habe, erledige ich meine Einkäufe auch online. [SEP] s_______ [SEP] shopping"
5312,de,1.688523296,Tritt [SEP] Das tat weh. Sie hat mir einen Tritt gegeben. [SEP] k___ [SEP] kick
5313,de,0.207845263,Narbe [SEP] Er hatte am Unterarm eine Narbe von einem komplizierten Armbruch in seiner Kindheit. [SEP] s___ [SEP] scar
5314,de,2.476969403,Zeitung [SEP] Mein Vater liest jeden Morgen die Zeitung. [SEP] n________ [SEP] newspaper
5315,de,-3.146484357,Anfall [SEP] Ich hatte einen Hustenanfall. [SEP] b___ [SEP] bout
5316,de,1.424211575,chemisch [SEP] Die chemische Substanz ist gefährlich. [SEP] c_______ [SEP] chemical
5317,de,0.201274782,Bombenanschlag [SEP] Ein Attentäter wurde für den Bombenanschlag in New York angeklagt. [SEP] b______ [SEP] bombing
5318,de,-0.899809876,für [SEP] Jeder hat etwas Geld für das Geburtstagsgeschenk beigesteuert. [SEP] c_________ [SEP] contribute
5319,de,-0.964960872,"Charaktereigenschaft [SEP] In der Zukunft wird es vielleicht möglich sein, dass die Eltern die Charaktereigenschaften ihrer Kinder selbst aussuchen werden. [SEP] c_____________ [SEP] characteristic"
5320,de,-1.082416204,Verwalter [SEP] Er arbeitet als Verwalter in einer Schule. [SEP] a____________ [SEP] administrator
5321,de,0.918626066,Bibel [SEP] Die Bibel besteht aus dem Alten und dem Neuen Testament. [SEP] b____ [SEP] bible
5322,de,-1.400956846,vor [SEP] Vor dem Test haben sie jeden Tag gemeinsam gelernt. [SEP] p____ [SEP] prior
5323,de,-1.098631319,"Anleitung [SEP] Ich brauche eure Hilfe und Anleitung, wie ich weitermachen kann. [SEP] g_______ [SEP] guidance"
5324,de,0.401237457,medizinische [SEP] Ist die medizinische Versorgung in Deutschland umsonst? [SEP] h_________ [SEP] healthcare
5325,de,-2.367783442,Qualität [SEP] Der Stoff hat eine hohe Qualität. [SEP] g____ [SEP] grade
5326,de,-1.654900501,Dekan [SEP] In unserer Kirche haben wir einen neuen Dekan. [SEP] d___ [SEP] dean
5327,de,2.623070096,Großmutter [SEP] Die Großmutter liest den Kindern eine Geschichte vor. [SEP] g__________ [SEP] grandmother
5328,de,0.898638804,"irgendwo [SEP] Wir könnten uns irgendwo treffen, wo Live-Musik gespielt wird. [SEP] a_______ [SEP] anywhere"
5329,de,0.357503605,Entwicklung [SEP] Wir unterstützen unsere Schüler in der Entwicklung ihrer Fähigkeiten. [SEP] d__________ [SEP] development
5330,de,0.811468865,Stiefmutter [SEP] Die Stiefmutter ist in Märchen leider sehr oft eine negative Figur. [SEP] s_________ [SEP] stepmother
5331,de,-1.739081713,anerkannt [SEP] Ein Bibliotheksausweis ist kein anerkanntes Dokument. [SEP] a_______ [SEP] accepted
5332,de,0.552789108,aussieben [SEP] Wir müssen die Verunreinigungen aussieben. [SEP] f_____ [SEP] filter
5333,de,-1.331154072,"Förderer [SEP] Die neue, gemischte Fußballmannschaft ist noch auf der Suche nach einem Betrieb, der als Förderer dem Verein helfen möchte. [SEP] s______ [SEP] sponsor"
5334,de,-2.661888786,Annehmlichkeit [SEP] Viele Menschen genießen die Annehmlichkeiten des Stadtlebenes. [SEP] c__________ [SEP] convenience
5335,de,-0.850331738,enorm [SEP] Es war eine enorme Enttäuschung. [SEP] t_________ [SEP] tremendous
5336,de,-1.92177731,zufälligerweise [SEP] Sie schreibt zufälligerweise eine Projektarbeit über dasselbe Thema. [SEP] c_____________ [SEP] coincidentally
5337,de,-1.215844998,Rettungsboot [SEP] Das Rettungsboot hilft einem kleinen Fischerboot. [SEP] l_______ [SEP] lifeboat
5338,de,0.340512421,Pille [SEP] Die Arznei gibt es als Pille oder als Zäpfchen. [SEP] t_____ [SEP] tablet
5339,de,2.302427214,über [SEP] Es hat über Nacht geschneit. [SEP] o________ [SEP] overnight
5340,de,-1.878204194,sich [SEP] Unser Grundstück erstreckt sich bis zum Gartenzaun des Nachbarns. [SEP] e_____ [SEP] extend
5341,de,-3.819043548,auf [SEP] Er beteuerte seine Unschuld. [SEP] a_____ [SEP] assert
5342,de,0.175192916,unterschiedlich [SEP] Die Ergebnisse sind je nach Gruppengröße sehr unterschiedlich. [SEP] v___ [SEP] vary
5343,de,-1.393963078,"absichtlich [SEP] Ich habe dich absichtlich verletzt, um es dir heimzuzahlen. [SEP] i____________ [SEP] intentionally"
5344,de,-0.262068012,Brunnen [SEP] Im Park steht ein Brunnen mit einer Poseidon-Statue. [SEP] f_______ [SEP] fountain
5345,de,2.345818154,beißen [SEP] Ich beiße mir auf die Lippen. [SEP] b___ [SEP] bite
5346,de,-3.614076839,Ereignis [SEP] Ich werde dieses schreckliche Ereignis meiner Kindheit nie vergessen können. [SEP] e______ [SEP] episode
5347,de,-2.139827465,Demografie [SEP] Die Demografie beschreibt die wirtschafts- und sozialpolitische Bevölkerungsbewegung. [SEP] d___________ [SEP] demographics
5348,de,-1.526284051,"Ungewissheit [SEP] Es herrscht große Ungewissheit, was die Zukunft anbelangt. [SEP] u__________ [SEP] uncertainty"
5349,de,0.135289455,Akte [SEP] Der Anwalt breitet die Akte vor sich aus. [SEP] f___ [SEP] file
5350,de,-1.580784246,"Unfähigkeit [SEP] Sie war von ihrer Unfähigkeit, den Volleyball richtig aufzuspielen, frustriert. [SEP] i________ [SEP] inability"
5351,de,0.094936028,erfolgreiche [SEP] Er ist ein sehr erfolgreicher Sachbuchautor und seine Bücher werden in viele Sprachen übersetzt. [SEP] s_________ [SEP] successful
5352,de,-1.076326269,Antwort [SEP] Auf meine E-Mail bekam ich wirklich eine schnelle Antwort. [SEP] r_______ [SEP] response
5353,de,1.446629591,verlangsamen [SEP] Dieses Medikament kann Ihre Reaktionszeit verlangsamen. [SEP] s___ [SEP] slow
5354,de,2.283771743,"Platz [SEP] Um mehr Platz zu schaffen, haben wir auf eine Badewanne verzichtet. [SEP] s____ [SEP] space"
5355,de,-1.8699976,zauberhaft [SEP] Die Braut sieht zauberhaft aus und strahlt über das ganze Gesicht. [SEP] g_______ [SEP] gorgeous
5356,de,0.758893882,"offensichtlich [SEP] Es ist so offensichtlich, dass sie in ihn verliebt ist. [SEP] o______ [SEP] obvious"
5357,de,-0.443717087,hintere [SEP] Im hinteren Teil des Gebäudes befindet sich eine Cafeteria. [SEP] r___ [SEP] rear
5358,de,1.581536556,Pathologie [SEP] Die Pathologie ist die Lehre von Krankheiten. [SEP] p________ [SEP] pathology
5359,de,-1.642986787,Streit [SEP] Der Streit wurde friedlich gelöst. [SEP] d______ [SEP] dispute
5360,de,1.496684499,dünn [SEP] Überall lag eine dünne Schicht Staub. [SEP] t___ [SEP] thin
5361,de,2.316545881,Snowboard [SEP] In den Achtzigerjahren wurde das erste Snowboard gebaut. [SEP] s________ [SEP] snowboard
5362,de,-1.09253951,"uninformiert [SEP] Bei Großveranstaltungen sieht man immer mehr uninformierte Polizisten, die für Sicherheit der Teilnehmer sorgen. [SEP] u_________ [SEP] uninformed"
5363,de,-0.243161011,vorstädtisch [SEP] In den vorstädtischen Bezirken gibt es oft viel mehr Natur und Grünflächen. [SEP] s_______ [SEP] suburban
5364,de,1.057523018,Galerie [SEP] Ich möchte mir die neue Ausstellung in der Galerie anschauen. [SEP] g______ [SEP] gallery
5365,de,-0.510442056,manuell [SEP] Die Maschine wird manuell bedient. [SEP] m_______ [SEP] manually
5366,de,2.694478823,Leser [SEP] Die Geschichte fesselt den Leser mit spannenden Dialogen und turbulenten Verfolgungsjagden. [SEP] r_____ [SEP] reader
5367,de,-0.259971208,Bedeutung [SEP] Der neue Vorsitzende gewinnt an Bedeutung. [SEP] i_________ [SEP] importance
5368,de,1.196197868,handgeschrieben [SEP] Der handgeschriebene Brief war ohne Absender. [SEP] h__________ [SEP] handwritten
5369,de,-0.840358932,Zuverlässigkeit [SEP] Die Zuverlässigkeit dieses Autos ist kaum zu übertreffen. [SEP] r__________ [SEP] reliability
5370,de,-0.507041112,Formsache [SEP] Wir müssen die Verträge besprechen. Es ist eine reine Formsache. [SEP] f________ [SEP] formality
5371,de,2.777738026,rot [SEP] Dorothys Markenzeichen sind ihre roten Schuhe. [SEP] r__ [SEP] red
5372,de,1.38820403,Übersetzung [SEP] Seine Übersetzung des Romans ist eine der besten. [SEP] t__________ [SEP] translation
5373,de,0.139652408,Küstenstraße [SEP] Während unseres Urlaubs in Amerika fahren wir hauptsächlich die Küstenstraßen entlang. [SEP] h______ [SEP] highway
5374,de,-2.475953597,zugewiesen [SEP] Mir wurde ein neues Zimmer zugewiesen. [SEP] a_______ [SEP] assigned
5375,de,0.203641392,"im [SEP] Das London Eye hat im Durchschnitt über 3,75 Millionen Besucher jedes Jahr. [SEP] a______ [SEP] average"
5376,de,-0.407505203,Staunen [SEP] Er blickte ihn voller Staunen an. [SEP] w_____ [SEP] wonder
5377,de,-1.217314809,aufnehmen [SEP] Trockener Sand nimmt Wasser auf. [SEP] a_____ [SEP] absorb
5378,de,-3.530697998,gewissenhaft [SEP] Sie nahm ihre Tabletten äußerst gewissenhaft und jeden Tag zur selben Uhrzeit. [SEP] r__________ [SEP] religiously
5379,de,0.65748712,Eingangshalle [SEP] Das befreundete Paar trifft sich in der Eingangshalle des Hotels. [SEP] l____ [SEP] lobby
5380,de,-0.022076982,leicht [SEP] Er tätschelt ihr leicht auf die Schulter. [SEP] l______ [SEP] lightly
5381,de,-1.915278604,Unternehmer [SEP] Der Bauunternehmer ist für die Baustelle verantwortlich. [SEP] c_________ [SEP] contractor
5382,de,0.421202295,wunderbar [SEP] Er singt wirklich wunderbar. [SEP] w__________ [SEP] wonderfully
5383,de,0.217093081,zitieren [SEP] Die Lehrerin zitiert mehrere Stellen aus dem Roman. [SEP] q____ [SEP] quote
5384,de,-2.339013207,aus [SEP] Lass dich durch ihre Bemerkungen nicht aus der Fassung bringen. [SEP] u____ [SEP] upset
5385,de,-2.90553819,Wächter [SEP] Er arbeitet als Parkwächter für dieses Einkaufszentrum. [SEP] a________ [SEP] attendant
5386,de,-1.409493479,"befreien [SEP] Wir müssen diesen Garten von diesen Raupen befreien, bevor sie alle Pflanzen befallen. [SEP] r__ [SEP] rid"
5387,de,-2.05909364,existieren [SEP] Elfen existieren nicht. [SEP] e____ [SEP] exist
5388,de,-1.866363072,"jdn/etw [SEP] Der König versprach, den tapferen Mann in den Ritterstand zu erheben. [SEP] e______ [SEP] elevate"
5389,de,-1.854339505,Aufgabe [SEP] Das ist die Aufgabe der Marketingabteilung. [SEP] f_______ [SEP] function
5390,de,0.041542217,Spüle [SEP] In der Spüle stapelt sich noch das schmutzige Geschirr von gestern. [SEP] s___ [SEP] sink
5391,de,2.739243597,Kirche [SEP] Der Pfarrer arbeitet in der Kirche. [SEP] c_____ [SEP] church
5392,de,-0.475581088,"psychopathisch [SEP] Sie zeigte bereits als Kind psychopathische Anzeichen, weil sie kein Mitgefühl für andere Menschen oder Tiere kennt. [SEP] p___________ [SEP] psychopathic"
5393,de,1.42905989,Stiefvater [SEP] Sie hatten eigentlich sofort ein sehr gutes Verhältnis zu ihrem Stiefvater. [SEP] s_________ [SEP] stepfather
5394,de,-0.109682209,"schaffen [SEP] Wie schaffst du es, immer so viele Dinge gleichzeitig zu erledigen? [SEP] m_____ [SEP] manage"
5395,de,3.662806139,Ei [SEP] Das Huhn hat über Nacht ein Ei gelegt. [SEP] e__ [SEP] egg
5396,de,-0.076435783,eindeutig [SEP] Seit einiger Zeit gibt es schon Gerüchte darüber. Ein eindeutiger Beweis fehlt aber noch. [SEP] c____ [SEP] clear
5397,de,1.557671674,Adler [SEP] Der Adler ist der König der Vögel. [SEP] e____ [SEP] eagle
5398,de,0.222050447,Einrichtung [SEP] Die Bildungseinrichtung befindet sich am Ende der Straße. [SEP] i__________ [SEP] institution
5399,de,-0.427353719,Olympiade [SEP] Die Winterolympiade findet 2018 in Seoul statt. [SEP] o_______ [SEP] olympics
5400,de,0.158329977,"Entscheidung [SEP] Ich bin zufrieden, ich habe eine gute Entscheidung getroffen. [SEP] d_______ [SEP] decision"
5401,de,1.371460136,"unterstützen [SEP] Meine Eltern unterstützen mich, wo immer sie können. [SEP] s______ [SEP] support"
5402,de,-2.159171145,"Angabe [SEP] Wir brauchen detaillierte Angaben, um dieses Produkt anfertigen zu können. [SEP] s____________ [SEP] specification"
5403,de,1.947943234,Norden [SEP] Wir fahren Richtung Norden. [SEP] n____ [SEP] north
5404,de,1.085508033,Treppe [SEP] Ihre Mutter sollte nur vorsichtig und nicht zu schnell über die Treppe gehen. [SEP] s_____ [SEP] stairs
5405,de,-0.68922683,Gefrierschrank [SEP] Hol bitte das Gemüse aus dem Gefrierschrank. [SEP] f______ [SEP] freezer
5406,de,1.444752629,abgefallen [SEP] Sie sammelt die abgefallenen Äpfel zusammen. [SEP] f_____ [SEP] fallen
5407,de,0.077757069,Lobbyist [SEP] Die Lobbyisten für die Ölindustrie treffen sich heute Abend. [SEP] l_______ [SEP] lobbyist
5408,de,2.690730413,oft [SEP] Sie gehen oft schwimmen. [SEP] o____ [SEP] often
5409,de,1.383670475,Programmierer/Programmiererin [SEP] Er ist derzeit ein sehr gefragter Programmierer. [SEP] p_________ [SEP] programmer
5410,de,-0.818379335,erscheinen [SEP] Er schien hungrig zu sein. [SEP] a_____ [SEP] appear
5411,de,2.112575147,Latex [SEP] Gummi wird aus Latex hergestellt. [SEP] l____ [SEP] latex
5412,de,-3.957506385,Annahme [SEP] Diese Studie baut unglücklicherweise schon auf falschen Annahmen auf. [SEP] p______ [SEP] premise
5413,de,1.460257378,Dominostein [SEP] Die Dominosteine sind alle umgefallen. [SEP] d_____ [SEP] domino
5414,de,-0.714566657,"zusammenarbeiten [SEP] Wenn sie sich gut verstehen, sollten sie zusammenarbeiten. [SEP] c________ [SEP] cooperate"
5415,de,-1.015375472,hinsichtlich [SEP] Ich habe eine paar Fragen hinsichtlich dieser Thematik an die Experten. [SEP] c_________ [SEP] concerning
5416,de,0.859347892,unzerbrechlich [SEP] Dieses Geschirr ist praktisch unzerbrechlich. [SEP] u__________ [SEP] unbreakable
5417,de,2.276529421,exportieren [SEP] Die Ersatzteile werden nach Europa exportiert. [SEP] e_____ [SEP] export
5418,de,-0.059153543,"ermutigen [SEP] Die Professoren ermutigen ihre Studenten, sich aktiv an der Diskussion zu beteiligen. [SEP] e________ [SEP] encourage"
5419,de,-1.832136719,"abdichten [SEP] Wir sollten die Dose mit etwas Klebeband abdichten, damit keine Flüssigkeit austreten kann. [SEP] s___ [SEP] seal"
5420,de,-0.889401606,angewandt [SEP] Er unterrichtet angewandte Mathematik an der Hochschule. [SEP] a______ [SEP] applied
5421,de,-2.12724528,"aufnehmen [SEP] Versuche, diese Ideen in deine Arbeit aufzunehmen. [SEP] i__________ [SEP] incorporate"
5422,de,0.67885218,"anspornen [SEP] Die Trainerin weiß, wie sie die Sportler anspornen kann. [SEP] m_______ [SEP] motivate"
5423,de,-0.423549124,heimisch [SEP] Ich bevorzuge die heimische Küche mit saisonalen Zutaten. [SEP] r_______ [SEP] regional
5424,de,2.476402449,Witz [SEP] Sandra erzählt gerne Witze. [SEP] j___ [SEP] joke
5425,de,-1.743036185,einen [SEP] Der neue Minister verfasst einen Gesetzesentwurf. [SEP] d____ [SEP] draft
5426,de,0.239299565,komponieren [SEP] Das Lied wurde von einem bekannten Musiker komponiert. [SEP] c______ [SEP] compose
5427,de,-1.099992715,"vielversprechend [SEP] Wir glauben, dass dies eine vielversprechende Investition sein könnte. [SEP] p________ [SEP] promising"
5428,de,-1.160945162,gegenseitig [SEP] Gegenseitige Unterstützung macht den Erfolg der Zusammenarbeit aus. [SEP] m_____ [SEP] mutual
5429,de,-1.949400147,hervorragend [SEP] Die neue Chefin leistet hervorragende Arbeit. [SEP] o__________ [SEP] outstanding
5430,de,-0.263101373,Einstellung [SEP] Meine Einstellung ihm gegenüber hat sich geändert. Ich kann ihn jetzt besser leiden. [SEP] a_______ [SEP] attitude
5431,de,-0.440444592,Kreuzer [SEP] Der Kreuzer legte am Hafen an. [SEP] c______ [SEP] cruiser
5432,de,2.324290704,kurze [SEP] Er ist doch tatsächlich mit kurzen Hosen zum Vorstellungsgespräch gegangen. [SEP] s_____ [SEP] shorts
5433,de,-0.141067582,Logistik [SEP] Neue Förderstrecken optimieren die Logistik. [SEP] l________ [SEP] logistics
5434,de,1.807990747,"prüfen [SEP] Ziel dieser Arbeit ist es, Ihre schriftlichen Fertigkeiten zu prüfen. [SEP] t___ [SEP] test"
5435,de,0.107821619,Fähigkeit [SEP] Das ist mir gar nicht gelungen. Ich zweifle an meiner eigenen Fähigkeit. [SEP] a______ [SEP] ability
5436,de,-2.39642241,Fähigkeit [SEP] Ich zweifle seine Fähigkeit als Automechaniker nicht an. [SEP] c_________ [SEP] competence
5437,de,1.154014302,"überhitzen [SEP] Wir müssen anhalten, der Automotor ist überhitzt. [SEP] o_______ [SEP] overheat"
5438,de,-0.741882169,vereinfacht [SEP] Eine vereinfachte Version der Menschenrechte ist online verfügbar. [SEP] s_________ [SEP] simplified
5439,de,1.221667854,christlich [SEP] Die christliche Religion ist mittlerweile 2000 Jahre alt. [SEP] c________ [SEP] christian
5440,de,-2.499929871,Bereitstellung [SEP] Das Rote Kreuz hat die Bereitstellung von Hilfsgütern in der Krisenregion übernommen. [SEP] p________ [SEP] provision
5441,de,1.747204361,geheim [SEP] Das geheime Versteck der Kinderbande wurde schließlich von den Eltern gefunden. [SEP] s_____ [SEP] secret
5442,de,1.162049979,sich [SEP] Sie drehte sich um und schaute mich mit großen Augen an. [SEP] a_____ [SEP] around
5443,de,1.870110232,Kompliment [SEP] Du siehst heute aber toll aus! Danke für das Kompliment. [SEP] c_________ [SEP] compliment
5444,de,-1.953643833,"bedeuten [SEP] Wenn in dieser Ruine Stiegen vorhanden sind, muss es bedeuten, dass es einmal weitere Stockwerke gab. [SEP] i____ [SEP] imply"
5445,de,2.764850474,"Metall [SEP] Wir haben eine Farbe gekauft, die für Metall geeignet ist. [SEP] m____ [SEP] metal"
5446,de,0.472616997,gegenüberliegend [SEP] Die Post befindet sich auf der gegenüberliegenden Straßenseite. [SEP] o_______ [SEP] opposite
5447,de,2.948671884,"Euro [SEP] Das T-Shirt kostet 19,90 Euro. [SEP] e___ [SEP] euro"
5448,de,-2.095954171,zweifellos [SEP] Zweifellos steckt ein wahrer Kern in dieser Geschichte. [SEP] u__________ [SEP] undoubtedly
5449,de,2.413219754,Information [SEP] Wir bekommen alle notwendigen Informationen beim Infoabend nächste Woche. [SEP] i__________ [SEP] information
5450,de,2.467986668,Budget [SEP] Wir haben zwei Drittel unseres Budgets schon ausgegeben. [SEP] b_____ [SEP] budget
5451,de,2.88321453,Ausgang [SEP] Ich finde den Ausgang nicht. Wo kann ich das Gebäude verlassen? [SEP] e___ [SEP] exit
5452,de,1.03658557,lächelnd [SEP] Mit einem lächelnden Gesicht ist vieles manchmal leichter. [SEP] s______ [SEP] smiling
5453,de,-2.039024352,"traurig [SEP] Über den Verlust, den sie erleben mussten, war ich sehr traurig. [SEP] s____ [SEP] sorry"
5454,de,2.247223882,Energie [SEP] Kinder sind voller Energie. [SEP] e_____ [SEP] energy
5455,de,-0.134207125,Beleuchtung [SEP] Die Beleuchtung in diesem Raum ist schlecht. Ich kann kaum meine Zeitung lesen. [SEP] l_______ [SEP] lighting
5456,de,-1.407463075,Aufruhr [SEP] Die Demonstrationen verliefen friedlich und es gab keinen Aufruhr. [SEP] r___ [SEP] riot
5457,de,-0.246012364,"Versuch [SEP] Das war mein letzter Versuch, den Streit zwischen den beiden zu lösen. [SEP] a______ [SEP] attempt"
5458,de,-3.548593638,gestaltet [SEP] Der neu gestaltete Raum entspricht meinen Vorstellungen. [SEP] f_______ [SEP] featured
5459,de,1.238075635,muslimisch [SEP] Der muslimische Glaube ist unter der Bevölkerung weit verbreitet. [SEP] m_____ [SEP] muslim
5460,de,-1.628877496,Beseitigung [SEP] Die neuen Richtlinien tragen zur Beseitigung von Risiken bei. [SEP] e__________ [SEP] elimination
5461,de,0.771712111,"Wissenschaft [SEP] Eine perfekte Tasse Cappuccino zuzubereiten, ist wahrlich eine Wissenschaft. [SEP] s______ [SEP] science"
5462,de,2.506430975,Junge [SEP] Als kleiner Junge habe ich oft meine Tante in Niederösterreich besucht. [SEP] b__ [SEP] boy
5463,de,-4.376811862,Stadt [SEP] Die Stadtverwaltung ist gut organisiert. [SEP] c____ [SEP] civic
5464,de,2.26851005,blockiert [SEP] Die blockierte Straße war für mehrere Stunden nicht befahrbar. [SEP] b______ [SEP] blocked
5465,de,0.322700949,dauerhaft [SEP] Ich habe mich endlich für einen dauerhaften Wohnsitz entschieden. [SEP] p________ [SEP] permanent
5466,de,-1.70727644,"aussagen [SEP] Er weigerte sich, gegen seine Frau auszusagen. [SEP] t______ [SEP] testify"
5467,de,1.453235783,Augenbraue [SEP] Der alte Mann hat immer noch sehr buschige Augenbrauen. [SEP] e______ [SEP] eyebrow
5468,de,-0.774293142,Zufriedenheit [SEP] Die Familie verbrachte einige Wochen voller Glück und Zufriedenheit am Meer. [SEP] h________ [SEP] happiness
5469,de,-1.183775975,Säule [SEP] Zwei Marmorsäulen dekorieren den Raum. [SEP] c_____ [SEP] column
5470,de,2.530521796,Meer [SEP] Wir träumen schon seit einiger Zeit von einem Häuschen am Meer. [SEP] s__ [SEP] sea
5471,de,-1.468435669,"Neigung [SEP] Er hat die Neigung, bei Nervosität sehr viel zu reden. [SEP] t_______ [SEP] tendency"
5472,de,-0.652846095,Stoff [SEP] Sie verkauft verschiedene Stoffe. [SEP] f_____ [SEP] fabric
5473,de,2.779211268,Bad [SEP] Ich putze meine Zähne im Bad. [SEP] b_______ [SEP] bathroom
5474,de,2.6526813,"Hamburger [SEP] Die Kinder wünschen sich, zum Geburtstag einen Hamburger essen zu gehen. [SEP] h________ [SEP] hamburger"
5475,de,2.375281175,"Recht [SEP] Sie haben nicht das Recht dazu, mein Haus zu untersuchen. [SEP] r____ [SEP] right"
5476,de,-1.025049988,"Bild [SEP] Das Bild, das sie in ihren Romanen von der Zukunft malt, ist ein sehr düsteres. [SEP] v_____ [SEP] vision"
5477,de,-1.421057155,Metapher [SEP] Der Dichter verwendet viele Metaphern. [SEP] m_______ [SEP] metaphor
5478,de,-2.303062929,kolossal [SEP] Der Sturm hat kolossale Schäden angerichtet. [SEP] m_________ [SEP] monumental
5479,de,-1.896878803,Schwätzer [SEP] Sie scheint mir eine ziemliche Schwätzerin zu sein. [SEP] t_____ [SEP] talker
5480,de,-1.737792799,Aufruf [SEP] Die Polizei richtete einen dringenden Aufruf an die Öffentlichkeit. [SEP] a_____ [SEP] appeal
5481,de,-0.860360566,Deckel [SEP] Gib den Deckel auf die Pfanne! [SEP] l__ [SEP] lid
5482,de,0.941471382,ironisch [SEP] Ich habe ihr ironisch geantwortet. [SEP] i_________ [SEP] ironically
5483,de,0.220143942,evolutionär [SEP] Der evolutionäre Fund brachte ihr Reichtum. [SEP] e___________ [SEP] evolutionary
5484,de,-2.005126816,einfach [SEP] Die Aufgabe ist einfach zu schwierig. [SEP] s_____ [SEP] simply
5485,de,2.315596204,angeln [SEP] Der Vater geht mit seinem Sohn angeln. [SEP] f___ [SEP] fish
5486,de,0.631751652,Auszeichnung [SEP] Sie hat eine Auszeichnung für ihre Arbeit erhalten. [SEP] a____ [SEP] award
5487,de,2.024301182,"Schreiben [SEP] Lesen, Schreiben und Rechnen sind Grundkompetenzen. [SEP] w______ [SEP] writing"
5488,de,1.656223769,Diskussion [SEP] Es ergab sich eine heftige Diskussion. [SEP] d_________ [SEP] discussion
5489,de,0.730040557,Leidenschaft [SEP] Reiten ist ihre Leidenschaft. [SEP] p______ [SEP] passion
5490,de,2.279189889,Maske [SEP] Der Mann hat sich eine Gasmaske gekauft. [SEP] m___ [SEP] mask
5491,de,1.687370403,definieren [SEP] Wir müssen das genaue Ziel des Projekts definieren. [SEP] d_____ [SEP] define
5492,de,-0.784646657,Trennung [SEP] Nach der Trennung blieben sie nach wie vor in Kontakt. [SEP] s_________ [SEP] separation
5493,de,0.184339137,beteiligt [SEP] Der Mann war am Unfall nicht beteiligt. [SEP] i_______ [SEP] involved
5494,de,-2.02769984,"persönlich [SEP] Dir ist klar, dass deine Meinung persönlich gefärbt ist und viele Menschen dazu eine andere Sichtweise haben? [SEP] s_________ [SEP] subjective"
5495,de,1.657591678,"Dock [SEP] Das Schiff liegt im Dock, damit es gewartet werden kann. [SEP] d___ [SEP] dock"
5496,de,2.50517218,"sammeln [SEP] Ich sammle Briefmarken, seit ich ein Kind bin. [SEP] c______ [SEP] collect"
5497,de,-0.929556652,auf [SEP] Ich habe die Befugnis auf diese Daten zuzugreifen. [SEP] a_____ [SEP] access
5498,de,-3.575129366,"weitreichend [SEP] Die weitreichenden Reformen begannen langsam, zu greifen. [SEP] s_______ [SEP] sweeping"
5499,de,-0.384690297,beleidigen [SEP] Sie hat uns schwer beleidigt. [SEP] i_____ [SEP] insult
5500,de,1.451198185,Besatzung [SEP] Die Besatzung des Schiffes hat tolle Arbeit geleistet. [SEP] c___ [SEP] crew
5501,de,1.170357476,"Collage [SEP] Ich habe viele verschiedene Techniken mit Papier ausprobiert, aber die Collage macht mir am meisten Spaß. [SEP] c______ [SEP] collage"
5502,de,-0.036327881,Vorgang [SEP] Ein Buch zu schreiben ist oft ein sehr langwieriger und mühsamer Vorgang. [SEP] p______ [SEP] process
5503,de,-3.625251519,"verdutzt [SEP] Alle Mitarbeiter waren verdutzt, als sie von der Entlassung des Direktors erfuhren. [SEP] s___ [SEP] stun"
5504,de,-2.310984729,ungeeignet [SEP] Seine Schuhe waren für die Wanderung völlig ungeeignet. [SEP] u_________ [SEP] unsuitable
5505,de,-1.752619798,"Klischee [SEP] Die Vorstellung, dass alle Italiener so eifersüchtig sind, ist ein uraltes Klischee. [SEP] s_________ [SEP] stereotype"
5506,de,0.022478606,"sparsam [SEP] Es wäre sparsamer, den Prozess erst in der zweiten Jahreshälfte zu implementieren. [SEP] e_________ [SEP] economical"
5507,de,-1.737843206,anwerben [SEP] Für das nächste Projekt müssen wir dringend noch ein paar neue Mitarbeiter anwerben. [SEP] r______ [SEP] recruit
5508,de,-0.649750612,Zudem [SEP] Der Bericht ist schlecht geschrieben. Zudem enthält er auch viele Fehler. [SEP] m_______ [SEP] moreover
5509,de,-0.955942865,Spirituosen [SEP] Du kannst den Gin in einem Spirituosengeschäft kaufen. [SEP] l_____ [SEP] liquor
5510,de,-3.302545759,Saal [SEP] Der Sitzungssaal war bis auf den letzten Platz belegt. [SEP] c______ [SEP] chamber
5511,de,-0.383062878,Entschuldigung [SEP] Ich erwarte mir eine Entschuldigung von dir. [SEP] a______ [SEP] apology
5512,de,1.744022434,Sitzung [SEP] Wir haben wöchentlich einmal eine Teamsitzung. [SEP] m______ [SEP] meeting
5513,de,-1.04254594,absichtlich [SEP] Sie hat sich für die absichtliche Beleidigung entschuldigt. [SEP] i__________ [SEP] intentional
5514,de,2.582462243,"Klavier [SEP] Er spielt Klavier, seit er ein Kind ist. [SEP] p____ [SEP] piano"
5515,de,-0.200252272,häufig [SEP] Der häufige Regen in letzter Zeit nervt mich sehr. [SEP] f_______ [SEP] frequent
5516,de,-1.563423118,Aufrührer/ [SEP] Eine Gruppe von Aufrührern wollte einen Aufstand gegen den König anzetteln. [SEP] r____ [SEP] rebel
5517,de,-0.719254628,tagsüber [SEP] Tagsüber ist er meistens im Büro. [SEP] d______ [SEP] daytime
5518,de,-3.119547852,vorladen [SEP] Am letzten Tag wurde der Kronzeuge vorgeladen. [SEP] s_____ [SEP] summon
5519,de,0.441455531,integriert [SEP] Mein Laptop hat eine integrierte 13-Megapixel-Webcam. [SEP] i_________ [SEP] integrated
5520,de,-2.510623566,heftig [SEP] Er schüttelte heftig den Kopf. [SEP] v________ [SEP] violently
5521,de,-1.476922749,Abkommen [SEP] Das Abkommen wurde von allen beteiligten Nationen unterzeichnet. [SEP] t_____ [SEP] treaty
5522,de,-1.934488843,"Grenzfall [SEP] Es ist schwierig zu entscheiden, weil es sich um einen Grenzfall handelt. [SEP] b_________ [SEP] borderline"
5523,de,2.042295259,oberes [SEP] Sie stand gedankenverloren am oberen Ende der Treppe. [SEP] t__ [SEP] top
5524,de,-0.66671867,traumatisierend [SEP] Eine Scheidung kann für alle Betroffenen traumatisierend wirken. [SEP] t________ [SEP] traumatic
5525,de,-1.684183878,"Gliedmaßen [SEP] Der menschliche Körper besteht aus vier Gliedmaßen, zwei Beine und zwei Arme. [SEP] l___ [SEP] limb"
5526,de,1.279930147,öffentlich [SEP] Die Ergebnisse werden noch diese Woche öffentlich gemacht. [SEP] p_____ [SEP] public
5527,de,0.431513072,dramatisch [SEP] Die Situation hat sich dramatisch verändert. [SEP] d___________ [SEP] dramatically
5528,de,0.400612334,Sonnenaufgang [SEP] Wir waren bei Sonnenaufgang am Gipfel des Berges angelangt. [SEP] s______ [SEP] sunrise
5529,de,-1.349658722,Überwachung [SEP] Es wurde eine neue elektronische Überwachung installiert. [SEP] s___________ [SEP] surveillance
5530,de,-1.216714145,Attentat [SEP] Lincoln fiel im Jahre 1865 einem Attentat zum Opfer. [SEP] a____________ [SEP] assassination
5531,de,-0.32456866,psychiatrisch [SEP] Er wurde von seinem Hausarzt in die psychiatrische Ambulanz verwiesen. [SEP] p__________ [SEP] psychiatric
5532,de,1.75807035,viele [SEP] Der Unfall passierte vor vielen Jahren. [SEP] m___ [SEP] many
5533,de,2.776180479,"Jacke [SEP] Zieh dir eine warme Jacke an, draußen ist es kalt. [SEP] j_____ [SEP] jacket"
5534,de,-2.96274353,Bestandteil [SEP] Vorbereitung ist ein Bestandteil meiner Arbeit als Lehrerin. [SEP] c__________ [SEP] constituent
5535,de,1.752829564,während [SEP] Während seiner Reise nach Großbritannien regnete es viel. [SEP] d_____ [SEP] during
5536,de,0.118439693,K.o. [SEP] Der Boxer hat seinen Rivalen K.o. geschlagen. [SEP] k_______ [SEP] knockout
5537,de,-2.084773335,unnötig [SEP] Das Obst ist in so vielem unnötigen Plastikmüll verpackt. [SEP] n_______ [SEP] needless
5538,de,-2.027688034,karibisch [SEP] Das karibische Meer ist traumhaft schön. [SEP] c________ [SEP] caribbean
5539,de,-0.456131291,gängig [SEP] Er vertrat eine gängige Meinung. [SEP] c_____ [SEP] common
5540,de,0.698376129,natürlich [SEP] Natürlich kommt Peter auch zur Geburtstagsfeier. [SEP] n________ [SEP] naturally
5541,de,1.039686763,übertreffen [SEP] Diese Geschichte ist kaum zu übertreffen. [SEP] t__ [SEP] top
5542,de,-1.912774438,Ergebnis [SEP] Die Ergebnisse der Untersuchungskommission wurden für das Urteil herangezogen. [SEP] f______ [SEP] finding
5543,de,1.311629633,Eisen [SEP] Die Stadt profitiert von der Gewinnung von Eisen. [SEP] i___ [SEP] iron
5544,de,0.117798295,Misshandlung [SEP] Die Misshandlung von Kindern ist gesetzeswidrig. [SEP] a____ [SEP] abuse
5545,de,-1.228756169,Fass [SEP] Im Keller habe ich ein altes Bierfass. [SEP] b_____ [SEP] barrel
5546,de,-1.208541291,"Anblick [SEP] Einen Killerwal bei der Jagd zu beobachten, ist ein unglaublicher Anblick. [SEP] s________ [SEP] spectacle"
5547,de,-3.350406285,Abweichung [SEP] Dies kann zu einer Abweichung bei einer einzelnen Messung führen. [SEP] v_______ [SEP] variance
5548,de,1.086617204,Diskriminierung [SEP] Er kämpft gegen Rassendiskriminierung. [SEP] d_____________ [SEP] discrimination
5549,de,-0.381983778,Rätsel [SEP] Bei diesem Computerspiel muss man zahlreiche Rätsel lösen. [SEP] p_____ [SEP] puzzle
5550,de,-1.091858713,freundlich [SEP] Die Einheimischen waren sehr freundlich zu uns. [SEP] w________ [SEP] welcoming
5551,de,1.146867748,beladen [SEP] Das schwer beladene Auto fuhr langsam die Straße entlang. [SEP] l_____ [SEP] loaded
5552,de,2.589655257,Welt [SEP] In seiner Jugend reiste er um die ganze Welt. [SEP] w____ [SEP] world
5553,de,-0.118716344,Bank [SEP] Ich sitze auf der Parkbank und lese ein Buch. [SEP] b____ [SEP] bench
5554,de,0.382439866,Flüchtling [SEP] Sie kam als Flüchtling nach Deutschland. [SEP] r______ [SEP] refugee
5555,de,-0.476561039,Befreiung [SEP] An diesem Tag feiern wir die Befreiung der Stadt. [SEP] l_________ [SEP] liberation
5556,de,-0.089416525,Palast [SEP] Der königliche Palast wird renoviert. [SEP] p_____ [SEP] palace
5557,de,-0.531546736,"halten [SEP] Mein Mann versucht, sein aktuelles Gewicht zu halten und deshalb geht er fast täglich joggen. [SEP] m_______ [SEP] maintain"
5558,de,0.840758515,Hauptstadt [SEP] Die Hauptstadt von Österreich ist Wien. [SEP] c______ [SEP] capital
5559,de,-2.940042168,bestimmen [SEP] Ich kann den Berufswunsch meines Kindes nicht bestimmen. [SEP] d______ [SEP] dictate
5560,de,-0.051770057,Edelstein [SEP] Ich besitze eine Goldkette mit zwei Edelsteinen. [SEP] j____ [SEP] jewel
5561,de,0.788670099,Gast [SEP] Sie war ein prominenter Gast dieser Stadt. [SEP] v______ [SEP] visitor
5562,de,0.001447362,unterbrochen [SEP] Die unterbrochenen Nachrichten wurden weiter ausgestrahlt. [SEP] i__________ [SEP] interrupted
5563,de,3.652970526,eins [SEP] Wie viele Bücher hast du in den Ferien gelesen? – Nur eins. [SEP] o__ [SEP] one
5564,de,-1.166564484,unehrlich [SEP] Unehrliche Polizisten wurden zur Rechenschaft gezogen. [SEP] d________ [SEP] dishonest
5565,de,0.303347197,Aufstieg [SEP] Nach einem steilen Aufstieg fiel der Wert dieser Aktie wieder. [SEP] r___ [SEP] rise
5566,de,-4.139537189,spähen [SEP] Der Mann spähte durch das kleine Fenster. [SEP] p___ [SEP] peer
5567,de,2.451454386,Terminal [SEP] Die Passagiere begaben sich zum angegebenen Terminal. [SEP] t_______ [SEP] terminal
5568,de,2.401062417,jung [SEP] Unsere Kinder sind noch ziemlich jung. [SEP] y____ [SEP] young
5569,de,1.184084521,Schrei [SEP] Ihr Schrei ging wirklich durch Mark und Bein. [SEP] s_____ [SEP] scream
5570,de,2.293865951,Zombie [SEP] Heute Morgen sah er aus wie ein Zombie. [SEP] z_____ [SEP] zombie
5571,de,1.195911944,Schauspielerin [SEP] Sie ist eine bekannte und sehr erfolgreiche Schauspielerin. [SEP] a______ [SEP] actress
5572,de,0.861028857,toll [SEP] Der Urlaub war wirklich toll und wir konnten ihn vollends genießen. [SEP] s____ [SEP] super
5573,de,0.347581558,Handlung [SEP] Die Handlung des Films basiert auf wahren Begebenheiten. [SEP] p___ [SEP] plot
5574,de,0.812244287,Muskel [SEP] Mit dieser Übung kannst du deine Bauchmuskeln trainieren. [SEP] m_____ [SEP] muscle
5575,de,-1.068672332,"einzige [SEP] Das möglicherweise gute Gehalt ist der einzige Grund, warum sie Rechtswissenschaften studieren wollte. [SEP] s___ [SEP] sole"
5576,de,0.966402223,Durcheinander [SEP] Räum endlich das Durcheinander in deinem Zimmer auf! [SEP] m___ [SEP] mess
5577,de,-0.316937953,"rühren [SEP] Rühren Sie das Risotto immer wieder um, damit nichts anbrennen kann. [SEP] s___ [SEP] stir"
5578,de,-0.092542177,sich [SEP] Sie beschwerte sich bei der Hotelleitung über die defekte Dusche. [SEP] c_______ [SEP] complain
5579,de,0.084758706,Stroh [SEP] Sie trug einen Hut aus Stroh. [SEP] s____ [SEP] straw
5580,de,-1.861429912,Kreuzung [SEP] Das Gemüse war eine Kreuzung zwischen Gurke und Tomate. [SEP] h_____ [SEP] hybrid
5581,de,-2.679042593,verlassen [SEP] Wir haben Tokio heute Morgen verlassen. [SEP] a______ [SEP] abandon
5582,de,0.838281107,interaktiv [SEP] Die Kinder lernen mit interaktiven Computerprogrammen. [SEP] i__________ [SEP] interactive
5583,de,2.163290593,freundlich [SEP] Mir ist der Verkäufer sehr sympathisch. Bei jedem Einkauf ist er immer freundlich zu mir. [SEP] f_______ [SEP] friendly
5584,de,0.82755993,Lamm [SEP] Die Mutter hat ein Osterlamm gebacken. [SEP] l___ [SEP] lamb
5585,de,0.203343536,"Daumen [SEP] Später begann sie sogar wieder, am Daumen zu lutschen. [SEP] t____ [SEP] thumb"
5586,de,-0.462736892,Siedlung [SEP] Dieses Dorf ist eine der ältesten Siedlungen Europas. [SEP] s_________ [SEP] settlement
5587,de,0.775582965,"alltäglich [SEP] Sie möchte Dinge erfinden, die alltägliche Probleme lösen. [SEP] e_______ [SEP] everyday"
5588,de,-0.684288935,Botschafter [SEP] Er arbeitet als deutscher Botschafter in Rom. [SEP] a_________ [SEP] ambassador
5589,de,-3.215609125,fortwährend [SEP] Ich möchte mich bei Dr Müller für die fortwährende Unterstützung bedanken. [SEP] c________ [SEP] continued
5590,de,-2.176852281,reagieren [SEP] Die Bergrettung reagierte schnell auf den Notruf. [SEP] r______ [SEP] respond
5591,de,1.166392353,Eleganz [SEP] Sie entzückte die Gäste mit ihrer Schönheit und Eleganz. [SEP] e_______ [SEP] elegance
5592,de,-0.497945386,laufend [SEP] Ich kann Ihnen nichts über eine laufende Ermittlung sagen. [SEP] o______ [SEP] ongoing
5593,de,-1.390309113,Quecksilber [SEP] Das Thermometer enthält Quecksilber. [SEP] m______ [SEP] mercury
5594,de,-1.719802681,unangenehm [SEP] Ein unangenehmer Geruch hing in der Luft. [SEP] u_________ [SEP] unpleasant
5595,de,-1.272338381,"sich [SEP] Bevor man die Ernährung umstellt, sollte man sich unbedingt vom Arzt beraten lassen. [SEP] c______ [SEP] consult"
5596,de,-3.000047804,"insbesondere [SEP] Es hat vieles sehr gut funktioniert, insbesondere die Ausgabe der Getränke. [SEP] n______ [SEP] notably"
5597,de,-0.792278991,zur [SEP] Wir stellen alle nötigen Materialien für den Kochkurs zur Verfügung. [SEP] p______ [SEP] provide
5598,de,-2.342447291,am [SEP] Die Stadt liegt am Fuße eines Berges. [SEP] b___ [SEP] base
5599,de,1.884148325,Software [SEP] Das Gerät ist gebraucht und die Software muss noch aktualisiert werden. [SEP] s_______ [SEP] software
5600,de,-1.171547249,kontern [SEP] Ich bin damit nicht einverstanden. Wie kann ich ihm kontern? [SEP] c______ [SEP] counter
5601,de,-0.613738633,sich [SEP] Sie sehnt sich nach einer neuen Beziehung. [SEP] l___ [SEP] long
5602,de,2.19374819,bezahlen [SEP] Der Mann hat das Abendessen bezahlt. [SEP] p__ [SEP] pay
5603,de,2.554668606,Vorderseite [SEP] Ich habe die Vorderseite des Hauses bereits geweißt. [SEP] f____ [SEP] front
5604,de,0.171834516,Märchenland [SEP] Sie fühlten sich wie im Märchenland. [SEP] w_________ [SEP] wonderland
5605,de,-1.088416888,Serien [SEP] Wir benötigen für die Garantie eine Seriennummer des Geräts. [SEP] s_____ [SEP] serial
5606,de,-0.775417041,Klinge [SEP] Das Messer hat eine scharfe Klinge. [SEP] b____ [SEP] blade
5607,de,-1.169126543,hinsetzen [SEP] Die Lehrer setzen diesen Schüler absichtlich direkt vor sich hin. [SEP] s___ [SEP] seat
5608,de,0.402119624,ägyptisch [SEP] Die ägyptische Vase wurde im Museum ausgestellt. [SEP] e_______ [SEP] egyptian
5609,de,1.978393536,akademisch [SEP] Sie war sehr stolz auf ihre akademischen Leistungen. [SEP] a_______ [SEP] academic
5610,de,0.484998581,Unterhaltung [SEP] Die Musikband war für die Unterhaltung der Gäste zuständig. [SEP] e____________ [SEP] entertainment
5611,de,1.356042538,Ninja [SEP] Er schaut eine Zeichentrickserie über Ninjakämpfer an. [SEP] n____ [SEP] ninja
5612,de,-1.000392941,Thema [SEP] Ich möchte über dieses Thema jetzt nicht mehr diskutieren. [SEP] i____ [SEP] issue
5613,de,-3.274658163,Verfahren [SEP] Als Richter muss man mehrere Verfahren zugleich im Blick behalten. [SEP] p__________ [SEP] proceedings
5614,de,-1.330576911,Arbeitskollege [SEP] Er hat alle seine Freunde und Arbeitskollegen zur Geburtstagsfeier eingeladen. [SEP] c________ [SEP] colleague
5615,de,2.703589945,Bodybuilder [SEP] Arnold Schwarzenegger ist ein ehemaliger Bodybuilder. [SEP] b__________ [SEP] bodybuilder
5616,de,3.248039779,"Wort [SEP] Ihr erstes Wort war ""Apfel"". [SEP] w___ [SEP] word"
5617,de,-3.025380392,Dachfenster [SEP] Das Dachgeschoß ist sehr dunkel und Sie sollten hier mindestens ein großes Dachfenster einsetzen lassen. [SEP] s_______ [SEP] skylight
5618,de,-1.438428805,Katastrophe [SEP] Er entkam nur knapp einer Katastrophe. [SEP] d_______ [SEP] disaster
5619,de,-1.230315655,"anmerken [SEP] Sie merkt an, dass es bei dieser Frage noch viel zu tun gibt. [SEP] r_____ [SEP] remark"
5620,de,0.585957771,verdammte [SEP] Ich bekomme diese verdammte Tür nicht auf! [SEP] d___ [SEP] damn
5621,de,-1.283191089,Grube [SEP] Die Camper verscharrten ihre Abfälle in einer tiefen Grube. [SEP] p__ [SEP] pit
5622,de,0.243798773,Verschmutzung [SEP] Die Verschmutzung unserer Meere und Wälder muss sofort ein Ende haben. [SEP] p________ [SEP] pollution
5623,de,-1.17934645,jdn/etw [SEP] Das Fahrzeug wurde von den Polizisten zum Stillstand gebracht. [SEP] h___ [SEP] halt
5624,de,1.04702321,Eisenbahn [SEP] Die Eisenbahn ist ein sehr wichtiges Verkehrsmittel in Europa. [SEP] r______ [SEP] railway
5625,de,2.520788129,klingen [SEP] Das klingt ja nach einem richtig tollen Plan. [SEP] s____ [SEP] sound
5626,de,-0.933266234,mittlerer [SEP] Das Buch ist in der mittleren Schublade. [SEP] m_____ [SEP] middle
5627,de,0.587197554,leise [SEP] Während der Ansprache war das Publikum sehr leise. [SEP] s_____ [SEP] silent
5628,de,0.298987168,Gnade [SEP] Ich habe keine Gnade mit ihr. [SEP] m____ [SEP] mercy
5629,de,1.599316554,Perle [SEP] Die Frau trägt eine Perlenhalskette. [SEP] p____ [SEP] pearl
5630,de,0.1379354,Physiologie [SEP] Die Physiologie befasst sich mit den funktionellen Vorgängen im Organismus. [SEP] p_________ [SEP] physiology
5631,de,-0.374245977,lästig [SEP] Das ist eine lästige Angewohnheit von dir. [SEP] a_______ [SEP] annoying
5632,de,-1.604105742,besonders [SEP] Seine Bemühungen waren besonders hilfreich. [SEP] p___________ [SEP] particularly
5633,de,0.471639892,nicken [SEP] Sie war damit einverstanden und nickte mit dem Kopf. [SEP] n__ [SEP] nod
5634,de,1.024143586,Möbel [SEP] Wir haben unsere Wohnung mit alten Möbel eingerichtet. [SEP] f________ [SEP] furniture
5635,de,2.298145183,moralisch [SEP] Meine Eltern gaben mir vor dem Spiel moralische Unterstützung. [SEP] m____ [SEP] moral
5636,de,2.046822265,"Fang [SEP] Das Kind fing den Ball und die Mutter rief: ""Guter Fang!"" [SEP] c____ [SEP] catch"
5637,de,0.940640562,Demokrat [SEP] Als Demokratin respektiere ich den Willen der Mehrheit. [SEP] d_______ [SEP] democrat
5638,de,4.115236609,fit [SEP] Meine tägliche Joggingrunde hält mich fit. [SEP] f__ [SEP] fit
5639,de,0.842277241,Koalition [SEP] Die Regierungskoalition hat sich endlich auf gemeinsame Ziele geeinigt. [SEP] c________ [SEP] coalition
5640,de,0.093008681,"fliehen [SEP] Die Menschen versuchten, zu fliehen. [SEP] e_____ [SEP] escape"
5641,de,2.187214197,Huhn [SEP] Wir haben drei Hühner in unserem Garten. [SEP] c______ [SEP] chicken
5642,de,1.642683962,Klassiker [SEP] Jane Austens Romane zählen zu den englischen Klassikern. [SEP] c______ [SEP] classic
5643,de,1.879463389,niedlich [SEP] Der Hundewelpe ist niedlich. [SEP] c___ [SEP] cute
5644,de,1.915878371,trinkbar [SEP] Das Getränk ist trinkbar. [SEP] d________ [SEP] drinkable
5645,de,-0.814491613,erschrecken [SEP] Sie wollte ihn einmal so richtig erschrecken. [SEP] s____ [SEP] scare
5646,de,-1.092330925,"Gelegeneheit [SEP] Das ist die passende Gelegenheit, um die besondere Flasche Wein zu öffnen. [SEP] o_______ [SEP] occasion"
5647,de,1.691128627,Gras [SEP] Wir müssen wieder einmal den Rasen mähen. Das Gras ist schon zu lang geworden. [SEP] g____ [SEP] grass
5648,de,-1.543668064,Widerstandskraft [SEP] Diese Pflanzen haben im Laufe der Evolution eine gewisse Widerstandskraft gegen den Pilz entwickelt. [SEP] r_________ [SEP] resistance
5649,de,0.067274387,Urlaubsort [SEP] Jedes Jahr zu Weihnachten fahren sie zum selben Urlaubsort. [SEP] r_____ [SEP] resort
5650,de,-0.436461105,Lebensunterhalt [SEP] Sie verdienen sich ihren Lebensunterhalt mit dem Verkauf von antiken Möbeln. [SEP] l_____ [SEP] living
5651,de,1.808838734,"Schlafenszeit [SEP] Na los Kinder, es ist Schlafenszeit! [SEP] b______ [SEP] bedtime"
5652,de,-1.672261563,erwerben [SEP] Er möchte die amerikanische Staatsbürgerschaft erwerben. [SEP] a______ [SEP] acquire
5653,de,-0.366684128,gerichtet [SEP] Diese Frage ist an dich gerichtet. [SEP] d_______ [SEP] directed
5654,de,-0.681463621,"sich [SEP] Die Mutter will, dass er sich persönlich entschuldigt, aber er weigert sich. [SEP] r_____ [SEP] refuse"
5655,de,-0.036845551,"dankbar [SEP] Ich bin dir sehr dankbar, dass du mich begleitet hast. [SEP] g_______ [SEP] grateful"
5656,de,0.964790553,Freundlichkeit [SEP] Ich war von der Freundlichkeit der Empfangsdame überrascht. [SEP] k_______ [SEP] kindness
5657,de,0.010285829,Traditionalist [SEP] Bei diesem Thema war und blieb sie Traditionalistin. [SEP] t_____________ [SEP] traditionalist
5658,de,-0.375402259,Ruhestand [SEP] Nach vielen Jahren harter Arbeit freute er sich auf seinen Ruhestand. [SEP] r_________ [SEP] retirement
5659,de,-1.050443847,vorherig [SEP] Falsch abgestellte Fahrzeuge werden ohne vorherige Warnung abgeschleppt. [SEP] p____ [SEP] prior
5660,de,-0.855720442,Zusammenhang [SEP] Ich sehe keinen Zusammenhang zwischen den beiden Überfällen. [SEP] c_________ [SEP] connection
5661,de,2.092256909,Ehemann [SEP] Susis Ehemann ist der Manager dieser Firma. [SEP] h______ [SEP] husband
5662,de,0.153571767,Vorfall [SEP] Die Polizei bittet um Hinweise über diesen Vorfall. [SEP] i_______ [SEP] incident
5663,de,0.78726451,Format [SEP] Das Geschäft verkauft Zeichenpapier in allen Formaten. [SEP] f_____ [SEP] format
5664,de,1.674639066,Portrait [SEP] Du solltest für deine Mutter am Geburtstag ein Portrait zeichnen lassen. [SEP] p_______ [SEP] portrait
5665,de,1.021355954,Angriff [SEP] Wir haben uns auf einen Angriff vorbereitet. [SEP] a_____ [SEP] attack
5666,de,-0.044676932,Hersteller [SEP] Sie arbeitet für einen bekannten Autohersteller. [SEP] m____ [SEP] maker
5667,de,1.289494941,schmücken [SEP] Gestern haben wir den Christbaum geschmückt. [SEP] d_______ [SEP] decorate
5668,de,-0.527237427,Prozess [SEP] Nach der Verhaftung musste er lange auf seinen Prozess warten. [SEP] t____ [SEP] trial
5669,de,1.589411781,"Realist [SEP] Ich bin im Grunde ein Realist und weiß, dass man nicht immer gewinnen kann. [SEP] r______ [SEP] realist"
5670,de,-1.289885933,dumm [SEP] Das ist eine dumme Frage. [SEP] d___ [SEP] dumb
5671,de,1.846635317,"wehtun [SEP] Mein Knie tat mir weh, nachdem ich nach Hause geradelt war. [SEP] h___ [SEP] hurt"
5672,de,2.091556107,endgültig [SEP] Das endgültige Ergebnis stand nach zwei Studen fest. [SEP] f____ [SEP] final
5673,de,-0.1446321,widergespiegelt [SEP] Der Raum wurde vom widergespiegelten Licht des Sees sanft erhellt. [SEP] r________ [SEP] reflected
5674,de,-2.875993853,Fortpflanzungs [SEP] Die Fortpflanzungsorgane von Tieren können äußerst unterschiedlich sein. [SEP] r___________ [SEP] reproductive
5675,de,-0.887216974,Einreise [SEP] Wir brauchen einen gültigen Pass für die Einreise in dieses Land. [SEP] e____ [SEP] entry
5676,de,-1.399420649,nachhaltig [SEP] Nachhaltige Fischerei ist auch wirtschaftlich sinnvoller. [SEP] s__________ [SEP] sustainable
5677,de,0.538413283,einen [SEP] Könntest du auf dem Weg in die Arbeit diesen Brief für mich aufgeben? [SEP] p___ [SEP] post
5678,de,-0.040341836,Erbe [SEP] Der Bürgermeister ist sehr stolz auf das kulturelle Erbe der Stadt. [SEP] h_______ [SEP] heritage
5679,de,-1.22253275,gelegentlich [SEP] Ein gelegentliches Glas Wein kann nicht schaden. [SEP] o_________ [SEP] occasional
5680,de,-1.602231133,Unternehmer [SEP] Die Jungunternehmer des Landes veranstalten eine Gala. [SEP] e___________ [SEP] entrepreneur
5681,de,-1.884059057,"folglich [SEP] Es regnete den ganzen Tag, folglich musste das Fußballspiel abgebrochen werden. [SEP] a__________ [SEP] accordingly"
5682,de,0.118729667,Lokomotive [SEP] Die Lokomotive fährt ganz langsam durch den Bahnhof. [SEP] l_________ [SEP] locomotive
5683,de,-2.627278592,Großunternehmen [SEP] Sie arbeitet für ein Großunternehmen. [SEP] c__________ [SEP] corporation
5684,de,2.975634729,"heiß [SEP] Draußen ist es wirklich heiß. Ich glaube, es sind über 35 Grad. [SEP] h__ [SEP] hot"
5685,de,-0.151578568,Spange [SEP] Das Mädchen trägt rosarote Haarspangen. [SEP] c___ [SEP] clip
5686,de,0.283233123,begrüßen [SEP] Sie begrüßte die Gäste persönlich. [SEP] g____ [SEP] greet
5687,de,0.191466733,unkontrolliert [SEP] Dies führte zu unkontrolliertem Wachstum. [SEP] u___________ [SEP] uncontrolled
5688,de,-0.481158702,mühelos [SEP] Die Aufgabe erledigen sie mühelos. [SEP] e_____ [SEP] easily
5689,de,1.987966496,"Schuh [SEP] Ich brauche einen neuen Schuh, der wasserdicht ist. [SEP] s___ [SEP] shoe"
5690,de,-1.769101885,unwissend [SEP] Ich war unwissend und kannte die speziellen Fachausdrücke nicht. [SEP] i_______ [SEP] ignorant
5691,de,-0.919406195,Anhang [SEP] Im Anhang finden Sie meinen Lebenslauf. [SEP] a_________ [SEP] attachment
5692,de,1.361890386,nackt [SEP] An der Wand hängt ein Bild von einer nackten Frau. [SEP] n____ [SEP] naked
5693,de,0.112314259,Erfinder [SEP] Der Erfinder dieser Maschine ist unbekannt. [SEP] i_______ [SEP] inventor
5694,de,-1.770699101,Unternehmung [SEP] Diese Unternehmung kostete sie mehrere Millionen Euro. [SEP] v______ [SEP] venture
5695,de,1.127327751,sprechen [SEP] Sprich nicht so viel und hör zu! [SEP] t___ [SEP] talk
5696,de,-1.997568263,Vorstellung [SEP] Seine Weltvorstellung ist einfach unrealistisch. [SEP] c_________ [SEP] conception
5697,de,3.03934359,"enden [SEP] Das Märchen endete mit einer großen Feier, an der das ganze Dorf teilnahm. [SEP] e__ [SEP] end"
5698,de,-3.528255964,"planmäßig [SEP] Es war ein planmäßiger Versuch, die Gruppe zu zerstören. [SEP] s_________ [SEP] systematic"
5699,de,1.893259848,Chrom [SEP] Die Stoßstange hat eine Chrombeschichtung. [SEP] c_____ [SEP] chrome
5700,de,1.769331398,Asche [SEP] Im Garten waren noch Müll und Asche vom gestrigen Lagerfeuer. [SEP] a__ [SEP] ash
5701,de,1.486303899,Zeremonie [SEP] Die Zeremonie der Taufe wurde feierlich abgehalten. [SEP] c_______ [SEP] ceremony
5702,de,-3.885284139,erfahren [SEP] Sie ist eine erfahrene Politikerin und wird auch von Gegnern respektiert. [SEP] v______ [SEP] veteran
5703,de,-5.138080393,verteilt [SEP] Die Messungen wurden in gleichmäßig verteilten Intervallen durchgeführt. [SEP] s_____ [SEP] spaced
5704,de,-0.165529146,von [SEP] Der besessene Fan folgt seinem Idol. [SEP] o_______ [SEP] obsessed
5705,de,-1.095860239,streng [SEP] Das Filmen ist in einem Kinosaal streng verboten. [SEP] s_______ [SEP] strictly
5706,de,1.140265617,erfinden [SEP] Ich erfinde gern Nützliches. [SEP] i_____ [SEP] invent
5707,de,-1.245567626,Kaufangebot [SEP] Wir erhielten ein realistisches Kaufangebot für den Sessel. [SEP] b__ [SEP] bid
5708,de,-0.421588726,Buchhandlung [SEP] Ich kaufe meine Bücher immer bei der Buchhandlung in der Stadt. [SEP] b________ [SEP] bookstore
5709,de,1.981971114,genetisch [SEP] Zwillinge haben viele genetische Übereinstimmungen. [SEP] g______ [SEP] genetic
5710,de,-2.260531489,teilnahmsvoll [SEP] Sie war eine sehr teilnahmsvolle Zuhörerin. [SEP] s__________ [SEP] sympathetic
5711,de,-0.28255886,Sauerstoff [SEP] Wasser besteht aus Wasserstoff und Sauerstoff. [SEP] o_____ [SEP] oxygen
5712,de,-3.620806395,klar [SEP] Aufgrund ihrer Ausbildung hatte sie einen klaren Vorteil gegenüber ihren Konkurrenten. [SEP] d______ [SEP] decided
5713,de,-0.38916363,Verständigung [SEP] Die englische Sprache ist ein Mittel zur Verständigung. [SEP] c____________ [SEP] communication
5714,de,2.417328338,Alter [SEP] Sein Alter ist schwierig zu erraten. [SEP] a__ [SEP] age
5715,de,-2.1216769,Weltanschauung [SEP] Die Frau und ihre beste Freundin haben völlig verschiedene Weltanschauungen. [SEP] i_______ [SEP] ideology
5716,de,-2.865921628,Anschaffung [SEP] Das ist die letzte Anschaffung für meine Bibliothek. [SEP] a__________ [SEP] acquisition
5717,de,-4.336359389,ungelernt [SEP] Sie stellten viele ungelernte Arbeiterinnen ein. [SEP] u__________ [SEP] unqualified
5718,de,2.901732842,vergangen [SEP] In den vergangenen Tagen hat sie über ihre Taten nachgedacht. [SEP] p___ [SEP] past
5719,de,2.022604871,Reiten [SEP] Wir lieben Pferde und haben beide sehr früh mit dem Reiten begonnen. [SEP] r_____ [SEP] riding
5720,de,0.420624984,irgendwie [SEP] Das Treffen war irgendwie seltsam. [SEP] k___ [SEP] kind
5721,de,-0.813948164,Höchststand [SEP] Das Wasser des Sees erreichte heute Morgen den Höchststand. [SEP] p___ [SEP] peak
5722,de,-1.874455573,natürliche [SEP] Diese Maßnahme würde die natürliche Tier- und Pflanzenwelt beeinträchtigen. [SEP] w_______ [SEP] wildlife
5723,de,2.133753164,Warnung [SEP] Die Polizei gab einige Schüsse zur Warnung ab. [SEP] w______ [SEP] warning
5724,de,0.380925208,bewaffnen [SEP] Für die Jagd bewaffnen sich Jäger mit Gewehren. [SEP] a__ [SEP] arm
5725,de,1.055427441,"Eisbrecher [SEP] Der Eisbrecher ist ein großes Schiff, das die Schifffahrtswege von Eis befreit. [SEP] i_________ [SEP] icebreaker"
5726,de,2.340989576,beschäftigt [SEP] Sie hat nie Zeit. Sie ist immer beschäftigt. [SEP] b___ [SEP] busy
5727,de,-1.446663448,Gewissen [SEP] Ich kann das nicht mit meinem Gewissen vereinbaren. [SEP] c_________ [SEP] conscience
5728,de,3.006112691,miteinander [SEP] Gib zwei Eier und etwas Mehl in die Schüssel und dann vermische die Zutaten miteinander. [SEP] m__ [SEP] mix
5729,de,0.122338107,inakzeptabel [SEP] Dein Verhalten gestern war schlicht inakzeptabel! [SEP] u___________ [SEP] unacceptable
5730,de,1.615924362,allergisch [SEP] Ich bin auf Nüsse allergisch. [SEP] a_______ [SEP] allergic
5731,de,2.872618544,Pack [SEP] Die Taschentücher im Zehnerpack sind günstiger. [SEP] p___ [SEP] pack
5732,de,-1.423348353,Rand [SEP] Etwas Lippenstift blieb am Rand der Tasse kleben. [SEP] r__ [SEP] rim
5733,de,0.453788542,"Wut [SEP] Manche Menschen unterdrücken ihre Wut, dabei sollte man ihr lieber ihr lieber ab und zu Luft machen, z. B. durch Sport oder psychologischen Maßnahmen. [SEP] a____ [SEP] anger"
5734,de,2.045645104,Mensch [SEP] Viele Menschen streben nach Glück und Liebe. [SEP] h____ [SEP] human
5735,de,1.921037339,Multimedia [SEP] Darüber hinaus sind die Märkte für Unterhaltungsmusik und Multimedia durch einen starken Wettbewerb geprägt. [SEP] m_________ [SEP] multimedia
5736,de,-2.3764725,verringern [SEP] Die neuen Sicherheitsrichtlinien sollen Risiken am Arbeitsplatz verringern. [SEP] d_______ [SEP] diminish
5737,de,1.598428579,Theorie [SEP] Laut ihrer Theorie wird die Krankheit nicht durch Bakterien verursacht. [SEP] t_____ [SEP] theory
5738,de,-0.824538963,Zuschauer [SEP] Über 10.000 Zuschauer kamen zum Finale. [SEP] s________ [SEP] spectator
5739,de,-0.71700971,"Verbesserungsmaßnahme [SEP] Weitere Verbesserungsmaßnahmen sind notwendig, um das Produkt auf den Markt zu bringen. [SEP] i__________ [SEP] improvement"
5740,de,-3.013746051,unzureichend [SEP] Diese Maßnahmen sind unzureichend. [SEP] i_________ [SEP] inadequate
5741,de,2.007855144,schnell [SEP] Toast ist meist ein schneller und einfach zubereiteter Snack. [SEP] q____ [SEP] quick
5742,de,-2.347057909,Ansammeln [SEP] Das Ansammeln von Erinnerungen und Souverniers hat für mich etwas Nostalgisches. [SEP] a___________ [SEP] accumulation
5743,de,3.048923745,Abendessen [SEP] Das Abendessen beginnt um 19 Uhr. [SEP] d_____ [SEP] dinner
5744,de,-0.879076505,Antioxidationsmittel [SEP] Die Lebensmittel sind mit verschiedenen Antioxidationsmitteln versehen. [SEP] a__________ [SEP] antioxidant
5745,de,0.105087611,Verständnis [SEP] Ihr mathematisches Verständnis ist beachtlich. [SEP] u____________ [SEP] understanding
5746,de,-1.384650709,bescheiden [SEP] Er verdient ein bescheidenes Gehalt. Trotzdem ist er zufrieden damit. [SEP] m_____ [SEP] modest
5747,de,0.123302701,Pflanzen [SEP] Der Stadtrat unterstützt das Pflanzen von Bäumen im Stadtgebiet. [SEP] p_______ [SEP] planting
5748,de,-2.269746301,Filz [SEP] Ich trage zu Hause gerne Filzpantoffeln. [SEP] f___ [SEP] felt
5749,de,0.151151736,nach [SEP] Die Tiere im Museum wurden nach der Gattung klassifiziert. [SEP] c_______ [SEP] classify
5750,de,1.883778176,Übel [SEP] Erlöse uns von dem Bösen. [SEP] e___ [SEP] evil
5751,de,-0.454957401,elterliche [SEP] Das ist ein Zentrum für Kinder ohne elterliche Fürsorge. [SEP] p_______ [SEP] parental
5752,de,-1.96863489,Ansehen [SEP] Dieser Club genießt ein besonderes Ansehen bei Mitgliedern der gehobenen Gesellschaft. [SEP] p_______ [SEP] prestige
5753,de,-1.690361233,Bürokratie [SEP] Wir werden diesen Fall ohne viel Bürokratie regeln. [SEP] b__________ [SEP] bureaucracy
5754,de,-0.555801959,"Innere [SEP] Man muss sowohl das Äußere, als auch das Innere der Scheibe putzen. [SEP] i_____ [SEP] inside"
5755,de,-1.597595109,rasen [SEP] Hunderte von Autos rasen an uns vorbei. [SEP] z___ [SEP] zoom
5756,de,-0.184331637,zurzeit [SEP] Der Musiker tourt zurzeit durch Europa. [SEP] c________ [SEP] currently
5757,de,2.607629444,Moment [SEP] Es läutete an der Tür und im selben Moment klingelte das Telefon. [SEP] m_____ [SEP] moment
5758,de,-2.8226128,freilegen [SEP] Die Archäologen legten die Grundmauern des römischen Hauses frei. [SEP] e_____ [SEP] expose
5759,de,-0.275308086,Prozentsatz [SEP] Der vorgegebene Prozentsatz ist zu hoch. [SEP] p_________ [SEP] percentage
5760,de,-2.642517766,Stoff [SEP] Die Tasche ist aus bedrucktem Stoff. [SEP] t______ [SEP] textile
5761,de,-1.072970022,Dichte [SEP] Die Dichte an Wald ist in manchen Regionen besonders hoch. [SEP] d______ [SEP] density
5762,de,-1.918186904,zwanghaft [SEP] Der Mann kämpft mit seiner zwanghaften Eifersucht. [SEP] o________ [SEP] obsessive
5763,de,-1.717149746,Leitartikel [SEP] Sie schrieb einen tollen Leitartikel. [SEP] e________ [SEP] editorial
5764,de,2.222038294,Solo [SEP] Gegen Ende des Songs spielte der Gitarrist ein unglaubliches Solo. [SEP] s___ [SEP] solo
5765,de,0.367115675,"verbessern [SEP] Unser Ziel ist es, die Unterkünfte der Flüchtlinge zu verbessern. [SEP] i______ [SEP] improve"
5766,de,0.645329367,verursachen [SEP] Das Feuer wurde durch eine brennende Kerze im Gang verursacht. [SEP] c____ [SEP] cause
5767,de,-3.312242061,ruckartig [SEP] Das Taxi hielt plötzlich ruckartig an. [SEP] j___ [SEP] jerk
5768,de,0.695365714,Schweinefleisch [SEP] Sie isst für gewöhnlich kein Schweinefleisch. [SEP] p___ [SEP] pork
5769,de,0.484207022,Simulierung [SEP] Jede Simulierung dieses schwierigen Manövers führt zu einem ähnlichen Ergebnis. [SEP] s_________ [SEP] simulation
5770,de,2.59322671,militärisch [SEP] Der Platz wird für militärische Zwecke verwendet. [SEP] m_______ [SEP] military
5771,de,-0.204808433,"Bahnsteig [SEP] Wir mussten laufen, um rechtzeitig zum Bahnsteig zu gelangen. [SEP] p_______ [SEP] platform"
5772,de,2.478141337,schauen [SEP] Er schaut ihr direkt in die Augen. [SEP] l___ [SEP] look
5773,de,1.987234191,passen [SEP] Es passt nicht alles in die Schachtel. [SEP] f__ [SEP] fit
5774,de,2.649345744,langsam [SEP] Er spricht relativ langsam und bedacht. [SEP] s_____ [SEP] slowly
5775,de,0.058851312,"Herd [SEP] Bitte vergiss nicht, den Herd abzuschalten, bevor du das Haus verlässt. [SEP] s____ [SEP] stove"
5776,de,2.610985241,Null [SEP] Die Mayas kannten schon die Zahl Null. [SEP] z___ [SEP] zero
5777,de,1.22301072,zwölf [SEP] Auf jeder Straßenseite standen zwölf Häuser. [SEP] t_____ [SEP] twelve
5778,de,3.416240878,spielen [SEP] Die Kinder spielen am Sonntag gerne Fußball. [SEP] p___ [SEP] play
5779,de,1.277675988,Waffe [SEP] Sie hatte eine Waffe in ihrer Tasche. [SEP] w_____ [SEP] weapon
5780,de,-0.334461663,grundlegend [SEP] Die Unternehmensstruktur braucht grundlegende Erneuerungen. [SEP] f__________ [SEP] fundamental
5781,de,-1.650712498,"selten [SEP] Es ist ein ziemlich seltener Name, ich weiß. [SEP] u_______ [SEP] uncommon"
5782,de,1.47480138,Geschwindigkeit [SEP] Das Auto führ mit überhöhter Geschwindigkeit und der Fahrer musste eine Strafe zahlen. [SEP] s____ [SEP] speed
5783,de,-0.7499617,Beitrag [SEP] Sie hat einen wertvollen Beitrag geleistet. [SEP] c___________ [SEP] contribution
5784,de,2.915242315,"Tier [SEP] Sie liebt Tiere, besonders mag sie Pferde und Hunde. [SEP] a_____ [SEP] animal"
5785,de,0.609095325,wiederholen [SEP] Ich möchte das Erlebnis wirklich nicht mehr wiederholen. [SEP] r_____ [SEP] repeat
5786,de,1.840216555,Nationalität [SEP] Du musst deine Nationalität auf dem Formular angeben. [SEP] n__________ [SEP] nationality
5787,de,-0.286238542,vielleicht [SEP] Er ist vielleicht schon da. [SEP] p______ [SEP] perhaps
5788,de,-0.629224593,"gesetzlich [SEP] Eltern sind gesetzlich verpflichtet, ihre Kinder in die Schule zu schicken. [SEP] l______ [SEP] legally"
5789,de,-1.311286271,"Regierung [SEP] Nach der Revolution wurde das Land von einer sehr strengen Regierung geführt, die keine Pressefreiheit und freie Meinung zuließ. [SEP] r_____ [SEP] regime"
5790,de,1.354753351,völliges [SEP] Der Sturm der letzten Nacht hat ein völliges Durcheinander in der Region ausgelöst. [SEP] c____ [SEP] chaos
5791,de,1.006070046,"Kenntnis [SEP] Die Lehrperson hilft dir, deine Englischkenntnisse zu verbessern. [SEP] k________ [SEP] knowledge"
5792,de,2.419765574,"Bikini [SEP] Wenn ich schwimmen gehe, ziehe ich mir einen Bikini an. [SEP] b_____ [SEP] bikini"
5793,de,-2.508671703,Reich [SEP] Die Truppen wollten mit allen Mitteln das Königreich verteidigen. [SEP] r____ [SEP] realm
5794,de,0.764462892,Kostüm [SEP] Die Schauspieler tragen tolle Kostüme. [SEP] c______ [SEP] costume
5795,de,-0.369142852,nahe [SEP] Ich suche einen nahe gelegenen Supermarkt. [SEP] n_____ [SEP] nearby
5796,de,0.185945958,Internet [SEP] Sie haben die Information im Internet gefunden. [SEP] w__ [SEP] web
5797,de,0.107767059,Neuankömmling [SEP] Alle interessierten sich für den Neuankömmling. [SEP] n_______ [SEP] newcomer
5798,de,0.171132459,Innen [SEP] Ist die Innenseite des Gefäßes zerkratzt? [SEP] i_____ [SEP] inside
5799,de,-1.6120377,bekannt [SEP] Viele bekannte Schauspielerinnen und Schauspieler unterstützen dieses Projekt. [SEP] p________ [SEP] prominent
5800,de,1.083038002,Ellbogen [SEP] Sie hat sich den Ellbogen verletzt. [SEP] e____ [SEP] elbow
5801,de,-1.095528744,abschließend [SEP] Seine abschließenden Worte waren sehr berührend. [SEP] c______ [SEP] closing
5802,de,0.241811909,abstreiten [SEP] Maria stritt alles ab. [SEP] d___ [SEP] deny
5803,de,-1.370132265,Monopol [SEP] Das Monopol der Firma wurde durch einen ehrgeizigen Konkurrenten endlich gebrochen. [SEP] m_______ [SEP] monopoly
5804,de,-1.623613096,heilig [SEP] Für viele gläubige Moslems ist Mekka eine heilige Stätte. [SEP] s_____ [SEP] sacred
5805,de,0.595256166,Gehirnwäsche [SEP] Einige halten die Werbung für eine Form der Gehirnwäsche. [SEP] b___________ [SEP] brainwashing
5806,de,0.987586823,Bericht [SEP] Wir brauchen nur einen kurzen Bericht über den Unfallhergang. [SEP] r_____ [SEP] report
5807,de,4.093449156,Tag [SEP] Ich fahre für einen Tag nach Innsbruck. [SEP] d__ [SEP] day
5808,de,2.042805085,verdienen [SEP] Sie verdient sehr viel Geld in ihrem neuen Job. [SEP] e___ [SEP] earn
5809,de,1.747191687,Krone [SEP] Die Königin trägt eine wunderschöne Krone. [SEP] c____ [SEP] crown
5810,de,0.118076803,"gebürtig [SEP] Anna ist gebürtige Deutsche, lebt aber in Großbritannien. [SEP] n_____ [SEP] native"
5811,de,-1.596867321,letztlich [SEP] Eine Diät dieser Art wird letztlich zu einer Erkrankung führen. [SEP] u_________ [SEP] ultimately
5812,de,1.43351236,Erdbeere [SEP] Ich mag keine Erdbeeren. [SEP] s_________ [SEP] strawberry
5813,de,-1.668778774,sich [SEP] Die Freundinnen unterhalten sich über ihre Zukunftspläne. [SEP] c_______ [SEP] converse
5814,de,1.522781038,Jugendlicher [SEP] Die typische Zuhörerin dieser Band ist eine kreischende Jugendliche. [SEP] t___ [SEP] teen
5815,de,-2.073165158,Mischung [SEP] Violett ist eine Mischung aus blau und rot. [SEP] c__________ [SEP] combination
5816,de,-1.665240489,kompromittierend [SEP] Kompromittierende Fotografien tauchten auf und damit war sein Ruf zerstört. [SEP] c___________ [SEP] compromising
5817,de,-0.208136147,winzig [SEP] Der Chirurg setzte einen mikroskopischen Schnitt an. [SEP] m__________ [SEP] microscopic
5818,de,0.766224358,fällig [SEP] Die Miete ist morgen fällig. [SEP] d__ [SEP] due
5819,de,-0.067741377,Hirsch [SEP] Ich habe im Wald einen Hirsch gesehen. [SEP] d___ [SEP] deer
5820,de,2.586676674,früh [SEP] Er wuchs in den frühen Achtzigern auf. [SEP] e____ [SEP] early
5821,de,1.345323555,Aufmerksamkeit [SEP] Darf ich um eure Aufmerksamkeit bitten? [SEP] a________ [SEP] attention
5822,de,-2.26243379,"nicht [SEP] Soll ich auf dich warten? Nein, nicht nötig. [SEP] b_____ [SEP] bother"
5823,de,-0.282882863,Falte [SEP] Schneide das Papier entlang der Falte. [SEP] f___ [SEP] fold
5824,de,-0.88513962,rein [SEP] Es war eine rein geschäftliche Beziehung. [SEP] p_____ [SEP] purely
5825,de,-1.083078629,Fracht [SEP] Das Schiff transportiert eine große Fracht. [SEP] c____ [SEP] cargo
5826,de,0.679418208,Ehrlichkeit [SEP] Ehrlichkeit in einer Beziehung steht für beide an oberster Stelle. [SEP] h______ [SEP] honesty
5827,de,-0.48366979,ungültig [SEP] Das Ticket ist ungültig. Sie brauchen einen neuen Fahrschein. [SEP] i______ [SEP] invalid
5828,de,-2.880588314,erheblich [SEP] Die Ausgaben des Unternehmens sind erheblich gesunken. [SEP] c___________ [SEP] considerably
5829,de,2.463579437,Laptop [SEP] Ich habe mir gestern einen neuen Laptop gekauft. [SEP] l_____ [SEP] laptop
5830,de,-0.760518736,Würde [SEP] Sie ist mit Würde gestorben. [SEP] d______ [SEP] dignity
5831,de,-0.794153093,numerisch [SEP] Gib die Zahl ein mit dem numerischen Tastaturfeld. [SEP] n______ [SEP] numeric
5832,de,-0.429520681,Anker [SEP] Der Kapitän warf den Anker aus. [SEP] a_____ [SEP] anchor
5833,de,1.806280908,"wer [SEP] Wer auch immer das erzählt, lügt. [SEP] w______ [SEP] whoever"
5834,de,0.686802955,nostalgisch [SEP] Bei diesem Anblick kommen nostalgische Gefühle hoch. [SEP] n________ [SEP] nostalgic
5835,de,2.250526467,einige [SEP] Die Studierenden hatten nach der Stunde noch einige Fragen. [SEP] s___ [SEP] some
5836,de,0.114819998,total [SEP] Bist du dir total sicher? [SEP] a_________ [SEP] absolutely
5837,de,3.006069234,fünf [SEP] Ich habe dich gestern fünfmal angerufen. [SEP] f___ [SEP] five
5838,de,1.802668111,"sich [SEP] Ich war so müde, dass ich mich kaum in der Schule konzentrieren konnte. [SEP] c__________ [SEP] concentrate"
5839,de,1.520741926,Transporter [SEP] Alle Autos wurden auf den Transporter verladen. [SEP] t__________ [SEP] transporter
5840,de,2.603868113,"ein [SEP] Bevor wir mit der Aufgabe beginnen, machen wir ein Brainstorming. [SEP] b_________ [SEP] brainstorm"
5841,de,-1.164087959,Gans [SEP] Drei Gänse überqueren gemütlich die Straße. [SEP] g____ [SEP] goose
5842,de,-1.548492808,Einwand [SEP] Ist irgendjemand dagegen? Hat jemand einen Einwand? [SEP] o________ [SEP] objection
5843,de,2.12568869,Fuchs [SEP] Der Fuchs lebt im Wald. [SEP] f__ [SEP] fox
5844,de,1.465872935,erfrischend [SEP] Das Wochenende am Meer war wirklich erfrischend. [SEP] r_________ [SEP] refreshing
5845,de,-1.358226431,Unterrichtsarbeit [SEP] Die Schüler erledigen die Unterrichtsarbeit in Gruppen. [SEP] c________ [SEP] classwork
5846,de,-1.362142948,"Veranstaltungsort [SEP] Bitte beachten Sie, dass der Veranstaltungsort kurzfristig geändert wurde. [SEP] v____ [SEP] venue"
5847,de,0.01685225,astronomisch [SEP] Die Familie bezahlte einen astronomischen Preis für das Haus. [SEP] a___________ [SEP] astronomical
5848,de,0.100334764,Vorort [SEP] Sie leben in einem Pariser Vorort und verbringen jeden Tag viele Stunden im Pendlerverkehr. [SEP] s_____ [SEP] suburb
5849,de,-0.847510067,Kalender [SEP] Ich schreibe alle meine Termine in den Kalender. [SEP] c_______ [SEP] calendar
5850,de,-0.226214465,Diashow [SEP] Nach jedem Urlaub mussten wir eine stundenlange Diashow bei unserem Onkel ertragen. [SEP] s________ [SEP] slideshow
5851,de,0.310209023,Mönch [SEP] Der Mönch lebt in einem Kloster. [SEP] m___ [SEP] monk
5852,de,0.229004324,Fortschritt [SEP] Seit dem letzten Jahr hat sie großen Fortschritt gemacht. [SEP] p_______ [SEP] progress
5853,de,-2.165269117,Strahlung [SEP] Aufgrund der hohen Strahlung kann niemand in das Dorf Fukushima zurückkehren. [SEP] r____________ [SEP] radioactivity
5854,de,-0.303034969,Beweggrund [SEP] Der Beweggrund für sein Handeln ist pure Eifersucht. [SEP] m_____ [SEP] motive
5855,de,0.90320536,spenden [SEP] Ich spende Geld für Kinder in Afrika. [SEP] d_____ [SEP] donate
5856,de,-2.532506377,"pur [SEP] Es war purer Zufall, dass ihr euch an diesem Tag getroffen habt. [SEP] s____ [SEP] sheer"
5857,de,-1.010334329,"fortschrittlich [SEP] Wir brauchen einen fortschrittlichen Zugang zum Unterrichten, damit jedes Kind optimal gefördert werden kann. [SEP] p__________ [SEP] progressive"
5858,de,0.884029332,Heimatland [SEP] Was ist dein Heimatland? [SEP] h_______ [SEP] homeland
5859,de,0.642620083,schön [SEP] Sie waren schön angezogen. [SEP] b__________ [SEP] beautifully
5860,de,0.140030464,klassisch [SEP] Das Konzert wird von klassisch ausgebildeten Musikern gespielt. [SEP] c__________ [SEP] classically
5861,de,0.97460393,Mikroskop [SEP] Die Schüler untersuchen die Bakterien unter dem Mikroskop. [SEP] m_________ [SEP] microscope
5862,de,-0.152227943,Vorspeise [SEP] Im Herbst wird Kürbis häufig zu Vorspeisen verarbeitet. [SEP] s______ [SEP] starter
5863,de,0.417010431,"Spezialität [SEP] Eine Spezialität des Hauses sind die Rindsrouladen, die noch nach einem alten Familienrezept zubereitet werden. [SEP] s_________ [SEP] speciality"
5864,de,3.055330268,Hausaufgaben [SEP] Die Schüler müssen ihre Hausaufgaben pünktlich abgeben. [SEP] h_______ [SEP] homework
5865,de,-0.039140464,Angestellter [SEP] Der Angestellte macht seinen Job gut. [SEP] e_______ [SEP] employee
5866,de,2.192432546,Freundschaft [SEP] Unsere Freundschaft ist mir sehr wichtig. [SEP] f_________ [SEP] friendship
5867,de,-1.387210717,Aufguss [SEP] Dieser Tee ist ein Aufguss aus getrockneten Kräutern und frischen Blüten. [SEP] i_______ [SEP] infusion
5868,de,2.619261401,ein [SEP] Es ist ein bisschen kalt hier. [SEP] b__ [SEP] bit
5869,de,-0.991337214,sich [SEP] Er kümmert sich um die Autoversicherung. [SEP] d___ [SEP] deal
5870,de,0.51785411,gotisch [SEP] Viele Besucher bewundern die gotische Kirche. [SEP] g_____ [SEP] gothic
5871,de,-0.871963347,Bereich [SEP] Die Regierung möchte mit diesen Maßnahmen den öffentlichen Bereich stärken. [SEP] s_____ [SEP] sector
5872,de,-1.322995568,vielschichtig [SEP] Das Problem war vielschichtig und konnte nicht so einfach aus der Welt geschaffen werden. [SEP] c______ [SEP] complex
5873,de,-2.838108851,auffällig [SEP] Die auffällige Ähnlichkeit zwischen den beiden sorgte immer wieder für Aufsehen. [SEP] s_______ [SEP] striking
5874,de,-0.966621753,leicht [SEP] Ich habe leichte Kopfschmerzen. [SEP] m___ [SEP] mild
5875,de,0.024934356,Defizit [SEP] Das Budgetdefizit wird immer größer. [SEP] d______ [SEP] deficit
5876,de,2.853126775,aufwachen [SEP] Meistens wache ich um sieben auf. [SEP] w___ [SEP] wake
5877,de,-0.118073145,Untergeschoss [SEP] Meine Wohnung liegt im Untergeschoss. [SEP] b_______ [SEP] basement
5878,de,1.010685346,auf [SEP] Ich wette wie letztes Jahr auf das Gewinnerpferd. [SEP] b__ [SEP] bet
5879,de,-2.323296012,Abstieg [SEP] Sie aßen einen Snack auf dem Berggipfel und bereiteten den Abstieg vor. [SEP] d______ [SEP] descent
5880,de,-0.797202761,"Vorurteil [SEP] Nur wer seine Vorurteile kennt, kann toleranter werden. [SEP] p________ [SEP] prejudice"
5881,de,1.641575257,Hitze [SEP] Die enorme Hitze der letzten Tage macht vielen Menschen zu schaffen. [SEP] h___ [SEP] heat
5882,de,2.193659001,Gladiator [SEP] Die Gladiatoren kämpften in der Arena um ihr Leben. [SEP] g________ [SEP] gladiator
5883,de,-2.934507962,schrill [SEP] Ich höre eine schrille Stimme im Gang. Wer kann das sein? [SEP] p_______ [SEP] piercing
5884,de,-1.563157492,Uneinigkeit [SEP] Uneinigkeit führt oft zu Streit. [SEP] d___________ [SEP] disagreement
5885,de,-2.673095421,kratzen [SEP] Vor dem Neuanstrich müssen Sie zuerst die alte Farbe von dem Holz kratzen. [SEP] s_____ [SEP] scrape
5886,de,-1.209376563,jdn/etw [SEP] Die Finanzierung wurde genehmigt und sie können endlich ihre Restaurantküche ausstatten. [SEP] e____ [SEP] equip
5887,de,-2.27999857,Gewinnanteil [SEP] Der Gewinnanteil wird an die Eigentümer ausbezahlt. [SEP] d_______ [SEP] dividend
5888,de,-1.858793076,nach [SEP] Das Wohnzimmer ist nach Süden ausgerichtet. [SEP] f_____ [SEP] facing
5889,de,-3.662958653,Lasche [SEP] Zum Öffnen der Verpackung bitte Lasche hochziehen. [SEP] t__ [SEP] tab
5890,de,-1.323077047,"Etikett [SEP] Ich weiß nicht, was das T-Shirt kostet, das Etikett wurde entfernt. [SEP] t__ [SEP] tag"
5891,de,-0.633368555,Krempel [SEP] Lass uns den Krempel auf dem Dachboden ausräumen! [SEP] j___ [SEP] junk
5892,de,3.616025968,investieren [SEP] Wie viel Geld hast du in diese Firma investiert? [SEP] i_____ [SEP] invest
5893,de,-0.504438481,regeln [SEP] Die Stadtverwaltung muss den Verkehr in der Innenstadt regeln. [SEP] r_______ [SEP] regulate
5894,de,1.086816182,Negativität [SEP] Deine Negativität ist nicht auszuhalten! [SEP] n_________ [SEP] negativity
5895,de,1.838013091,Jugendlicher [SEP] Der typische Zuhörer dieser Band ist eine kreischende Jugendliche. [SEP] t_______ [SEP] teenager
5896,de,1.820060888,Ecke [SEP] Ein neues Café hat an der Straßenecke aufgemacht. [SEP] c_____ [SEP] corner
5897,de,-1.001437052,sich [SEP] Unternehmen passen sich an das Umfeld an. [SEP] a____ [SEP] adapt
5898,de,-0.972993893,Verschiebung [SEP] Nach den Neuwahlen kam es zu einer Verschiebung der Macht im Parlament. [SEP] s____ [SEP] shift
5899,de,1.829205171,Gespräch [SEP] Es war ein sehr interessantes Gespräch. [SEP] t___ [SEP] talk
5900,de,-2.395407044,angeblich [SEP] Der Vorfall ereignete sich angeblich gegen die Mittagszeit. [SEP] a________ [SEP] allegedly
5901,de,1.412003026,"Rock [SEP] Ihnen gefällt der Rock der neuen Uniform, weil er nicht zu kurz ist und man sich gut darin bewegen kann. [SEP] s____ [SEP] skirt"
5902,de,-1.568272695,"vorrangig [SEP] Unser vorrangiges Anliegen ist es, dass die Kinder hier viel Alltägliches lernen und erfahren. [SEP] p______ [SEP] primary"
5903,de,0.363669136,Fabrik [SEP] Er arbeitet in einer Schuhfabrik. [SEP] f______ [SEP] factory
5904,de,-1.78755218,philosophisch [SEP] Philosophisch betrachtet handelt es sich dabei um ein bekanntes Problem. [SEP] p______________ [SEP] philosophically
5905,de,2.266488255,fliegend [SEP] Sie wurde von einer herumfliegenden Glasflasche verletzt. [SEP] f_____ [SEP] flying
5906,de,-3.245539111,Zurückhaltung [SEP] Sie bemühte sich um Zurückhaltung und konnte so ihr Gewicht auf Dauer halten. [SEP] r________ [SEP] restraint
5907,de,-0.163674466,annehmbar [SEP] Die Preise steigen kontinuierlich. Sie sind kaum noch annehmbar. [SEP] a_________ [SEP] acceptable
5908,de,-2.543722043,erheblich [SEP] Der Fleiß der Schülerinnen ist mit der neuen Unterrichtsmethode erheblich angestiegen. [SEP] s____________ [SEP] significantly
5909,de,0.282861899,kaum [SEP] Er war angetrunken und konnte kaum noch stehen. [SEP] b_____ [SEP] barely
5910,de,0.437456768,neben [SEP] Wer steht dort neben Alex? [SEP] b_____ [SEP] beside
5911,de,0.683936413,"vertreten [SEP] Du wurdest ausgewählt, um unsere Firma bei diesem Kongress zu vertreten. [SEP] r________ [SEP] represent"
5912,de,1.162541937,Physik [SEP] Wir haben jetzt Physik und danach noch eine Stunde Englisch. [SEP] p______ [SEP] physics
5913,de,-1.677566343,untreu [SEP] Sie war ihrem Mann noch nie untreu gewesen. [SEP] u_________ [SEP] unfaithful
5914,de,-0.279465904,Programmierung [SEP] Die Programmierung dieser speziellen Funktion wird sicher viel Zeit in Anspruch nehmen. [SEP] p__________ [SEP] programming
5915,de,-3.858371847,Schutzgebiet [SEP] Puerto Rico gehört zum Schutzgebiet der Vereinigten Staaten von Amerika. [SEP] d_________ [SEP] dependency
5916,de,-0.773765217,"Strumpf [SEP] Ich brauche noch immer ein paar Stunden, bis dieser Strumpf fertig gestrickt ist. [SEP] s_______ [SEP] stocking"
5917,de,1.179375216,korrigiert [SEP] Die korrigierten Aufsätze wurden ausgeteilt. [SEP] c________ [SEP] corrected
5918,de,3.458721231,Autofahrer [SEP] Der Autofahrer fährt sehr vorsichtig. [SEP] d_____ [SEP] driver
5919,de,-0.85865905,Moslem [SEP] Der gläubige Moslem geht regelmäßig in die Moschee. [SEP] m_____ [SEP] muslim
5920,de,-0.408596259,funktional [SEP] Die Maschinen sind funktional ähnlich. [SEP] f___________ [SEP] functionally
5921,de,-0.274599216,knallen [SEP] Gleich nach der Hochzeit ließen sie die Korken der Sektflaschen knallen. [SEP] p__ [SEP] pop
5922,de,0.4197451,an [SEP] Sie nehmen an der Veranstaltung teil. [SEP] p__________ [SEP] participate
5923,de,-3.672730004,herrlich [SEP] Wir beobachteten den herrlich roten Sonnenuntergang. [SEP] g_________ [SEP] gloriously
5924,de,-1.734435219,Durchdringung [SEP] Für eine erfolgreiche Durchdringung des Marktes müssen wir unsere Marketing-Strategie anpassen. [SEP] p__________ [SEP] penetration
5925,de,-0.838447985,lebenslang [SEP] Lebenslange Freundschaften machen glücklicher. [SEP] l_______ [SEP] lifelong
5926,de,2.915514128,"Prüfung [SEP] Ich hoffe, dass ich diese Prüfung bestehe. [SEP] t___ [SEP] test"
5927,de,-2.151226717,kariert [SEP] Er hat ein kariertes Hemd an. [SEP] c______ [SEP] checked
5928,de,-0.572224293,sexistisch [SEP] Sexistische Bemerkungen am Arbeitsplatz werden nicht toleriert. [SEP] s_____ [SEP] sexist
5929,de,0.036218497,Nonne [SEP] Die Nonne lebt im Kloster. [SEP] n__ [SEP] nun
5930,de,2.009397477,betrunken [SEP] Sie sind betrunken und können nicht mehr Auto fahren. [SEP] d____ [SEP] drunk
5931,de,0.138526966,zu [SEP] Nach Silvester wollen viele Menschen weniger ungesunde Lebensmittel zu sich nehmen. [SEP] c______ [SEP] consume
5932,de,-0.063004245,anderswo [SEP] Die Preise sind höher als anderswo in Europa. [SEP] e________ [SEP] elsewhere
5933,de,-2.849501507,Anerkennung [SEP] Die Anerkennung von Leistungen wirkt sich positiv auf die Mitarbeiter aus. [SEP] a_______ [SEP] approval
5934,de,-0.130926433,Athlet [SEP] Er ist ein guter Athlet. [SEP] a______ [SEP] athlete
5935,de,-1.834829592,Verstoß [SEP] Dies war ein klarer Verstoß gegen die Abmachungen. [SEP] v________ [SEP] violation
5936,de,-0.616847349,Rezept [SEP] Dieses Medikament kann nur mit einem ärztlichen Rezept gekauft werden. [SEP] p___________ [SEP] prescription
5937,de,-0.311817297,vielfältig [SEP] Die Themen der Zeitschrift sind vielfältig. Es wird ein breites Publikum damit angezogen. [SEP] d______ [SEP] diverse
5938,de,-2.488076192,Ausmaß [SEP] Wir sind erschüttert vom Ausmaß des Schadens. [SEP] e_____ [SEP] extent
5939,de,1.848959536,gebucht [SEP] Das gebuchte Hotel ist wunderschön. [SEP] b_____ [SEP] booked
5940,de,0.086577946,snowboardend [SEP] Viele snowboardende Sportler unterschätzen die Lawinengefahr in diesem Skigebiet. [SEP] s___________ [SEP] snowboarding
5941,de,0.475567947,Grafik [SEP] Er hat Grafikdesign studiert. [SEP] g______ [SEP] graphic
5942,de,-3.02143266,verschieden [SEP] Sie wurden in zwei verschiedene Gruppen eingeteilt. [SEP] d_______ [SEP] distinct
5943,de,-0.170739779,"versichern [SEP] Ich versichere Ihnen, Hannes ist völlig gesund. [SEP] a_____ [SEP] assure"
5944,de,2.076956984,"Tanzen [SEP] Lass uns gehen, das Tanzen macht mir keinen Spaß mehr! [SEP] d______ [SEP] dancing"
5945,de,-1.697377623,Stoff [SEP] Das T-Shirt besteht aus Baumwollstoff. [SEP] c____ [SEP] cloth
5946,de,-1.653733071,"übernatürlich [SEP] Es gibt immer wieder übernatürliche Phänomene, die man sich nicht erklären kann. [SEP] p_________ [SEP] paranormal"
5947,de,2.777100189,Sensor [SEP] Ein spezieller Sensor kann die Außentemperatur messen. [SEP] s_____ [SEP] sensor
5948,de,-3.066623931,"anteilig [SEP] Wenn wir unsere Geldmittel zusammenlegen, wird das die anteiligen Kosten für alle Beteiligten senken. [SEP] p___________ [SEP] proportional"
5949,de,3.353325819,Tango [SEP] Sie tanzten einen Tango. [SEP] t____ [SEP] tango
5950,de,-0.614880417,widerspiegeln [SEP] Seine wahren Gefühle spiegeln sich unverkennbar in seinem Gesicht wider. [SEP] r______ [SEP] reflect
5951,de,-2.979434117,Aufsichtsbehörde [SEP] Die Aufsichtsbehörde wird sich von euren Aufzeichnungen nicht überzeugen lassen. [SEP] r________ [SEP] regulator
5952,de,1.245433896,Fremder [SEP] Wir haben die Orientierung verloren und mussten eine Fremde nach dem Weg fragen. [SEP] s_______ [SEP] stranger
5953,de,-0.855473647,geschäftsführend [SEP] Der geschäftsführende Inhaber hat neue Ziele für das kommende Jahr formuliert. [SEP] m_______ [SEP] managing
5954,de,1.38555899,illegal [SEP] Sie wurde wegen illegalen Waffenbesitzes verhaftet. [SEP] i______ [SEP] illegal
5955,de,2.500141387,international [SEP] Es kommen stündlich drei internationale Flüge an. [SEP] i____________ [SEP] international
5956,de,2.486876876,"Land [SEP] Er ist zwar auf dem Land aufgewachsen, zog aber zum Studieren in die Stadt. [SEP] c______ [SEP] country"
5957,de,-2.503557184,schwierig [SEP] Es war eine ziemlich schwierige Situation. [SEP] t_____ [SEP] tricky
5958,de,-2.701219338,faktisch [SEP] Seine Präsidentschaft ist faktisch heute zu Ende gegangen. [SEP] e__________ [SEP] effectively
5959,de,0.191533147,ersetzen [SEP] Nichts kann ihn in unserer Gruppe wirklich ersetzen. [SEP] r______ [SEP] replace
5960,de,0.426459383,Akzeptanz [SEP] Gegenseitige Akzeptanz wird von den Schülern erwartet. [SEP] a_________ [SEP] acceptance
5961,de,0.009457215,Strahlung [SEP] Im Weltall müssen Astronauten besonders von Kälte und Strahlung geschützt werden. [SEP] r________ [SEP] radiation
5962,de,-1.888875346,sicher [SEP] Wir werden aus dieser Erfahrung lernen – da bin ich mir sicher. [SEP] p_______ [SEP] positive
5963,de,-1.342692296,empirisch [SEP] Empirische Daten unterstützen die Theorie. [SEP] e________ [SEP] empirical
5964,de,2.671479525,Jäger [SEP] Er ist Jäger von Beruf. [SEP] h_____ [SEP] hunter
5965,de,1.618406255,"akrobatisch [SEP] Es ist gefährlich, diesen akrobatischen Akt ohne ein Sicherheitsnetz durchzuführen. [SEP] a________ [SEP] acrobatic"
5966,de,1.20244338,aufhängen [SEP] Hänge deine Jacke hinter der Tür auf. [SEP] h___ [SEP] hang
5967,de,1.093095599,Philosophie [SEP] Er hat Philosophie an der Universität Wien studiert. [SEP] p_________ [SEP] philosophy
5968,de,-0.458245458,Wächter [SEP] Sie sehen sich selbst als Wächter der moralischen Sitten. [SEP] g_______ [SEP] guardian
5969,de,1.378325607,Zeichnung [SEP] Die Zeichnungen der Kinder sind sehr schön geworden. [SEP] d______ [SEP] drawing
5970,de,1.80678683,Inspiration [SEP] Mir fehlt die Inspiration für diese Arbeit. [SEP] i__________ [SEP] inspiration
5971,de,-1.586044283,"sich [SEP] Die Flasche ist im Gefrierschrank kaputt gegangen, weil sich die Flüssigkeit ausgedehnt hat. [SEP] e_____ [SEP] expand"
5972,de,-3.278711511,befürworten [SEP] Die Direktorin befürwortet die Vorschläge der Lehrer. [SEP] e______ [SEP] endorse
5973,de,-2.018513435,"flüchtiger [SEP] Die Menschenmenge wartete geduldig vor dem Vatikan, um einen flüchtigen Blick auf den Papst zu erhaschen. [SEP] g______ [SEP] glimpse"
5974,de,-4.27771629,mühsam [SEP] Die Politiker wollen eine Verbindung schaffen zwischen Klima- und Energiepolitik. [SEP] f____ [SEP] forge
5975,de,0.509609534,bewaffnet [SEP] Vorsichtig! Der Dieb ist bewaffnet. [SEP] a____ [SEP] armed
5976,de,2.094391853,Paar [SEP] Sie sind seit zwei Jahren ein Paar. [SEP] c_____ [SEP] couple
5977,de,-0.746697452,lokal [SEP] Die lokal verteilten Servicestellen können die meisten Anfragen bearbeiten. [SEP] r_________ [SEP] regionally
5978,de,-0.165239379,benachteiligen [SEP] Arbeitgeber dürfen Mitarbeiter mit Migrationshintergrund nicht benachteiligen. [SEP] d___________ [SEP] discriminate
5979,de,-1.466171811,Ersatz [SEP] Man kann bei diesem Rezept Honig als Ersatz für Zucker verwenden. [SEP] s_________ [SEP] substitute
5980,de,0.332810087,jdn/etw [SEP] Der Priester segnete die Kinder. [SEP] b____ [SEP] bless
5981,de,0.656300662,netto [SEP] Die Frau verdient 1500 Euro netto. [SEP] n__ [SEP] net
5982,de,2.290350535,Schlafzimmer [SEP] Wir haben ein extra Schlafzimmer für Gäste. [SEP] b______ [SEP] bedroom
5983,de,1.608674464,schwul [SEP] Viele schwule Männer gehen in diesen Club. [SEP] g__ [SEP] gay
5984,de,0.842935402,Hilfe [SEP] Fortschrittliche Länder bieten Entwicklungsländern finanzielle Hilfe an. [SEP] a__ [SEP] aid
5985,de,-4.429935879,nachgestellt [SEP] Ein nachgestelltes Experiment kam seltsamerweise nicht zu den selben Ergebnissen. [SEP] r_________ [SEP] replicated
5986,de,2.844194394,Hilfe [SEP] Kann ich Ihnen meine Hilfe anbieten? [SEP] h___ [SEP] help
5987,de,-1.550570972,Landebahn [SEP] Die Landebahn war voller Schnee und musste zuerst leergeräumt werden. [SEP] r_____ [SEP] runway
5988,de,1.792911764,kanadisch [SEP] Der kanadische Winter kann bitterkalt sein. [SEP] c_______ [SEP] canadian
5989,de,2.11233196,"Simulator [SEP] Bevor die Lokführer zum ersten Mal einen echten Zug steuern, müssen sie 150 Stunden im Simulator absolvieren. [SEP] s________ [SEP] simulator"
5990,de,1.059023571,Gummi [SEP] Beim Putzen meines Badezimmers trage ich immer Gummihandschuhe. [SEP] r_____ [SEP] rubber
5991,de,0.217682084,sehr [SEP] Der Mann ist sehr wütend und schreit die Frau an. [SEP] f______ [SEP] furious
5992,de,0.11059939,schlucken [SEP] Ich hatte Halsweh und konnte kaum schlucken. [SEP] s______ [SEP] swallow
5993,de,0.150137633,Startseite [SEP] Die Startseite im Internet gibt Informationen über die Geschichte der Firma. [SEP] h_______ [SEP] homepage
5994,de,1.345984987,Haushalt [SEP] Wie viele Personen leben in Ihrem Haushalt? [SEP] h________ [SEP] household
5995,de,-1.504635363,erhalten [SEP] Die Menschen der kleinen Gemeinde wollten gemeinsam die alten Bäume erhalten. [SEP] c_______ [SEP] conserve
5996,de,-1.524714781,unnötig [SEP] Diese Anleitung scheint mir unnötig kompliziert. [SEP] u____________ [SEP] unnecessarily
5997,de,1.083850215,Vertrauen [SEP] Sein Vertrauen in sie war völlig unbegründet. [SEP] t____ [SEP] trust
5998,de,0.239808475,"Ärger [SEP] Der Ärger begann, als ich die Firma wechselte. [SEP] t______ [SEP] trouble"
5999,de,-1.458033137,schnitzen [SEP] Er schnitzte eine Figur aus dem Stück Holz. [SEP] c____ [SEP] carve
6000,de,2.498172274,Internet [SEP] Ich verbringe viele Stunden im Internet. [SEP] i_______ [SEP] internet
6001,de,-0.523193969,unverschlossen [SEP] Lass deinen Schrank lieber nicht unverschlossen. [SEP] u_______ [SEP] unlocked
6002,de,0.732930643,"entleeren [SEP] Sie wurde aufgefordert, ihre Hosentaschen zu entleeren. [SEP] e____ [SEP] empty"
6003,de,1.640290155,Himmel [SEP] Gott schuf Himmel und Erde. [SEP] h_____ [SEP] heaven
6004,de,-2.954620601,"zerschlagen [SEP] Kaum hatte ich mich umgedreht, hat der Hund auch schon die Vase zerschlagen. [SEP] s______ [SEP] shatter"
6005,de,0.763468227,Patrouille [SEP] Die Patrouille kann den Täter gut beschreiben. [SEP] p_____ [SEP] patrol
6006,de,0.931907721,Versicherung [SEP] Ich habe eine Versicherung über 100 000 Euro gegen Feuer abgeschlossen. [SEP] i________ [SEP] insurance
6007,de,1.392170134,regelmäßig [SEP] Sie halten regelmäßige Treffen ab. [SEP] r______ [SEP] regular
6008,de,-3.311028719,"Anwalt [SEP] Ich habe erfahren, dass der Anwalt drei Expertzeugen vor Gericht aussagen lassen möchte. [SEP] c______ [SEP] counsel"
6009,de,-2.685982513,Erkennung [SEP] Die frühzeitige Erkennung von Krankheiten kann vielen Menschen das Leben retten. [SEP] d________ [SEP] detection
6010,de,0.710212041,Draht [SEP] Die Kisten waren mit rostigem Draht verschnürt. [SEP] w___ [SEP] wire
6011,de,-0.105154014,Behandlung [SEP] Sie scheint gut auf die Behandlung anzusprechen. [SEP] t________ [SEP] treatment
6012,de,-0.971021596,"Gegenteil [SEP] Im Gegenteil, Sie sprechen wirklich sehr gut Englisch. [SEP] c_______ [SEP] contrary"
6013,de,-1.912601871,gefangen [SEP] Alle flüchtigen Verbrecher wurden festgenommen. [SEP] c______ [SEP] capture
6014,de,1.095647274,Koffer [SEP] Leider hat die Fluglinie meinen Koffer verloren. [SEP] s_______ [SEP] suitcase
6015,de,0.139001824,"Antriebsmaschine [SEP] Die Antriebsmaschine ist ausgefallen. Wir brauchen einen Fachmann, der sie reparieren kann. [SEP] m____ [SEP] motor"
6016,de,1.265734056,Pause [SEP] Er machte eine kurze Pause und dann redete er weiter. [SEP] p____ [SEP] pause
6017,de,1.520912083,Sonnenlicht [SEP] Diese Pflanze sollte nicht im direkten Sonnenlicht stehen. [SEP] s_______ [SEP] sunlight
6018,de,0.584923371,kauen [SEP] Du musst das Essen gut kauen. [SEP] c___ [SEP] chew
6019,de,-0.869034605,stimmen [SEP] Du solltest die Gitarre zuerst stimmen. [SEP] t___ [SEP] tune
6020,de,-1.965239361,Entwicklungs [SEP] Das Kind befindet sich in einem kritischen Entwicklungsstadium. [SEP] d____________ [SEP] developmental
6021,de,1.756513796,Muffin [SEP] Ich esse gerne Heidelbeermuffins. [SEP] m_____ [SEP] muffin
6022,de,2.463492062,zeitlos [SEP] Seine Werke besitzen zeitlose Gültigkeit. [SEP] t_______ [SEP] timeless
6023,de,0.007804921,"Abschluss [SEP] Nach ihrem Abschluss begann sie, bei einer renommierten Firma zu arbeiten. [SEP] g_________ [SEP] graduation"
6024,de,-1.368030222,"jdn/etw [SEP] Ich glaube, ich habe dich missverstanden. Was wolltest du von mir? [SEP] m____________ [SEP] misunderstand"
6025,de,0.037356954,Sippe [SEP] Innerhalb der Sippe besteht ein starkes Gefühl der Gemeinschaft und des Miteinanders. [SEP] c___ [SEP] clan
6026,de,1.252842903,Fischer [SEP] Er ist Fischer aus Leidenschaft. [SEP] f________ [SEP] fisherman
6027,de,-2.635905747,Fraktion [SEP] Seit geraumer Zeit bilden sich in der Gewerkschaft verschiedene Fraktionen. [SEP] f______ [SEP] faction
6028,de,0.320491791,Rassismus [SEP] Rassismus bleibt nach wie vor eine Herausforderung in unserer Gesellschaft. [SEP] r_____ [SEP] racism
6029,de,-2.403458141,Schließung [SEP] Aus Mangel an externen Finanzierungen wurden einige Geschäfte zur Schließung gezwungen. [SEP] c______ [SEP] closure
6030,de,0.374832689,wasserdicht [SEP] Diese Kamera ist angeblich wasserdicht. [SEP] w_________ [SEP] waterproof
6031,de,0.934547018,Dreck [SEP] Seine Füße waren voller Dreck. [SEP] d___ [SEP] dirt
6032,de,1.849011386,schmecken [SEP] Diese Kekse schmecken sehr intensiv nach Kardamom. [SEP] t____ [SEP] taste
6033,de,1.861922398,wunderbar [SEP] Ich genoss die wunderbare Aussicht. [SEP] w________ [SEP] wonderful
6034,de,-1.391984663,Spur [SEP] Sie konnte seine Spur bis zum Waldrand verfolgen. (NICHT trace) [SEP] t____ [SEP] track
6035,de,1.373282793,gefroren [SEP] Die Eisdiele verkauft jetzt auch gefrorenes Joghurt. [SEP] f_____ [SEP] frozen
6036,de,-0.810431222,"geregelt [SEP] Wir brauchen gut geregelte Banken, damit eine weitere Krise vermieden werden kann. [SEP] r________ [SEP] regulated"
6037,de,1.537563425,"treten [SEP] Mama, Rosa hat mich mit dem Fuß getreten! [SEP] k___ [SEP] kick"
6038,de,-2.985872923,unbewältigt [SEP] Wir müssen diese unbewältigten Probleme bald angehen. [SEP] u_________ [SEP] unresolved
6039,de,2.29827875,Dunkelheit [SEP] Man kann in der Dunkelheit der Höhle überhaupt nichts sehen. [SEP] d_______ [SEP] darkness
6040,de,-1.830233008,abgießen [SEP] Nach zehn Minuten werden die Nudeln mit einem Sieb abgegossen. [SEP] d____ [SEP] drain
6041,de,0.083125211,anonym [SEP] Der anonyme Anrufer drohte ihr. [SEP] a________ [SEP] anonymous
6042,de,1.756019588,"okay [SEP] Okay, ich komme mit! [SEP] o___ [SEP] okay"
6043,de,-1.435563249,mahlen [SEP] Er mahlt das Getreide mit der Maschine. [SEP] g____ [SEP] grind
6044,de,1.678161082,lachend [SEP] Die zwei lachenden Menschen da drüben kennen sich sehr gut. [SEP] l_______ [SEP] laughing
6045,de,0.08036433,traditionell [SEP] Die Konzertreihe findet traditionell im Festspielhaus statt. [SEP] t____________ [SEP] traditionally
6046,de,-1.215466714,Glücksritter [SEP] Schon damals zog die Goldminen viele Glücksritter an. [SEP] a_________ [SEP] adventurer
6047,de,-1.153958399,schick [SEP] Ich habe mir ein schickes Auto gekauft. [SEP] f____ [SEP] fancy
6048,de,3.047606662,Volk [SEP] Sie hört gern Volksmusik. [SEP] f___ [SEP] folk
6049,de,1.902472773,Debüt [SEP] Er feierte sein Debüt als Dirigent. [SEP] d____ [SEP] debut
6050,de,-2.551848266,jdm [SEP] Sie teilen den Mitarbeitern Aufträge zu. [SEP] a_____ [SEP] assign
6051,de,-3.144960666,Behauptung [SEP] Leider hat sich ihre Behauptung als falsch erwiesen. [SEP] p__________ [SEP] proposition
6052,de,2.200424548,Meinung [SEP] Meiner Meinung nach sollte er seinen Job kündigen. [SEP] o______ [SEP] opinion
6053,de,-0.627564012,außergewöhnlich [SEP] Sie hat uns eine außergewöhnliche Geschichte erzählt. [SEP] e____________ [SEP] extraordinary
6054,de,1.245798972,südlich [SEP] Sie spricht mit einem deutlichen südlichen Akzent. [SEP] s_______ [SEP] southern
6055,de,1.328837377,Richter [SEP] Die Richterin verkündigte das Urteil. [SEP] j____ [SEP] judge
6056,de,-3.021726928,Verlierer [SEP] Die Verlierermannschaft darf die Seite des Spielfelds auswählen. [SEP] l_____ [SEP] losing
6057,de,1.00352435,Ruhe [SEP] Ich liebe die Ruhe im Wald. [SEP] c___ [SEP] calm
6058,de,3.529218401,Auto [SEP] Sie fährt mit dem Auto zur Arbeit. [SEP] c__ [SEP] car
6059,de,0.544175749,Unternehmensleitung [SEP] Wir möchten die Unternehmensleitung neu aufstellen. [SEP] m_________ [SEP] management
6060,de,-0.255702125,"vereinfachen [SEP] Wir sollten den Prozess vereinfachen, damit weniger Fehler passieren. [SEP] s_______ [SEP] simplify"
6061,de,0.080140437,"ein [SEP] Die Schiff ist bereit zur Abfahrt. Komm, lass uns das Schiff besteigen. [SEP] b____ [SEP] board"
6062,de,-0.740280492,Genauigkeit [SEP] Genauigkeit und Schnelligkeit sind bei dieser Sportart notwendig. [SEP] a_______ [SEP] accuracy
6063,de,0.117089019,neugierig [SEP] Er ist ein neugieriger Junge. [SEP] c______ [SEP] curious
6064,de,1.203262648,Anatomie [SEP] Ich bin fasziniert von der Anatomie des menschlichen Körpers. [SEP] a______ [SEP] anatomy
6065,de,-2.093458132,Brandung [SEP] Die Surfer stürzen sich in die Brandung. [SEP] s___ [SEP] surf
6066,de,-0.868589481,einen [SEP] Ich ließ die Tasse fallen und sie bekam einen Sprung. [SEP] c____ [SEP] crack
6067,de,0.868700752,Ausrüstung [SEP] Die Kinder packten ihre Sportausrüstungen zusammen. [SEP] e________ [SEP] equipment
6068,de,-0.471621818,mathematisch [SEP] Sie hat das Problem mathematisch gelöst. [SEP] m_____________ [SEP] mathematically
6069,de,1.777936783,Trauma [SEP] Trotz dieser Erlebnisse zeigt er keinerlei Spuren eines Traumas. [SEP] t_____ [SEP] trauma
6070,de,0.079266576,"aus [SEP] Versuche, ihm aus dem Weg zu gehen. [SEP] a____ [SEP] avoid"
6071,de,0.794267659,schön [SEP] Die Familie lebt in einem wunderschönen Haus. [SEP] l_____ [SEP] lovely
6072,de,-0.770731029,erreichen [SEP] Er konnte dieses Jahr alle Klassenziele erreichen. [SEP] a______ [SEP] achieve
6073,de,-0.023733784,inbegriffen [SEP] Das Frühstück und das Abendessen sind im Preis des Hotelzimmers inbegriffen. [SEP] i_______ [SEP] included
6074,de,-0.95726281,Epoche [SEP] Wir leben in einer düsteren Epoche. [SEP] e__ [SEP] era
6075,de,0.354795409,Vorhersage [SEP] Die Wettervorhersage für die nächsten Tage ist nicht sehr gut. Es wird sehr viel regnen. [SEP] f_______ [SEP] forecast
6076,de,0.60638987,Unterwelt [SEP] Die kriminelle Unterwelt ist ein unsichtbarer Teil der Stadt. [SEP] u_________ [SEP] underworld
6077,de,-2.52956658,"welcher [SEP] Wir sind bereit, zu welcher Zeit auch immer. [SEP] w_______ [SEP] whatever"
6078,de,-0.070949765,Wesen [SEP] Weit und breit war kein menschliches Wesen auf der Insel zu sehen. [SEP] b____ [SEP] being
6079,de,2.268758403,"Älterer [SEP] Es wurde uns beigebracht, die Älteren zu respektieren. [SEP] e____ [SEP] elder"
6080,de,-0.659082569,sofort [SEP] Die Frau hat den Mann sofort erkannt. [SEP] i__________ [SEP] immediately
6081,de,2.239085837,schläfrig [SEP] Ich bin ziemlich schläfrig und sollte bald ins Bett gehen. [SEP] s_____ [SEP] sleepy
6082,de,-0.030644567,"Raumschiff [SEP] In der Wüste von Utah behaupten immer wieder Menschen, dass sie ein Raumschiff gesehen hätten. [SEP] s________ [SEP] spaceship"
6083,de,1.009918543,kommend [SEP] In den kommenden Jahren wird das Verkehrsaufkommen immer stärker werden. [SEP] c_____ [SEP] coming
6084,de,1.511596629,Einladung [SEP] Ich habe eine Einladung zu seiner Geburtstagsfeier erhalten. [SEP] i_________ [SEP] invitation
6085,de,2.468612699,"laut [SEP] Mein Vater schimpft, dass ich die Musik zu laut abspielen würde. [SEP] l___ [SEP] loud"
6086,de,0.284420419,multikulturell [SEP] Sie feiern ein multikulturelles Fest mit Essen aus der ganzen Welt. [SEP] m____________ [SEP] multicultural
6087,de,2.255308951,Warten [SEP] Das Warten hat sich offensichtlich gelohnt. [SEP] w______ [SEP] waiting
6088,de,3.685680103,Ball [SEP] Kinder spielen gerne Ball. [SEP] b___ [SEP] ball
6089,de,-1.601835095,Wartung [SEP] Einmal im Jahr braucht die Gastherme eine Wartung. [SEP] m__________ [SEP] maintenance
6090,de,-0.161853879,konzipiert [SEP] Das Modellhaus wurde von einem bekannten Architekten konzipiert. [SEP] d_______ [SEP] designed
6091,de,-1.447775074,Verschwörung [SEP] Eine Verschwörung führte zur Ermordung des Präsidenten. [SEP] c_________ [SEP] conspiracy
