item_id,L1,GLMM_score,joined_text
1,cn,-2.741182607,持续时间段 [SEP] 智能手机使人的注意力集中时间越来越短。 [SEP] s___ [SEP] span
2,cn,-1.337120226,彻底地 [SEP] 我们应当彻底改变只顾经济发展的思路，以保护日渐脆弱的环境。 [SEP] r________ [SEP] radically
3,cn,2.212272322,超市 [SEP] 许多人选择去超市采购水果蔬菜。 [SEP] s__________ [SEP] supermarket
4,cn,0.813175169,飞机 [SEP] 一架飞机在比利牛斯山坠毁。 [SEP] a_______ [SEP] airplane
5,cn,-4.992503668,难熬的 [SEP] 等待实验结果的过程往往很难熬。 [SEP] t_____ [SEP] trying
6,cn,-0.322540318,赛车 [SEP] 我喜欢车，但我不喜欢赛车运动。 [SEP] r_____ [SEP] racing
7,cn,3.331054089,睡觉 [SEP] 我每晚10点睡觉。 [SEP] s____ [SEP] sleep
8,cn,0.095214066,军方 [SEP] 据称军方已经做好战争准备。 [SEP] m_______ [SEP] military
9,cn,-0.807598507,容纳限度 [SEP] 电梯的容纳限度是十人。 [SEP] c_______ [SEP] capacity
10,cn,-1.361237522,茎 [SEP] 这类糖是从甘蔗中提取的。 [SEP] c___ [SEP] cane
11,cn,2.647021912,敲 [SEP] 有人敲门。 [SEP] k____ [SEP] knock
12,cn,-1.012531669,走廊 [SEP] 我在走廊上撞见了经理。 [SEP] h______ [SEP] hallway
13,cn,0.090277485,被展示的 [SEP] 1)我们盯着屏幕上显示的图像。2)这些被展示的物品来自英国。 [SEP] d________ [SEP] displayed
14,cn,0.174584565,有挑战性的 [SEP] 我厌烦了机械重复的工作，希望换一份更有挑战性的工作。 [SEP] c__________ [SEP] challenging
15,cn,-1.60165159,传教士 [SEP] 一些传教士为近代中国的教育发展做出了贡献。 [SEP] m_________ [SEP] missionary
16,cn,3.223981903,高的 [SEP] 她的男友很高，在人群里很显眼。 [SEP] t___ [SEP] tall
17,cn,0.66393483,褪色 [SEP] 窗边的照片渐渐褪色了。 [SEP] f___ [SEP] fade
18,cn,2.013674108,街 [SEP] 她听到街上的叫喊声。 [SEP] s_____ [SEP] street
19,cn,-0.52469371,手腕 [SEP] 她的腕上有一只小巧的金表。 [SEP] w____ [SEP] wrist
20,cn,1.485755402,现在的 [SEP] 现在的房主几年前就买下了这栋房子。 [SEP] p______ [SEP] present
21,cn,-2.27696682,垒球 [SEP] 他们喜欢打垒球。 [SEP] s_______ [SEP] softball
22,cn,2.811010039,坐 [SEP] “请坐下”，他说。 [SEP] s__ [SEP] sit
23,cn,-2.544654134,立场 [SEP] 她坚定地陈述了继续接收移民的立场。 [SEP] s_____ [SEP] stance
24,cn,-0.69784801,宗教的 [SEP] 请尊重我的宗教信仰。 [SEP] r________ [SEP] religious
25,cn,1.479236033,震惊 [SEP] 所有人都被她突然的消瘦震惊了。 [SEP] s____ [SEP] shock
26,cn,1.216241401,参加 [SEP] 我参加了昨天的会议。 [SEP] a_____ [SEP] attend
27,cn,-1.162582531,专家小组 [SEP] 面试的专家小组由8位教授组成。 [SEP] p____ [SEP] panel
28,cn,0.316846142,片 [SEP] 他端上一片面包和一个煎蛋。 [SEP] s____ [SEP] slice
29,cn,-0.724083017,精子 [SEP] 医生说他的精子活力较差。 [SEP] s____ [SEP] sperm
30,cn,-1.691300464,越南的 [SEP] 美军与北越南军队交战。 [SEP] v_________ [SEP] vietnamese
31,cn,-2.322540238,杀人的 [SEP] 是什么诱发了他杀人的举动？ [SEP] m________ [SEP] murdering
32,cn,2.344811046,微笑 [SEP] 她的微笑让我放下心来。 [SEP] s____ [SEP] smile
33,cn,-3.010376821,炫目的 [SEP] 爆炸发出巨大声响和刺目的亮光。 [SEP] b_______ [SEP] blinding
34,cn,-0.894849368,出色的 [SEP] 她有出色的记忆力。 [SEP] r_________ [SEP] remarkable
35,cn,0.852738892,图表 [SEP] 下面的饼状图表直观展示了各洲贫困人口的分布。 [SEP] c____ [SEP] chart
36,cn,-2.677989764,毛衣 [SEP] 她穿了一件白色的套头毛衣。 [SEP] j_____ [SEP] jumper
37,cn,1.842217255,提醒 [SEP] 他提醒了我明天要开会。 [SEP] r_____ [SEP] remind
38,cn,-0.088332707,胡说 [SEP] 别信她那些胡说八道。 [SEP] n_______ [SEP] nonsense
39,cn,-2.899932992,绝色的 [SEP] 1)你穿这件晚礼服美呆了。2)山顶看到的日出景色美极了。 [SEP] s_______ [SEP] stunning
40,cn,3.370929857,茶 [SEP] “你要咖啡还是茶？”“茶，谢谢。” [SEP] t__ [SEP] tea
41,cn,-1.776284494,当家 [SEP] 女主人很会当家，为家庭省下不少开支。 [SEP] h___________ [SEP] housekeeping
42,cn,0.040623734,市长 [SEP] 市长为他颁发了证书。 [SEP] m____ [SEP] mayor
43,cn,1.52073452,乡下 [SEP] 他们周末驾车去乡下探望家人。 [SEP] c__________ [SEP] countryside
44,cn,0.267375565,打火机 [SEP] 您能借我打火机一用吗？ [SEP] l______ [SEP] lighter
45,cn,1.367212021,戏剧 [SEP] 他是一名戏剧专业的学生。 [SEP] d____ [SEP] drama
46,cn,2.322637044,推 [SEP] 他推了几下，但门没有开。 [SEP] p___ [SEP] push
47,cn,-3.508860173,没有魅力的 [SEP] 科学研究的工作清贫、枯燥、毫无魅力：你还愿意走这条路吗？ [SEP] u__________ [SEP] unglamorous
48,cn,-2.03504668,细微的 [SEP] 我察觉他表情有些细微的变化。 [SEP] s_____ [SEP] subtle
49,cn,-0.484068772,茎 [SEP] 月季茎上有刺。 [SEP] s___ [SEP] stem
50,cn,0.769820505,声称 [SEP] 他声称是这位演员的前夫。 [SEP] c____ [SEP] claim
51,cn,-2.390237921,吸引人的 [SEP] 这盘烤肉看着十分诱人。 [SEP] i_______ [SEP] inviting
52,cn,-0.17570247,在（火车，飞机，船）上 [SEP] 登机/上船的时间到了。 [SEP] a_____ [SEP] aboard
53,cn,2.094986428,小心地 [SEP] 这个问题会考到，请大家仔细听。 [SEP] c________ [SEP] carefully
54,cn,-1.453696811,分开 [SEP] 1)请先把肉和骨头分开。2)公路把校园分隔成两个部分。 [SEP] s_______ [SEP] separate
55,cn,-1.117549773,宿醉 [SEP] 我因为宿醉而头疼。 [SEP] h_______ [SEP] hangover
56,cn,-0.763920937,代表 [SEP] 会议中各国代表纷纷发言。 [SEP] d_______ [SEP] delegate
57,cn,2.585285622,锁 [SEP] 旅行箱配有一把锁。 [SEP] l___ [SEP] lock
58,cn,2.235294555,每 [SEP] 每个孩子都值得爱。 [SEP] e____ [SEP] every
59,cn,-2.337616433,恐怖主义的 [SEP] 巴黎一餐厅发生恐怖主义袭击。 [SEP] t________ [SEP] terrorist
60,cn,1.426394749,想知道 [SEP] 1)我想知道他为什么要骗你。2)我寻思会不会有危险。 [SEP] w_____ [SEP] wonder
61,cn,-2.258780005,高度敏感的 [SEP] 她对批评非常敏感，根本说不得。 [SEP] h_____________ [SEP] hypersensitive
62,cn,1.190712569,掉下 [SEP] 1)屋檐滴着水。2)我的手机从桌子上掉下来。 [SEP] d___ [SEP] drop
63,cn,0.836625916,注意 [SEP] 我没有注意两者之间的不同。 [SEP] n___ [SEP] note
64,cn,3.121744786,天 [SEP] 天是蓝的。 [SEP] s__ [SEP] sky
65,cn,-0.189400751,叹息 [SEP] “我不喜欢这份工作“，她带着叹息说。 [SEP] s___ [SEP] sigh
66,cn,0.466926978,害怕的 [SEP] 1)我很害怕蛇。2)她怕孩子不会回来了。 [SEP] s_____ [SEP] scared
67,cn,-0.090605494,在世界范围内 [SEP] 我们可以在世界范围内与对手竞争。 [SEP] g_______ [SEP] globally
68,cn,-1.056507505,精选的 [SEP] 只有一些最优秀的学生能进入顶级大学的研究生院。 [SEP] s_____ [SEP] select
69,cn,0.591317806,罗马的 [SEP] 她欣赏着这些古罗马雕塑。 [SEP] r____ [SEP] roman
70,cn,-0.853386201,种族的 [SEP] 我们反对种族歧视。 [SEP] r_____ [SEP] racial
71,cn,-1.837493349,震动按摩器 [SEP] 这款震动按摩器拯救了他的婚姻。 [SEP] v_______ [SEP] vibrator
72,cn,1.791839041,聪明的 [SEP] 老师夸他很聪明。 [SEP] c_____ [SEP] clever
73,cn,-2.174895392,前景 [SEP] 1)他有一个积极的人生观。2)学校发展的前景很好。 [SEP] o______ [SEP] outlook
74,cn,2.522221818,学习 [SEP] 我喜欢学习数学。 [SEP] s____ [SEP] study
75,cn,-2.722243971,持续的 [SEP] 印度的人口还在保持持续的增长。 [SEP] c_________ [SEP] continuing
76,cn,-1.521178087,收缩 [SEP] 1)市场的低迷让我们不得不紧缩开支。2)他的胃部因疼痛缩成一团。 [SEP] c_______ [SEP] contract
77,cn,-3.656650216,有挑逗意味的 [SEP] 她发的许多照片都具有挑逗意味。 [SEP] s_________ [SEP] suggestive
78,cn,1.953089185,厨房 [SEP] 父亲在厨房做饭。 [SEP] k______ [SEP] kitchen
79,cn,1.042641119,历史的 [SEP] 历史证据表明这里曾是一片水域。 [SEP] h_________ [SEP] historical
80,cn,0.230607813,颠倒 [SEP] 1)政府希望扭转市场的颓势。2)现在你结婚了我却离婚了——我们的情况颠倒过来了。 [SEP] r______ [SEP] reverse
81,cn,-0.211620828,生产 [SEP] 这家公司生产玩具。 [SEP] m__________ [SEP] manufacture
82,cn,0.009915511,不时髦的 [SEP] 你看起来一点也不时尚——该好好打扮一下了！ [SEP] u____________ [SEP] unfashionable
83,cn,0.572002735,窗帘 [SEP] 请把窗帘拉上。 [SEP] c______ [SEP] curtain
84,cn,-2.638625977,转换器 [SEP] 两国电压不同，需要一个转换器。 [SEP] c________ [SEP] converter
85,cn,-0.064630238,有黏性的 [SEP] 面团仍然很粘手。 [SEP] s_____ [SEP] sticky
86,cn,-1.953157377,浓缩的 [SEP] 这瓶浓缩果汁需要兑水。 [SEP] c___________ [SEP] concentrated
87,cn,-1.614726064,圆锥体 [SEP] 你会求圆锥的体积吗？ [SEP] c___ [SEP] cone
88,cn,2.136740383,径直 [SEP] 直走到红绿灯处右拐。 [SEP] s_______ [SEP] straight
89,cn,-0.716806564,广播电视业 [SEP] 他离开广告业后又进军广播电视行业。 [SEP] b___________ [SEP] broadcasting
90,cn,1.617666726,旅游 [SEP] 你去国外旅游过吗？ [SEP] t_____ [SEP] travel
91,cn,0.483454018,展览会 [SEP] 我们去看了梵高的作品展。 [SEP] e_________ [SEP] exhibition
92,cn,-0.265947788,注射 [SEP] 她患糖尿病后，每天需要胰岛素注射。 [SEP] i________ [SEP] injection
93,cn,2.177205335,老爸 [SEP] “老爸，能帮我把书拿过来吗？” [SEP] d____ [SEP] daddy
94,cn,1.983766095,成人 [SEP] 成人的票价是1.5镑，儿童减半。 [SEP] a____ [SEP] adult
95,cn,-2.532108027,动荡 [SEP] 政治动荡很快导致经济萧条。 [SEP] t_________ [SEP] turbulence
96,cn,-1.407464305,真实性 [SEP] 这封信的真实程度（是否伪造）值得怀疑。 [SEP] a___________ [SEP] authenticity
97,cn,3.656261979,十 [SEP] 班上有十个学生。 [SEP] t__ [SEP] ten
98,cn,0.22947094,障碍 [SEP] 要达到目标，你面前只有最后一道障碍了。 [SEP] b______ [SEP] barrier
99,cn,0.124668615,评论 [SEP] 政府禁止对这一事件的评论。 [SEP] c______ [SEP] comment
100,cn,2.875184752,英语的 [SEP] 我正在练习英语发音。 [SEP] e______ [SEP] english
101,cn,0.255645845,精英 [SEP] 她自认属于社会精英。 [SEP] e____ [SEP] elite
102,cn,-2.361274953,啪地一声断裂 [SEP] 扁担不堪重负啪地一声断了。 [SEP] s___ [SEP] snap
103,cn,3.671984058,一生 [SEP] 她度过了幸福的一生。 [SEP] l___ [SEP] life
104,cn,2.824906669,肯定的 [SEP] “你确定今天不会下雨？”“我确定。” [SEP] s___ [SEP] sure
105,cn,1.276480807,承诺 [SEP] 他承诺会在月底还钱。 [SEP] p______ [SEP] promise
106,cn,2.680275885,与…搏斗 [SEP] 我们要与无处不在的性别歧视相斗争。 [SEP] f____ [SEP] fight
107,cn,0.994929365,怀疑 [SEP] 我的心中对上帝的存在仍有怀疑。 [SEP] d____ [SEP] doubt
108,cn,0.512061581,生动的 [SEP] 1)他对那天的场景作了生动的描述。2)我对那天的记忆仍很清晰。 [SEP] v____ [SEP] vivid
109,cn,-1.553715843,壮观的 [SEP] 在海岬上看日出真是壮观！ [SEP] s__________ [SEP] spectacular
110,cn,-0.599289542,忽视 [SEP] 1)他们忽视了可能存在的风险。2)请检查你是否漏掉了重要信息。 [SEP] o_______ [SEP] overlook
111,cn,1.691376128,毕业 [SEP] 她2015年从大学毕业。 [SEP] g_______ [SEP] graduate
112,cn,-2.041409997,劳损 [SEP] 1)在黑夜里看书容易劳损眼睛。2)我必须努力才能跟上他的步子。 [SEP] s_____ [SEP] strain
113,cn,-1.189213281,和…相关联的 [SEP] 被认为和毒品相关联的疾病数不胜数。 [SEP] a_________ [SEP] associated
114,cn,-0.863283055,织 [SEP] 她夜以继日地织布，等待丈夫回来。 [SEP] w____ [SEP] weave
115,cn,0.79551417,藏品 [SEP] 1)大英博物馆的古埃及藏品数量庞大。2)我买了一本雷蒙德·卡佛的短篇小说作品集。 [SEP] c_________ [SEP] collection
116,cn,-1.931396111,霰弹枪 [SEP] 他带着霰弹枪去打猎。 [SEP] s______ [SEP] shotgun
117,cn,-0.476717451,评估 [SEP] 我们正在评估这处房产的价值。 [SEP] a_____ [SEP] assess
118,cn,-0.251714004,主观地 [SEP] 他们让受试者主观地选出心目中最好的五座大学。 [SEP] s___________ [SEP] subjectively
119,cn,-1.117289857,必需品 [SEP] 她把日常的必需品装进背包。 [SEP] n________ [SEP] necessity
120,cn,-0.483874322,组成 [SEP] 组委会由六位专家组成。 [SEP] c______ [SEP] consist
121,cn,1.687627352,返回 [SEP] 他的母亲正在焦急等待他的返回。 [SEP] r_____ [SEP] return
122,cn,0.209864653,存放 [SEP] 她把剩下的草莓存放在保鲜盒里。 [SEP] s____ [SEP] store
123,cn,0.934588276,牛仔 [SEP] 他喜欢看西部牛仔片。 [SEP] c_____ [SEP] cowboy
124,cn,-1.237751467,库存 [SEP] 超市有大量的食品库存。 [SEP] s____ [SEP] stock
125,cn,2.296203018,恨 [SEP] 她的爱现在变成了恨。 [SEP] h___ [SEP] hate
126,cn,1.602229855,煮沸 [SEP] 水煮沸后，放入适量面条。 [SEP] b___ [SEP] boil
127,cn,-0.907579465,寒冷 [SEP] 他一出门就感到一阵寒冷。 [SEP] c____ [SEP] chill
128,cn,-1.630406925,不活跃 [SEP] 这个账户突然的不活跃引起了警方注意。 [SEP] i_________ [SEP] inactivity
129,cn,-1.881729226,经过转变的 [SEP] 婚姻把她变成一个皈依的基督徒。 [SEP] c________ [SEP] converted
130,cn,-2.029921673,成为物质现实 [SEP] 校长许诺的新学生公寓迟迟没有成为现实。 [SEP] m__________ [SEP] materialize
131,cn,-1.098448624,年轻人 [SEP] 这次音乐夏令营是为10-16岁的年轻人开办的。 [SEP] y________ [SEP] youngster
132,cn,0.087666165,交上 [SEP] 我提前交上了项目报告。 [SEP] s_____ [SEP] submit
133,cn,1.300822531,哭泣（的动作或状态） [SEP] 哭泣对身体有害吗？ [SEP] c_____ [SEP] crying
134,cn,0.01321969,温暖地 [SEP] 天气冷，但她穿得很暖和。 [SEP] w_____ [SEP] warmly
135,cn,2.255975014,每（人、小时等） [SEP] 收费标准是10元每人。 [SEP] p__ [SEP] per
136,cn,-1.722885697,量子 [SEP] 他学习量子物理学。 [SEP] q______ [SEP] quantum
137,cn,-1.617669598,叠 [SEP] 首相忙着批复桌上的一叠文件。 [SEP] s____ [SEP] stack
138,cn,-1.030021981,档案 [SEP] 这些报告保存在官方的档案里。 [SEP] a______ [SEP] archive
139,cn,-1.366340237,惹恼 [SEP] 她尖锐的嗓音让我烦躁。 [SEP] i_______ [SEP] irritate
140,cn,-2.133093049,大灾难 [SEP] 汶川地震是一场空前的灾难。 [SEP] c__________ [SEP] catastrophe
141,cn,0.144762083,"使发咔嚓声 [SEP] 1)若需要翻页，请点击""下一页""。2)我咔嗒一声给他拷上了手铐。 [SEP] c____ [SEP] click"
142,cn,1.173487704,不 [SEP] 1)“这是你的丈夫吗？”“不，他不是。”2)这不是一柄烟斗。 [SEP] n__ [SEP] not
143,cn,-0.676431729,可能地 [SEP] 她明天很可能会来。 [SEP] p_______ [SEP] probably
144,cn,1.861683471,评判 [SEP] 1)不要随意评判别人。2)这家机构将评判这些餐馆的质量。 [SEP] j____ [SEP] judge
145,cn,-2.347532415,按年代顺序地 [SEP] 老师将这些历史事件按年代顺序排列。 [SEP] c______________ [SEP] chronologically
146,cn,-2.78463012,静止的 [SEP] 出生率在五年的停滞后终于有了微弱增长。 [SEP] s_____ [SEP] static
147,cn,0.765176775,合同 [SEP] 她违背了和公司的保密合同，需要支付违约金。 [SEP] c_______ [SEP] contract
148,cn,-1.697284124,女性主义 [SEP] 女性主义的出发点是两性平等。 [SEP] f_______ [SEP] feminism
149,cn,-2.661787829,网页 [SEP] 1)他打开了新网页。2)他学习使用网页设计软件。 [SEP] w______ [SEP] webpage
150,cn,0.683270816,收到 [SEP] 我收到了一封信。 [SEP] r______ [SEP] receive
151,cn,1.452639246,微小的 [SEP] 她的怀里抱着一个小极了的婴儿。 [SEP] t___ [SEP] tiny
152,cn,1.371411013,政策 [SEP] 国家改变了环境政策。 [SEP] p_____ [SEP] policy
153,cn,1.151303599,其次 [SEP] 首先，我要求依法减少工人的工作时间，其次，我要求为工人提高时薪。 [SEP] s_______ [SEP] secondly
154,cn,-2.116117843,神秘主义者 [SEP] 布拉瓦茨基夫人是一位著名的神秘主义者。 [SEP] m_____ [SEP] mystic
155,cn,1.477838907,承诺 [SEP] 他没能实现对妻子的承诺。 [SEP] p______ [SEP] promise
156,cn,-1.374986075,必死性 [SEP] 1)年轻人很少严肃考虑人必死的事实。2)基督教认为人的必死性是对原罪的惩罚。 [SEP] m________ [SEP] mortality
157,cn,-1.164272086,尼龙 [SEP] 这顶帽子是尼龙制的。 [SEP] n____ [SEP] nylon
158,cn,-2.712549712,数量可观的 [SEP] 1)失业水平有了显著的下降。2)城市的规模有了可观的增长。 [SEP] s__________ [SEP] substantial
159,cn,-1.063079204,死板的 [SEP] 公司有个死板的请假制度。 [SEP] r____ [SEP] rigid
160,cn,-0.368660296,事情 [SEP] 你做了一件好事。 [SEP] d___ [SEP] deed
161,cn,-0.445067258,开发商 [SEP] 居民正在与开发商谈判。 [SEP] d________ [SEP] developer
162,cn,-1.954768689,乐于接受的 [SEP] 我的父亲对新观念和新想法都很乐于接受。 [SEP] r________ [SEP] receptive
163,cn,0.412971514,强烈地 [SEP] 我强烈相信他是被冤枉的，只是苦于找不到证据。 [SEP] s_______ [SEP] strongly
164,cn,-0.094327967,相对地 [SEP] 相对少的女性选择做机械工程师。 [SEP] r_________ [SEP] relatively
165,cn,0.876540094,占据 [SEP] 她占据了这张办公桌。 [SEP] o_____ [SEP] occupy
166,cn,0.719763858,噩梦 [SEP] 那场车祸成了她的噩梦。 [SEP] n________ [SEP] nightmare
167,cn,-2.747466393,动员 [SEP] 政府发起了对救灾志愿者的动员。 [SEP] m___________ [SEP] mobilization
168,cn,2.577562428,我的 [SEP] 那本书是我的，请不要拿走。 [SEP] m___ [SEP] mine
169,cn,-2.197822854,凤凰 [SEP] 龙和凤都是中国传统的吉祥动物。 [SEP] p______ [SEP] phoenix
170,cn,0.936153046,也许 [SEP] 也许她病了。 [SEP] m____ [SEP] maybe
171,cn,-3.085965808,发声地 [SEP] 艺人们纷纷发声表态反对吸毒。 [SEP] v______ [SEP] vocally
172,cn,2.728354064,梦想家 [SEP] 她是个满脑子怪想法的梦想家。 [SEP] d______ [SEP] dreamer
173,cn,0.131988337,实验性的 [SEP] 这只是一个小规模的、实验性的项目。 [SEP] e___________ [SEP] experimental
174,cn,2.283099147,纯的 [SEP] 这件上衣是由纯羊毛制成的。 [SEP] p___ [SEP] pure
175,cn,1.540908485,电的 [SEP] 我们用上了电热水壶。 [SEP] e_______ [SEP] electric
176,cn,-0.222019899,人 [SEP] 他是个不错的小伙子。 [SEP] f_____ [SEP] fellow
177,cn,-0.360662597,令人鼓舞的 [SEP] 治疗的进展很令人鼓舞。 [SEP] e__________ [SEP] encouraging
178,cn,-1.575141606,倾斜 [SEP] 1)她倾斜杯子倒出水来。2)船忽然开始倾斜。 [SEP] t___ [SEP] tilt
179,cn,-1.332758063,狂怒地 [SEP] 他狂怒地冲出了办公室。 [SEP] f________ [SEP] furiously
180,cn,0.311821906,有效的 [SEP] 这种教育方法对孩子很有效。 [SEP] e________ [SEP] effective
181,cn,-1.830054112,明确地 [SEP] 我明确对他表示我不喜欢他。 [SEP] e_________ [SEP] explicitly
182,cn,-2.203353409,合并 [SEP] 这两家科技公司的合并成为本年度最大的科技事件。 [SEP] m_____ [SEP] merger
183,cn,1.270725938,一…就… [SEP] 我一接到消息就告诉你。 [SEP] s___ [SEP] soon
184,cn,-3.672515217,使焕发新生 [SEP] 政府希望复兴东北老工业基地。 [SEP] r_________ [SEP] regenerate
185,cn,1.906393031,头脑 [SEP] 1）我渴望内心的宁静。2）他的脑子里全是昨天她说的话。 [SEP] m___ [SEP] mind
186,cn,2.866663278,火车 [SEP] 我想坐火车去俄罗斯。 [SEP] t____ [SEP] train
187,cn,-2.553517408,暴行 [SEP] 警方的暴行激起了民众的反抗。 [SEP] b________ [SEP] brutality
188,cn,-3.027355208,恰巧适合自己的职位 [SEP] 她终于在设计界找到了恰巧适合自己的位置。 [SEP] n____ [SEP] niche
189,cn,-0.681793552,实施 [SEP] 政府将实施这项新的环保政策。 [SEP] i________ [SEP] implement
190,cn,-3.248792567,莫泽雷勒干酪（一种意大利淡奶酪） [SEP] 把莫泽雷勒干酪和番茄放在匹萨饼坯上，烤十五分钟，即成玛格丽塔匹萨。 [SEP] m_________ [SEP] mozzarella
191,cn,-1.698210992,发誓 [SEP] 英国与法国发誓打击恐怖主义。 [SEP] p_____ [SEP] pledge
192,cn,-0.83425834,在场 [SEP] 老师的在场让学生都不敢玩手机。 [SEP] p_______ [SEP] presence
193,cn,2.135440477,东西 [SEP] 她喜欢各种漂亮的东西。 [SEP] t____ [SEP] thing
194,cn,-0.362407854,不规则的 [SEP] 1)他的心率不齐。2)2)空气中分子的运动是不规则的。 [SEP] i________ [SEP] irregular
195,cn,0.60635074,震惊的 [SEP] 听到她生病的消息我们都很震惊。 [SEP] s______ [SEP] shocked
196,cn,2.522202272,更少地 [SEP] 1)你应该更少喝酒。2)她吃得少了，懂得多了。 [SEP] l___ [SEP] less
197,cn,2.377260192,不健康的 [SEP] 吃太多糖是很不健康的。 [SEP] u________ [SEP] unhealthy
198,cn,-2.042463647,遵从 [SEP] 对方公司的要求之一就是对规章制度的完全遵从。 [SEP] c_________ [SEP] compliance
199,cn,0.84146444,诊所 [SEP] 他从医院退休后开了家诊所。 [SEP] c_____ [SEP] clinic
200,cn,-0.268686931,租赁 [SEP] 他开一家汽车租赁公司。 [SEP] r_____ [SEP] rental
201,cn,0.837233602,四分之一 [SEP] 他拥有全部股权的四分之一。 [SEP] q______ [SEP] quarter
202,cn,-1.556689988,孕期 [SEP] 她正处在孕期的第32周。 [SEP] p________ [SEP] pregnancy
203,cn,-4.297180272,强调 [SEP] 他强调了校车安全的重要性。 [SEP] u_________ [SEP] underscore
204,cn,-1.51474543,检测 [SEP] 他们开展对河水重金属含量的检测。 [SEP] t______ [SEP] testing
205,cn,1.124377846,社会 [SEP] 我怕孩子在社会上遭遇危险。 [SEP] s______ [SEP] society
206,cn,-0.441648973,资本家 [SEP] 资本家和工人发生了冲突。 [SEP] c_________ [SEP] capitalist
207,cn,-1.445934093,猜疑的 [SEP] 1)我对甜言蜜语的人都心存怀疑。2)他态度的突然转变让我怀疑起来。 [SEP] s_________ [SEP] suspicious
208,cn,-0.657752453,裂缝 [SEP] 木桌上有个裂缝。 [SEP] c____ [SEP] crack
209,cn,1.864396703,流行的 [SEP] 在中国最流行的运动是什么？ [SEP] p______ [SEP] popular
210,cn,1.242345022,大老鼠 [SEP] 我在厨房里发现了一只大老鼠。 [SEP] r__ [SEP] rat
211,cn,2.997155692,头 [SEP] 他被流弹击中头部。 [SEP] h___ [SEP] head
212,cn,-0.386076433,确认 [SEP] 请邮件回复确认，否则我们将视为您放弃资格。 [SEP] c___________ [SEP] confirmation
213,cn,-4.401609508,还算 [SEP] 1)运算的结果还算准确——除了少数一些偏差之外。2)文章写得还算不错。 [SEP] r_________ [SEP] reasonably
214,cn,-0.68929488,移居者 [SEP] 城市中出现了越来越多来自农村的外来务工人员。 [SEP] m______ [SEP] migrant
215,cn,1.744705243,女性 [SEP] 男性和女性应受到平等对待。 [SEP] f_____ [SEP] female
216,cn,-1.004252697,巩固 [SEP] 这些笑话巩固了我们已有的性别刻板印象。 [SEP] r________ [SEP] reinforce
217,cn,1.087325747,皮 [SEP] 我买了一件皮夹克。 [SEP] l______ [SEP] leather
218,cn,-1.674916632,减轻 [SEP] 这种药物可以减轻疼痛。 [SEP] r______ [SEP] relieve
219,cn,0.37608095,架 [SEP] 那本书在最上面一层架子上。 [SEP] s____ [SEP] shelf
220,cn,-1.204897956,战术 [SEP] 我们的战术是寻找对方候选人的丑闻并伺机公布。 [SEP] t_____ [SEP] tactic
221,cn,-0.204493827,讽刺的 [SEP] 讽刺的事情是，他倾家荡产买下的这幅画，其实是一份赝品。 [SEP] i_____ [SEP] ironic
222,cn,-1.673038252,油门 [SEP] 他松开油门，车随之滑行了一段路程。 [SEP] a__________ [SEP] accelerator
223,cn,-2.411894583,防腐剂 [SEP] 这种食品不含防腐剂。 [SEP] p___________ [SEP] preservative
224,cn,1.872891171,按 [SEP] 如需要帮助请按按钮。 [SEP] p____ [SEP] press
225,cn,0.305030051,糟透了的 [SEP] 今天的天气很糟糕，下了一整天雨。 [SEP] a____ [SEP] awful
226,cn,3.073961141,放（枪、炮） [SEP] 长官下令开火。 [SEP] f___ [SEP] fire
227,cn,-0.045190557,数字地 [SEP] 这些信息都会以数码形式存储在硬盘上。 [SEP] d________ [SEP] digitally
228,cn,-0.604936198,方法论 [SEP] 专家们询问了这套研究的方法论。 [SEP] m__________ [SEP] methodology
229,cn,-1.456877527,对…要价过高 [SEP] 这些工艺品小贩向她多要价了。 [SEP] o_________ [SEP] overcharge
230,cn,1.141363325,小路 [SEP] 沿着这条小路就能到达山顶。 [SEP] p___ [SEP] path
231,cn,3.376388063,使用 [SEP] 电脑的使用已经十分普及。 [SEP] u__ [SEP] use
232,cn,0.748449173,以…作为主要（工作，学习或生活的）地点 [SEP] 他们决定把新公司设在纽约。 [SEP] b___ [SEP] base
233,cn,-1.050832373,犯 (罪，错误) [SEP] 犯 嫉妒使他犯罪。 [SEP] c_____ [SEP] commit
234,cn,2.535411596,互换 [SEP] 我们互换了电话号码。 [SEP] e_______ [SEP] exchange
235,cn,0.628526696,助手 [SEP] 我忙不过来，需要一位助手。 [SEP] h_____ [SEP] helper
236,cn,2.104156162,连衣裙 [SEP] 我为面试买了一条连衣裙。 [SEP] d____ [SEP] dress
237,cn,-0.758956944,意外的 [SEP] 证据表明这场大火并非偶然。 [SEP] a_________ [SEP] accidental
238,cn,-0.996943195,盘旋 [SEP] 有只苍蝇在菜肴上方盘旋。 [SEP] h____ [SEP] hover
239,cn,-0.575111464,烤架 [SEP] 他把肉放在烤架上。 [SEP] g____ [SEP] grill
240,cn,-0.758319032,参议院 [SEP] 参议院通过了这项法案。 [SEP] s_____ [SEP] senate
241,cn,1.710821209,挑中的东西 [SEP] 在那群漂亮的女孩子里，我才是他挑中的人。 [SEP] p___ [SEP] pick
242,cn,-0.073752368,分配 [SEP] 我们要保证资源的平均分配。 [SEP] d___________ [SEP] distribution
243,cn,-0.137804193,请求 [SEP] 客户请求我们恢复这条生产线。 [SEP] r______ [SEP] request
244,cn,-1.695647621,仇恨 [SEP] 他毫不掩饰对我的恨意。 [SEP] h_____ [SEP] hatred
245,cn,1.427440863,设计师 [SEP] 她是这条裙子的设计师。 [SEP] d_______ [SEP] designer
246,cn,-1.300391336,体重不足的 [SEP] 这个早产的孩子严重不足重。 [SEP] u__________ [SEP] underweight
247,cn,-1.514292729,洒 [SEP] 我把咖啡洒到电脑键盘上了。 [SEP] s____ [SEP] spill
248,cn,2.715555465,著名的 [SEP] 他是一位著名演员。 [SEP] f_____ [SEP] famous
249,cn,4.305230418,故事 [SEP] 这是一个动人的故事。 [SEP] s____ [SEP] story
250,cn,1.856645639,想要 [SEP] 1)我想去意大利。2)我圣诞节想要一本书。 [SEP] w___ [SEP] want
251,cn,-1.504217408,立体声 [SEP] 她用立体声播放了这张唱片。 [SEP] s_____ [SEP] stereo
252,cn,1.877709417,容易地 [SEP] 改变并不会轻易到来。 [SEP] e___ [SEP] easy
253,cn,0.536193395,快速的 [SEP] 经济实现了快速的增长。 [SEP] r____ [SEP] rapid
254,cn,-0.497055893,生态的 [SEP] 经济发展的生态影响不容忽视。 [SEP] e_________ [SEP] ecological
255,cn,-0.955679828,有效性 [SEP] 我们需测试这种实验方法的的有效性。 [SEP] v_______ [SEP] validity
256,cn,-0.107674869,方便的 [SEP] 出了家门就是超市，十分方便。 [SEP] c_________ [SEP] convenient
257,cn,-0.075134081,弧线 [SEP] 他喜欢她唇部优美的弧线。 [SEP] c____ [SEP] curve
258,cn,-0.826274782,剧烈的 [SEP] 1)腹部的剧痛使他无法工作。2)她患了急性肺炎。 [SEP] a____ [SEP] acute
259,cn,-1.218906268,计入贷方 [SEP] 他退回电脑后，店员在他账户的贷方记入400美元。 [SEP] c_____ [SEP] credit
260,cn,2.698597397,左边 [SEP] 银行就在你的左边。 [SEP] l___ [SEP] left
261,cn,1.569521792,用扇子扇 [SEP] 他用扇子扇电脑主机，试图使其降温。 [SEP] f__ [SEP] fan
262,cn,-2.104978122,信条 [SEP] 为人正直是我父亲的信条。 [SEP] d_______ [SEP] doctrine
263,cn,0.867913633,背叛 [SEP] 她为了丈夫背叛了最好的朋友。 [SEP] b_____ [SEP] betray
264,cn,-1.443546821,意图 [SEP] 他们宣布了收购麦当劳公司的意图。 [SEP] i_____ [SEP] intent
265,cn,0.148232273,消费 [SEP] 我国酒精的消费量居高不下。 [SEP] c__________ [SEP] consumption
266,cn,-1.279245858,摩托车手 [SEP] 她的丈夫是一位职业摩托车手。 [SEP] m___________ [SEP] motorcyclist
267,cn,-0.103179872,不确定的 [SEP] 夏朝的开始时间还不能确知。 [SEP] u________ [SEP] uncertain
268,cn,1.667752861,金的 [SEP] 她买了一对金耳环。 [SEP] g_____ [SEP] golden
269,cn,-0.51103104,暴怒 [SEP] 在一阵暴怒中他掀翻了桌子。 [SEP] r___ [SEP] rage
270,cn,-0.650074741,使联合 [SEP] 他们希望联合全世界的女性为女权斗争。 [SEP] u____ [SEP] unite
271,cn,-1.731694256,惊悚小说 [SEP] 她靠读惊悚小说打发地铁上的时间。 [SEP] t_______ [SEP] thriller
272,cn,-1.520925764,只要 [SEP] 你可以使用实验室所有的仪器，只要你能证明这个实验没有危险。 [SEP] p_______ [SEP] provided
273,cn,-2.496462061,扰乱 [SEP] 战争扰乱了经济发展。 [SEP] d______ [SEP] disrupt
274,cn,-3.120278208,强迫症式 [SEP] 压力之下，她发现自己开始强迫性暴食。 [SEP] c_________ [SEP] compulsive
275,cn,0.501190963,建立 [SEP] 1)这家公司是1990年成立的。2)两国在十年前建立了友好关系。 [SEP] e________ [SEP] establish
276,cn,-0.307284674,东西 [SEP] 1)别动我桌上的东西！2)孩子在学校学到很多东西。 [SEP] s____ [SEP] stuff
277,cn,2.574467665,意思是 [SEP] “Good”意思是好。 [SEP] m___ [SEP] mean
278,cn,2.894918177,画 [SEP] 孩子在纸上画了个太阳。 [SEP] d___ [SEP] draw
279,cn,-0.941581809,机械方面的 [SEP] 汽车因机械故障已经送修。 [SEP] m_________ [SEP] mechanical
280,cn,-1.865340674,停电 [SEP] 战争期间，停电是常有的事。 [SEP] b_______ [SEP] blackout
281,cn,0.104119519,地区 [SEP] 1)各个地区的气候不同。2)这是澳大利亚工业最发达的地区。 [SEP] r_____ [SEP] region
282,cn,-2.142685683,无疑的 [SEP] 他对警察事业的忠诚无可置疑。 [SEP] u_____________ [SEP] unquestionable
283,cn,-1.433098411,侮辱的 [SEP] 在他看来再正常不过的话，在我看来却极具侮辱性。 [SEP] i________ [SEP] insulting
284,cn,-0.689971038,摩托车 [SEP] 摩托车曾是风靡一时的交通工具。 [SEP] m________ [SEP] motorbike
285,cn,0.067802691,工程 [SEP] 我学习土木工程。 [SEP] e__________ [SEP] engineering
286,cn,3.16671838,真的 [SEP] 1)我曾以为圣诞老人是真实存在的。2)欢迎来到真实世界。 [SEP] r___ [SEP] real
287,cn,-0.208246222,稳定 [SEP] 他看中了这份工作的稳定性。 [SEP] s________ [SEP] stability
288,cn,2.194748246,看法 [SEP] 你对儿童拐卖问题的看法是什么？ [SEP] v___ [SEP] view
289,cn,2.795459408,钥匙 [SEP] 我找不到钥匙了。 [SEP] k__ [SEP] key
290,cn,-0.368386789,工作台 [SEP] 公司分配给我一张带电脑的工作台。 [SEP] w__________ [SEP] workstation
291,cn,2.711482641,房间 [SEP] 我选了一个大房间。 [SEP] r___ [SEP] room
292,cn,-2.121681256,色素 [SEP] 这种动物身上的绿色色素常被用于制作颜料。 [SEP] p______ [SEP] pigment
293,cn,3.27533048,英语 [SEP] 我在学习英语。 [SEP] e______ [SEP] english
294,cn,-1.337101303,繁殖 [SEP] 兔子繁殖很快。 [SEP] m_______ [SEP] multiply
295,cn,-0.848267888,充满爱的 [SEP] 她有一个十分爱她的丈夫。 [SEP] l_____ [SEP] loving
296,cn,0.058108248,恐怖 [SEP] 连续的袭击使国家笼罩在恐怖之中。 [SEP] t_____ [SEP] terror
297,cn,1.222683822,预计 [SEP] 1)我们预计周末有雨。2)不要期待太多：你会失望的! [SEP] e_____ [SEP] expect
298,cn,-1.471633751,得胜的 [SEP] 得胜的部队凯旋了。 [SEP] v_________ [SEP] victorious
299,cn,0.730615773,回收 [SEP] 这些废塑料将被回收并再利用。 [SEP] r______ [SEP] recycle
300,cn,1.558219185,恐惧 [SEP] 她感到了恐惧。 [SEP] f___ [SEP] fear
301,cn,-2.365078895,紧紧抓住 [SEP] 她紧紧抓着丈夫的胳膊，但他还是被警方带走了。 [SEP] c____ [SEP] cling
302,cn,-0.423320318,使变直 [SEP] 他拉直了领带，然后走进教室。 [SEP] s_________ [SEP] straighten
303,cn,-1.868608033,小组 [SEP] 缉毒小组展开了对毒贩的追踪。 [SEP] s____ [SEP] squad
304,cn,-1.761362761,为……提供住宿 [SEP] 会议主办方决定为代表提供住宿。 [SEP] a__________ [SEP] accommodate
305,cn,-0.184336122,雕像 [SEP] 大学的门口是一尊高大的雕像。 [SEP] s_____ [SEP] statue
306,cn,0.517613822,智力 [SEP] 这只狗拥有7岁儿童的智力。 [SEP] i___________ [SEP] intelligence
307,cn,0.431443364,滑雪板 [SEP] 我们租了滑雪板。 [SEP] s__ [SEP] ski
308,cn,-3.450724806,斑纹 [SEP] 这种雌鸟的身上通常具有绿色斑纹。 [SEP] m______ [SEP] marking
309,cn,0.215050883,建议 [SEP] 你得听取老师的建议。 [SEP] a_____ [SEP] advice
310,cn,-0.932846897,理解力 [SEP] 1)这套题主要考察学生的阅读理解能力。2)这超出了我的理解。 [SEP] c____________ [SEP] comprehension
311,cn,0.950149726,付得起的 [SEP] 在大城市中没有几所让人付得起的公寓。 [SEP] a_________ [SEP] affordable
312,cn,0.260406976,预留的 [SEP] 这些是为残疾观众的预留座位。 [SEP] r_______ [SEP] reserved
313,cn,2.87286302,低地 [SEP] 1)鸟儿飞得很低。2)月亮低悬在山坡上。 [SEP] l__ [SEP] low
314,cn,-1.12071073,雕塑 [SEP] 这幅大卫的雕像是米开朗琪罗的作品。 [SEP] s________ [SEP] sculpture
315,cn,-3.64423259,消极被动的 [SEP] 1)这个国家的外交政策比较被动。2)谁在能主动出击的时候会选择被动呢？ [SEP] r_______ [SEP] reactive
316,cn,-1.080731362,葡萄藤 [SEP] 藤上的葡萄十分饱满。 [SEP] v___ [SEP] vine
317,cn,1.480767434,赛 [SEP] 他和父亲一起看球赛。 [SEP] m____ [SEP] match
318,cn,2.107147846,客人 [SEP] 他给客人斟上酒。 [SEP] g____ [SEP] guest
319,cn,-0.212928991,小巷 [SEP] 抢劫就发生在这条漆黑的小巷里。 [SEP] a____ [SEP] alley
320,cn,-1.57080218,灾难性的 [SEP] 我们遭遇了一场灾难性的海啸。 [SEP] c___________ [SEP] catastrophic
321,cn,2.512974098,男性的 [SEP] 1)拐角处有一个男厕所。2)男性员工的比例较大。 [SEP] m___ [SEP] male
322,cn,0.434358548,设施 [SEP] 这个宾馆配有健身设施。 [SEP] f_______ [SEP] facility
323,cn,-0.389118948,不公 [SEP] 他希望消灭社会不公。 [SEP] i________ [SEP] injustice
324,cn,-1.820659947,双性恋特质或行为 [SEP] 双性恋在人群中并不罕见。 [SEP] b__________ [SEP] bisexuality
325,cn,-0.208010086,比例 [SEP] 这所学校的师生人数比是1比6。 [SEP] r____ [SEP] ratio
326,cn,-0.016375048,重新启动（电脑、电子设备） [SEP] 您需要重启电脑以使设置生效。 [SEP] r______ [SEP] restart
327,cn,-1.993003569,成功 [SEP] 我们都希望你能成功当选。 [SEP] s______ [SEP] succeed
328,cn,1.612956673,受过教育的 [SEP] 这一区的居民大多都受过良好教育。 [SEP] e_______ [SEP] educated
329,cn,1.190344537,购买 [SEP] 我买了两张今晚的演出票。 [SEP] p_______ [SEP] purchase
330,cn,1.504475905,勇气 [SEP] 压力之下的勇气是值得钦佩的。 [SEP] c______ [SEP] courage
331,cn,-0.4890451,超出 [SEP] 请不要超出规定的字数范围。 [SEP] e_____ [SEP] exceed
332,cn,1.374262283,旅行 [SEP] 我请旅行社为我们订机票。 [SEP] t_____ [SEP] travel
333,cn,-0.881122847,古巴的 [SEP] 我有一位古巴朋友。 [SEP] c____ [SEP] cuban
334,cn,1.405438698,看守人 [SEP] 他是林场的守林人。 [SEP] k_____ [SEP] keeper
335,cn,2.574074676,一步 [SEP] 他向前走了一步。 [SEP] s___ [SEP] step
336,cn,-1.058962605,触发 [SEP] 1)有的患者发现香蕉能触发腹痛的症状。2)对难民的驱逐触发了抗议。 [SEP] t______ [SEP] trigger
337,cn,-2.460952737,酗酒的行为或风气 [SEP] 我们的社会从多个方面助长了酗酒的风气。 [SEP] a_________ [SEP] alcoholism
338,cn,1.747827973,不能的 [SEP] 我明天不能来了：我女儿病了。 [SEP] u_____ [SEP] unable
339,cn,1.030405947,感兴趣的 [SEP] 我对历史感兴趣。 [SEP] i_________ [SEP] interested
340,cn,-2.16581201,乡间小路 [SEP] 顺着这条步行道翻过山坡就能走到村子。 [SEP] t____ [SEP] trail
341,cn,-1.799623966,旋转 [SEP] 经观察，这颗行星的旋转速度有所改变。 [SEP] r_______ [SEP] rotation
342,cn,3.464895824,宾馆 [SEP] 我预定了在罗马的宾馆。 [SEP] h____ [SEP] hotel
343,cn,-0.155315392,收据 [SEP] 请保留好这张收据，以备退换货使用。 [SEP] r______ [SEP] receipt
344,cn,0.530442263,有规律地 [SEP] 我们定期见面探讨实验进展。 [SEP] r________ [SEP] regularly
345,cn,-0.377051907,无法预知的 [SEP] 山区的天气时晴时雨，无法预测。 [SEP] u____________ [SEP] unpredictable
346,cn,-2.003550185,摇晃 [SEP] 她轻轻摇晃着手里的孩子。 [SEP] r___ [SEP] rock
347,cn,2.05374935,每日的 [SEP] 吃药已成为我每日生活的一部分。 [SEP] d____ [SEP] daily
348,cn,0.98170745,投入 [SEP] 政府加大了在制造业方面的投入。 [SEP] i____ [SEP] input
349,cn,0.435063353,装（货） [SEP] 1)他给枪装上子弹。2)工人们把钢筋装上车。 [SEP] l___ [SEP] load
350,cn,2.273245154,是 [SEP] 1)“这是你的书吗？”“是的。”2)“你想来杯咖啡吗？”“好的，谢谢。” [SEP] y__ [SEP] yes
351,cn,1.330785633,山羊 [SEP] 山羊有胡子吗? [SEP] g___ [SEP] goat
352,cn,-1.40100591,管理 [SEP] 公司的管理费用不断上涨。 [SEP] a_____________ [SEP] administration
353,cn,-1.707876265,主要的 [SEP] 美国是世界上占支配地位的大国。 [SEP] d_______ [SEP] dominant
354,cn,-2.232072661,群 [SEP] 操场那边有一群说笑的年轻人。 [SEP] c______ [SEP] cluster
355,cn,-1.641429792,即将到来的 [SEP] 各方都为即将到来的战争做好了准备。 [SEP] a__________ [SEP] approaching
356,cn,-1.443355311,社会学家 [SEP] 她是研究中国农村问题的社会学家。 [SEP] s__________ [SEP] sociologist
357,cn,1.838364844,教育的 [SEP] 这个国家的教育系统值得借鉴。 [SEP] e__________ [SEP] educational
358,cn,1.731571717,家乡 [SEP] 天津是我的家乡。 [SEP] h_______ [SEP] hometown
359,cn,0.103783759,录音 [SEP] 她播放了这段演讲的录音。 [SEP] r________ [SEP] recording
360,cn,0.675597034,辩论 [SEP] 我们辩论同性婚姻是否应当合法。 [SEP] d_____ [SEP] debate
361,cn,0.961640582,群 [SEP] 总统走进了人群之中。 [SEP] c____ [SEP] crowd
362,cn,-1.458256737,大都市的 [SEP] 她觉得大都市生活充满新鲜和刺激。 [SEP] m___________ [SEP] metropolitan
363,cn,0.130731288,辱骂 [SEP] 他再也无法忍受她的辱骂，夺门而出。 [SEP] i_____ [SEP] insult
364,cn,-0.497914238,中立的 [SEP] 瑞士是一个中立国。 [SEP] n______ [SEP] neutral
365,cn,-2.231838171,战争 [SEP] 长期的战争已拖垮这个国家。 [SEP] w______ [SEP] warfare
366,cn,1.584165773,坚持 [SEP] 她坚持要购买一台新的跑步机。 [SEP] i_____ [SEP] insist
367,cn,-1.413360344,食 [SEP] 我们将观测日全食。 [SEP] e______ [SEP] eclipse
368,cn,-0.791121805,要求的 [SEP] 这本书是研究生考试的必读材料。 [SEP] r_______ [SEP] required
369,cn,-1.893118705,中止 [SEP] 资金问题导致了试验的无限期中止。 [SEP] s_________ [SEP] suspension
370,cn,1.39217967,清楚地 [SEP] 她明显在躲着你。 [SEP] c______ [SEP] clearly
371,cn,-0.804311039,对手 [SEP] 他明天的对手将是上届亚锦赛的冠军。 [SEP] o_______ [SEP] opponent
372,cn,-1.718878058,超车 [SEP] 警车超了好几辆车，终于又跟上了嫌犯的车辆。 [SEP] o_______ [SEP] overtake
373,cn,-0.430931975,强调 [SEP] 他强调了战略合作的重要性。 [SEP] s_____ [SEP] stress
374,cn,0.329393002,无线电收音机 [SEP] 我给父亲买了新的无线电收音机。 [SEP] w_______ [SEP] wireless
375,cn,0.798782945,通常 [SEP] 1)我通常是个性格温和的人。2)她在正常情况下总能提前完成任务。 [SEP] n_______ [SEP] normally
376,cn,1.177003466,很 [SEP] 这条裙子很不错。 [SEP] p_____ [SEP] pretty
377,cn,-0.121525532,喊叫 [SEP] 看台上的球迷们兴奋地喊叫着。 [SEP] r___ [SEP] roar
378,cn,1.032451686,忍受 [SEP] 我没法忍受这样的剧痛了。 [SEP] b___ [SEP] bear
379,cn,1.581821555,以…为目的 [SEP] 研究的目的是揭开癌症的秘密。 [SEP] a__ [SEP] aim
380,cn,-3.061679467,详细叙述 [SEP] 她详细叙述了案发当天的经过。 [SEP] r______ [SEP] recount
381,cn,1.609370975,增长 [SEP] 公司的营业额增长了。 [SEP] i_______ [SEP] increase
382,cn,1.725781909,很 [SEP] 1)快点吃饭吧，我很饿了。2)这场演出相当不错。 [SEP] q____ [SEP] quite
383,cn,0.488037581,许可 [SEP] 他得到了在这里开店的许可。 [SEP] p_________ [SEP] permission
384,cn,-3.872140374,伸出的 [SEP] 这类动物一般具有龅出的牙齿。 [SEP] p_________ [SEP] projecting
385,cn,-1.802078949,排 [SEP] 他正在烹饪一块猪排。 [SEP] c___ [SEP] chop
386,cn,3.340606029,电话 [SEP] 1)我一上午就接了五十个电话。2)听到留言后请给我打个电话。 [SEP] c___ [SEP] call
387,cn,-1.426249294,被提名的人 [SEP] 这些受到格莱美奖提名的人都在音乐上很有成就。 [SEP] n______ [SEP] nominee
388,cn,-2.363175415,最后的 [SEP] 他最先触到了终点线。 [SEP] f________ [SEP] finishing
389,cn,0.218164406,防火墙 [SEP] 这堵防火墙能在三十分钟内隔绝火焰。 [SEP] f_______ [SEP] firewall
390,cn,-0.859484262,委员会 [SEP] 1)联合国安全理事会由五个国家构成。2)他被选入市政委员会。 [SEP] c______ [SEP] council
391,cn,0.326415051,钱包 [SEP] 他们趁我不注意偷走了我的钱包。 [SEP] p____ [SEP] purse
392,cn,0.379800074,成套工具 [SEP] 我购买了一套自行车修理工具。 [SEP] k__ [SEP] kit
393,cn,-1.308379966,处理 [SEP] 1)我还有一些签证的申请要处理，不能回家吃饭了。2)复议的申请通常需要15个工作日处理。 [SEP] p______ [SEP] process
394,cn,1.929168002,危险的 [SEP] 酒后驾车很危险。 [SEP] d________ [SEP] dangerous
395,cn,-0.446033068,明显的 [SEP] 很明显他在数据上造假了。 [SEP] e______ [SEP] evident
396,cn,-0.087830574,自负心理 [SEP] 1)他有很强的自负心理。2)她这样做是为了满足丈夫的虚荣心。 [SEP] e__ [SEP] ego
397,cn,0.060221327,悲惨的 [SEP] 1)他们的生意遭遇了悲惨的失败。2)你让我的生活痛苦不堪。 [SEP] m________ [SEP] miserable
398,cn,-1.899783793,严重地 [SEP] 这起车祸严重地损害了他的头部。 [SEP] c_________ [SEP] critically
399,cn,0.357719178,有意义的 [SEP] 俄罗斯之行对她作为艺术家的成长意义重大。 [SEP] m_________ [SEP] meaningful
400,cn,-2.221009586,有秩序的 [SEP] 她渴望生活在一个文明有序的社会。 [SEP] o______ [SEP] ordered
401,cn,3.281836241,工作 [SEP] 她已经在这家书店工作十七年了。 [SEP] w___ [SEP] work
402,cn,-0.975326724,牵涉 [SEP] 1)新的安排牵涉到你，这就是为什么我召你过来。2)全球变暖与我们所有人有关。 [SEP] c______ [SEP] concern
403,cn,-3.294130672,囊括 [SEP] 我们的讨论囊括东北老工业基地的交通、地理和经济等各方面。 [SEP] e________ [SEP] encompass
404,cn,2.045326489,身体 [SEP] 我浑身发痒。 [SEP] b___ [SEP] body
405,cn,-2.146945723,积极主动的 [SEP] 1)我们要采取主动的防御措施。2)他是个积极主动的学习者。 [SEP] p________ [SEP] proactive
406,cn,-0.683623574,民主的 [SEP] 美国是一个民主国家。 [SEP] d_________ [SEP] democratic
407,cn,2.39233046,童年 [SEP] 我的童年与祖父母一起度过。 [SEP] c________ [SEP] childhood
408,cn,0.067225987,平原 [SEP] 他们看到了一望无际的大片平原。 [SEP] p____ [SEP] plain
409,cn,-0.941389584,不赞成 [SEP] 我们不赞成这项投资。 [SEP] d_________ [SEP] disapprove
410,cn,-2.268510647,有礼貌的举止 [SEP] 这里的人对我以礼相待。 [SEP] c_______ [SEP] courtesy
411,cn,-1.364847891,知识分子 [SEP] 他是生于工人家庭的知识分子。 [SEP] i___________ [SEP] intellectual
412,cn,-1.666713769,迅速的 [SEP] “祝你迅速康复”，她在卡片上写道。 [SEP] s_____ [SEP] speedy
413,cn,0.619961527,必不可少的 [SEP] 水对植物的生长至关重要。 [SEP] v____ [SEP] vital
414,cn,-2.501598016,未定的 [SEP] 1)行动的具体方式还尚未确定。2)死者的胃中有不明物质。 [SEP] u___________ [SEP] undetermined
415,cn,1.602183892,葡萄 [SEP] 我喜欢吃葡萄。 [SEP] g____ [SEP] grape
416,cn,-1.301288649,信使 [SEP] 别怪我告诉了你这个坏消息——我只是个送信的。 [SEP] m________ [SEP] messenger
417,cn,0.42744524,地区 [SEP] 1)英国的湖区风景宜人。2)这是巴黎的商业区。 [SEP] d_______ [SEP] district
418,cn,-1.146808578,明智的 [SEP] 他的母亲是个明事理的女人，并不干涉他与妻子的纠纷。 [SEP] s_______ [SEP] sensible
419,cn,-1.140291136,豹 [SEP] 豹具有高超的捕猎技术。 [SEP] l______ [SEP] leopard
420,cn,1.59984354,背景 [SEP] 请详细告诉我们您的教育背景。 [SEP] b_________ [SEP] background
421,cn,-1.181902563,优美的 [SEP] 我的母亲总是很优雅。 [SEP] g_______ [SEP] graceful
422,cn,-1.149920017,解决（争端、分歧等） [SEP] 1)谈判双方终于解决了分歧。2)律师帮助解决了夫妇的纠纷。 [SEP] s_____ [SEP] settle
423,cn,2.056921481,整体 [SEP] 1)虽然细部需要修改，但作为整体而言这还是个不错的方案。2)脱欧的决定将影响欧洲这一整体。 [SEP] w____ [SEP] whole
424,cn,-0.510554034,住宅的 [SEP] 海边有一大片住宅区。 [SEP] r__________ [SEP] residential
425,cn,-1.934016758,节奏 [SEP] 他跟着节奏摇摆起来。 [SEP] r_____ [SEP] rhythm
426,cn,3.036545005,季节 [SEP] 一年有四季。 [SEP] s_____ [SEP] season
427,cn,-1.306573013,古老的 [SEP] 这座老房子里有不少古董家具。 [SEP] a______ [SEP] antique
428,cn,0.806647087,责备 [SEP] 我陷入了深深的自责。 [SEP] b____ [SEP] blame
429,cn,-2.321978844,失忆症 [SEP] 车祸后她得了失忆症。 [SEP] a______ [SEP] amnesia
430,cn,0.037965705,电脑显示器 [SEP] 他购买了一台二十寸的显示器。 [SEP] m______ [SEP] monitor
431,cn,-0.183477788,海洋的 [SEP] 我们要保护海洋生物的多样性。 [SEP] m_____ [SEP] marine
432,cn,-2.210847581,薄脆饼干 [SEP] 我喜欢吃脆饼干。 [SEP] c______ [SEP] cracker
433,cn,1.134161867,消失 [SEP] 1)我的钥匙不见了。2)她看着气球在空中消失。 [SEP] d________ [SEP] disappear
434,cn,-2.021595748,意识 [SEP] 这时我才意识到自己被骗了。 [SEP] r__________ [SEP] realization
435,cn,-2.347343131,话语 [SEP] 这个时代的种种政治话语使我焦虑。 [SEP] d________ [SEP] discourse
436,cn,0.683281881,概念 [SEP] 请问该如何理解“民族国家”这个概念？ [SEP] c______ [SEP] concept
437,cn,-1.027315973,信息量大的 [SEP] 这是一部信息量很大的纪录片。 [SEP] i__________ [SEP] informative
438,cn,-1.859562809,概述 [SEP] 这本书给出了关于法国革命根源的概述。 [SEP] o_______ [SEP] overview
439,cn,-1.926256901,不饶恕的 [SEP] 她对伤害女儿的罪犯毫不宽恕。 [SEP] u__________ [SEP] unforgiving
440,cn,0.643235563,全职主妇 [SEP] 她辞去了工作，成为了一名全职主妇。 [SEP] h________ [SEP] housewife
441,cn,-0.677615786,大约 [SEP] 大约有6万人参加了游行。 [SEP] a____________ [SEP] approximately
442,cn,0.115488841,定居者 [SEP] 他的祖先是澳大利亚最早的一批白人定居者。 [SEP] s______ [SEP] settler
443,cn,0.307670999,幼犬 [SEP] 这只狗生下了三只幼犬。 [SEP] p____ [SEP] puppy
444,cn,-1.457430034,翻 [SEP] 1)汽车撞击栏杆后翻了过来。2)我漫不经心地翻着书页。 [SEP] f___ [SEP] flip
445,cn,-2.047661049,小溪 [SEP] 我过去常沿着家门前的小溪上学。 [SEP] c____ [SEP] creek
446,cn,0.357859939,要紧 [SEP] 1)”抱歉我迟到了！”“不要紧。”2)我们要知道教育至关重要。 [SEP] m_____ [SEP] matter
447,cn,-0.342775379,证实的 [SEP] 您的参赛资格已得到确认。 [SEP] c________ [SEP] confirmed
448,cn,-1.536854026,等价的 [SEP] 1)一公顷相当于一万平方米。2)申请者需要大学本科或同等学位。 [SEP] e_________ [SEP] equivalent
449,cn,-1.779878031,远征 [SEP] 他带队踏上深入大峡谷的征程。 [SEP] e_________ [SEP] expedition
450,cn,-0.421657151,被洗脑了的 [SEP] 这些传销组织里的年轻人都被洗脑了。 [SEP] b__________ [SEP] brainwashed
451,cn,0.40554066,使…感到惊讶 [SEP] 最让我惊讶的是他竟然不声不响地卖了房子。 [SEP] s_______ [SEP] surprise
452,cn,-0.399639054,违反 [SEP] 1)你这样做违反了所得税法。2)他们被指侵犯人权。 [SEP] v______ [SEP] violate
453,cn,-1.976733721,非机密的 [SEP] 这是一份非机密文件，可以随意传播和报道。 [SEP] u___________ [SEP] unclassified
454,cn,-0.443738351,框架 [SEP] 这篇文章的理论框架是什么？ [SEP] f________ [SEP] framework
455,cn,0.87487371,草稿 [SEP] 我写成了报告的第一稿。 [SEP] d____ [SEP] draft
456,cn,-3.030773248,复兴 [SEP] 这项政策的目标是东北老工业基地的复兴。 [SEP] r___________ [SEP] regeneration
457,cn,-0.671786572,三文鱼 [SEP] 他们点了三文鱼寿司。 [SEP] s_____ [SEP] salmon
458,cn,0.217351162,之前的 [SEP] 1)在上一集中，主人公被捕。2)之前的房主并没有做过装修。 [SEP] p_______ [SEP] previous
459,cn,0.618637021,填满 [SEP] 请让我为您把杯子填满。 [SEP] f___ [SEP] fill
460,cn,0.970326177,时髦的 [SEP] 我买了一双时髦的皮鞋。 [SEP] f__________ [SEP] fashionable
461,cn,-2.107949524,悲伤 [SEP] 她沉浸在巨大的悲伤之中。 [SEP] d_______ [SEP] distress
462,cn,0.396761747,剑 [SEP] 他用剑刺穿了敌人的盔甲。 [SEP] s____ [SEP] sword
463,cn,2.102879671,传统 [SEP] 政府努力复兴文化传统。 [SEP] t________ [SEP] tradition
464,cn,1.186231131,想像力 [SEP] 要理解广阔的宇宙，先要有一些想像力。 [SEP] i__________ [SEP] imagination
465,cn,1.246457707,奴隶 [SEP] 她对待手下就像对待奴隶。 [SEP] s____ [SEP] slave
466,cn,2.025837565,浪漫的 [SEP] 她总想象浪漫的求婚场景。 [SEP] r_______ [SEP] romantic
467,cn,1.819470489,工资 [SEP] 这份工作的年薪是36000英镑。 [SEP] s_____ [SEP] salary
468,cn,1.196299245,洋娃娃 [SEP] 女孩子们都喜欢娃娃。 [SEP] d___ [SEP] doll
469,cn,2.159338381,修理 [SEP] 你能帮我修洗衣机吗？ [SEP] f__ [SEP] fix
470,cn,0.860659426,经济学家 [SEP] 经济学家称全球发展将放缓。 [SEP] e________ [SEP] economist
471,cn,4.634826919,刚 [SEP] 1)她刚刚离开。2)我刚把作业做完。 [SEP] j___ [SEP] just
472,cn,1.416013633,版本 [SEP] 1)这本字典新出了修订版。2)建议将软件更新至最新版本。 [SEP] v______ [SEP] version
473,cn,1.53602811,假的 [SEP] 这是一张假支票。 [SEP] f___ [SEP] fake
474,cn,0.907853546,雇佣 [SEP] 你这么懒，没人会想雇佣你！ [SEP] e_____ [SEP] employ
475,cn,-2.579018859,结帐台 [SEP] 请您到款台结帐。 [SEP] c_______ [SEP] checkout
476,cn,-0.296102102,闪回手法 [SEP] 影片的开头是一系列表现主人公童年的闪回镜头。 [SEP] f________ [SEP] flashback
477,cn,0.279251238,极度的 [SEP] 他们在极度的低温中完成了勘测。 [SEP] e______ [SEP] extreme
478,cn,-0.046613721,后台 [SEP] 需要剧场经理的准许才能进入后台。 [SEP] b________ [SEP] backstage
479,cn,-1.606226029,还 [SEP] 1)他们的表演还不错。2)我们挺经常下厨房。 [SEP] f_____ [SEP] fairly
480,cn,2.103964922,咬 [SEP] 这块蛋糕很好吃，咬下去的每一口都是享受。 [SEP] b___ [SEP] bite
481,cn,-0.340806205,准予 [SEP] 1)这份通知给了他们批准，允许他们收养孩子。2)经理准了我的假。 [SEP] g____ [SEP] grant
482,cn,-1.264363893,无条件地 [SEP] 他被大学无条件录取了。 [SEP] u______________ [SEP] unconditionally
483,cn,1.654378595,收入 [SEP] 我们关心低收入群体。 [SEP] i_____ [SEP] income
484,cn,0.355662958,减少 [SEP] 冬季的游客数量减少了。 [SEP] d_______ [SEP] decrease
485,cn,-1.968059209,准许 [SEP] 父母就他们的婚事给予了准许。 [SEP] c______ [SEP] consent
486,cn,-1.514878826,在技术上 [SEP] 你设想的设备在技术上很难实现。 [SEP] t______________ [SEP] technologically
487,cn,-1.059917566,压碎 [SEP] 他伸手把葡萄捏碎了。 [SEP] c____ [SEP] crush
488,cn,-0.091214267,然而 [SEP] 她对他的缺点了如指掌，然而，她还是嫁给了他。 [SEP] n___________ [SEP] nevertheless
489,cn,0.295648938,申请人 [SEP] 成功的申请者会接到电话通知。 [SEP] a________ [SEP] applicant
490,cn,0.758036501,悲伤 [SEP] 尽管她极力掩饰，但她的双眼里仍充满悲伤。 [SEP] s______ [SEP] sadness
491,cn,-2.200440806,助理 [SEP] 她是总统的高级助理。 [SEP] a___ [SEP] aide
492,cn,0.241042993,秘密地 [SEP] 他秘密地做着求婚的准备。 [SEP] s_______ [SEP] secretly
493,cn,-1.751936559,用外交手段地 [SEP] 这件事无法诉诸武力，只能以外交手段解决。 [SEP] d_____________ [SEP] diplomatically
494,cn,0.048733354,炸弹 [SEP] 敌机向地面投下了炸弹。 [SEP] b___ [SEP] bomb
495,cn,1.679482944,迷路的 [SEP] 1)我们计划骑车去伦敦，却中途迷路了。2)毕业后我感到很迷茫。 [SEP] l___ [SEP] lost
496,cn,0.337647023,注视 [SEP] 他教孩子不要瞪着陌生人看。 [SEP] s____ [SEP] stare
497,cn,2.556417493,高 [SEP] 那栋楼很高。 [SEP] h___ [SEP] high
498,cn,0.235374082,女巫 [SEP] 在殖民时期的美国，许多女性被当作“女巫”逮捕并杀死。 [SEP] w____ [SEP] witch
499,cn,2.840518266,向下 [SEP] 1)他倒下了。2)我们走下山坡。 [SEP] d___ [SEP] down
500,cn,-1.270654393,烟熏的 [SEP] 我买了几块熏三文鱼。 [SEP] s_____ [SEP] smoked
501,cn,1.031284272,不同 [SEP] 这两种洗衣机有什么不同？ [SEP] d_________ [SEP] difference
502,cn,2.194961566,桃子 [SEP] 我喜欢吃桃子。 [SEP] p____ [SEP] peach
503,cn,2.011263517,建造 [SEP] 这家公司是1892年建立的。 [SEP] f____ [SEP] found
504,cn,0.484456533,魔法师 [SEP] 魔法师从帽子里变出了兔子。 [SEP] m_______ [SEP] magician
505,cn,1.580732159,根 [SEP] 请更换大一些的花盆，以使根系更好生长。 [SEP] r___ [SEP] root
506,cn,-1.456154478,低音部 [SEP] 合唱团由男高音，中音和低音部构成。 [SEP] b___ [SEP] bass
507,cn,1.432954156,情况 [SEP] 1)边境的形势不断恶化。2)在不同的情况下，我们的策略或许就会失效。 [SEP] s________ [SEP] situation
508,cn,-2.0488852,大气层的 [SEP] 大气层的氧气主要来自地球植被。 [SEP] a__________ [SEP] atmospheric
509,cn,-1.049827137,种 [SEP] 钝口螈是一种生长于墨西哥的濒危物种。 [SEP] s______ [SEP] species
510,cn,1.838258697,行动 [SEP] 美方敦促伊朗方面采取行动。 [SEP] a_____ [SEP] action
511,cn,-1.776418129,情绪 [SEP] 媒体助长了大众的民族主义情绪。 [SEP] s________ [SEP] sentiment
512,cn,2.910605601,站 [SEP] 她站在一棵榕树旁边。 [SEP] s____ [SEP] stand
513,cn,0.215593715,以…为特色 [SEP] 1)这种火车以高速及安全为特色。2)这部电影由艾玛·斯通主演。 [SEP] f______ [SEP] feature
514,cn,0.133436077,命令 [SEP] 长官命令我们出发。 [SEP] c______ [SEP] command
515,cn,0.031575826,循环 [SEP] 这种疾病阻碍血液循环。 [SEP] c__________ [SEP] circulation
516,cn,1.72431491,翅膀 [SEP] 我也想像鸟一样有翅膀。 [SEP] w___ [SEP] wing
517,cn,2.634438786,穿过（从一边到另一边） [SEP] 穿过这条街就能到达银行。 [SEP] c____ [SEP] cross
518,cn,1.815576045,价格 [SEP] 这本书的价格是多少？ [SEP] p____ [SEP] price
519,cn,1.245993487,倾向于 [SEP] 她倾向于夸大事实。 [SEP] t___ [SEP] tend
520,cn,1.537046509,通行证 [SEP] 您必须出示通行证才能进入政府大楼。 [SEP] p___ [SEP] pass
521,cn,1.830869652,石 [SEP] 岩石的缝隙中竟然有一朵花。 [SEP] r___ [SEP] rock
522,cn,-1.710928761,精品店 [SEP] 她喜欢从精品店而不是商场里淘衣服。 [SEP] b_______ [SEP] boutique
523,cn,0.012016965,深刻见解 [SEP] 讲座充满了对中美关系的深刻见解。 [SEP] i______ [SEP] insight
524,cn,-1.404094023,使形象化 [SEP] 这幅动图是对人体血液循环的可视化。 [SEP] v____________ [SEP] visualization
525,cn,1.748226174,博客 [SEP] 我在博客上记录心情。 [SEP] b___ [SEP] blog
526,cn,1.442805989,无望的 [SEP] 她失业了，对未来感到无望。 [SEP] h_______ [SEP] hopeless
527,cn,1.219116988,奇怪的 [SEP] 奇怪的事情陆续发生。 [SEP] s______ [SEP] strange
528,cn,0.552997637,帐篷 [SEP] 他们在营地里扎帐篷。 [SEP] t___ [SEP] tent
529,cn,-1.273049963,使暂停 [SEP] 1)我们因资金与政策问题不得不暂时停刊。2)我暂时不作评价：你只尽情去做就好了。 [SEP] s______ [SEP] suspend
530,cn,-0.19791771,独角兽 [SEP] 在神话中，独角兽往往是纯洁与优雅的象征。 [SEP] u______ [SEP] unicorn
531,cn,0.879039027,心情 [SEP] 我没有开玩笑的心情。 [SEP] m___ [SEP] mood
532,cn,-2.439620097,胆固醇 [SEP] 这种药有助于降低胆固醇。 [SEP] c__________ [SEP] cholesterol
533,cn,1.607283177,介绍 [SEP] 他向同事介绍自己的妻子。 [SEP] i________ [SEP] introduce
534,cn,0.174402204,探险家 [SEP] 极地探险家们找到了地球变暖的证据。 [SEP] e_______ [SEP] explorer
535,cn,2.138178405,贫穷的 [SEP] 他们生活在一个贫困的国家。 [SEP] p___ [SEP] poor
536,cn,-0.39982667,广告业 [SEP] 他在广告业工作。 [SEP] a__________ [SEP] advertising
537,cn,-0.683195421,热情 [SEP] 他对音乐充满热情。 [SEP] e_________ [SEP] enthusiasm
538,cn,1.356909758,获得 [SEP] 我通过读书获得知识。 [SEP] g___ [SEP] gain
539,cn,1.876525063,记得 [SEP] 你还记得你的祖父吗？ [SEP] r_______ [SEP] remember
540,cn,-2.163355217,正统的 [SEP] 化疗是癌症的正统治疗方法，但最近的靶向治疗研究又带来的新的希望。 [SEP] o_______ [SEP] orthodox
541,cn,-0.480529142,选择 [SEP] 再三权衡后，我选择离开这个职位。 [SEP] o__ [SEP] opt
542,cn,0.000360157,失明 [SEP] 她的突然失明让她很痛苦。 [SEP] b________ [SEP] blindness
543,cn,1.742255711,经理 [SEP] 我要和经理谈谈。 [SEP] m______ [SEP] manager
544,cn,2.119844993,特别的 [SEP] 他相信每个孩子都是特别的。 [SEP] s______ [SEP] special
545,cn,-0.085600532,绕过 [SEP] 船绕过海角向另一边行驶。 [SEP] r____ [SEP] round
546,cn,-0.042147186,篱笆 [SEP] 他在两个院子中间筑起了一道篱笆。 [SEP] f____ [SEP] fence
547,cn,1.103738196,挑战 [SEP] 这份工作对我来说是个不小的挑战。 [SEP] c________ [SEP] challenge
548,cn,0.201574062,收藏家 [SEP] 1)他是影院入口的收票员。2)我的父亲是一位古籍收藏家。 [SEP] c________ [SEP] collector
549,cn,1.048827732,花招 [SEP] 别对我使花招：老老实实干你的工作！ [SEP] t____ [SEP] trick
550,cn,-1.034741421,不足的 [SEP] 您的账户余额不足。 [SEP] i___________ [SEP] insufficient
551,cn,-1.273562907,适中的 [SEP] 1)大学生的起薪水平有了温和上涨。2)保持暖气温度适中即可。 [SEP] m_______ [SEP] moderate
552,cn,-1.051977982,窒息 [SEP] 这个孩子在吃糖的时候窒息。 [SEP] c____ [SEP] choke
553,cn,0.311421348,紧张地 [SEP] “老师来了”，他紧张地说。 [SEP] n________ [SEP] nervously
554,cn,1.992189711,阴的 [SEP] 明天天气多云。 [SEP] c_____ [SEP] cloudy
555,cn,-0.252136074,杀戮 [SEP] 我们不能容忍对平民的杀戮。 [SEP] k______ [SEP] killing
556,cn,1.91509629,烧 [SEP] 火正在熊熊燃烧。 [SEP] b___ [SEP] burn
557,cn,-0.278365303,会议 [SEP] 各国的科学家们在这次会议上齐聚一堂，各抒己见。 [SEP] c_________ [SEP] conference
558,cn,0.481946476,精神上地 [SEP] 1)她的病情很不好，你需要对结果做好心理准备。2)他精神上仍不太稳定。 [SEP] m_______ [SEP] mentally
559,cn,0.776637262,扩散 [SEP] 森林火灾在风中急速扩散。 [SEP] s_____ [SEP] spread
560,cn,0.113693677,义务 [SEP] 公司有义务偿还债务。 [SEP] o_________ [SEP] obligation
561,cn,-1.857803286,短跑 [SEP] 他参加了100米短跑。 [SEP] s_____ [SEP] sprint
562,cn,0.613453546,抽象的 [SEP] 我认为抽象艺术很难懂。 [SEP] a_______ [SEP] abstract
563,cn,-1.240800728,独享地 [SEP] 这些服务专为头等舱客人提供。 [SEP] e__________ [SEP] exclusively
564,cn,1.502015773,紧张的 [SEP] 他站在讲台上感到紧张。 [SEP] n______ [SEP] nervous
565,cn,-0.848074736,把人压倒或淹没 [SEP] 重新见到失散的妹妹时，我被一阵幸福感淹没了。 [SEP] o________ [SEP] overwhelm
566,cn,-2.058248926,无纪律的 [SEP] 这是个好吃懒做，没有什么家教的孩子。 [SEP] u____________ [SEP] undisciplined
567,cn,-1.152281341,蔓延的 [SEP] 蔓延的火情已造成三家商铺被毁。 [SEP] s________ [SEP] spreading
568,cn,3.113161335,响的 [SEP] 舞厅的音乐太吵。 [SEP] l___ [SEP] loud
569,cn,-0.2850686,美味的 [SEP] 你做的披萨非常美味。 [SEP] t____ [SEP] tasty
570,cn,-2.713823169,从军 [SEP] 1)他参加了空军。2)战争期间有许多人应征参军。 [SEP] e_____ [SEP] enlist
571,cn,-0.806322913,合约的 [SEP] 我们公司受约建设这些养老院。 [SEP] c_________ [SEP] contracted
572,cn,-1.466418507,正直 [SEP] 我的父亲以品格正直著称。 [SEP] i________ [SEP] integrity
573,cn,-0.29434908,调查者 [SEP] 调查者称无法查明事故原因。 [SEP] i___________ [SEP] investigator
574,cn,-0.482645541,企鹅 [SEP] 孩子们去动物园看企鹅。 [SEP] p______ [SEP] penguin
575,cn,-0.392965928,牺牲 [SEP] 她为救助这些孤儿牺牲了自己的家庭。 [SEP] s________ [SEP] sacrifice
576,cn,2.940889868,周末 [SEP] 你通常怎样过周末？ [SEP] w______ [SEP] weekend
577,cn,-0.330259109,为…辩解 [SEP] 你如何证明抛下妻子逃走的行为是正当的？ [SEP] j______ [SEP] justify
578,cn,-1.351525503,疲倦 [SEP] 睡眠不足会导致疲倦。 [SEP] f______ [SEP] fatigue
579,cn,-0.738733445,具体的（某一种或某一人） [SEP] 1)有没有哪种具体类型的电影是你喜欢的？2)我就喜欢她——没什么具体的原因。 [SEP] p_________ [SEP] particular
580,cn,-0.991681625,身份不明的 [SEP] 河中发现了一具身份不明的遗体。 [SEP] u___________ [SEP] unidentified
581,cn,2.473280602,作弊 [SEP] 请不要在考试中作弊。 [SEP] c____ [SEP] cheat
582,cn,1.402827947,持续 [SEP] 他们的婚姻持续了20年。 [SEP] l___ [SEP] last
583,cn,-0.105556157,理性的 [SEP] 他对这场冲突的原因做了理性分析。 [SEP] r_______ [SEP] rational
584,cn,-2.202769101,刺激（物） [SEP] 低存款利率是对消费的有效激励。 [SEP] s_______ [SEP] stimulus
585,cn,1.311462619,表面 [SEP] 月球的表面坑洼不平。 [SEP] s______ [SEP] surface
586,cn,-0.576395531,发电机 [SEP] 这台发电机产生的电力专供附近的医院。 [SEP] g________ [SEP] generator
587,cn,0.622115888,抽屉 [SEP] 我的抽屉里有两本书。 [SEP] d_____ [SEP] drawer
588,cn,1.119686391,牛仔 [SEP] 她只穿了简单的白T恤和牛仔裤。 [SEP] j____ [SEP] jeans
589,cn,0.123165341,年老的 [SEP] 她细心照看年老的母亲。 [SEP] a___ [SEP] aged
590,cn,-0.684054263,墨西哥的 [SEP] 他们尝试了墨西哥食品。 [SEP] m______ [SEP] mexican
591,cn,-0.880776768,捅 [SEP] 歹徒用刀捅了女人三下，把她丢弃在草丛里。 [SEP] s___ [SEP] stab
592,cn,0.478023567,收费 [SEP] 1)他们向我们收取了中介费。2)老师没有向学生收费。 [SEP] c_____ [SEP] charge
593,cn,-0.797604449,安装 [SEP] 安装费用包括在空调价格中。 [SEP] i___________ [SEP] installation
594,cn,2.394758787,时尚 [SEP] 她是时尚界的一颗新星。 [SEP] f______ [SEP] fashion
595,cn,-1.031950677,使人得到娱乐的 [SEP] 这本关于鸟类的书并不枯燥，反而充满乐趣。 [SEP] e___________ [SEP] entertaining
596,cn,-0.214976414,足够的 [SEP] 我们有足够的存款去资助一个孩子。 [SEP] s_________ [SEP] sufficient
597,cn,-1.909850176,按字母顺序地 [SEP] 名单按字母顺序排列。 [SEP] a_____________ [SEP] alphabetically
598,cn,-2.295722012,拱廊 [SEP] 拱廊里有许多有趣的商铺和咖啡馆。 [SEP] a_____ [SEP] arcade
599,cn,-1.683195402,荒野 [SEP] 1)他孤身一人走进荒野。2)美国西部曾被认为是一片荒野。 [SEP] w_________ [SEP] wilderness
600,cn,3.38193144,分享 [SEP] 你要学会与弟弟分享玩具。 [SEP] s____ [SEP] share
601,cn,-1.006484396,眼线笔 [SEP] 她用眼线笔画了浓眼线。 [SEP] e_______ [SEP] eyeliner
602,cn,0.929875414,困惑的 [SEP] 我有点糊涂/搞不懂——您能再说一遍吗？ [SEP] c_______ [SEP] confused
603,cn,3.324255492,艺术 [SEP] 你喜欢现代艺术吗？ [SEP] a__ [SEP] art
604,cn,-2.570261368,杀人 [SEP] 这些战犯被控杀人。 [SEP] h_______ [SEP] homicide
605,cn,1.812668403,双 [SEP] 我有一双棕色的皮鞋。 [SEP] p___ [SEP] pair
606,cn,-1.917881453,黄铜 [SEP] 这些钱币是黄铜铸成的。 [SEP] b____ [SEP] brass
607,cn,-1.149782831,扭曲的 [SEP] 他的脸因恐惧而变得扭曲。 [SEP] t______ [SEP] twisted
608,cn,0.687274799,无限量的 [SEP] 这个月我有无限量的手机数据流量。 [SEP] u________ [SEP] unlimited
609,cn,2.226441379,开玩笑 [SEP] 不该拿严肃的事开玩笑。 [SEP] j___ [SEP] joke
610,cn,-2.687772429,天空被云遮蔽的 [SEP] 今天的天空只是部分有云，还算晴朗。 [SEP] c______ [SEP] clouded
611,cn,-3.807530157,引人入胜的 [SEP] 这部电影的情节非常引人入胜，让人欲罢不能。 [SEP] c_________ [SEP] compelling
612,cn,-0.554103618,挣得的财物 [SEP] 我把挣来的钱悉数交给父母。 [SEP] e_______ [SEP] earnings
613,cn,1.490149488,交流 [SEP] 如果没有语言，人类就很难交流。 [SEP] c__________ [SEP] communicate
614,cn,-0.000853748,调整 [SEP] 我们将根据各自的日程，对开会日期作出调整。 [SEP] a_________ [SEP] adjustment
615,cn,-0.572512952,工具箱 [SEP] 水管工随身携带工具箱。 [SEP] t______ [SEP] toolbox
616,cn,2.111854922,美丽的 [SEP] 傍晚的海滩很美。 [SEP] b________ [SEP] beautiful
617,cn,1.621035924,点头 [SEP] 他以点头表示赞成。 [SEP] n__ [SEP] nod
618,cn,-2.143974801,钛 [SEP] 这种钢中含钛，因此耐腐蚀能力更强。 [SEP] t_______ [SEP] titanium
619,cn,-1.143099648,集体的 [SEP] 这是集体的决定，并非我一个人说了算。 [SEP] c_________ [SEP] collective
620,cn,-1.693230038,财产 [SEP] 1)战争使他失去了所有的财产和亲人。2)这幅画是她最值钱的财产。 [SEP] p_________ [SEP] possession
621,cn,2.534207903,下雨的 [SEP] 我们度过了一个下雨的周末。 [SEP] r____ [SEP] rainy
622,cn,1.193115665,动物毛皮 [SEP] 她拒绝穿戴动物毛皮。 [SEP] f__ [SEP] fur
623,cn,-0.171552931,宽的 [SEP] 我父亲的肩膀很宽。 [SEP] b____ [SEP] broad
624,cn,-0.139027634,有危险的 [SEP] 我们要保护濒危物种的生存环境。 [SEP] e_________ [SEP] endangered
625,cn,0.067962873,打碎 [SEP] 1)我把镜子打碎了。2)他从楼上摔下来，摔断了腿。 [SEP] b____ [SEP] break
626,cn,1.50151458,主要的 [SEP] 1)服务员端上了主菜。2)这座楼是我们的主楼。 [SEP] m___ [SEP] main
627,cn,3.037642351,线 [SEP] 他在两段的中间画了一条线。 [SEP] l___ [SEP] line
628,cn,-1.79140092,能干的 [SEP] 她是一个很能干的律师。 [SEP] c________ [SEP] competent
629,cn,0.203686798,把…（折叠的物品）展开 [SEP] 她把野餐布展开铺在草坪上。 [SEP] u_____ [SEP] unfold
630,cn,-2.9644073,肯定 [SEP] 我可以肯定没有人在事故中受伤。 [SEP] a_____ [SEP] affirm
631,cn,-2.072807261,奖金 [SEP] 为资助研究，我们正在申请一个奖金。 [SEP] g____ [SEP] grant
632,cn,1.360278951,深度 [SEP] 海峡深度约为500米。 [SEP] d____ [SEP] depth
633,cn,0.357516291,毕业文凭 [SEP] 在就业市场上，文凭和水平哪个更重要？ [SEP] d______ [SEP] diploma
634,cn,1.898785805,似乎 [SEP] 1)她似乎生气了。2)他看起来是个好脾气的同事。 [SEP] s___ [SEP] seem
635,cn,0.946398637,毁灭 [SEP] 吸毒把他引向毁灭。 [SEP] r___ [SEP] ruin
636,cn,-1.746472709,令人惊慌的 [SEP] 非典以令人惊慌的速率传播。 [SEP] a_______ [SEP] alarming
637,cn,-0.316804665,通知 [SEP] 我们力求在一个月之内发出评奖结果的通知。 [SEP] n___________ [SEP] notification
638,cn,-1.963062211,发育迟缓的 [SEP] 这个孩子在智力上发育迟缓。 [SEP] r_______ [SEP] retarded
639,cn,-1.199734301,扩张 [SEP] 我们见证了计算机产业的急速扩张。 [SEP] e________ [SEP] expansion
640,cn,1.009516707,培根 [SEP] 他早饭吃一片煎培根和一个鸡蛋。 [SEP] b____ [SEP] bacon
641,cn,-0.533263945,浮动的 [SEP] 什么是浮动汇率？ [SEP] f_______ [SEP] floating
642,cn,-1.30135236,大小是…的 [SEP] 医生告诉他胃里有个高尔夫球那么大的肿瘤。 [SEP] s____ [SEP] sized
643,cn,2.663612353,双胞胎 [SEP] 他还有一个孪生哥哥。 [SEP] t___ [SEP] twin
644,cn,-1.141701386,大教堂 [SEP] 他们在坎特伯雷大教堂里举行了婚礼。 [SEP] c________ [SEP] cathedral
645,cn,-0.036925734,传播 [SEP] 发言人成功地传达了和平外交的讯号。 [SEP] c_____ [SEP] convey
646,cn,-1.606963499,诊断 [SEP] 这些信息有助于我们做出诊断。 [SEP] d________ [SEP] diagnosis
647,cn,3.686556909,胜利 [SEP] 他们的成绩是五胜三负二平。 [SEP] w__ [SEP] win
648,cn,1.534785035,漆 [SEP] 1)工人们正在漆墙。2)她在涂指甲。 [SEP] p____ [SEP] paint
649,cn,-0.635467604,电话亭 [SEP] 最近的电话亭在哪里？ [SEP] b____ [SEP] booth
650,cn,0.675006174,试图 [SEP] 她试图自杀，但没有成功。 [SEP] a______ [SEP] attempt
651,cn,-1.001499789,宇航员 [SEP] 你能想象宇航员在太空的生活吗？ [SEP] s_______ [SEP] spaceman
652,cn,0.048770441,郡 [SEP] 英国的格罗斯特郡风景十分优美。 [SEP] c_____ [SEP] county
653,cn,0.948334579,可洗涤的 [SEP] 这件羽绒服不可洗涤——只能干洗。 [SEP] w_______ [SEP] washable
654,cn,2.606978161,熊 [SEP] 气候变暖影响北极熊生存。 [SEP] b___ [SEP] bear
655,cn,1.39055672,在上方的 [SEP] 请注意上面一行的信息。 [SEP] a____ [SEP] above
656,cn,0.15012919,观察员 [SEP] 这位军事观察员表示边境冲突短期内不会缓解。 [SEP] o_______ [SEP] observer
657,cn,1.29588128,入口 [SEP] 我在剧院的入口等你。 [SEP] e_______ [SEP] entrance
658,cn,0.383064238,有魅力的 [SEP] 她是个十分有魅力的女人。 [SEP] a_________ [SEP] attractive
659,cn,-1.888156725,识别 [SEP] 1)她的变化已经让人认不出。2)电脑已能实现对图像内容的识别。 [SEP] r__________ [SEP] recognition
660,cn,-1.268785884,哲学家 [SEP] 苏格拉底是著名的哲学家。 [SEP] p__________ [SEP] philosopher
661,cn,-0.656898153,紧 [SEP] 衬衣之紧让我喘不过气。 [SEP] t________ [SEP] tightness
662,cn,2.807789009,光 [SEP] 古人借着蜡烛的光亮读书。 [SEP] l____ [SEP] light
663,cn,-0.47482656,代表 [SEP] 来自互联网行业的三位代表参加了听证会。 [SEP] r_____________ [SEP] representative
664,cn,0.027818822,朝特定方向行进 [SEP] 1)队伍向南行进。2)你要朝哪去？ [SEP] h___ [SEP] head
665,cn,-0.425021705,审计 [SEP] 公司正在进行内部审计。 [SEP] a____ [SEP] audit
666,cn,0.966659182,战役 [SEP] 1)很多士兵在战斗中受了伤。2)警察与毒品贩发生了枪战。 [SEP] b_____ [SEP] battle
667,cn,1.409534996,饿的 [SEP] 我饿了。 [SEP] h_____ [SEP] hungry
668,cn,0.093949147,牙膏 [SEP] 他教孩子不要吞咽牙膏。 [SEP] t_________ [SEP] toothpaste
669,cn,0.939299152,敦促 [SEP] 1)我催促丈夫尽快还清债务。2)政府敦促所有在利比亚的游客尽快返回。 [SEP] u___ [SEP] urge
670,cn,-1.44657449,开始 [SEP] 车在冬天的启动有些困难。 [SEP] s_______ [SEP] starting
671,cn,-1.745439016,牛犊 [SEP] 草场上有牛犊也有母牛。 [SEP] c___ [SEP] calf
672,cn,-0.769179723,银行业务 [SEP] 欢迎试用我们的网上银行业务。 [SEP] b______ [SEP] banking
673,cn,-2.447766655,筹措资金 [SEP] 这家公司的资金筹措花了不少时间。 [SEP] f________ [SEP] financing
674,cn,-0.544702926,在化学上 [SEP] 这些元素是在化学上稳定的。 [SEP] c_________ [SEP] chemically
675,cn,1.156231542,法院 [SEP] 法院判处了他无期徒刑。 [SEP] c____ [SEP] court
676,cn,-3.154350046,改过自新的 [SEP] 他是一个改过自新的小偷。 [SEP] r_______ [SEP] reformed
677,cn,-2.356082118,打 [SEP] 1)他打了我的脸（扇耳光）。2)我的胳膊被飞来的球击中了。 [SEP] s_____ [SEP] strike
678,cn,0.619597729,同龄人 [SEP] 她总是同龄人中最高的一个。 [SEP] p___ [SEP] peer
679,cn,0.159739694,连环漫画 [SEP] 他小时候最喜欢报纸的连环漫画专栏。 [SEP] c____ [SEP] comic
680,cn,-2.629372913,猛塞 [SEP] 他把信塞到我手里就跑了。 [SEP] t_____ [SEP] thrust
681,cn,1.337491826,地狱 [SEP] 他觉得婚姻生活无异于地狱。 [SEP] h___ [SEP] hell
682,cn,-1.258625451,僵硬的 [SEP] 1)我的手指因寒冷而变得僵硬。2)她的右膝在马拉松后变得一动就痛。 [SEP] s____ [SEP] stiff
683,cn,-2.125359076,魔术师（尤指运用错觉艺术手法的魔术家） [SEP] 魔术师表演了大变活人的魔术。 [SEP] i__________ [SEP] illusionist
684,cn,1.691747779,绑 [SEP] 1)“你们先往前跑，我要系鞋带！”2)歹徒把他绑在椅子上。 [SEP] t__ [SEP] tie
685,cn,-1.597016557,缺陷 [SEP] 1)罪犯们利用了法律的缺陷。2)他的失败是性格缺陷使然。 [SEP] f___ [SEP] flaw
686,cn,0.350794101,拳头 [SEP] 她气得捏紧了拳头。 [SEP] f___ [SEP] fist
687,cn,1.542847553,洗手间 [SEP] 请问洗手间在哪里？ [SEP] r_______ [SEP] restroom
688,cn,1.763352871,拥有 [SEP] 我拥有一栋房子。 [SEP] o__ [SEP] own
689,cn,-0.997181757,被扩大的 [SEP] 公司经过扩展的业务范围包括林业、种植和地产。 [SEP] e_______ [SEP] expanded
690,cn,-1.818552078,数学家 [SEP] 他成为了著名数学家。 [SEP] m____________ [SEP] mathematician
691,cn,-0.067308854,打广告的人 [SEP] 打广告的人详细列出了这台电脑的各种参数。 [SEP] a_________ [SEP] advertiser
692,cn,0.236856374,珍贵的 [SEP] 1)戒指上镶嵌着珍贵的宝石。2)与祖母在一起的日子是我珍贵的回忆。 [SEP] p_______ [SEP] precious
693,cn,1.353448021,长度 [SEP] 这根绳子的长度是1米。 [SEP] l_____ [SEP] length
694,cn,0.765841977,供给 [SEP] 一定要保证这一地区的饮用水供给。 [SEP] s_____ [SEP] supply
695,cn,-0.248295222,马拉松 [SEP] 他参加了马拉松比赛。 [SEP] m_______ [SEP] marathon
696,cn,-2.645627715,地带 [SEP] 越野车颠簸过了一块崎岖的地带。 [SEP] t______ [SEP] terrain
697,cn,-0.252424846,受感染的 [SEP] 他叮嘱儿子远离受感染的同学。 [SEP] i_______ [SEP] infected
698,cn,-1.218993655,堕落的 [SEP] 整个系统都烂了——每位官员都向她伸手要钱，却不帮助她。 [SEP] c______ [SEP] corrupt
699,cn,-0.04703447,生物化学 [SEP] 生物化学研究生物机体中发生的化学反应。 [SEP] b___________ [SEP] biochemistry
700,cn,-0.48023615,探测器 [SEP] 机舱中装有有毒气体探测器。 [SEP] d_______ [SEP] detector
701,cn,1.508249772,照耀 [SEP] 连续阴雨后，今天阳光终于能明亮地照耀了。 [SEP] s____ [SEP] shine
702,cn,-0.284451198,秘书 [SEP] 他的秘书告诉我他今天都不会来办公室。 [SEP] s________ [SEP] secretary
703,cn,-2.016021108,滚下 [SEP] 她从楼梯上滚下，受了重伤。 [SEP] t_____ [SEP] tumble
704,cn,3.671881749,去 [SEP] 儿子每天早上去学校。 [SEP] g_ [SEP] go
705,cn,0.412766683,胡椒粉 [SEP] 请在汤中加一些白胡椒。 [SEP] p_____ [SEP] pepper
706,cn,0.730601611,典型的 [SEP] 她真是个典型的法国姑娘。 [SEP] t______ [SEP] typical
707,cn,-0.350734902,演变 [SEP] 人类是从猿猴演变而来的。 [SEP] e_____ [SEP] evolve
708,cn,2.203647152,大门 [SEP] 我在公园大门处等你。 [SEP] g___ [SEP] gate
709,cn,-0.577984457,资本主义 [SEP] 资本主义是资本家剥削工人的制度。 [SEP] c_________ [SEP] capitalism
710,cn,1.43374925,卷起 [SEP] 请把垫子卷起来并放在墙边。 [SEP] r___ [SEP] roll
711,cn,-0.634967932,前景 [SEP] 这家大学的毕业生就业前景都很好。 [SEP] p_______ [SEP] prospect
712,cn,1.510750069,视力 [SEP] 糖尿病损害了他的视力。 [SEP] s____ [SEP] sight
713,cn,-0.096336021,漏掉 [SEP] 他在文章中略去了关于土地改革的部分。 [SEP] o___ [SEP] omit
714,cn,-0.306962501,永恒的 [SEP] 世上没有永恒的真理。 [SEP] e______ [SEP] eternal
715,cn,2.130112483,文本 [SEP] 请将您演讲的文本用邮件发给我。 [SEP] t___ [SEP] text
716,cn,-3.160896904,小道 [SEP] 从公路到村子之间只有一条土路。 [SEP] t____ [SEP] track
717,cn,-3.001390627,听觉的 [SEP] 人类听觉的极限是二十赫兹到两万赫兹。 [SEP] a_______ [SEP] auditory
718,cn,-0.732597047,在…的顶上 [SEP] 站在地球最高峰上极目远眺，会看到怎样的风景呢？ [SEP] a___ [SEP] atop
719,cn,1.587375172,数据 [SEP] 他正在电脑上处理实验数据。 [SEP] d___ [SEP] data
720,cn,-3.449023069,攻击性 [SEP] 研究表明战争游戏能让人更具攻击性。 [SEP] a_________ [SEP] aggression
721,cn,1.491847542,买东西 [SEP] 我们喜欢在二手店买东西。 [SEP] s___ [SEP] shop
722,cn,0.53537601,心跳 [SEP] 护士检查了他的心跳。 [SEP] h________ [SEP] heartbeat
723,cn,0.100474076,革新 [SEP] 技术革新带来社会进步。 [SEP] i_________ [SEP] innovation
724,cn,0.582734468,画家 [SEP] 美术馆里展出了这位风景画家的作品。 [SEP] p______ [SEP] painter
725,cn,1.550706369,借口 [SEP] 1)他找了个借口溜了。2)没有什么理由能允许你虐待动物。 [SEP] e_____ [SEP] excuse
726,cn,0.110420657,努力 [SEP] 我们必须作出努力争取和平。 [SEP] e_____ [SEP] effort
727,cn,0.070444257,怀孕的 [SEP] 我的妹妹怀孕了。 [SEP] p_______ [SEP] pregnant
728,cn,-0.339718219,社会主义 [SEP] 公有制是社会主义的重要方面。 [SEP] s________ [SEP] socialism
729,cn,-0.770417163,盾 [SEP] 士兵举起盾牌抵挡袭击。 [SEP] s_____ [SEP] shield
730,cn,-1.342230318,修正案 [SEP] 他们决定在议案中附加一个修正案。 [SEP] a________ [SEP] amendment
731,cn,-2.682154114,评论文章 [SEP] 报纸刊登了一篇对电影《芳华》的评论文章。 [SEP] c_______ [SEP] critique
732,cn,0.734231762,陈述或呈示 [SEP] 我明天要对客户做一个关于新产品功能的陈述。 [SEP] p___________ [SEP] presentation
733,cn,0.624185843,帝国 [SEP] 罗马帝国最终灭亡了。 [SEP] e_____ [SEP] empire
734,cn,1.399110491,样品 [SEP] 1)这里是沙发面料的样本。2)专柜还赠送了洗面奶的免费样品。 [SEP] s_____ [SEP] sample
735,cn,0.571954346,细心的 [SEP] 细心点，不要因为马虎做错题。 [SEP] c______ [SEP] careful
736,cn,1.053707932,强调 [SEP] 1)她标出课本中的重要部分。2)经理强调了质量检查的重要性。 [SEP] h________ [SEP] highlight
737,cn,2.0991168,猜 [SEP] 在官方数字公布之前，我们只能做一个大致的猜测。 [SEP] g____ [SEP] guess
738,cn,2.462232258,安全的 [SEP] 1)让小女孩单独出行不太安全。2)这些现金放在这里安全吗？ [SEP] s___ [SEP] safe
739,cn,-1.306112385,特别地 [SEP] 1)我们将特别探讨儿童的教育方法问题。2)他们专为商业目的开发了这一地块。 [SEP] s___________ [SEP] specifically
740,cn,-0.231557399,浏览 [SEP] 她空闲时喜欢浏览网页。 [SEP] b_____ [SEP] browse
741,cn,0.991095318,不正确的 [SEP] 这个计算结果是不正确的。 [SEP] i________ [SEP] incorrect
742,cn,-2.584326097,彻底改变 [SEP] 互联网的普及导致人们生活习惯的彻底转变。 [SEP] t_____________ [SEP] transformation
743,cn,-1.231412087,偷窃 [SEP] 他因偷窃被判两年监禁。 [SEP] t____ [SEP] theft
744,cn,-0.457567106,有攻击性的 [SEP] 犬类失去食物时会有攻击性举动。 [SEP] a_________ [SEP] aggressive
745,cn,-2.392671777,飞机 [SEP] 他们既生产民用飞机也生产军用飞机。 [SEP] a_______ [SEP] aircraft
746,cn,0.770477338,心爱的 [SEP] 她在战争中痛失了心爱的儿子。 [SEP] b______ [SEP] beloved
747,cn,-3.060212766,寻根问底的 [SEP] 这是一篇对善款去向寻根问底的文章。 [SEP] s________ [SEP] searching
748,cn,1.719517048,拿 [SEP] 1)她拿着书走进教室。2)别忘了带雨伞！ [SEP] c____ [SEP] carry
749,cn,-1.789234401,激怒 [SEP] 动物园的动物不会伤人，除非有游客激怒他们。 [SEP] p______ [SEP] provoke
750,cn,-1.552982452,大牧场 [SEP] 电影中这位牛仔在大牧场中工作。 [SEP] r____ [SEP] ranch
751,cn,-1.566930113,请求 [SEP] 他对宽恕的请求被法院驳回了。 [SEP] p___ [SEP] plea
752,cn,1.592640548,神殿 [SEP] 他们去一座佛寺参观。 [SEP] t_____ [SEP] temple
753,cn,-1.460690281,辉煌的 [SEP] 我们取得了一项辉煌的胜利。 [SEP] g_______ [SEP] glorious
754,cn,0.177246322,滑行 [SEP] 1)他从雪坡上快活地滑行下来。2)他轻轻把舱门为我们滑上。 [SEP] s____ [SEP] slide
755,cn,-0.060502418,计算 [SEP] 您的计算有误，请重新核对。 [SEP] c__________ [SEP] calculation
756,cn,3.177667161,许多 [SEP] 1)他有许多钱。2)这份工作会带来很多经验。 [SEP] l__ [SEP] lot
757,cn,-0.444023623,敌对的 [SEP] 1)两国仍是敌对状态。2)她对我很不友好。 [SEP] h______ [SEP] hostile
758,cn,-1.10021898,融合 [SEP] 这项研究象征着历史、生物和互联网三个领域的融合。 [SEP] f_____ [SEP] fusion
759,cn,0.683500656,庆祝活动 [SEP] 她邀请许多朋友参加她的金婚庆祝活动。 [SEP] c__________ [SEP] celebration
760,cn,0.24860601,表述 [SEP] 请不要在书面语中采用口语表述。 [SEP] e_________ [SEP] expression
761,cn,0.715150039,停车 [SEP] 1)我们在寻找停车场。2)我不太擅长停车。 [SEP] p______ [SEP] parking
762,cn,-1.121584325,沙发 [SEP] 他回到家就坐进沙发不想动弹。 [SEP] c____ [SEP] couch
763,cn,-0.101882668,兴奋 [SEP] 她掩饰不住自己的兴奋之情。 [SEP] e_________ [SEP] excitement
764,cn,-1.796547769,意大利细面条 [SEP] 她用奶酪和罗勒烹制意大利细面。 [SEP] s________ [SEP] spaghetti
765,cn,-0.257359557,财产 [SEP] 这辆车是我的私有财产。 [SEP] p_______ [SEP] property
766,cn,1.412742211,被解雇的 [SEP] “你被解雇了”，经理说。 [SEP] f____ [SEP] fired
767,cn,-2.188289886,开明人士 [SEP] 他是一位支持移民及同性婚姻的开明人士。 [SEP] l______ [SEP] liberal
768,cn,-1.774377684,特权 [SEP] 他们享用着领导地位带来的特权。 [SEP] p________ [SEP] privilege
769,cn,1.268450566,信箱 [SEP] 他从信箱里取出了当月账单。 [SEP] m______ [SEP] mailbox
770,cn,0.000813831,服务器 [SEP] 服务器故障导致网站无法访问。 [SEP] s_____ [SEP] server
771,cn,1.275607685,后悔 [SEP] 我后悔让她走了。 [SEP] r_____ [SEP] regret
772,cn,-1.264619783,反复地 [SEP] 她反复要求我给她这个职位。 [SEP] r_________ [SEP] repeatedly
773,cn,-0.763938907,顺序 [SEP] 1)这些词是按照错误顺序排列的。2)一连串不幸遭遇发生在他的身上。 [SEP] s_______ [SEP] sequence
774,cn,-1.15185061,否认 [SEP] 他对指控的否认没有说服力。 [SEP] d_____ [SEP] denial
775,cn,-2.601526119,样本 [SEP] 他把尿液样本交给护士。 [SEP] s_______ [SEP] specimen
776,cn,-1.575296512,伊拉克人 [SEP] 一群伊拉克人与美士兵发生冲突。 [SEP] i____ [SEP] iraqi
777,cn,-0.639407731,机器人的 [SEP] 这种舞的特点是模仿机器人的动作。 [SEP] r______ [SEP] robotic
778,cn,0.111195458,语法 [SEP] 我想学习英语语法。 [SEP] g______ [SEP] grammar
779,cn,-1.42989363,潜入 [SEP] 他们推断小偷是从后窗潜入家中的。 [SEP] s____ [SEP] sneak
780,cn,2.691288838,外套 [SEP] 他把外套脱下来挂在门边。 [SEP] c___ [SEP] coat
781,cn,-1.410810354,纪念碑（不以al结尾） [SEP] 市政府为在战争中阵亡的当地人建造了纪念碑。 [SEP] m_______ [SEP] monument
782,cn,-0.077890055,低语 [SEP] “别听他的”，她在他耳边轻声说。 [SEP] w______ [SEP] whisper
783,cn,2.290467986,准备 [SEP] 她正在准备考试。 [SEP] p______ [SEP] prepare
784,cn,0.616160029,轻拍 [SEP] 她随音乐节奏轻拍着桌子。 [SEP] t__ [SEP] tap
785,cn,-1.644932989,在灵感支配下产生的 [SEP] 《滕王阁序》是一部下笔有神的作品。 [SEP] i_______ [SEP] inspired
786,cn,1.572884053,已知的 [SEP] 1)对这类毒还没有已知的解药。2)金星没有已知卫星。 [SEP] k____ [SEP] known
787,cn,0.15078653,滑冰 [SEP] 他在湖上滑冰。 [SEP] s____ [SEP] skate
788,cn,-1.702457566,可拆卸的 [SEP] 这台电脑配有一个可拆卸的电池。 [SEP] r________ [SEP] removable
789,cn,-0.864068147,战略的 [SEP] 这样做符合国家的战略安排。 [SEP] s________ [SEP] strategic
790,cn,1.526597738,关着的 [SEP] 门是关着的，我们进不去。 [SEP] c_____ [SEP] closed
791,cn,2.058646354,土豆 [SEP] 他为土豆去皮。 [SEP] p_____ [SEP] potato
792,cn,0.349159741,额头 [SEP] 他有一个宽额头。 [SEP] f_______ [SEP] forehead
793,cn,2.572053121,标志 [SEP] 他偷偷看了眼表——这是他想离开的标志。 [SEP] s___ [SEP] sign
794,cn,-1.847502786,烟草 [SEP] 鉴于吸烟的危害，许多政府都对烟草征重税。 [SEP] t______ [SEP] tobacco
795,cn,-2.718028856,扩散 [SEP] 无政府主义思想的扩散引起了官方注意。 [SEP] d________ [SEP] diffusion
796,cn,-1.947379218,并发症 [SEP] 术后的并发症让她又陷入了昏迷。 [SEP] c___________ [SEP] complication
797,cn,-2.187832509,把…塞进 [SEP] 1)她把衬衣掖在裤子里并系上皮带。2)她为孩子掖上被子。 [SEP] t___ [SEP] tuck
798,cn,0.580217386,安全 [SEP] 会议采取了严密的安保措施。 [SEP] s_______ [SEP] security
799,cn,-0.526775719,不现实的 [SEP] 在一个月内完成这个项目不现实。 [SEP] u__________ [SEP] unrealistic
800,cn,-1.230375746,关切保护的 [SEP] 他对自己的孩子十分爱护，不允许任何人欺负她们。 [SEP] p_________ [SEP] protective
801,cn,-1.874209395,无声的 [SEP] 她无声的抽泣令人心碎。 [SEP] s________ [SEP] soundless
802,cn,1.110777459,决定（于） [SEP] 1)他仍然依靠父母。2)这件事取决于她的意见。 [SEP] d_____ [SEP] depend
803,cn,2.555756734,彩虹 [SEP] 雨后出现了彩虹。 [SEP] r______ [SEP] rainbow
804,cn,-1.723655176,萃取 [SEP] 这些精油的萃取耗时很长。 [SEP] e_________ [SEP] extraction
805,cn,1.588508344,棕色的 [SEP] 她把头发染成棕色。 [SEP] b____ [SEP] brown
806,cn,0.019170537,脱氧核糖核酸 [SEP] 脱氧核糖核酸是重要的遗传物质。 [SEP] d__ [SEP] dna
807,cn,2.739467387,一边 [SEP] 1)我们住在大楼朝阳的一边。2)医院在教堂的北侧。 [SEP] s___ [SEP] side
808,cn,1.374267707,折叠 [SEP] 他把信叠起来装进信封。 [SEP] f___ [SEP] fold
809,cn,0.578636515,把手 [SEP] 他把手放在门把手上，示意自己要走了。 [SEP] h_____ [SEP] handle
810,cn,-0.019324673,纪录片 [SEP] 这是一部关于垃圾处理的纪录影片。 [SEP] d__________ [SEP] documentary
811,cn,-1.057143015,一大袋 [SEP] 他带回家一大袋土豆。 [SEP] s___ [SEP] sack
812,cn,0.479991214,要求 [SEP] 这项工作的要求是会日语。 [SEP] d_____ [SEP] demand
813,cn,1.275184871,分钟 [SEP] 我十分钟后就到。 [SEP] m_____ [SEP] minute
814,cn,0.148814084,精灵 [SEP] 他相信森林里有精灵。 [SEP] f____ [SEP] fairy
815,cn,0.048317136,夜总会 [SEP] 他们的乐队常在夜总会表演。 [SEP] n________ [SEP] nightclub
816,cn,-1.62682726,伊拉克的 [SEP] 伊拉克军队已经撤退。 [SEP] i____ [SEP] iraqi
817,cn,2.39193106,游泳运动员 [SEP] 他想成为职业的游泳运动员。 [SEP] s______ [SEP] swimmer
818,cn,-0.235678653,探索 [SEP] 空间探索的未来十分广阔。 [SEP] e__________ [SEP] exploration
819,cn,0.058437134,蟹 [SEP] 他在海边发现了蟹和一些蛤蜊。 [SEP] c___ [SEP] crab
820,cn,-2.476251371,对同性恋者的歧视或恐惧 [SEP] 对同性恋行为的恐惧仍是一个普遍的现象。 [SEP] h_________ [SEP] homophobia
821,cn,-0.74754348,十字路口 [SEP] 请在下一个十字路口处左转。 [SEP] c_______ [SEP] crossing
822,cn,-1.627779415,有名望的 [SEP] 她很快就跻身美国最有名的画家行列。 [SEP] c_________ [SEP] celebrated
823,cn,0.396830956,词组 [SEP] 请背诵这些单词和词组。 [SEP] p_____ [SEP] phrase
824,cn,-0.406142409,得胜的 [SEP] 得胜的一队将晋级决赛。 [SEP] w______ [SEP] winning
825,cn,2.573182023,悲伤的 [SEP] 朋友的离开让我很难过。 [SEP] s__ [SEP] sad
826,cn,-1.382692359,出没于 [SEP] 她认为死去的姑妈仍常出没于这间老屋。 [SEP] h____ [SEP] haunt
827,cn,0.570767584,表扬 [SEP] 你的表扬给了孩子信心。 [SEP] p_____ [SEP] praise
828,cn,2.199847558,翻译 [SEP] 你能为我翻译这段英文吗？ [SEP] t________ [SEP] translate
829,cn,-1.267799549,同性恋 [SEP] 辩题是同性恋是否应被大众接受。 [SEP] h____________ [SEP] homosexuality
830,cn,0.112203648,大多数 [SEP] 大多数员工是男性。 [SEP] m_______ [SEP] majority
831,cn,1.042063343,粗心的 [SEP] 你又丢了钥匙，真是太粗心了！ [SEP] c_______ [SEP] careless
832,cn,2.232076125,意大利人的 [SEP] 我喜欢吃意大利菜。 [SEP] i______ [SEP] italian
833,cn,3.229772688,努力地 [SEP] 他工作十分努力。 [SEP] h___ [SEP] hard
834,cn,-0.111010192,枝条 [SEP] 这些枝条太湿，不宜用来生火。 [SEP] s____ [SEP] stick
835,cn,-0.883662916,手电筒 [SEP] 借助手电筒，我摸出钥匙打开了门。 [SEP] f_________ [SEP] flashlight
836,cn,-0.419631572,受挫的 [SEP] 多次失败后他感到十分受挫。 [SEP] f_________ [SEP] frustrated
837,cn,-0.626720252,文明 [SEP] 人类文明的历史只有数万年的时间。 [SEP] c___________ [SEP] civilization
838,cn,-0.126217882,在…之下 [SEP] 1)他脚下的地面开始晃动。2)我们在大树底下野餐。 [SEP] b______ [SEP] beneath
839,cn,0.341977034,漏 [SEP] 洗碗池漏水了。 [SEP] l___ [SEP] leak
840,cn,2.300996394,黑板 [SEP] 老师在黑板上写字。 [SEP] b_________ [SEP] blackboard
841,cn,-2.150964124,繁荣 [SEP] 他们生活在一个充满繁荣和社会进步的 年代。 [SEP] p_________ [SEP] prosperity
842,cn,1.512066946,更坏的 [SEP] 我只怕事情变得更糟。 [SEP] w____ [SEP] worse
843,cn,2.918613141,睡着的 [SEP] 孩子们在房间里睡着了。 [SEP] a_____ [SEP] asleep
844,cn,-0.051254107,婴儿 [SEP] 我的侄子还是个婴孩。 [SEP] i_____ [SEP] infant
845,cn,-2.554969431,马上 [SEP] 1)我马上就到你家。2)救援队伍在午夜后不久赶到。 [SEP] s______ [SEP] shortly
846,cn,-1.012299942,参议院 [SEP] 这位参议员私下另有房产生意。 [SEP] s______ [SEP] senator
847,cn,2.326854084,老板 [SEP] 他向老板请求休一天假。 [SEP] b___ [SEP] boss
848,cn,-0.891045854,气流 [SEP] 我们正在测试汽车周围的气流。 [SEP] a______ [SEP] airflow
849,cn,2.88064255,别的 [SEP] 我有别的事情要做。 [SEP] o____ [SEP] other
850,cn,-0.474060216,启发灵感的 [SEP] 她是一位给人启发的老师。 [SEP] i________ [SEP] inspiring
851,cn,1.489030712,兴趣 [SEP] 我对历史感兴趣。 [SEP] i_______ [SEP] interest
852,cn,0.171642713,闪光 [SEP] 与爆炸相伴随的是一道炫目的闪光。 [SEP] f____ [SEP] flash
853,cn,-1.639528883,暗中破坏 [SEP] 1)她的声誉被一些谣言逐渐破坏了。2)美国被指暗中破坏一些国家的和平进程。 [SEP] u________ [SEP] undermine
854,cn,1.402060195,罐 [SEP] 这个金属罐可以回收。 [SEP] c__ [SEP] can
855,cn,0.438833517,打断 [SEP] 会议被一阵急促的敲门声打断。 [SEP] i________ [SEP] interrupt
856,cn,-1.290917494,驱使的 [SEP] 经济利益是谈判背后的主要驱力。 [SEP] d______ [SEP] driving
857,cn,1.159980873,影子 [SEP] 他盯着自己的影子发呆。 [SEP] s_____ [SEP] shadow
858,cn,0.424822483,香肠 [SEP] 她切了些香肠做汤。 [SEP] s______ [SEP] sausage
859,cn,0.442490825,可测量到的 [SEP] 调查机构发现该国虽然微小却仍可测量到的货币贬值趋势。 [SEP] m_________ [SEP] measurable
860,cn,-0.563126708,皱眉 [SEP] 听了他的一席话，经理皱起眉头。 [SEP] f____ [SEP] frown
861,cn,2.816530435,发生 [SEP] 事情就这样发生了。 [SEP] h_____ [SEP] happen
862,cn,2.390748095,叶子 [SEP] 一片叶子从树上落下来。 [SEP] l___ [SEP] leaf
863,cn,-2.388078559,怀旧 [SEP] 他对童年时期的怀恋变得强烈起来。 [SEP] n________ [SEP] nostalgia
864,cn,-0.591690382,理想主义 [SEP] 他的理想主义让他看不清现实。 [SEP] i_______ [SEP] idealism
865,cn,-0.915459996,感知 [SEP] 我们对社会现实的感知也受到舆论的左右。 [SEP] p_________ [SEP] perception
866,cn,2.536272346,戒指 [SEP] 她戴着一只金戒指。 [SEP] r___ [SEP] ring
867,cn,-1.326055597,出席 [SEP] 随着课程越来越难，学生的出勤情况也有所变化。 [SEP] a_________ [SEP] attendance
868,cn,-1.8460198,复杂的 [SEP] 你不会想到一个8岁的孩子有这么成熟而复杂的想法。 [SEP] s____________ [SEP] sophisticated
869,cn,-2.189037114,一致的 [SEP] 他前后的供述并不一致/相符。 [SEP] c_________ [SEP] consistent
870,cn,-2.967264931,社会主义的 [SEP] 他对社会主义理论产生了兴趣。 [SEP] s________ [SEP] socialist
871,cn,-0.601601586,树干 [SEP] 小时候我常藏在一棵死了的大树的树干里。 [SEP] t____ [SEP] trunk
872,cn,1.441234472,尾巴 [SEP] 小狗激动地摇着尾巴。 [SEP] t___ [SEP] tail
873,cn,1.598622,教练 [SEP] 教练带队参加锦标赛。 [SEP] c____ [SEP] coach
874,cn,-1.44512266,强制的 [SEP] 纳税对所有人都是强制性的。 [SEP] m________ [SEP] mandatory
875,cn,-2.095526053,专门领域 [SEP] 这位医生的专门领域是脑肿瘤科学。 [SEP] s________ [SEP] specialty
876,cn,-0.888637776,修改 [SEP] 接到市场调查结果后，我们会相应修改公司的发展方案。 [SEP] r_____ [SEP] revise
877,cn,-1.815943367,有弧度的 [SEP] 这个沙发形状是带弧度的。 [SEP] c_____ [SEP] curved
878,cn,2.338978008,小的 [SEP] 1)他是个小男孩。2)我的小指头被撞伤了。 [SEP] l_____ [SEP] little
879,cn,-1.728364843,难堪或尴尬的状况 [SEP] 我感到我的脸因难堪而涨红了。 [SEP] e____________ [SEP] embarrassment
880,cn,-0.243761966,脉搏 [SEP] 医生把手放在我的手腕上，为我把了脉。 [SEP] p____ [SEP] pulse
881,cn,-1.428419396,外交 [SEP] 国家的强盛不仅靠军队，也靠高水平的外交。 [SEP] d________ [SEP] diplomacy
882,cn,-1.75253921,官方文件 [SEP] 1)旅行文件如果不齐备就不能入境。2)备案中查不到两国的这次秘密协定。 [SEP] d____________ [SEP] documentation
883,cn,-0.192287288,一份 [SEP] 我的那份遗产已经花光了。 [SEP] s____ [SEP] share
884,cn,-2.503942389,爽快地 [SEP] 1)她欣然接受了我的提议。2)他爽快地答应帮忙。 [SEP] r______ [SEP] readily
885,cn,1.396929443,耳机 [SEP] 为不吵到孩子睡觉，他戴上了耳机。 [SEP] e_______ [SEP] earphone
886,cn,-1.759741223,使人上瘾的 [SEP] 这些安眠药不会使人上瘾。 [SEP] a________ [SEP] addictive
887,cn,1.290529701,干杯 [SEP] 他向客人们举起酒杯，“干杯！” [SEP] c_____ [SEP] cheers
888,cn,3.727781136,陆地 [SEP] 1)陆地的尽头就是海。2)踏上地面的一刻他哭了起来。 [SEP] l___ [SEP] land
889,cn,-1.311793437,内部的 [SEP] 公司透露两位高级管理人员正在接受内部调查。 [SEP] i_______ [SEP] internal
890,cn,0.418985319,成就 [SEP] 这所大学以其科学成就闻名。 [SEP] a__________ [SEP] achievement
891,cn,-1.680216431,完整的 [SEP] 这座教堂经历了二战却仍保持完整，目前向公众开放。 [SEP] i_____ [SEP] intact
892,cn,1.076585476,方面 [SEP] 气候和天气影响我们生活的每个方面。 [SEP] a_____ [SEP] aspect
893,cn,1.0348872,研究 [SEP] 她正在研究癌症的基因疗法。 [SEP] r_______ [SEP] research
894,cn,-0.295799222,吸血鬼 [SEP] 她喜欢看吸血鬼小说。 [SEP] v______ [SEP] vampire
895,cn,0.804925667,年度的 [SEP] 我们的年假是三十天。 [SEP] a_____ [SEP] annual
896,cn,-1.071839693,地质学家 [SEP] 他的父亲是参与过许多重要勘探的地质学家。 [SEP] g________ [SEP] geologist
897,cn,-1.414171484,在室内 [SEP] 比赛将在室内进行。 [SEP] i______ [SEP] indoors
898,cn,-5.930549259,十分吸引人的 [SEP] 她穿着亮丽的短袖连衣裙，十分迷人。 [SEP] a________ [SEP] arresting
899,cn,-1.558495155,奇特的 [SEP] 她对衣着有着奇特的品味。 [SEP] p_______ [SEP] peculiar
900,cn,-1.642549197,被汗湿透的 [SEP] 他脱下被汗湿透的上衣。 [SEP] s_____ [SEP] sweaty
901,cn,-0.160748545,工作的 [SEP] 有工作的女性比例仍远低于男性。 [SEP] w______ [SEP] working
902,cn,1.71777931,龙 [SEP] 传说那位女王有三条龙。 [SEP] d_____ [SEP] dragon
903,cn,-1.164819205,机修工 [SEP] 一位汽车机修工赶到，为我修好了发动机。 [SEP] m_______ [SEP] mechanic
904,cn,1.562634989,减少 [SEP] 我们必须减少开支。 [SEP] r_____ [SEP] reduce
905,cn,0.421343724,吐痰 [SEP] 父亲教孩子不要在街上吐痰。 [SEP] s___ [SEP] spit
906,cn,2.158567741,性感 [SEP] 你穿这条裙子十分性感。 [SEP] s___ [SEP] sexy
907,cn,0.884990547,数据库 [SEP] 几所学校正共同建设一个基因数据库。 [SEP] d_______ [SEP] database
908,cn,0.492813741,没有母亲的 [SEP] 他自幼是个没有母亲的孩子。 [SEP] m_________ [SEP] motherless
909,cn,-1.434751362,处置 [SEP] 政府对这件事情的处置并不令人满意。 [SEP] h_______ [SEP] handling
910,cn,1.874280728,收拾 [SEP] 他正在忙碌地收拾行李。 [SEP] p___ [SEP] pack
911,cn,1.865003491,跑步 [SEP] 她逐渐爱上了跑步。 [SEP] r______ [SEP] running
912,cn,-1.142411404,规律性 [SEP] 医生建议他保持生活习惯的规律性。 [SEP] r_________ [SEP] regularity
913,cn,-1.419165718,疗法 [SEP] 他们对灾难中受创伤的人们使用音乐疗法。 [SEP] t______ [SEP] therapy
914,cn,0.619689048,大的 [SEP] 1)他是一个伟人。2)我的实验遇到重大的困难。 [SEP] g____ [SEP] great
915,cn,1.906500069,丑的 [SEP] 没有人觉得自己丑。 [SEP] u___ [SEP] ugly
916,cn,1.49704382,证据 [SEP] 1)在下结论之前，请先出示你的证据。2)有迹象表明罪犯向东驾车逃走了。 [SEP] e_______ [SEP] evidence
917,cn,-0.724720176,宪法 [SEP] 宪法并不禁止死刑，但建议不要滥用私刑。 [SEP] c___________ [SEP] constitution
918,cn,-0.770908017,户外玩耍时间 [SEP] 孩子的课间休息时间到了，该让他们出去活动一下了。 [SEP] p_______ [SEP] playtime
919,cn,-0.441810296,盔 [SEP] 根据规定，骑自行车的人必须佩带头盔。 [SEP] h_____ [SEP] helmet
920,cn,-0.67852783,引诱 [SEP] 她把他诱进一家酒吧。 [SEP] l___ [SEP] lure
921,cn,0.852841507,找到…的确切位置 [SEP] 1)我们无法确定基站的位置。2)他们找到了出错零件的位置。 [SEP] l_____ [SEP] locate
922,cn,0.478200244,拥挤的 [SEP] 下班时间的公交车十分拥挤。 [SEP] c______ [SEP] crowded
923,cn,-2.557839778,陈列 [SEP] 我们参观了当地的市场，看到了大量陈列着的水果蔬菜。 [SEP] a____ [SEP] array
924,cn,-0.674356579,刹车 [SEP] 我这周要去修车，因为刹车失灵了。 [SEP] b____ [SEP] brake
925,cn,-0.261228114,使走神 [SEP] 窗外的鸟声让我走神。 [SEP] d_______ [SEP] distract
926,cn,0.632046967,互动 [SEP] 好的老师注重与学生互动。 [SEP] i_______ [SEP] interact
927,cn,-0.173336341,微生物学 [SEP] 他跟踪着微生物学的进展。 [SEP] m___________ [SEP] microbiology
928,cn,-0.560568365,托盘 [SEP] “我要一杯咖啡和一个面包。请给我一个托盘，谢谢。” [SEP] t___ [SEP] tray
929,cn,-4.361893554,拥有数百万家财的富翁 [SEP] 这位古董商是一位拥有数百万家财的富翁。 [SEP] m_______________ [SEP] multimillionaire
930,cn,-0.110880258,自动地 [SEP] 这个马桶会自动冲水。 [SEP] a____________ [SEP] automatically
931,cn,-0.614846995,加速 [SEP] 这些投资将加速企业的发展。 [SEP] a_________ [SEP] accelerate
932,cn,-0.194080971,愚蠢地 [SEP] “我哪做错了？”他傻傻地问。 [SEP] s_______ [SEP] stupidly
933,cn,1.412708449,叉 [SEP] 他在地图上的目的地处画了个叉，以做标记。 [SEP] c____ [SEP] cross
934,cn,-1.604515859,即使 [SEP] 他每周日都去当地的集市。 [SEP] m__________ [SEP] marketplace
935,cn,0.283231853,小学生 [SEP] 这座小学有五百名学生。 [SEP] p____ [SEP] pupil
936,cn,-0.635097903,哭泣 [SEP] 我为这些动物的悲惨遭遇哭泣。 [SEP] w___ [SEP] weep
937,cn,-0.309581044,极少地 [SEP] 我极少去教堂。 [SEP] s_____ [SEP] seldom
938,cn,2.902739102,长的 [SEP] 1)他离开了很长时间。2)这条河很长。 [SEP] l___ [SEP] long
939,cn,-1.359270804,授课的 [SEP] 在英国，一年制的硕士多是授课式项目。 [SEP] t_____ [SEP] taught
940,cn,-2.010066965,一部分 [SEP] 1)我的那份收益共有几千元。2)我把工资的一部分给父母。 [SEP] p______ [SEP] portion
941,cn,0.206363101,在国外 [SEP] 1)他在国外过了年。2)他们把更多的污染企业迁到国外。 [SEP] o_______ [SEP] overseas
942,cn,-1.035082214,祈祷（的动作或状态） [SEP] 他每日的祈祷给了他内心的宁静。 [SEP] p______ [SEP] praying
943,cn,1.403330288,地理 [SEP] 我认为地理课很难。 [SEP] g________ [SEP] geography
944,cn,1.320567837,作品（请写复数） [SEP] 美术馆陈列着来自世界各地的艺术作品。 [SEP] w____ [SEP] works
945,cn,-0.613967215,英勇的 [SEP] 他英勇的举动感动了很多人。 [SEP] h_____ [SEP] heroic
946,cn,-0.798286944,不变的 [SEP] 1)我对你的爱始终不变。2)婴儿需要持续的关注。 [SEP] c_______ [SEP] constant
947,cn,0.160013224,遗孀 [SEP] 她是前首相的遗孀。 [SEP] w____ [SEP] widow
948,cn,2.415410619,开始 [SEP] 音乐会将在五分钟后开始。 [SEP] s____ [SEP] start
949,cn,-1.681472448,电工 [SEP] 电工修理了电路。 [SEP] e__________ [SEP] electrician
950,cn,-0.097909911,微风 [SEP] 树叶在微风中轻轻颤动。 [SEP] b_____ [SEP] breeze
951,cn,0.226837004,销售量 [SEP] 1)上季度的销售额有轻微下滑。2)他升任销售经理。 [SEP] s____ [SEP] sales
952,cn,1.072292577,方式 [SEP] 1)你要适应这种工作模式。2)看网络视频已经成为新兴的娱乐方式。 [SEP] m___ [SEP] mode
953,cn,1.107014217,含奶的 [SEP] 我不喜欢加奶的咖啡。 [SEP] m____ [SEP] milky
954,cn,1.227032738,紧急的 [SEP] 1)事情紧急，请速速回电！2)他因急务被召回警察局。 [SEP] u_____ [SEP] urgent
955,cn,-0.266407359,群 [SEP] 他们是一群很有意思的人。 [SEP] b____ [SEP] bunch
956,cn,3.09642366,盖 [SEP] 大雪覆盖了地面。 [SEP] c____ [SEP] cover
957,cn,0.584947239,例外 [SEP] 全球正逐渐进入老龄化社会，中国也不例外。 [SEP] e________ [SEP] exception
958,cn,-0.232619822,赌博 [SEP] 赌博在这个国家是禁止的。 [SEP] g_______ [SEP] gambling
959,cn,3.049136484,钱 [SEP] “你能借我些钱吗？”她问。 [SEP] m____ [SEP] money
960,cn,-0.160149215,滑雪者 [SEP] 她是个经验丰富的滑雪者。 [SEP] s____ [SEP] skier
961,cn,3.181650756,拿 [SEP] 1)别忘了拿上钥匙。2)我要把这些盆栽带到新家去。 [SEP] t___ [SEP] take
962,cn,-2.096639324,大汤匙 [SEP] 她用大汤匙给每个人盛了汤。 [SEP] t_________ [SEP] tablespoon
963,cn,1.482599801,总体上 [SEP] 十月的天气一般来说都不错。 [SEP] g________ [SEP] generally
964,cn,1.316489999,发动机 [SEP] 发动机坏了。 [SEP] e_____ [SEP] engine
965,cn,-0.907266642,被压碎的 [SEP] 红酒来自被压碎的葡萄的汁液。 [SEP] c______ [SEP] crushed
966,cn,2.464122033,男性 [SEP] 约八成的公司员工为男性。 [SEP] m___ [SEP] male
967,cn,0.545194586,落在（某范围或幅度内） [SEP] 1)参赛选手的年龄大多在10至18岁之间。2)沙发价格在600到1000英镑之间。 [SEP] r____ [SEP] range
968,cn,1.561253072,交通 [SEP] 政府鼓励人们使用公共交通。 [SEP] t________ [SEP] transport
969,cn,1.381738213,肩 [SEP] 抬行李伤到了我的肩膀。 [SEP] s_______ [SEP] shoulder
970,cn,-0.069596911,残疾 [SEP] 他的残疾是车祸导致的。 [SEP] d_________ [SEP] disability
971,cn,-2.765667401,顾问 [SEP] 他被撤销了法律顾问一职。 [SEP] a______ [SEP] adviser
972,cn,0.914974902,混杂的 [SEP] 美国是一个不同文化混杂的国家。 [SEP] m____ [SEP] mixed
973,cn,0.29498779,看不见的 [SEP] 1)在这个国家，残障人士基本是“看不见的人”：你很难在大街上看见真正的残疾人。2)市场被无形的手控制。 [SEP] i________ [SEP] invisible
974,cn,-3.131151975,设计 [SEP] 1)他们一起想出了这个方案。2)我们研制了这个探索老年人需求的系统。 [SEP] d_____ [SEP] devise
975,cn,-0.678463447,投影仪 [SEP] 投影仪坏了，教师只能使用板书讲课。 [SEP] p________ [SEP] projector
976,cn,-2.024522333,奉献（时间、精力等做某事） [SEP] 她把生命献给了动物保护事业。 [SEP] d_______ [SEP] dedicate
977,cn,0.781776265,户外的 [SEP] 他喜欢爬山和徒步这类户外运动。 [SEP] o______ [SEP] outdoor
978,cn,-0.053528223,未加解释的 [SEP] 在这份报道中，飞机失踪的原因仍然没有得到解释。 [SEP] u__________ [SEP] unexplained
979,cn,-1.593322956,指派 [SEP] 经理选定约翰为市场负责人。 [SEP] d________ [SEP] designate
980,cn,2.345978228,到达 [SEP] 你的飞机什么时候到达伦敦？ [SEP] a_____ [SEP] arrive
981,cn,0.303748082,为…供给燃料 [SEP] 这台机器是由天然气供给燃料的。 [SEP] f___ [SEP] fuel
982,cn,-0.223861908,均衡的 [SEP] 这篇报道均衡地呈现了辩论双方的观点。 [SEP] b_______ [SEP] balanced
983,cn,-3.521795436,类固醇 [SEP] 这些运动员因被查出服用类固醇兴奋剂而遭禁赛。 [SEP] s_______ [SEP] steroids
984,cn,-0.858645556,硅 [SEP] 硅被用作制造玻璃。 [SEP] s______ [SEP] silicon
985,cn,-2.28918266,诉讼 [SEP] 诉讼的主题是遗产的分配问题。 [SEP] l_________ [SEP] litigation
986,cn,1.644521115,美国的 [SEP] 特朗普当选美国总统。 [SEP] a_______ [SEP] american
987,cn,-1.506177222,掌舵 [SEP] 他驾船绕过海岛。 [SEP] s____ [SEP] steer
988,cn,-1.797314578,赞助人 [SEP] 美第奇家族是米开朗基罗的赞助人。 [SEP] p_____ [SEP] patron
989,cn,-0.394894332,倒计数 [SEP] 我们迎来了大选前的最后倒计时阶段。 [SEP] c________ [SEP] countdown
990,cn,-1.908610388,配角的 [SEP] 他凭借在《爆裂鼓手》中的出色表现赢得奥斯卡最佳男配角奖。 [SEP] s_________ [SEP] supporting
991,cn,-2.001299276,粗糙的 [SEP] 这份方案只是我一些粗略的想法。 [SEP] c____ [SEP] crude
992,cn,-1.086647088,紧张 [SEP] 评论员称边境的紧张状态仍将持续。 [SEP] t______ [SEP] tension
993,cn,2.783703829,包 [SEP] 有人偷了我的包。 [SEP] b__ [SEP] bag
994,cn,-1.42654639,被（灯光）照亮的 [SEP] 公园里有一处灯光喷泉。 [SEP] i__________ [SEP] illuminated
995,cn,0.669675638,扔 [SEP] 我扔出球，小狗就飞快地跑去追赶。 [SEP] t____ [SEP] throw
996,cn,1.818105764,其余 [SEP] 我只吃了一半的蛋糕——其余在哪？ [SEP] r___ [SEP] rest
997,cn,-0.39223367,协调 [SEP] 他协调团队的各项工作。 [SEP] c_________ [SEP] coordinate
998,cn,3.359718902,冰 [SEP] 水在低温下变成冰。 [SEP] i__ [SEP] ice
999,cn,-2.110209842,团结 [SEP] 许多家报纸团结了起来以支持这位主持正义的律师。 [SEP] r____ [SEP] rally
1000,cn,0.534183685,香水 [SEP] 他有喷香水的习惯。 [SEP] p______ [SEP] perfume
1001,cn,2.463223501,俱乐部 [SEP] 我加入了网球俱乐部。 [SEP] c___ [SEP] club
1002,cn,-2.032245982,关联 [SEP] 员工的出勤率和公司效益之间并无必然关联。 [SEP] c__________ [SEP] correlation
1003,cn,-0.092472232,提议 [SEP] 他关于对一次性塑料制品征税的提议被搁置了。 [SEP] p_______ [SEP] proposal
1004,cn,-2.12380052,回答者 [SEP] 8%的问卷回答者称曾有过外食后食物中毒的经历。 [SEP] r_________ [SEP] respondent
1005,cn,0.350884515,车库 [SEP] 他把车停进车库。 [SEP] g_____ [SEP] garage
1006,cn,0.41943543,海龟 [SEP] 海龟的平均寿命与人类相仿。 [SEP] t_____ [SEP] turtle
1007,cn,2.183542399,费（如会费、手续费、服务费等） [SEP] 网上订票有一笔手续费。 [SEP] f__ [SEP] fee
1008,cn,2.745379779,呼吸 [SEP] 她吓得屏住呼吸。 [SEP] b_____ [SEP] breath
1009,cn,-0.66179717,动画 [SEP] 孩子们都爱看动画片。 [SEP] a________ [SEP] animation
1010,cn,-1.984627488,仔细考虑 [SEP] 董事会花了一周时间考虑继任人选。 [SEP] d_________ [SEP] deliberate
1011,cn,1.641045187,已婚的 [SEP] 她的经理是一位已婚男性。 [SEP] m______ [SEP] married
1012,cn,0.692020029,心碎的 [SEP] 工党败选的消息让他心碎。 [SEP] h__________ [SEP] heartbroken
1013,cn,-0.333540842,射击声 [SEP] 邻居们在夜里听见了枪声。 [SEP] g______ [SEP] gunshot
1014,cn,0.701799026,喝酒 [SEP] 喝酒对健康不利。 [SEP] d_______ [SEP] drinking
1015,cn,1.883011636,地铁 [SEP] 他们乘地铁来到时代广场。 [SEP] s_____ [SEP] subway
1016,cn,2.386848071,晾干 [SEP] 我得把这些衣服晾干。 [SEP] d__ [SEP] dry
1017,cn,-0.16485641,意图 [SEP] 我的意图是好的：我想帮助你，没想到伤害了你的自尊。 [SEP] i________ [SEP] intention
1018,cn,-0.344246017,生产 [SEP] 1)研究产出了丰富的成果。2)这棵桃树今年出了很多果子。 [SEP] y____ [SEP] yield
1019,cn,3.27783796,超人 [SEP] 尼采将人类分成人和超人。 [SEP] s_______ [SEP] superman
1020,cn,-1.025937916,繁殖 [SEP] 他们研究豚类的繁殖，以拯救这个物种。 [SEP] r___________ [SEP] reproduction
1021,cn,-0.541274755,锦标赛 [SEP] 大家都在关注世界游泳锦标赛。 [SEP] c___________ [SEP] championship
1022,cn,2.620411198,着陆 [SEP] 飞机将在一小时后着陆。 [SEP] l___ [SEP] land
1023,cn,-1.573084422,天主教信徒 [SEP] 他是一名天主教徒。 [SEP] c_______ [SEP] catholic
1024,cn,-2.372410273,转投 [SEP] 1)所有邮件都将被自动转寄至我的新邮箱地址。2)随着机器学习的兴起，许多资金和资源都被转投至这一领域。 [SEP] r_______ [SEP] redirect
1025,cn,-1.613245246,先例 [SEP] 律师援引了类似的先例。 [SEP] p________ [SEP] precedent
1026,cn,-2.209646357,任期 [SEP] 总统的四年任期即将结束。 [SEP] t_____ [SEP] tenure
1027,cn,1.088319434,发出回声或回音 [SEP] 他的喊声在山谷里回响。 [SEP] e___ [SEP] echo
1028,cn,-1.858551146,传统地 [SEP] 根据惯例，外交使团的每个人都应在协议上签字，但女王改变了这一繁缛的过程。 [SEP] c_____________ [SEP] conventionally
1029,cn,1.309538894,现代的 [SEP] 忙碌、压力和焦虑是现代生活的主要问题。 [SEP] m_____ [SEP] modern
1030,cn,-0.377031456,吹气或刮风的动作 [SEP] 北风刮起，就意味着冬天要来了。 [SEP] b______ [SEP] blowing
1031,cn,1.973496093,花费（钱、时间、精力） [SEP] 我花了两小时为她改文章，但她没有说谢谢。 [SEP] s____ [SEP] spend
1032,cn,0.600688538,生长 [SEP] 1)这种药物会影响孩子的发育。2)剪掉枯萎的根系能促进植物生长。 [SEP] g_____ [SEP] growth
1033,cn,-1.62821313,随后 [SEP] 1)枪杀案随后又发生在其他城市。2)他被发现并随即被逮捕。 [SEP] s___________ [SEP] subsequently
1034,cn,-1.710470808,小屋 [SEP] 我们在一个小木屋里避雨。 [SEP] h__ [SEP] hut
1035,cn,1.906163321,豆 [SEP] 1)巴西的咖啡豆很有名。2)我早餐喜欢吃豆子。 [SEP] b___ [SEP] bean
1036,cn,0.539199391,意志 [SEP] 她有钢铁般的意志。 [SEP] w___ [SEP] will
1037,cn,-0.784936649,基本的 [SEP] 她报名参加了基础法语课程。 [SEP] e_________ [SEP] elementary
1038,cn,0.815561486,在头顶 [SEP] 敌机在头顶轰鸣。 [SEP] o_______ [SEP] overhead
1039,cn,1.960748416,墙纸 [SEP] 我不喜欢深色的墙纸，贴在家里太沉闷了。 [SEP] w________ [SEP] wallpaper
1040,cn,-0.621750393,流 [SEP] 汹涌的水流把他的房子冲垮了。 [SEP] c______ [SEP] current
1041,cn,-0.802573488,尴尬的 [SEP] 他说完后，场上出现了一段尴尬的沉默。 [SEP] a______ [SEP] awkward
1042,cn,-1.658449208,小贩 [SEP] 景点附近都有兜售纪念品的小贩。 [SEP] v_____ [SEP] vendor
1043,cn,-0.823796715,荒唐的 [SEP] 他提的要求太荒唐而不切实际。 [SEP] a_____ [SEP] absurd
1044,cn,-1.691167876,电话营销 [SEP] 虽然网络越来越发达，但电话营销仍然是许多商家的常用方式。 [SEP] t____________ [SEP] telemarketing
1045,cn,2.677721897,蜜蜂 [SEP] 蜜蜂辛勤地采着蜜。 [SEP] b__ [SEP] bee
1046,cn,2.609840394,技能 [SEP] 语言技能对这份工作十分重要。 [SEP] s____ [SEP] skill
1047,cn,1.085626002,丛林 [SEP] 探险者进入了亚马逊丛林。 [SEP] j_____ [SEP] jungle
1048,cn,0.221088532,望远镜 [SEP] 我用望远镜观看月食。 [SEP] t________ [SEP] telescope
1049,cn,-1.634455473,人口的 [SEP] 我们需要获得这一地区的人口统计学数据。 [SEP] d__________ [SEP] demographic
1050,cn,2.815582062,烹饪 [SEP] 她做了几个菜，邀请朋友到家中聚餐。 [SEP] c___ [SEP] cook
1051,cn,-0.717436103,亲爱的 [SEP] 我害怕失去我亲爱的孩子。 [SEP] d______ [SEP] darling
1052,cn,0.272281495,向前 [SEP] 要向前看，不要总想着过去。 [SEP] a____ [SEP] ahead
1053,cn,-1.067143129,扳机 [SEP] 他向自己的头部扣动了扳机。 [SEP] t______ [SEP] trigger
1054,cn,-1.398739817,交响 [SEP] 我喜欢贝多芬的第七交响曲。 [SEP] s_______ [SEP] symphony
1055,cn,2.908112753,儿子 [SEP] 她的儿子刚上小学。 [SEP] s__ [SEP] son
1056,cn,2.381558151,午夜 [SEP] 他们等待着午夜的到来。 [SEP] m_______ [SEP] midnight
1057,cn,0.74813811,学院 [SEP] 我的父亲在一家烹饪学院教书。 [SEP] c______ [SEP] college
1058,cn,-0.489060473,非常 [SEP] 这本书比它的续篇好多了。 [SEP] m___ [SEP] much
1059,cn,2.706907906,干净的 [SEP] 护士们要一直保持双手干净。 [SEP] c____ [SEP] clean
1060,cn,0.734802567,被偷的 [SEP] 被偷的证件神秘地回来了。 [SEP] s_____ [SEP] stolen
1061,cn,-0.941723897,继任者 [SEP] 她具有丰富的临床经验，将成为你优秀的继任者。 [SEP] s________ [SEP] successor
1062,cn,2.849477118,疯狂的 [SEP] 你要在这个时间出门？你真是疯了！ [SEP] c____ [SEP] crazy
1063,cn,0.213418253,要求 [SEP] 客户提出了恢复这条生产线的要求。 [SEP] r______ [SEP] request
1064,cn,1.124648153,伤 [SEP] 他腿上的伤开始化脓。 [SEP] w____ [SEP] wound
1065,cn,0.559996058,创造力 [SEP] 孩子的创造力和想象力的开发密不可分。 [SEP] c_________ [SEP] creativity
1066,cn,-2.187820172,结合的 [SEP] 1)这次对难民的援助是基国政府联手努力的结果。2)旗下几家公司的联合市值已经过亿。 [SEP] c_______ [SEP] combined
1067,cn,0.893494217,专家 [SEP] 学院聘请了一位外国专家。 [SEP] e_____ [SEP] expert
1068,cn,1.766459116,各地 [SEP] 你在各地都可以使用这张电话卡。 [SEP] e_________ [SEP] everywhere
1069,cn,-0.771025495,书签 [SEP] 他用一片叶子做成书签，放进书里。 [SEP] b_______ [SEP] bookmark
1070,cn,-1.27966751,画笔 [SEP] 他拿起画笔，开始在画板上涂抹色彩。 [SEP] p_________ [SEP] paintbrush
1071,cn,0.378049922,受伤的 [SEP] 医生建议她切除受伤的小指，以防感染扩散。 [SEP] w______ [SEP] wounded
1072,cn,-1.331539328,替换的行为 [SEP] 用洁净能源对传统火电的替换是可以实现的。 [SEP] s___________ [SEP] substitution
1073,cn,-0.641907627,种植园 [SEP] 他拥有一家大的橡胶种植园。 [SEP] p_________ [SEP] plantation
1074,cn,-1.882307071,无法探测的 [SEP] 囿于检测技术的局限，许多病症和病毒目前都是无法检测到的。 [SEP] u___________ [SEP] undetectable
1075,cn,0.350382697,抵抗 [SEP] 我无法抵抗甜食的诱惑。 [SEP] r_____ [SEP] resist
1076,cn,0.955354664,密码 [SEP] 您的密码不正确。 [SEP] p_______ [SEP] password
1077,cn,-0.771727965,加 [SEP] 人手的增加使工作变得容易。 [SEP] a_______ [SEP] addition
1078,cn,0.247299114,葬礼 [SEP] 她没参加祖母的葬礼。 [SEP] f______ [SEP] funeral
1079,cn,2.602858607,软的 [SEP] 床太软了。 [SEP] s___ [SEP] soft
1080,cn,-0.429242913,忠实的 [SEP] 我的母亲同时也是一位忠贞的妻子。 [SEP] f_______ [SEP] faithful
1081,cn,-1.099892114,幸福 [SEP] 我们的幼儿园关心孩子的幸福。 [SEP] w______ [SEP] welfare
1082,cn,-1.864878173,光学 [SEP] 这家公司生产光学仪器。 [SEP] o_____ [SEP] optics
1083,cn,0.725156328,观众 [SEP] 音乐家迟迟不上场，观众开始有些骚动。 [SEP] a_______ [SEP] audience
1084,cn,-1.040159853,采取或采用（某个想法，方案，方法） [SEP] 他决定采用更极端的方法解决问题。 [SEP] a____ [SEP] adopt
1085,cn,0.217260117,相似地 [SEP] 我在一个注重教育的家庭长大。同样，我也希望自己的孩子受最好的教育。 [SEP] s________ [SEP] similarly
1086,cn,1.36611966,塔 [SEP] 我想去巴黎看埃菲尔铁塔。 [SEP] t____ [SEP] tower
1087,cn,-2.317868491,职业精神 [SEP] 酒店工作人员的职业精神给我留下深刻印象。 [SEP] p______________ [SEP] professionalism
1088,cn,-0.691182907,调动 [SEP] 我明年将调动至上海办事处。 [SEP] t_______ [SEP] transfer
1089,cn,-0.346496529,重点 [SEP] 当前工作的重点是节能减排。 [SEP] e_______ [SEP] emphasis
1090,cn,1.90320008,更… [SEP] 许多日用品在英国比在中国更贵。 [SEP] m___ [SEP] more
1091,cn,2.577742167,熊猫 [SEP] 世界自然基金会的会徽是一只熊猫。 [SEP] p____ [SEP] panda
1092,cn,0.376416637,天堂 [SEP] 亚马逊雨林曾是各种热带生物的天堂。 [SEP] p_______ [SEP] paradise
1093,cn,2.170586184,覆盖物 [SEP] 不要根据一本书的封面判断它的内容。 [SEP] c____ [SEP] cover
1094,cn,-1.229261678,手链 [SEP] 妈妈给了她一条金手链作为生日礼物。 [SEP] b_______ [SEP] bracelet
1095,cn,1.32794199,皇室的 [SEP] 我们通过电视观看了皇室的婚礼。 [SEP] r____ [SEP] royal
1096,cn,0.895748758,飞行员 [SEP] 他梦想做一个飞行员。 [SEP] p____ [SEP] pilot
1097,cn,1.221688412,任务 [SEP] 我的任务是找到50个符合条件的受试者。 [SEP] t___ [SEP] task
1098,cn,0.116885847,防御者 [SEP] 他自诩是正义的守护者。 [SEP] d_______ [SEP] defender
1099,cn,-0.59277911,单曲唱片 [SEP] 乐队最成功的一张单曲唱片第一周就卖出了5万张。 [SEP] s_____ [SEP] single
1100,cn,-2.102549296,巡回 [SEP] 我在巡回演讲时初次遇见了我的妻子。 [SEP] c______ [SEP] circuit
1101,cn,-3.564345749,庞大 [SEP] 考虑到任务之巨，你们做得十分出色。 [SEP] m________ [SEP] magnitude
1102,cn,2.81608884,朋友 [SEP] 我交了一个新朋友。 [SEP] f_____ [SEP] friend
1103,cn,0.913270916,防御 [SEP] 军队保卫国家不受敌人入侵。 [SEP] d_____ [SEP] defend
1104,cn,0.545917282,面粉 [SEP] 他把面粉和成面团。 [SEP] f____ [SEP] flour
1105,cn,-0.09810649,扑克 [SEP] 他们在火车上玩扑克。 [SEP] p____ [SEP] poker
1106,cn,1.774845916,行动 [SEP] 政府必须行动起来，减少污染。 [SEP] a__ [SEP] act
1107,cn,-0.236291448,画图的 [SEP] 他发表了一部图画小说。 [SEP] g______ [SEP] graphic
1108,cn,1.816243612,等着 [SEP] 不知道未来等着我们的是什么。 [SEP] a____ [SEP] await
1109,cn,-0.193531669,像 [SEP] 这个演员很像我的父亲。 [SEP] r_______ [SEP] resemble
1110,cn,-2.295781772,回报 [SEP] 环境治理的投资回报总有一天会浮现。 [SEP] p______ [SEP] payback
1111,cn,-0.791019932,惹是生非的人 [SEP] 我不断向物业报告供暖问题，希望他们不会觉得我是个故意找茬的人。 [SEP] t___________ [SEP] troublemaker
1112,cn,3.408862007,看 [SEP] 她下班后喜欢看电视。 [SEP] w____ [SEP] watch
1113,cn,-0.001577608,短缺 [SEP] 长期战争导致了食物的短缺。 [SEP] s_______ [SEP] shortage
1114,cn,-1.767294917,古卷 [SEP] 博物馆展示了写有古阿拉伯语的古卷。 [SEP] s_____ [SEP] scroll
1115,cn,-2.21274315,有关的 [SEP] 1)我们采访了相关人士。2)你的问题和讨论主题并不相关，我拒绝回答。 [SEP] r_______ [SEP] relevant
1116,cn,2.228884653,主人 [SEP] 我们在寻找这只猫的主人。 [SEP] o____ [SEP] owner
1117,cn,-0.820960439,啦啦队队长 [SEP] 她因出色的外貌和身材被当选为啦啦队队长。 [SEP] c__________ [SEP] cheerleader
1118,cn,-1.621966335,抛弃 [SEP] 1)我丢弃了所有的旧衣服。2)不要抛弃老朋友。 [SEP] d______ [SEP] discard
1119,cn,-1.926857014,遗失 [SEP] 银行卡的遗失给我带来许多麻烦。 [SEP] l___ [SEP] loss
1120,cn,1.648016065,西班牙的 [SEP] 他在读一本西班牙语小说。 [SEP] s______ [SEP] spanish
1121,cn,0.579252979,存活 [SEP] 她在这场大地震中活了下来。 [SEP] s______ [SEP] survive
1122,cn,-1.496554076,互补的 [SEP] 读书和写作是互补的。 [SEP] c____________ [SEP] complementary
1123,cn,2.314210317,欢迎 [SEP] 学校热烈欢迎新同学。 [SEP] w______ [SEP] welcome
1124,cn,0.752381183,重视 [SEP] 我重视我们的友谊。 [SEP] v____ [SEP] value
1125,cn,0.024380879,主管 [SEP] 他是这个部门的主管。 [SEP] c____ [SEP] chief
1126,cn,-0.292821863,巨大的 [SEP] 1)我们面临巨大的挑战。2)他们买了一套巨大的房子。 [SEP] e_______ [SEP] enormous
1127,cn,-0.79829818,运动鞋 [SEP] 他执迷于购满各种款式的运动鞋。 [SEP] s_______ [SEP] sneakers
1128,cn,1.624100831,沙 [SEP] 孩子们用沙堆起了城堡。 [SEP] s___ [SEP] sand
1129,cn,0.647318859,欺骗 [SEP] “这不是真的吧？你一定是在骗我。” [SEP] k__ [SEP] kid
1130,cn,0.829480098,城堡 [SEP] 童话里的人物住在城堡里。 [SEP] c_____ [SEP] castle
1131,cn,0.807147513,应该（～ to） [SEP] 你应该向她道歉。 [SEP] o____ [SEP] ought
1132,cn,0.773355678,热带雨林 [SEP] 热带雨林的生态正遭到严重破坏。 [SEP] r_________ [SEP] rainforest
1133,cn,0.743110905,绝对的 [SEP] 我对她有绝对的信心。 [SEP] a_______ [SEP] absolute
1134,cn,1.71422477,女性的 [SEP] 女性员工在这天休假半天。 [SEP] f_____ [SEP] female
1135,cn,-1.209970724,吹嘘 [SEP] 他常吹嘘自己能说三门语言。 [SEP] b____ [SEP] boast
1136,cn,1.576353491,牛肉 [SEP] 印度教信徒不吃牛肉。 [SEP] b___ [SEP] beef
1137,cn,0.35800849,地平线 [SEP] 她向远方的地平线跑去。 [SEP] h______ [SEP] horizon
1138,cn,-2.670915544,挑衅 [SEP] 他们在边境一再的挑衅导致我方的军事行动。 [SEP] p__________ [SEP] provocation
1139,cn,-0.21748836,烤面包炉 [SEP] 他把两片吐司放进烤面包炉。 [SEP] t______ [SEP] toaster
1140,cn,1.713877538,肺 [SEP] 雾霾会损伤人的肺。 [SEP] l___ [SEP] lung
1141,cn,-1.315667544,捕食者 [SEP] 鹿群发现了捕食者，匆忙逃跑。 [SEP] p_______ [SEP] predator
1142,cn,-0.896010687,柚子 [SEP] 我喜欢吃柚子。 [SEP] g_________ [SEP] grapefruit
1143,cn,-0.659356109,模仿 [SEP] 他对老师的模仿惟妙惟肖，连老师都不禁笑了起来。 [SEP] i________ [SEP] imitation
1144,cn,1.46316161,动词 [SEP] “来“和”走“都是动词。 [SEP] v___ [SEP] verb
1145,cn,-0.283613052,全面的 [SEP] 我们致力于为学生提供综合而全面的应试指导。 [SEP] c____________ [SEP] comprehensive
1146,cn,1.27984079,尤其是 [SEP] 我每个孩子都喜欢，尤其是玛丽。 [SEP] e_________ [SEP] especially
1147,cn,-0.326887625,有建设性的 [SEP] 我们欢迎有建设性的批评意见。 [SEP] c___________ [SEP] constructive
1148,cn,0.787404498,外号 [SEP] 特蕾莎·梅的外号是“新铁娘子”。 [SEP] n_______ [SEP] nickname
1149,cn,-1.959448572,保护 [SEP] 野生动物的保护对人类十分重要。 [SEP] p___________ [SEP] preservation
1150,cn,2.304630895,释放 [SEP] 曼德拉在1990年被释放。 [SEP] f___ [SEP] free
1151,cn,-0.096243386,最低限度 [SEP] 我们必须将风险降到最低程度。 [SEP] m______ [SEP] minimum
1152,cn,0.143319402,坚定地 [SEP] “绝对不行”，他坚定地说。 [SEP] f_____ [SEP] firmly
1153,cn,-0.648441338,潜在地 [SEP] 她可能将变成我们最大的竞争对手。 [SEP] p__________ [SEP] potentially
1154,cn,-0.945211438,叫醒 [SEP] 侯赛叫醒他的时候他还在打呼噜。 [SEP] a_____ [SEP] awaken
1155,cn,-0.383142976,页边空白 [SEP] 老师在页边的空白做了批注。 [SEP] m_____ [SEP] margin
1156,cn,0.192254602,机构 [SEP] 这家房产机构生意很好。 [SEP] a_____ [SEP] agency
1157,cn,3.451770114,照顾 [SEP] 术后的病人需要细心的照顾。 [SEP] c___ [SEP] care
1158,cn,-0.010077974,新鲜地 [SEP] 这些面包是新做的。 [SEP] f______ [SEP] freshly
1159,cn,1.322944218,重新充电 [SEP] 人生中我们有时需要关闭系统，重新充电，然后再次开始。 [SEP] r_______ [SEP] recharge
1160,cn,2.696357218,后来 [SEP] 1)我两周后又见到了他。2)她后来成为了经理。 [SEP] l____ [SEP] later
1161,cn,2.2207107,单位 [SEP] 1)“分”是中国货币的最小单位。2)家庭是社会的基本单位。 [SEP] u___ [SEP] unit
1162,cn,-0.3633021,遥远的 [SEP] 我的家在一个遥远的村子里。 [SEP] r_____ [SEP] remote
1163,cn,-2.924340698,用过失效的 [SEP] 1)孩子喜欢收集用过的子弹。2)他们已是一支疲军。 [SEP] s____ [SEP] spent
1164,cn,-1.465998092,强度 [SEP] 1)博物馆工作人员调整了灯光的强度。2)她因感情的强烈而著称。 [SEP] i________ [SEP] intensity
1165,cn,-0.709058866,用户界面 [SEP] 我喜欢这个软件简洁的用户界面。 [SEP] i________ [SEP] interface
1166,cn,-0.600483428,相搭配的 [SEP] 她穿上了连衣裙，又穿上了色彩相搭配的短靴。 [SEP] m_______ [SEP] matching
1167,cn,-1.544142495,傲慢 [SEP] 他的傲慢和粗鲁已经名声在外。 [SEP] a________ [SEP] arrogance
1168,cn,3.220849148,兄弟 [SEP] 我的哥哥在银行工作。 [SEP] b______ [SEP] brother
1169,cn,0.954602368,药剂师 [SEP] 药剂师为我拿来了处方药。 [SEP] c______ [SEP] chemist
1170,cn,0.179840349,冰箱 [SEP] 他把冰箱搬进客厅。 [SEP] f_____ [SEP] fridge
1171,cn,0.335957599,…感 [SEP] 1)这个孩子还没有恐惧感。2)这个家给了他一种归属感。 [SEP] s____ [SEP] sense
1172,cn,-1.642816095,同样地 [SEP] 1)“很高兴认识你。”“一样的。”2)我要搬出这儿了，建议你也一样做。 [SEP] l_______ [SEP] likewise
1173,cn,-1.943481273,焦糖 [SEP] 我喜欢焦糖味的巧克力。 [SEP] c______ [SEP] caramel
1174,cn,-0.576392811,继承 [SEP] 他从姑妈那里继承了一笔财富。 [SEP] i______ [SEP] inherit
1175,cn,0.55835888,知识问答 [SEP] 1)他经常与同事一起参加酒吧的知识问答活动。2)这门课经常有随堂小测。 [SEP] q___ [SEP] quiz
1176,cn,-0.886938383,暴露的 [SEP] 请小心暴露的电线（裸线），以免触电。 [SEP] e______ [SEP] exposed
1177,cn,1.063507142,命运 [SEP] 你相信命运吗？ [SEP] f___ [SEP] fate
1178,cn,0.639431533,未受教育的 [SEP] 有多少未受教育的选民投票给他？ [SEP] u_________ [SEP] uneducated
1179,cn,3.747164778,写 [SEP] 1)我需要写下当晚的经历。2)他正在写小说。 [SEP] w____ [SEP] write
1180,cn,1.222078411,核心 [SEP] 1)我们能到达地核吗？2)遏制污染企业的发展才是事情的核心所在。 [SEP] c___ [SEP] core
1181,cn,2.413746672,面试 [SEP] 我们面试了五位应聘者，最终选择了两位。 [SEP] i________ [SEP] interview
1182,cn,-1.897180312,完成 [SEP] 在课业完成之后，他在出版社找到了工作。 [SEP] c_________ [SEP] completion
1183,cn,2.246104806,变化 [SEP] 智能手机的出现带来了很多变化。 [SEP] c_____ [SEP] change
1184,cn,-3.262459427,破坏行为 [SEP] 这些对交通路牌的破坏将受到严惩。 [SEP] v________ [SEP] vandalism
1185,cn,-1.857891067,烦人的 [SEP] 他有一个烦人的抖腿的习惯。 [SEP] i_________ [SEP] irritating
1186,cn,-0.396925215,效率 [SEP] 我们需要找到低成本、高效率的方法。 [SEP] e_________ [SEP] efficiency
1187,cn,-0.901711495,赌场 [SEP] 他把赚来的钱都给了赌场。 [SEP] c_____ [SEP] casino
1188,cn,-0.519280089,判决 [SEP] 法官判决他终身监禁。 [SEP] s_______ [SEP] sentence
1189,cn,1.604457213,信号 [SEP] 工作人员发出了让火车开车的信号。 [SEP] s_____ [SEP] signal
1190,cn,0.712621019,在下面 [SEP] 太阳沉落到地平线下。 [SEP] b____ [SEP] below
1191,cn,1.413213666,窄的 [SEP] 他们走上一条狭窄的街巷。 [SEP] n_____ [SEP] narrow
1192,cn,0.663540993,保证 [SEP] 我向你保证工作完成后可以升职。 [SEP] e_____ [SEP] ensure
1193,cn,-1.179581815,可转让的 [SEP] 已购买的机票不可转让。 [SEP] t___________ [SEP] transferable
1194,cn,-2.135066568,狗仔队 [SEP] 狗仔队将两人约会的照片卖给媒体。 [SEP] p________ [SEP] paparazzi
1195,cn,-1.915812805,大猩猩 [SEP] 大猩猩的社群行为与人类不无相似。 [SEP] g______ [SEP] gorilla
1196,cn,0.942806745,可悲的是 [SEP] 可悲的是，他的这些投资也血本无归。 [SEP] s____ [SEP] sadly
1197,cn,-3.056305216,补习 [SEP] 为贴补家用，他还提供数学的私人补习。 [SEP] t______ [SEP] tuition
1198,cn,1.256306315,感恩节 [SEP] 你会和家人一起过感恩节吗？ [SEP] t___________ [SEP] thanksgiving
1199,cn,0.000931546,阿拉伯的 [SEP] 埃及是阿拉伯国家吗？ [SEP] a___ [SEP] arab
1200,cn,0.81865676,标题 [SEP] 皇室的婚礼进入了当天的头条。 [SEP] h_______ [SEP] headline
1201,cn,-1.196120915,认为 [SEP] 我认为保护环境是我的责任。 [SEP] d___ [SEP] deem
1202,cn,1.242521682,肥皂 [SEP] 请用肥皂仔细洗手。 [SEP] s___ [SEP] soap
1203,cn,-2.592363399,猜测 [SEP] 你的论文大部分基于猜测而非对事实的分析论证。 [SEP] s__________ [SEP] speculation
1204,cn,-0.966291695,为…提神 [SEP] 一杯咖啡可以让我提神。 [SEP] r______ [SEP] refresh
1205,cn,-0.830032954,必定 [SEP] 1)市场需求必定影响价格。2)你喜欢的人不一定就是喜欢你的人。 [SEP] n__________ [SEP] necessarily
1206,cn,-1.769116009,大块 [SEP] 1)他们砍下了一大块木头。2)他们把肉块扔进汤里炖。 [SEP] c____ [SEP] chunk
1207,cn,-2.105533282,烦恼的 [SEP] 他为女儿的病苦恼。 [SEP] t_______ [SEP] troubled
1208,cn,0.923059904,超模 [SEP] 在创办自己的品牌前，她曾是一位超模。 [SEP] s_________ [SEP] supermodel
1209,cn,0.755924896,平常的 [SEP] 事情发生在一个寻常的周日下午。 [SEP] o_______ [SEP] ordinary
1210,cn,0.236333915,鞋跟 [SEP] 鞋跟磨损很严重。 [SEP] h___ [SEP] heel
1211,cn,1.218425252,侍者 [SEP] 我们给侍者留了小费。 [SEP] w_____ [SEP] waiter
1212,cn,0.461660889,减 [SEP] 5减3等于2。 [SEP] m____ [SEP] minus
1213,cn,0.09943137,字幕 [SEP] 中文字幕是由一群志愿者翻译的。 [SEP] s_______ [SEP] subtitle
1214,cn,-1.787321877,有动力驱使的 [SEP] 她是一个工作动力十足的学生。 [SEP] d_____ [SEP] driven
1215,cn,1.184242403,海鲜 [SEP] 我们今晚吃海鲜。 [SEP] s______ [SEP] seafood
1216,cn,-0.054358459,阳台 [SEP] 他把花盆摆到阳台上。 [SEP] b______ [SEP] balcony
1217,cn,-0.564309535,总收入 [SEP] 这座大学一半的收入来自国家拨款。 [SEP] r______ [SEP] revenue
1218,cn,-0.138734673,提名 [SEP] 他两次被提名格莱美奖。 [SEP] n_______ [SEP] nominate
1219,cn,-2.366178264,一览表 [SEP] 他们出版了一份音乐节期间所有活动的一览表。 [SEP] l______ [SEP] listing
1220,cn,0.85302852,广告 [SEP] 报纸主要靠广告盈利。 [SEP] a____________ [SEP] advertisement
1221,cn,-0.774271459,好友 [SEP] 我的朋友们大多在家乡。 [SEP] p__ [SEP] pal
1222,cn,-1.54236965,洗碗的 [SEP] 请把用过的餐具放入洗碗机。 [SEP] d__________ [SEP] dishwashing
1223,cn,-2.479413817,汇编 [SEP] 这本书汇编了多个失独家庭的故事。 [SEP] c______ [SEP] compile
1224,cn,2.064108052,总数为… [SEP] 公司贷款的总额为五百万元。 [SEP] t____ [SEP] total
1225,cn,-1.602347006,像素 [SEP] 图片含的像素越多，就越清楚。 [SEP] p____ [SEP] pixel
1226,cn,-0.688380482,牺牲 [SEP] 他们感谢非典医护人员的牺牲。 [SEP] s________ [SEP] sacrifice
1227,cn,-0.42555297,情况 [SEP] 孩子的家庭情况影响了他的血液。 [SEP] c___________ [SEP] circumstance
1228,cn,1.787144955,不久 [SEP] 水管工在我们报修后不久就来了。 [SEP] s___ [SEP] soon
1229,cn,-0.611670587,联赛 [SEP] 皇家马德里取得了欧冠联赛的冠军。 [SEP] l_____ [SEP] league
1230,cn,-4.141584193,好出风头的人 [SEP] 好演员大多都是好表现自我的人。 [SEP] e____________ [SEP] exhibitionist
1231,cn,-1.632827771,按字母顺序的 [SEP] 下面是一组按字母顺序排列的词。 [SEP] a___________ [SEP] alphabetical
1232,cn,-1.294539717,确定无疑的事情 [SEP] 人生中没什么是确定无疑的事。 [SEP] c________ [SEP] certainty
1233,cn,2.403808894,健身房 [SEP] 他每天下班后都去健身房。 [SEP] g__ [SEP] gym
1234,cn,1.907826879,追随者 [SEP] 这位哲学家和他的追随者开创了一个学派。 [SEP] f_______ [SEP] follower
1235,cn,-0.177142858,运转 [SEP] 公司的各个部门同时运转。 [SEP] f_______ [SEP] function
1236,cn,-1.05932439,壁炉 [SEP] 一家人围着壁炉取暖。 [SEP] f________ [SEP] fireplace
1237,cn,0.820039609,正义 [SEP] 我们追求社会正义。 [SEP] j______ [SEP] justice
1238,cn,-0.443964808,赐福 [SEP] 有你在我身边真是我的福气。 [SEP] b_______ [SEP] blessing
1239,cn,1.126567486,全世界的 [SEP] 1)我们观测到了世界范围内的气候变化。2)中国的强大吸引了全世界的目光。 [SEP] w________ [SEP] worldwide
1240,cn,-0.293676435,非法地 [SEP] 他们非法交易毒品。 [SEP] i________ [SEP] illegally
1241,cn,3.211114938,活的 [SEP] 医学生们解剖活动物。 [SEP] l___ [SEP] live
1242,cn,1.994396873,买家 [SEP] 房子的买家看重它的升值潜力。 [SEP] b____ [SEP] buyer
1243,cn,-4.303952042,连续的 [SEP] 他已经连续四次获得了当地马拉松比赛的冠军。 [SEP] r______ [SEP] running
1244,cn,-2.276556028,个人主义者 [SEP] 最好的个人主义者可以做到自我而不自私。 [SEP] i____________ [SEP] individualist
1245,cn,1.066624158,婚姻 [SEP] 他们的婚姻很幸福。 [SEP] m_______ [SEP] marriage
1246,cn,0.913653833,醒着的 [SEP] 你醒着吗？ [SEP] a____ [SEP] awake
1247,cn,1.108372172,直梯 [SEP] 请乘直梯到十楼的办公室。 [SEP] l___ [SEP] lift
1248,cn,-0.910505198,尴尬的 [SEP] 当学生指出我衣服穿反了时，我感到十分尴尬。 [SEP] e__________ [SEP] embarrassed
1249,cn,-2.874622135,游击队员 [SEP] 一小队游击队员偷袭了敌人的军营。 [SEP] g________ [SEP] guerrilla
1250,cn,-1.240416818,歹徒 [SEP] 被捕的歹徒称他曾协助团伙贩毒。 [SEP] g_______ [SEP] gangster
1251,cn,-1.993075004,不赞成 [SEP] 她对这项计划的反对使我们为难。 [SEP] d__________ [SEP] disapproval
1252,cn,-0.334893045,峰会 [SEP] 各国首脑都出席了这次联合国环境与发展峰会。 [SEP] s_____ [SEP] summit
1253,cn,1.849135736,水果 [SEP] 我买了些新鲜水果。 [SEP] f____ [SEP] fruit
1254,cn,1.128417966,汽车旅馆 [SEP] 他们在自驾游览加州的途中住进了一家汽车旅馆。 [SEP] m____ [SEP] motel
1255,cn,1.139255878,新生 [SEP] 他还是大一新生时就动了创业的念头。 [SEP] f_______ [SEP] freshman
1256,cn,-1.975435554,用鼻子吸气 [SEP] 他感冒了，不住地抽着鼻子。 [SEP] s____ [SEP] sniff
1257,cn,-0.671765336,阻挠 [SEP] 警方阻挠了毒枭的运毒计划。 [SEP] f________ [SEP] frustrate
1258,cn,-0.437097207,大方地 [SEP] 他大方地借给我一千元渡过难关。 [SEP] g_________ [SEP] generously
1259,cn,-1.180830412,经纪人 [SEP] 公司的经纪人在代表我们进行交易。 [SEP] b_____ [SEP] broker
1260,cn,0.082037534,作弊 [SEP] 考试中的作弊将受到严惩。 [SEP] c_______ [SEP] cheating
1261,cn,-1.022571149,线 [SEP] 祖母费力地将线穿进针孔。 [SEP] t_____ [SEP] thread
1262,cn,0.253453003,环绕 [SEP] 飞机在天空盘旋十分钟后才接到降落通知。 [SEP] c_____ [SEP] circle
1263,cn,-1.937272257,节制 [SEP] 减肥需要饮食方面的节制。 [SEP] m_________ [SEP] moderation
1264,cn,0.628574906,迅速地 [SEP] 经济形势正在迅速改变。 [SEP] r______ [SEP] rapidly
1265,cn,2.612870185,皮肤 [SEP] 这款面霜适用于油性皮肤。 [SEP] s___ [SEP] skin
1266,cn,3.367762341,上帝 [SEP] 你相信上帝吗？ [SEP] g__ [SEP] god
1267,cn,0.492815932,放 [SEP] 1)我们把花放在墓碑前。2)她把睡袋铺在地上。 [SEP] l__ [SEP] lay
1268,cn,-2.206575187,嘎吱作响的声音或感觉 [SEP] 我喜欢脚踩树叶的感觉。 [SEP] c_____ [SEP] crunch
1269,cn,-1.782937398,不朽 [SEP] 他渴望长生不老。 [SEP] i__________ [SEP] immortality
1270,cn,-1.104441335,线性的 [SEP] 我们的思考不总是线性的，有时还是发散的。 [SEP] l_____ [SEP] linear
1271,cn,-0.840610669,焦虑的 [SEP] 他的沉默让人不安。 [SEP] a______ [SEP] anxious
1272,cn,0.495420888,重建 [SEP] 大楼在遭遇火灾后又得到重建。 [SEP] r______ [SEP] rebuild
1273,cn,-0.815700674,不受欢迎的 [SEP] 他听说儿子在班上不受欢迎，十分焦虑。 [SEP] u________ [SEP] unpopular
1274,cn,-1.605041806,共情 [SEP] 1)很抱歉听到您丈夫生病的消息：我的心与你同在。2)她与简·爱这个人物发生了共鸣。 [SEP] e______ [SEP] empathy
1275,cn,0.083686953,宣告 [SEP] 这家公司宣告破产。 [SEP] d______ [SEP] declare
1276,cn,-0.882587856,片刻 [SEP] 我片刻也不得休息。 [SEP] i______ [SEP] instant
1277,cn,1.10645446,相似 [SEP] 两国的经济体制有很多相似之处。 [SEP] s_________ [SEP] similarity
1278,cn,-0.219508182,耕作 [SEP] 传统的耕作方法需要革新。 [SEP] f______ [SEP] farming
1279,cn,2.531581333,印度人 [SEP] 他的母亲是一位印度人。 [SEP] i_____ [SEP] indian
1280,cn,-2.501179559,结构清晰的 [SEP] 这是一篇结构清晰、论证有力的论文。 [SEP] s_________ [SEP] structured
1281,cn,-1.283280231,相对于 [SEP] 这所学校教师相对于学生的比例是1:5。 [SEP] v_____ [SEP] versus
1282,cn,0.513006526,不熟悉的 [SEP] 我对金融业务不熟悉。 [SEP] u_________ [SEP] unfamiliar
1283,cn,0.072382573,肉丸 [SEP] 他用肉丸做了一道汤。 [SEP] m_______ [SEP] meatball
1284,cn,-0.734780536,刺激 [SEP] 政府对消费的刺激已见成效。 [SEP] s__________ [SEP] stimulation
1285,cn,2.230232765,留下 [SEP] 女儿希望母亲留在家中。 [SEP] s___ [SEP] stay
1286,cn,3.917433475,一定是 [SEP] 1)你一定要8点前到达。2)那一定是她的丈夫了。 [SEP] m___ [SEP] must
1287,cn,-2.023074037,激进分子 [SEP] 她是一名动物权益保护激进分子。 [SEP] a_______ [SEP] activist
1288,cn,-0.453870051,带酒精的 [SEP] 会上不允许引用含酒精的饮料。 [SEP] a________ [SEP] alcoholic
1289,cn,2.359285592,刷 [SEP] 她教孩子正确刷牙。 [SEP] b____ [SEP] brush
1290,cn,-1.302748292,通道 [SEP] 两座楼之间有一条地下通道。 [SEP] p______ [SEP] passage
1291,cn,1.332325325,队友 [SEP] 他是我大学时期足球队的队友。 [SEP] t_______ [SEP] teammate
1292,cn,3.186730863,黄的 [SEP] 她戴了双黄手套。 [SEP] y_____ [SEP] yellow
1293,cn,-0.636739419,规划人员 [SEP] 城市规划人员在公路旁建设了隔离带。 [SEP] p______ [SEP] planner
1294,cn,3.018112094,听 [SEP] 我听见门外的脚步声。 [SEP] h___ [SEP] hear
1295,cn,-0.76801448,肯定 [SEP] 我明天肯定会来。 [SEP] d_________ [SEP] definitely
1296,cn,1.994249694,结果 [SEP] 实验获得了理想的结果。 [SEP] r_____ [SEP] result
1297,cn,0.678561454,笼子 [SEP] 他为仓鼠做了个笼子。 [SEP] c___ [SEP] cage
1298,cn,-0.298818453,战士 [SEP] 战士已经在战壕里蹲守一天了。 [SEP] s______ [SEP] soldier
1299,cn,1.766061019,正方形的 [SEP] 屋后有一个方形后院。 [SEP] s_____ [SEP] square
1300,cn,0.556234438,只 [SEP] 1)我只花了区区五块钱就买到这个钱包。2)他只是个孩子。 [SEP] m___ [SEP] mere
1301,cn,0.161686506,巨人 [SEP] 《哈利波特》中的海格是个巨人。 [SEP] g____ [SEP] giant
1302,cn,0.917781216,蘑菇 [SEP] 有的蘑菇有毒。 [SEP] m_______ [SEP] mushroom
1303,cn,-0.772257588,威胁的 [SEP] 为了讨回债务，他说了些威胁的话。 [SEP] t__________ [SEP] threatening
1304,cn,3.845310821,孩子 [SEP] 别怪他，他只是个孩子。 [SEP] k__ [SEP] kid
1305,cn,-3.87090249,诞生 [SEP] 他向我解释了计算机的诞生。 [SEP] g______ [SEP] genesis
1306,cn,1.236180668,正在说话的 [SEP] 父亲教导他不要打断正在说话的人。 [SEP] t______ [SEP] talking
1307,cn,-0.716351214,对比 [SEP] 中英两国文化的对比给我们很多启示。 [SEP] c_______ [SEP] contrast
1308,cn,-3.158463394,侏儒 [SEP] 他又老又丑，像只侏儒怪。 [SEP] t____ [SEP] troll
1309,cn,3.233204459,雪 [SEP] 我们门前的雪已有膝盖高。 [SEP] s___ [SEP] snow
1310,cn,0.15834789,柔软地 [SEP] “你想我吗？”她轻柔地问。 [SEP] s_____ [SEP] softly
1311,cn,0.150537584,威胁 [SEP] 她威胁要带着孩子一起跳楼。 [SEP] t_______ [SEP] threaten
1312,cn,-3.386496706,大浪 [SEP] 大船击破白浪，向着远方驶去。 [SEP] b______ [SEP] breaker
1313,cn,-3.388911328,吸引某人的注意力 [SEP] 剧中的层层悬疑吸引了观众。 [SEP] e_____ [SEP] engage
1314,cn,1.452074659,坏地 [SEP] 这个乐团表演得很差劲。 [SEP] b____ [SEP] badly
1315,cn,1.924505828,烧伤 [SEP] 火灾在他身上留下了数处烧伤。 [SEP] b___ [SEP] burn
1316,cn,3.00621752,我自己 [SEP] 我不喜欢我自己。 [SEP] m_____ [SEP] myself
1317,cn,-0.171919057,大多 [SEP] 我们班大多是女生。 [SEP] m_____ [SEP] mostly
1318,cn,0.538601359,维生素 [SEP] 维生素C能增强免疫力。 [SEP] v______ [SEP] vitamin
1319,cn,-1.26756252,开（药） [SEP] 医生为他开了褪黑素。 [SEP] p________ [SEP] prescribe
1320,cn,-0.02549305,负荷 [SEP] 这架飞机可承受的最大负荷是300吨。 [SEP] l___ [SEP] load
1321,cn,-0.123865607,各种各样的 [SEP] 1)演出因多种原因被取消。2)比赛吸引了各种各样的人前来参加。 [SEP] v______ [SEP] various
1322,cn,-0.695581336,尺寸 [SEP] 可否告知我柜子的尺寸？ [SEP] m__________ [SEP] measurement
1323,cn,-1.116000063,电子 [SEP] 原子除了原子核还含有若干电子。 [SEP] e_______ [SEP] electron
1324,cn,-2.073779279,敲击（声） [SEP] 门上的叩击声把我叫醒。 [SEP] r__ [SEP] rap
1325,cn,-1.122287245,在室外 [SEP] 他们带上野餐垫，在室外吃了午餐。 [SEP] o_______ [SEP] outdoors
1326,cn,2.576363533,之前 [SEP] 几天前他开始了一项新工作。 [SEP] a__ [SEP] ago
1327,cn,-0.223830688,移植 [SEP] 为病人移植肝脏的手术成功了。 [SEP] t_________ [SEP] transplant
1328,cn,2.348112321,大声地 [SEP] 老师让后排的学生大声回答问题。 [SEP] a____ [SEP] aloud
1329,cn,-0.188007913,骑摩托车的人 [SEP] 他想买一件摩托车手的防风外套。 [SEP] b____ [SEP] biker
1330,cn,0.131912708,日程 [SEP] 我今天的日程很满。 [SEP] s_______ [SEP] schedule
1331,cn,-0.697174227,史诗的 [SEP] 他们获得了宏伟的胜利。 [SEP] e___ [SEP] epic
1332,cn,1.313251008,园丁 [SEP] 园艺工人正在修剪灌木。 [SEP] g_______ [SEP] gardener
1333,cn,2.531532905,对待 [SEP] 他们把她像家人一样对待。 [SEP] t____ [SEP] treat
1334,cn,-0.337095117,传染 [SEP] 他被传染上了肝炎。 [SEP] i_____ [SEP] infect
1335,cn,-1.855355373,锻炼 [SEP] 这个动作是对胸肌的锻炼。 [SEP] w______ [SEP] workout
1336,cn,-1.641227593,对应物 [SEP] 这次战争让他们失去了一千多平方公里的土地——与瑞士国土面积相当。 [SEP] e_________ [SEP] equivalent
1337,cn,2.233051573,以前 [SEP] 我以前从没离开过父母。 [SEP] b_____ [SEP] before
1338,cn,0.739878024,耍 [SEP] 别被他的伎俩耍了。 [SEP] f___ [SEP] fool
1339,cn,-1.126900306,衰退 [SEP] 我们要有全球经济进入衰退的准备。 [SEP] r________ [SEP] recession
1340,cn,2.780280601,给 [SEP] 我把书给了她。 [SEP] g___ [SEP] give
1341,cn,-1.043628347,诉讼 [SEP] 她对侵犯其肖像权的公司提起诉讼。 [SEP] l______ [SEP] lawsuit
1342,cn,-0.228410398,限制 [SEP] 政府将进口限制在粮油和能源领域。 [SEP] r_______ [SEP] restrict
1343,cn,0.625079814,着火的 [SEP] 这辆着火的汽车随时可能爆炸。 [SEP] b______ [SEP] burning
1344,cn,-0.517706719,反对（常～ to）（不以e结尾） [SEP] 她反对这个提案。 [SEP] o_____ [SEP] object
1345,cn,2.768894791,游泳 [SEP] 他教儿子游泳。 [SEP] s___ [SEP] swim
1346,cn,-2.060138827,从动力学方面讲 [SEP] 这台机器在动力方面十分稳定。 [SEP] d__________ [SEP] dynamically
1347,cn,1.667757509,三 [SEP] 我家有三个人。 [SEP] t____ [SEP] three
1348,cn,0.02191881,侵犯 [SEP] 德国决定入侵波兰。 [SEP] i_____ [SEP] invade
1349,cn,2.096424732,同意 [SEP] 老板终于同意给工人加薪。 [SEP] a____ [SEP] agree
1350,cn,2.698629441,部分地 [SEP] 我部分是美国人，部分是墨西哥人。 [SEP] p___ [SEP] part
1351,cn,-0.917567147,考官 [SEP] 考官先问了几个简单的问题。 [SEP] e_______ [SEP] examiner
1352,cn,-0.999608719,降雪量 [SEP] 今年一月的降雪量超过往年平均水平。 [SEP] s_______ [SEP] snowfall
1353,cn,0.213508805,分（成更小部分） [SEP] 1)老师把学生分成三组。2)河流把城市分成两个部分。 [SEP] d_____ [SEP] divide
1354,cn,-0.593986345,轻盈 [SEP] 轻盈是旅行箱的必备品质。 [SEP] l________ [SEP] lightness
1355,cn,-1.572794984,校长 [SEP] 他在全职写作之前，曾是当地一所小学的校长。 [SEP] p________ [SEP] principal
1356,cn,2.783217659,为…注明（或记下）日期 [SEP] 请在这份报告上注明日期。 [SEP] d___ [SEP] date
1357,cn,-0.464867446,轰炸 [SEP] 美军轰炸了整个城市。 [SEP] b___ [SEP] bomb
1358,cn,2.296437566,温暖的 [SEP] 她的身体更适合温暖的气候。 [SEP] w___ [SEP] warm
1359,cn,1.627816153,东部的 [SEP] 东部的省份将有降雪。 [SEP] e______ [SEP] eastern
1360,cn,-0.573346525,衣物 [SEP] 1)吃穿是人类的基本需求。2)灾区急需食物和衣物。 [SEP] c_______ [SEP] clothing
1361,cn,2.038050635,没有 [SEP] 1)屋子里什么也没留下。2)这些问题里没有一个值得回答。 [SEP] n___ [SEP] none
1362,cn,-1.679334934,叙事 [SEP] 1)这部小说是第一人称叙事。2)小说的叙事充满细节和张力。 [SEP] n________ [SEP] narrative
1363,cn,-2.168858839,啁啾 [SEP] 我被窗外的鸟声啁啾吵醒了。 [SEP] t______ [SEP] twitter
1364,cn,-5.096003613,重要地 [SEP] 他至关重要地参与了两国的谈判，促成了谈判的成功。 [SEP] i_____________ [SEP] instrumentally
1365,cn,-0.600416058,数量众多的 [SEP] 为数众多的工厂都在生产这款皮鞋。 [SEP] n_______ [SEP] numerous
1366,cn,-1.719595073,综合症 [SEP] 她被诊断患有美尼尔综合征。 [SEP] s_______ [SEP] syndrome
1367,cn,2.836520846,等 [SEP] 我在这里等了一个小时了。 [SEP] w___ [SEP] wait
1368,cn,-3.931660511,校正的 [SEP] 母亲为她购买了一副矫正镜片。 [SEP] c_________ [SEP] correcting
1369,cn,-0.922608442,三角洲 [SEP] 这就是尼罗河三角洲。 [SEP] d____ [SEP] delta
1370,cn,-0.249400175,概要 [SEP] 这是关于谈判内容的一份大纲。 [SEP] o______ [SEP] outline
1371,cn,-1.13849475,发型师 [SEP] 发型师为我吹出了带卷的短发。 [SEP] s______ [SEP] stylist
1372,cn,0.889390584,启发 [SEP] 这项成果启发科学家们纷纷转向研究机器学习。 [SEP] i______ [SEP] inspire
1373,cn,-2.320917094,构成 [SEP] 市场部在研究这些手机消费者群体的构成。 [SEP] c__________ [SEP] composition
1374,cn,-1.647092104,绳索 [SEP] 她用一条红绳系起了卷轴。 [SEP] c___ [SEP] cord
1375,cn,-2.098870651,达到 [SEP] 不是所有实验都能达到如此高的精度。 [SEP] a_____ [SEP] attain
1376,cn,-0.850801222,谦逊 [SEP] 我十分欣赏您的谦逊。 [SEP] m______ [SEP] modesty
1377,cn,-0.286673695,交叉路口 [SEP] 他们来到了一个十字路口，不知该往哪走。 [SEP] c_________ [SEP] crossroads
1378,cn,-1.897607845,行为 [SEP] 1)爸妈为我规定了一套行为准则。2)他的这些行为令家族蒙羞。 [SEP] c______ [SEP] conduct
1379,cn,-0.225173756,重点 [SEP] 找到工作是我目前的重点。 [SEP] p_______ [SEP] priority
1380,cn,-0.443495413,精神上的 [SEP] 1)人们认为瑜伽既是躯体锻炼，也是一种心灵体验。2)她感到与他之间的精神联结。 [SEP] s________ [SEP] spiritual
1381,cn,0.714691861,魔法般的 [SEP] 人们过去认为宝剑具有魔力。 [SEP] m______ [SEP] magical
1382,cn,-0.529179818,纳粹的 [SEP] 他曾是一名纳粹军官。 [SEP] n___ [SEP] nazi
1383,cn,-0.426414588,飓风 [SEP] 许多人在这次飓风中无家可归。 [SEP] h________ [SEP] hurricane
1384,cn,-0.352861157,荒唐的 [SEP] 增加工作量又限制工作时间——真是荒唐！ [SEP] r_________ [SEP] ridiculous
1385,cn,0.071090329,自制的 [SEP] 她送了我一个自制的蛋糕。 [SEP] h_______ [SEP] homemade
1386,cn,3.738268732,桌子 [SEP] 她喊孩子们到餐桌前坐下。 [SEP] t____ [SEP] table
1387,cn,-0.265671357,未带武器的 [SEP] 警察射杀了一名未带武器的黑人。 [SEP] u______ [SEP] unarmed
1388,cn,1.698432653,查问 [SEP] 1)警察查问他人质的下落。2)老师问学生辛亥革命的发生时间。 [SEP] q_______ [SEP] question
1389,cn,-1.868213826,因果报应 [SEP] 他相信女儿的死是自己的报应。 [SEP] k____ [SEP] karma
1390,cn,1.942821866,森林 [SEP] 他们去森林里采蘑菇。 [SEP] f_____ [SEP] forest
1391,cn,1.592099049,直接地 [SEP] 我想直接和导演说话。 [SEP] d_______ [SEP] directly
1392,cn,1.710386166,可能的 [SEP] 挽回损失仍是可能的。 [SEP] p_______ [SEP] possible
1393,cn,-1.150174124,从战略上说 [SEP] 这是一处战略上十分重要的关卡。 [SEP] s____________ [SEP] strategically
1394,cn,-0.112691896,缩小 [SEP] 1)这件毛衣缩水了。2)经治疗，肿瘤缩小了。 [SEP] s_____ [SEP] shrink
1395,cn,-0.450086726,柠檬汽水 [SEP] 我每次去酒吧都点柠檬汽水。 [SEP] l_______ [SEP] lemonade
1396,cn,-0.435532245,被擦掉的 [SEP] 你能帮我恢复硬盘上被抹掉的数据吗？ [SEP] e_____ [SEP] erased
1397,cn,-0.095969496,不可能的事 [SEP] 戒酒对他来说是不可能的事。 [SEP] i____________ [SEP] impossibility
1398,cn,-1.881036458,自由主义 [SEP] 自由主义认为人们有权自由选择行为方式和信仰。 [SEP] l_________ [SEP] liberalism
1399,cn,0.924101328,回声 [SEP] 她听见了山谷里的回声。 [SEP] e___ [SEP] echo
1400,cn,0.917446106,泡泡 [SEP] 鱼在水面吐了个泡泡。 [SEP] b_____ [SEP] bubble
1401,cn,-1.129085303,主教 [SEP] 教徒们热爱他们的主教。 [SEP] b_____ [SEP] bishop
1402,cn,-1.694216424,有影响力的 [SEP] 他是当地一名有影响的官员。 [SEP] i__________ [SEP] influential
1403,cn,0.475506545,全人类 [SEP] 1)战争法庭对他的反人类罪进行了判决。2)核危机将对全人类造成威胁。 [SEP] h_______ [SEP] humanity
1404,cn,1.086240111,熟悉的 [SEP] 1)我对金融业务很熟悉。2)莎士比亚对许多读者来说是一个熟悉的名字。 [SEP] f_______ [SEP] familiar
1405,cn,-1.212910887,暮色 [SEP] 我喜欢暮色中的森林。 [SEP] t_______ [SEP] twilight
1406,cn,0.181392741,叫喊 [SEP] 1)“别冲我喊，冷静点儿！”2)她从楼上喊刚出门的丈夫，让他带钥匙。 [SEP] y___ [SEP] yell
1407,cn,-2.579023046,陪审团成员 [SEP] 只有一位陪审团成员认为这个男孩无罪。 [SEP] j____ [SEP] juror
1408,cn,-2.286479504,悬垂 [SEP] 他坐在桌子上，悬着的双腿摆动着。 [SEP] d_____ [SEP] dangle
1409,cn,3.816851783,班级 [SEP] 我们两人在一个班。 [SEP] c____ [SEP] class
1410,cn,2.946959291,狮子 [SEP] 狮子被称为百兽之王。 [SEP] l___ [SEP] lion
1411,cn,-3.384091121,缕 [SEP] 他把一缕她的头发夹进日记。 [SEP] s_____ [SEP] strand
1412,cn,-1.034346132,瓦解 [SEP] 革命加速了政权的瓦解。 [SEP] c_______ [SEP] collapse
1413,cn,0.859451354,监狱 [SEP] 他的父亲在蹲监狱。 [SEP] j___ [SEP] jail
1414,cn,2.494394497,设计 [SEP] 我要设计一条裙子。 [SEP] d_____ [SEP] design
1415,cn,-4.421911515,训练 [SEP] 对幼犬的训练从教它们不随地排泄开始。 [SEP] c___________ [SEP] conditioning
1416,cn,-3.675187301,表演团体（尤指乐团、歌舞团） [SEP] 今晚表演的将是弦乐团。 [SEP] e_______ [SEP] ensemble
1417,cn,-0.359028733,宣言 [SEP] 《独立宣言》是人类史上最重要的文件之一。 [SEP] d__________ [SEP] declaration
1418,cn,1.137283266,机遇 [SEP] 能去电视台工作是一个非常好的机遇。 [SEP] o__________ [SEP] opportunity
1419,cn,0.222397004,车轮 [SEP] 车的前轮被钉子扎碎了。 [SEP] w____ [SEP] wheel
1420,cn,2.132759953,挑 [SEP] 在所有符合条件的候选人里，他们挑了我。 [SEP] p___ [SEP] pick
1421,cn,-2.629267278,集会 [SEP] 牧师要求他的全体教众起立。 [SEP] c___________ [SEP] congregation
1422,cn,0.058596848,膨胀 [SEP] 通货膨胀意味着拿更多的钱买更少的东西。 [SEP] i________ [SEP] inflation
1423,cn,0.729857872,气味（不以t结尾） [SEP] 厨房里有一股奇怪的气味。 [SEP] s____ [SEP] smell
1424,cn,1.195439332,造成 [SEP] 这起车祸造成一人死亡。 [SEP] r_____ [SEP] result
1425,cn,1.157428788,王妃 [SEP] 黛安娜王妃的死使许多人心碎。 [SEP] p_______ [SEP] princess
1426,cn,1.026604834,陈述 [SEP] 他向法官陈述了这场交易的具体情况。 [SEP] s____ [SEP] state
1427,cn,1.11820864,放松 [SEP] 你工作太久了——你需要放松。 [SEP] r____ [SEP] relax
1428,cn,1.496533895,明显地 [SEP] 他明显没有备课。 [SEP] o________ [SEP] obviously
1429,cn,-1.879994066,世俗的 [SEP] 这位世俗领袖的当选引起轰动。 [SEP] s______ [SEP] secular
1430,cn,2.406128583,电话 [SEP] 请告诉我您的电话号码。 [SEP] t________ [SEP] telephone
1431,cn,-1.253967982,脊 [SEP] 工厂建在山脊的南侧。 [SEP] r____ [SEP] ridge
1432,cn,0.233463156,电子的 [SEP] 我们拥有各种各样的电子产品。 [SEP] e_________ [SEP] electronic
1433,cn,0.748037813,油漆 [SEP] 墙边有一则告示：“油漆未干”。 [SEP] p____ [SEP] paint
1434,cn,-0.72470767,为…加标签 [SEP] 他为行李加了“易碎物品”的标签。 [SEP] l____ [SEP] label
1435,cn,0.27668842,影响 [SEP] 老师的话能对孩子产生直接影响。 [SEP] i_____ [SEP] impact
1436,cn,-1.846319902,匿名地 [SEP] 她不留名地做了很多捐赠。 [SEP] a__________ [SEP] anonymously
1437,cn,0.182962483,无重量的 [SEP] 宇航员要练习适应失重状态。 [SEP] w_________ [SEP] weightless
1438,cn,-4.109505082,巨变 [SEP] 他们见证了深圳从小渔村向国际化大都市的巨变。 [SEP] m____________ [SEP] metamorphosis
1439,cn,-2.433252684,严峻的 [SEP] 面对行业的急剧收缩，公司的前景十分严峻。 [SEP] g___ [SEP] grim
1440,cn,0.335214626,海滨 [SEP] 这对夫妇一直向往一个海滨假期。 [SEP] s______ [SEP] seaside
1441,cn,-0.76025382,临床的 [SEP] 化妆品在上市前都要经过临床试验。 [SEP] c_______ [SEP] clinical
1442,cn,0.585284912,在楼上 [SEP] 1)她在楼上。2)楼上还有两间卧室。 [SEP] u_______ [SEP] upstairs
1443,cn,-1.683458483,贵重物品 [SEP] 请不要将您的贵重物品存入存包柜。 [SEP] v________ [SEP] valuables
1444,cn,2.821479758,接近 [SEP] 事故在项目接近完工的时候发生了。 [SEP] n___ [SEP] near
1445,cn,1.748144027,纠正 [SEP] 老师纠正了她的发音错误。 [SEP] c______ [SEP] correct
1446,cn,-1.029665699,光滑 [SEP] 孩子皮肤的光滑让她想起丝绸的质感。 [SEP] s_________ [SEP] smoothness
1447,cn,2.155551373,与…结婚 [SEP] 她与她的大学同学结婚了。 [SEP] m____ [SEP] marry
1448,cn,-1.43896488,部 [SEP] 学校接受教育部的直接管理。 [SEP] m_______ [SEP] ministry
1449,cn,1.986809864,沙漠 [SEP] 过去的村庄现在已变成沙漠。 [SEP] d_____ [SEP] desert
1450,cn,-2.546723826,不变的 [SEP] 你不能指望事态保持不变：变化才是永恒的。 [SEP] u_________ [SEP] unchanging
1451,cn,1.503734927,总结 [SEP] 既然只剩五分钟了，我就总结一下我的要点。 [SEP] s__ [SEP] sum
1452,cn,1.453040208,平底锅 [SEP] 他用平底锅煎了鸡蛋。 [SEP] p__ [SEP] pan
1453,cn,0.891487984,遥远的 [SEP] 对很多人来说，冰岛是个遥远的国家。 [SEP] d______ [SEP] distant
1454,cn,1.188676958,耐心的 [SEP] 他对学生十分耐心。 [SEP] p______ [SEP] patient
1455,cn,2.962586595,还 [SEP] 1)“孩子睡了吗？”“还没有。”2)我还什么都没告诉她。 [SEP] y__ [SEP] yet
1456,cn,1.09906338,流 [SEP] 运动可以加速血液的流动。 [SEP] f___ [SEP] flow
1457,cn,-1.212970123,经销商 [SEP] 这家公司是国内最大的电器经销商。 [SEP] d__________ [SEP] distributor
1458,cn,0.840785792,打广告 [SEP] 这款香水在所有女性杂志上都作了广告。 [SEP] a________ [SEP] advertise
1459,cn,-2.804679554,皮肤病学家 [SEP] 他是一位皮肤病医生。 [SEP] d____________ [SEP] dermatologist
1460,cn,0.317733023,单个的 [SEP] 1)他只一枪就射中了靶心。2)他从未请过哪怕一天假。 [SEP] s_____ [SEP] single
1461,cn,1.433114966,财富 [SEP] 1)这些国家通过殖民积累了大量财富。2)快乐，健康和财富中你选哪个？ [SEP] w_____ [SEP] wealth
1462,cn,-2.145798392,起说明作用的 [SEP] 这是国富民穷的又一个生动例证。 [SEP] i___________ [SEP] illustrative
1463,cn,-1.185216248,香料 [SEP] 她往肉里加了罗勒和孜然等香料。 [SEP] s____ [SEP] spice
1464,cn,-0.875741717,宇航员 [SEP] 宇航员必须学习如何在失重状态下生存。 [SEP] a________ [SEP] astronaut
1465,cn,-0.767764547,偶尔地 [SEP] 他只偶尔吃外卖。 [SEP] o___________ [SEP] occasionally
1466,cn,0.383295342,共同的 [SEP] 我们对父亲的养老拥有共同的责任。 [SEP] s_____ [SEP] shared
1467,cn,-0.372366482,安全气囊 [SEP] 汽车的安全气囊能减少撞击带来的伤害。 [SEP] a_____ [SEP] airbag
1468,cn,-3.022265185,先于…发生 [SEP] 瘟疫在战争之前发生。 [SEP] p______ [SEP] precede
1469,cn,-1.404980534,受偏爱的 [SEP] 他是两兄弟中更受偏爱的一个。 [SEP] p________ [SEP] preferred
1470,cn,0.145938126,抑郁的 [SEP] 他看起来很消沉。 [SEP] d________ [SEP] depressed
1471,cn,0.181826592,标签 [SEP] 请参阅标签上的使用说明。 [SEP] l____ [SEP] label
1472,cn,1.134674125,有篷送货车 [SEP] 我们雇了一辆送货车运送钢琴。 [SEP] v__ [SEP] van
1473,cn,1.877308325,西部的 [SEP] 西部地区明天将有降雪。 [SEP] w______ [SEP] western
1474,cn,-3.124423665,碎片 [SEP] 他在一张破纸片上写下了电话号码。 [SEP] s____ [SEP] scrap
1475,cn,2.120488768,密码 [SEP] 这间办公室的密码是c247yz。 [SEP] c___ [SEP] code
1476,cn,-1.473848584,职业上 [SEP] 他在书画鉴定方面受过专业训练。 [SEP] p_____________ [SEP] professionally
1477,cn,-2.018004139,裸体 [SEP] 这位艺术家擅长雕塑赤裸的人体。 [SEP] n___ [SEP] nude
1478,cn,-1.092329936,被驳回的 [SEP] 被驳回的提案修改后可以再次提交。 [SEP] r_______ [SEP] rejected
1479,cn,-2.78186501,带 [SEP] 我需要更换表带。 [SEP] s____ [SEP] strap
1480,cn,2.340344862,死 [SEP] 父亲的死给了他沉重的打击。 [SEP] d____ [SEP] death
1481,cn,-1.171602726,适应能力强的 [SEP] 这里的工作强度很大，需要适应能力强的工人。 [SEP] a________ [SEP] adaptable
1482,cn,-3.621112638,最优秀的或最重要的 [SEP] 他是这个国家最优秀的火箭工程师。 [SEP] p______ [SEP] premier
1483,cn,-1.070651706,独裁者 [SEP] 斯大林是一个独裁者。 [SEP] d_______ [SEP] dictator
1484,cn,0.076780117,杀人犯 [SEP] 杀人犯供认了自己的罪行。 [SEP] m_______ [SEP] murderer
1485,cn,2.014763096,情人 [SEP] 她发现丈夫还有一个情人。 [SEP] l____ [SEP] lover
1486,cn,2.526587509,顶部的 [SEP] 办公室在楼的顶层。 [SEP] t__ [SEP] top
1487,cn,-0.833025393,分类 [SEP] 他们在争论电影分级/分类的意义。 [SEP] c_____________ [SEP] classification
1488,cn,-4.878727765,罪证 [SEP] 在许多人看来，这起自杀案件就是医疗资源分配不公的罪证。 [SEP] i_________ [SEP] indictment
1489,cn,-1.237513233,表 [SEP] 他查看了电表并记下数值。 [SEP] m____ [SEP] meter
1490,cn,0.237828085,能够(与of连用) [SEP] 他能教授葡萄牙语。 [SEP] c______ [SEP] capable
1491,cn,-0.667714692,水气 [SEP] 空气中的水气让衣服迟迟不干。 [SEP] m_______ [SEP] moisture
1492,cn,-1.776774594,议员 [SEP] 多数州议员都被卷入这起腐败案件。 [SEP] l_________ [SEP] legislator
1493,cn,0.468088655,被发现的 [SEP] 镭是一种被人发现的元素。 [SEP] d_________ [SEP] discovered
1494,cn,-0.23674331,发生的事情 [SEP] 最近这里总有些奇怪的事发生。 [SEP] h________ [SEP] happening
1495,cn,-0.571730903,不朽的 [SEP] 传世的诗歌将有死的人变得不朽。 [SEP] i_______ [SEP] immortal
1496,cn,2.405856325,番茄 [SEP] 他用番茄做了浓汤。 [SEP] t_____ [SEP] tomato
1497,cn,-1.573260651,交替的 [SEP] 请画出红星和蓝星相交替的图案。 [SEP] a________ [SEP] alternate
1498,cn,-0.574665417,因此 [SEP] 父亲去世了，因此，她辍学承担起照顾全家的重担。 [SEP] c___________ [SEP] consequently
1499,cn,1.993766493,出生 [SEP] 她1989年4月生于意大利都灵。 [SEP] b___ [SEP] born
1500,cn,2.625962686,强壮的 [SEP] 他有壮实的胳膊。 [SEP] s_____ [SEP] strong
1501,cn,-0.086946435,调查 [SEP] 他们开展了对涉事企业财务状况的调查。 [SEP] i____________ [SEP] investigation
1502,cn,0.250884484,失业 [SEP] 他承诺当选后解决失业问题。 [SEP] u___________ [SEP] unemployment
1503,cn,0.037027798,调查 [SEP] 我们调查这家公司的财务状况。 [SEP] i__________ [SEP] investigate
1504,cn,1.507551327,苗条的 [SEP] 你和那个模特一样苗条。 [SEP] s___ [SEP] slim
1505,cn,3.568186719,腿 [SEP] 她有一双笔直的腿。 [SEP] l__ [SEP] leg
1506,cn,-0.922689156,揭露 [SEP] 他们揭露了这个针对首相的阴谋。 [SEP] u______ [SEP] uncover
1507,cn,1.166714435,浴池 [SEP] 这座小镇以其罗马浴池遗址命名。 [SEP] b___ [SEP] bath
1508,cn,1.753935662,年龄增大 [SEP] 他年龄渐长，阅历也随之增长。 [SEP] a__ [SEP] age
1509,cn,0.932593017,方法 [SEP] 他们用这个方法称出了大象的体重。 [SEP] m_____ [SEP] method
1510,cn,-2.483724382,砂砾 [SEP] 我们走上一条碎石小径。 [SEP] g_____ [SEP] gravel
1511,cn,0.086173773,开花 [SEP] 花园里的玫瑰盛开着。 [SEP] b____ [SEP] bloom
1512,cn,0.357433327,确切的 [SEP] 请告诉我飞机确切的起飞时间。 [SEP] e____ [SEP] exact
1513,cn,2.44646535,意思 [SEP] 这个字的意思是什么？ [SEP] m______ [SEP] meaning
1514,cn,2.493549556,黑暗的 [SEP] 那是一个漆黑的夜晚。 [SEP] d___ [SEP] dark
1515,cn,-2.019054437,电报方式的 [SEP] 银行建议他使用电汇付款。 [SEP] t__________ [SEP] telegraphic
1516,cn,-0.876085478,操纵 [SEP] 记者报道了大的财团对股票价格的操纵。 [SEP] m___________ [SEP] manipulation
1517,cn,-1.670280867,盗版 [SEP] 他们盗版了五千多张影碟。 [SEP] p_____ [SEP] pirate
1518,cn,-2.25989309,发生 [SEP] 雾霾严重地区的居民肺炎发病率上升。 [SEP] i________ [SEP] incidence
1519,cn,-0.904780408,残忍地 [SEP] 一家四口都被残忍地杀害了。 [SEP] b_______ [SEP] brutally
1520,cn,1.911927778,角色 [SEP] 媒体扮演社会的重要角色。 [SEP] r___ [SEP] role
1521,cn,-1.424780517,从事…的 [SEP] 他这几周忙于和外方公司的谈判。 [SEP] e______ [SEP] engaged
1522,cn,-0.705858779,提及 [SEP] 他的讲座并没有对这一点作出提及。 [SEP] r________ [SEP] reference
1523,cn,-0.246789532,职业选手 [SEP] 输给他不要紧——人家是个专业选手！ [SEP] p__ [SEP] pro
1524,cn,2.916234423,体育 [SEP] 羽毛球是在中国很流行的体育运动。 [SEP] s____ [SEP] sport
1525,cn,0.140350293,肯定的 [SEP] 我很确定她是对的。 [SEP] c______ [SEP] certain
1526,cn,-0.415179371,有艺术气质的 [SEP] 她一家人都拥有艺术天赋。 [SEP] a_______ [SEP] artistic
1527,cn,3.70114703,女孩 [SEP] 你喜欢男孩还是女孩？ [SEP] g___ [SEP] girl
1528,cn,-0.602709721,课程模块 [SEP] 我认为“流体力学”是这学期最难的一个课程模块。 [SEP] m_____ [SEP] module
1529,cn,-1.708564276,供稿人 [SEP] 他是这家杂志多年的供稿人。 [SEP] c__________ [SEP] contributor
1530,cn,-0.922527061,合适地 [SEP] 明天有一场正式的会议，你要穿得得体些。 [SEP] p_______ [SEP] properly
1531,cn,1.658608668,骑手 [SEP] 摩托在转弯时滑出路面，所幸骑手只受了轻伤。 [SEP] r____ [SEP] rider
1532,cn,2.273931094,例子 [SEP] 我举一个例子。 [SEP] e______ [SEP] example
1533,cn,-1.813912577,股东 [SEP] 他是公司最大的股东。 [SEP] s__________ [SEP] shareholder
1534,cn,-0.148503629,自杀 [SEP] 她选择在新年当天实施自杀。 [SEP] s______ [SEP] suicide
1535,cn,2.629696584,两次 [SEP] 她已经打来两次电话了。 [SEP] t____ [SEP] twice
1536,cn,2.88674852,快乐的 [SEP] 孩子看起来很高兴。 [SEP] h____ [SEP] happy
1537,cn,1.413710045,美元 [SEP] 美元是美国的货币。 [SEP] d_____ [SEP] dollar
1538,cn,4.758080988,猫 [SEP] 她喜欢狗而不喜欢猫。 [SEP] c__ [SEP] cat
1539,cn,1.669820932,不喜欢 [SEP] 我不喜欢这张唱片。 [SEP] d______ [SEP] dislike
1540,cn,0.014616391,用拳头打 [SEP] 他一拳打在对方脸上。 [SEP] p____ [SEP] punch
1541,cn,-0.234526397,透明的 [SEP] 玻璃是透明的。 [SEP] t__________ [SEP] transparent
1542,cn,-0.71042425,前进 [SEP] 部队乘夜色前进了二十里。 [SEP] a______ [SEP] advance
1543,cn,-0.882178913,技术人员 [SEP] 我们需要一位电脑技术人员来恢复数据。 [SEP] t_________ [SEP] technician
1544,cn,-4.325581299,罐 [SEP] 画中的女仆正站在窗边，从一个陶罐中向外倒牛奶。 [SEP] p______ [SEP] pitcher
1545,cn,-2.860575766,尊敬的 [SEP] 葬礼由威廉斯牧师大人主持。 [SEP] r_______ [SEP] reverend
1546,cn,-0.742387531,消失的 [SEP] 我们望着逐渐消失的白矾。 [SEP] d___________ [SEP] disappearing
1547,cn,0.827230302,投资 [SEP] 这项投资被用于建设农村基础设施。 [SEP] i_________ [SEP] investment
1548,cn,-0.485741891,地质 [SEP] 他们勘探了这个地区的地质情况。 [SEP] g______ [SEP] geology
1549,cn,0.221474166,钩 [SEP] 请把大衣挂在衣钩上。 [SEP] h___ [SEP] hook
1550,cn,-1.717170897,君主 [SEP] 君主是国家的象征，并不直接参政。 [SEP] m______ [SEP] monarch
1551,cn,-2.665129189,包含 [SEP] 组成 首相的智囊团由五位专家组成。 [SEP] c_______ [SEP] comprise
1552,cn,-0.468385003,箱 [SEP] 他更换了马桶的水箱。 [SEP] t___ [SEP] tank
1553,cn,0.162810272,摄影 [SEP] 我的父亲喜爱摄影，经常在旅游时拍照片。 [SEP] p__________ [SEP] photography
1554,cn,-1.301431821,浆糊 [SEP] 她把面粉和水混合做成浆糊。 [SEP] p____ [SEP] paste
1555,cn,0.978695546,声明 [SEP] 合作的两党发表了一份联合声明。 [SEP] s________ [SEP] statement
1556,cn,2.396053301,类型 [SEP] 你喜欢什么类型的工作？ [SEP] t___ [SEP] type
1557,cn,0.162308301,全部的 [SEP] 1)我一整天都待在家里。2)气候变化将影响整个地球。 [SEP] e_____ [SEP] entire
1558,cn,-0.287197654,部长 [SEP] 教育部长视察了贫困地区的学校。 [SEP] m_______ [SEP] minister
1559,cn,1.114052253,材料 [SEP] 混凝土是常见的建筑材料。 [SEP] m_______ [SEP] material
1560,cn,0.175704798,弹起 [SEP] 球在地上弹了几下。 [SEP] b_____ [SEP] bounce
1561,cn,1.279103252,店 [SEP] 孩子想进糖果店看一看。 [SEP] s___ [SEP] shop
1562,cn,2.681427388,遇见 [SEP] 1)明天学校见！2)我在上班路上遇见一位老朋友。 [SEP] m___ [SEP] meet
1563,cn,1.429860902,微少 [SEP] 1)他读得多，写得少。2)往茶里加一点奶。 [SEP] l_____ [SEP] little
1564,cn,3.112945948,跳舞 [SEP] 我们两人一起跳舞。 [SEP] d____ [SEP] dance
1565,cn,-1.009076354,质感 [SEP] 麻布有一种天然的粗糙质感。 [SEP] t______ [SEP] texture
1566,cn,-1.637750871,高度 [SEP] 这栋大厦的高度是150米。 [SEP] e________ [SEP] elevation
1567,cn,0.264250181,家庭的 [SEP] 1)我从未想过他是个居家的人。2)我们不欢迎别国插手我国内政。 [SEP] d_______ [SEP] domestic
1568,cn,1.285178989,无用的 [SEP] 这篇文章里有很多无用信息。 [SEP] u______ [SEP] useless
1569,cn,-1.177044414,被忘记的 [SEP] 那段历史已经被遗忘了。 [SEP] f________ [SEP] forgotten
1570,cn,-2.020961874,连续的 [SEP] 1)公司的业绩连续三年下滑。2)这已经是这位总统连续第四任的任期。 [SEP] c__________ [SEP] consecutive
1571,cn,0.767683091,偷 [SEP] 小偷偷走了我的手机。 [SEP] s____ [SEP] steal
1572,cn,-1.254775764,拖拉机 [SEP] 他吃力地把拖拉机开出泥潭。 [SEP] t______ [SEP] tractor
1573,cn,2.101793862,懒的 [SEP] 我家的猫很懒，只喜欢吃饭晒太阳。 [SEP] l___ [SEP] lazy
1574,cn,-0.981053913,处理器 [SEP] 我为电脑配置了高速处理器。 [SEP] p________ [SEP] processor
1575,cn,3.587073467,公交车 [SEP] 我乘公交车上下班。 [SEP] b__ [SEP] bus
1576,cn,0.816289829,否定的 [SEP] 他给出了否定的答复。 [SEP] n_______ [SEP] negative
1577,cn,-1.441665785,不能聚焦的 [SEP] 她定定地看着他，然后目光渐渐变得茫然。 [SEP] u________ [SEP] unfocused
1578,cn,0.48082677,海岸 [SEP] 我的家乡是靠近东部海岸的一座小城。 [SEP] c____ [SEP] coast
1579,cn,-2.199074657,公文包 [SEP] 我把公文包落在公交车上了。 [SEP] p________ [SEP] portfolio
1580,cn,-2.127151423,教学的 [SEP] 教材附赠教学用CD。 [SEP] i____________ [SEP] instructional
1581,cn,1.469749702,口头的 [SEP] 学生被要求参加英语口试。 [SEP] o___ [SEP] oral
1582,cn,-0.670850875,微生物学家 [SEP] 微生物学家们研究了病毒的突变。 [SEP] m_____________ [SEP] microbiologist
1583,cn,0.735774808,正在增长的 [SEP] 数量日增的上班族放弃做饭而选择外卖。 [SEP] i_________ [SEP] increasing
1584,cn,0.223646861,绑架 [SEP] 他绑架了一个孩子，并向父母索要赎金。 [SEP] k_____ [SEP] kidnap
1585,cn,1.122476865,秋季 [SEP] 秋季是英国最美的季节。 [SEP] a_____ [SEP] autumn
1586,cn,-0.537970114,祝贺 [SEP] “祝贺！”朋友们得知她的婚讯后纷纷道喜。 [SEP] c______________ [SEP] congratulations
1587,cn,-0.382251772,气球 [SEP] 他故意扎破了气球。 [SEP] b______ [SEP] balloon
1588,cn,-0.314264092,车 [SEP] 他拥有一辆美国出产的汽车。 [SEP] a___ [SEP] auto
1589,cn,-1.962352363,神话 [SEP] 他对罗马神话的知识很渊博。 [SEP] m________ [SEP] mythology
1590,cn,-4.27065299,杆 [SEP] 高尔夫球杆的弹性很重要。 [SEP] s____ [SEP] shaft
1591,cn,0.586782313,对话 [SEP] 我们的谈话非常愉快。 [SEP] c___________ [SEP] conversation
1592,cn,-0.775561545,领土 [SEP] 我们拒绝任何一国的军队驻扎在我领土。 [SEP] t________ [SEP] territory
1593,cn,-2.405749206,收缩 [SEP] 寒冷导致金属在体积上的收缩。 [SEP] c__________ [SEP] contraction
1594,cn,-2.828596915,礼节 [SEP] 幼年王子的要求明显违背了皇室礼节，但对方总统并不介意。 [SEP] p_______ [SEP] protocol
1595,cn,-2.02108571,天文台 [SEP] 他们在南京修建了一座天文台。 [SEP] o__________ [SEP] observatory
1596,cn,1.208393755,题目 [SEP] 诗的题目是《丁登寺》。 [SEP] t____ [SEP] title
1597,cn,-2.123718144,严格说来 [SEP] 国家的内战严格说来已经结束，但经济的恢复仍需要较长时间。 [SEP] t__________ [SEP] technically
1598,cn,-1.921894924,盛行 [SEP] 1)放血疗法一度盛行于欧洲。2)这一婚俗仍然盛行于某些地区。 [SEP] p______ [SEP] prevail
1599,cn,0.134336545,三明治 [SEP] 他的午餐通常是三明治。 [SEP] s_______ [SEP] sandwich
1600,cn,-0.059750137,跳 [SEP] 他跳进一辆出租逃走了。 [SEP] l___ [SEP] leap
1601,cn,-0.493238704,撤退 [SEP] 敌人步步紧逼，他们不得不撤退。 [SEP] r______ [SEP] retreat
1602,cn,3.206365767,主意 [SEP] 这真是一个好主意。 [SEP] i___ [SEP] idea
1603,cn,-2.181236761,所述的 [SEP] 请不要超过规定剂量服药。 [SEP] s_____ [SEP] stated
1604,cn,-1.299213342,洞 [SEP] 我需要修补篱笆上的洞。 [SEP] o______ [SEP] opening
1605,cn,0.562769706,骄傲地 [SEP] “我的儿子是火箭工程师”，他骄傲地说。 [SEP] p______ [SEP] proudly
1606,cn,-2.947292899,全景的 [SEP] 站在山顶上，他们看到了全景的城市风光。 [SEP] p________ [SEP] panoramic
1607,cn,-2.89145452,坚决的 [SEP] 我决意减肥。 [SEP] r_______ [SEP] resolved
1608,cn,-1.027347768,联邦 [SEP] 俄罗斯联邦包括前苏联的一些国家。 [SEP] f_________ [SEP] federation
1609,cn,0.07967758,直升机 [SEP] 他们乘直升机拍摄了这组镜头。 [SEP] h_________ [SEP] helicopter
1610,cn,-1.852057752,使…非常兴奋 [SEP] 她的婚讯令全家都很激动。 [SEP] t_____ [SEP] thrill
1611,cn,-0.252283946,低语 [SEP] 随着孩子渐渐睡着，她讲故事的声音也渐渐变成低语。 [SEP] w______ [SEP] whisper
1612,cn,0.69017281,成熟的 [SEP] 随着时间推移，她变得益发成熟。 [SEP] m_____ [SEP] mature
1613,cn,-1.453023882,介词 [SEP] 英语中的“from”是一个介词。 [SEP] p__________ [SEP] preposition
1614,cn,0.58072674,游戏屋 [SEP] 他的家里有主卧，孩子的卧室，客厅及厨房，以及一个供孩子玩玩具的游戏屋。 [SEP] p_______ [SEP] playroom
1615,cn,2.317553456,要点 [SEP] 1)你的文章中有一些很好的点。2)我的要点是应从政策层面减少塑料生产。 [SEP] p____ [SEP] point
1616,cn,0.294887086,冒犯 [SEP] 我指出她的错误时冒犯了她。 [SEP] o_____ [SEP] offend
1617,cn,1.110387659,美味的 [SEP] 这顿饭真好吃。 [SEP] d________ [SEP] delicious
1618,cn,-0.448197744,栽种 [SEP] 农民决定在这片土地上种植玉米。 [SEP] c________ [SEP] cultivate
1619,cn,0.02025983,浏览器 [SEP] 她在手机上安装了一个浏览器。 [SEP] b______ [SEP] browser
1620,cn,2.400271722,浪费 [SEP] 1)他不愿浪费水。2)别浪费时间去和他争论了。 [SEP] w____ [SEP] waste
1621,cn,-1.664717495,得救 [SEP] 他坚信禁欲能使他从罪中得救。 [SEP] s________ [SEP] salvation
1622,cn,1.852908891,已经开发的 [SEP] 美国是一个发达国家。 [SEP] d________ [SEP] developed
1623,cn,-3.035509009,合法性 [SEP] 许多媒体质疑了这次对叙利亚攻击的合法性。 [SEP] l_________ [SEP] legitimacy
1624,cn,0.457377473,请客 [SEP] 晚上我们出去喝一杯——我请客！ [SEP] t____ [SEP] treat
1625,cn,-0.375478428,关节 [SEP] 他的膝关节肿了。 [SEP] j____ [SEP] joint
1626,cn,1.937673342,飞机 [SEP] 我们乘飞机来到墨尔本。 [SEP] p____ [SEP] plane
1627,cn,0.844488734,不许 [SEP] 父母不许我说脏话。 [SEP] f_____ [SEP] forbid
1628,cn,-0.79919379,后勤的 [SEP] 她提醒大家注意后勤方面的困难。 [SEP] l_______ [SEP] logistic
1629,cn,-1.546875783,可察觉的 [SEP] 这味药没有明显可测的副作用。 [SEP] d_________ [SEP] detectable
1630,cn,-1.383171436,重放 [SEP] 我们录下了婚礼场景，以便以后的重放。 [SEP] p_______ [SEP] playback
1631,cn,0.604704898,感人的 [SEP] 这真是一个感人的故事。 [SEP] m_____ [SEP] moving
1632,cn,-0.862615884,入侵 [SEP] 德国对波兰的入侵标志着二战欧洲战役的开始。 [SEP] i_______ [SEP] invasion
1633,cn,0.174247171,尽管 [SEP] 尽管天气恶劣，他们仍然发挥出色。 [SEP] s____ [SEP] spite
1634,cn,-2.327397046,神经科学家 [SEP] 神经科学家们研究脑部神经细胞的联系。 [SEP] n_____________ [SEP] neuroscientist
1635,cn,-1.013261472,有活力的 [SEP] 上海是一座富有活力的城市。 [SEP] d______ [SEP] dynamic
1636,cn,-2.667882325,守灵 [SEP] 这部剧讲述了在葬礼后的守灵夜上爆发的家庭纠纷。 [SEP] w___ [SEP] wake
1637,cn,0.265124778,幻觉 [SEP] 我曾有他会回心转意的幻觉。 [SEP] i_______ [SEP] illusion
1638,cn,2.649998802,水平 [SEP] 居民满意度达到了五年来的最高水平。 [SEP] l____ [SEP] level
1639,cn,1.102424841,形成 [SEP] 1)一个想法在我脑中成型了。2)无数的水滴形成了乌云。 [SEP] f___ [SEP] form
1640,cn,0.528171771,从…离开 [SEP] 1)杯子从桌子上掉下来。2)她下了火车。 [SEP] o__ [SEP] off
1641,cn,1.284913783,归档 [SEP] 请把新入职人员的材料归档。 [SEP] f___ [SEP] file
1642,cn,3.224699767,自行车 [SEP] 他骑自行车上下班。 [SEP] b___ [SEP] bike
1643,cn,2.340881768,方法 [SEP] 1)他处理矛盾的方式就是暂时躲避。2)有很多方法可以减轻体重。 [SEP] w__ [SEP] way
1644,cn,-2.257803133,魔鬼 [SEP] 有些基督徒认为地狱里有魔鬼折磨人的灵魂。 [SEP] d____ [SEP] demon
1645,cn,-2.168002812,以色列的 [SEP] 以色列军队与巴勒斯坦平民发生了冲突。 [SEP] i______ [SEP] israeli
1646,cn,-0.849372551,没有效率的 [SEP] 他震惊于这座企业低效而腐败的管理。 [SEP] i__________ [SEP] inefficient
1647,cn,0.497744031,过度加热的 [SEP] 天气太热，因此车的引擎过热了。 [SEP] o_________ [SEP] overheated
1648,cn,2.961005379,六 [SEP] 我们预订了六个桌位。 [SEP] s__ [SEP] six
1649,cn,0.116897081,实用的（不以美观为目的的） [SEP] 1)这台电脑不好看但很实用。2)空调好用吗？ [SEP] f_________ [SEP] functional
1650,cn,0.607102803,状况 [SEP] 医生询问了老人的健康状况。 [SEP] c________ [SEP] condition
1651,cn,-0.010676361,规模 [SEP] 这次飓风灾害造成了大规模的毁灭。2) [SEP] s____ [SEP] scale
1652,cn,0.288107188,被浪费的 [SEP] 1)我的一上午都荒废了。2)这些被浪费的饭菜有的被当作饲料。 [SEP] w_____ [SEP] wasted
1653,cn,-0.975771757,小地毯 [SEP] 我坐在壁炉旁的小地毯上。 [SEP] r__ [SEP] rug
1654,cn,-1.524617854,捆 [SEP] 利益紧紧地将他们捆在一起。 [SEP] b___ [SEP] bind
1655,cn,-0.657685432,喜剧演员 [SEP] 他是一位西区的喜剧演员。 [SEP] c_______ [SEP] comedian
1656,cn,1.315164952,眼球 [SEP] 医生检查她的眼球。 [SEP] e______ [SEP] eyeball
1657,cn,-0.660061,文件夹 [SEP] 请把这些合同放进文件夹。 [SEP] f_____ [SEP] folder
1658,cn,1.160912503,日本人 [SEP] 他的祖父是一位日本人。 [SEP] j_______ [SEP] japanese
1659,cn,-1.094097894,用螺丝钉固定 [SEP] 接下来，把这两块木板用螺丝钉固定在一起。 [SEP] s____ [SEP] screw
1660,cn,0.882852813,喊 [SEP] ”小心前面！“她朝他大喊。 [SEP] s____ [SEP] shout
1661,cn,0.718295661,重力 [SEP] 人在太空中会失去重力。 [SEP] g______ [SEP] gravity
1662,cn,-1.166027136,吸引力 [SEP] 她很明白自己对男性有吸引力。 [SEP] a_________ [SEP] attraction
1663,cn,0.138723476,军官 [SEP] 我刚要进入军营，一位军官拦下了我。 [SEP] o______ [SEP] officer
1664,cn,1.979509581,支持 [SEP] 他希望赢得这一选区的支持。 [SEP] s______ [SEP] support
1665,cn,0.777825831,锅 [SEP] 他用锅烧水煮面。 [SEP] p__ [SEP] pot
1666,cn,1.346756031,汤 [SEP] 他做了一锅番茄汤。 [SEP] s___ [SEP] soup
1667,cn,-1.188997933,危险 [SEP] 1)雾霾是一个危及健康的因素。2)酒驾会带来安全隐患。 [SEP] h_____ [SEP] hazard
1668,cn,-2.377429119,让步 [SEP] 谈判中的两国都做出了些让步。 [SEP] c_________ [SEP] concession
1669,cn,-1.237913957,基础设施 [SEP] 政府大力促进农村基础设施建设。 [SEP] i_____________ [SEP] infrastructure
1670,cn,2.445423274,盐 [SEP] 餐桌上有盐和胡椒。 [SEP] s___ [SEP] salt
1671,cn,-1.207021262,在音乐方面 [SEP] 她在音乐方面很有天赋。 [SEP] m________ [SEP] musically
1672,cn,0.288665537,反应 [SEP] 他对此事的反应出乎所有人意料。 [SEP] r_______ [SEP] reaction
1673,cn,-0.156514924,厨师 [SEP] 他担任这家酒店的厨师。 [SEP] c___ [SEP] chef
1674,cn,1.952039668,主动提供 [SEP] 他提供给我一份工作。 [SEP] o____ [SEP] offer
1675,cn,-0.996607062,令人震惊的 [SEP] 她去世了？！真让人震惊。 [SEP] s_______ [SEP] shocking
1676,cn,-3.423454727,以…方式 [SEP] 1) 我们每天见面（以“每天”这个方式见面）。2)不要仅基于成本作决定。 [SEP] b____ [SEP] basis
1677,cn,-3.077117619,累积 [SEP] 随着债务不断累积，公司的管理人员也日益焦虑起来。 [SEP] m____ [SEP] mount
1678,cn,0.712839181,内衣裤 [SEP] 天太冷了，我换上了保暖内衣。 [SEP] u________ [SEP] underwear
1679,cn,-0.043726447,被擦亮的 [SEP] 她被擦亮的靴子像新的一样。 [SEP] p_______ [SEP] polished
1680,cn,0.854047878,居民 [SEP] 当地居民抱怨施工的噪声和污染。 [SEP] r_______ [SEP] resident
1681,cn,3.185130727,乐趣 [SEP] 那天的聚会充满乐趣。 [SEP] f__ [SEP] fun
1682,cn,0.072578269,离开 [SEP] 他们的离开让房子安静了下来。 [SEP] d________ [SEP] departure
1683,cn,-1.117433809,卸任 [SEP] 总统的突然卸任使国家陷入混乱。 [SEP] r__________ [SEP] resignation
1684,cn,-0.879481785,过敏 [SEP] 食物过敏可能引发哮喘。 [SEP] a______ [SEP] allergy
1685,cn,-0.755792518,兄弟姐妹 [SEP] “你有兄弟姐妹吗？”“没有，我是独子。” [SEP] s______ [SEP] sibling
1686,cn,-1.821230557,柴油 [SEP] 我的新车耗费柴油。 [SEP] d_____ [SEP] diesel
1687,cn,-1.98074715,被噤声的 [SEP] 这些被噤声的性骚扰受害者终于开口说话了。 [SEP] s_______ [SEP] silenced
1688,cn,0.398860202,发信号 [SEP] 交警示意让车停下。 [SEP] s_____ [SEP] signal
1689,cn,1.807055076,用过的 [SEP] 我买了一辆二手自行车。 [SEP] u___ [SEP] used
1690,cn,1.228673171,建议 [SEP] 1)他的建议遭到了主管的反对。2)我想给妈妈买个礼物。你有什么建议吗？ [SEP] s_________ [SEP] suggestion
1691,cn,1.75544668,工业 [SEP] 这座国家的工业集中于西北部地区。 [SEP] i_______ [SEP] industry
1692,cn,-0.186386825,检查员 [SEP] 检查员关心的是猪肉的健康情况。 [SEP] i________ [SEP] inspector
1693,cn,-1.049837125,舰队 [SEP] 英国的舰队打败了西班牙入侵者。 [SEP] f____ [SEP] fleet
1694,cn,2.953955016,同样的 [SEP] 1)我们用同样的电脑。2)她的发型和你一样。 [SEP] s___ [SEP] same
1695,cn,1.784289889,癌症 [SEP] 希望人类有朝一日能攻克癌症。 [SEP] c_____ [SEP] cancer
1696,cn,-1.948131438,强迫 [SEP] 他强迫妻子做伪证。 [SEP] c_____ [SEP] compel
1697,cn,-3.245420349,警长 [SEP] 警员们把收集的线索报告了警长。 [SEP] s_____________ [SEP] superintendent
1698,cn,2.282957217,歌 [SEP] 你最喜欢的歌是什么？ [SEP] s___ [SEP] song
1699,cn,0.277716567,货币 [SEP] 德国的货币不再是德国马克而是欧元了。 [SEP] c_______ [SEP] currency
1700,cn,-1.057959094,默认 [SEP] 默认存储硬盘是C盘。 [SEP] d______ [SEP] default
1701,cn,1.240214611,帽子 [SEP] 我买了一顶棒球帽。 [SEP] c__ [SEP] cap
1702,cn,-1.534789377,冲动的 [SEP] 1)他是个冲动的人。2)她决定抑制冲动消费。 [SEP] i________ [SEP] impulsive
1703,cn,0.221724843,小马 [SEP] 女孩的生日礼物是一匹小马。 [SEP] p___ [SEP] pony
1704,cn,-1.868110875,机械 [SEP] 政府购进大量农业机械，以促进当地的农业机械化生产。 [SEP] m________ [SEP] machinery
1705,cn,-1.970001272,西班牙的 [SEP] 我喜欢西班牙语文学。 [SEP] h_______ [SEP] hispanic
1706,cn,-0.542848684,使人迷惑的 [SEP] 这个火车站里的标识常常使人迷惑。 [SEP] c________ [SEP] confusing
1707,cn,-2.74691269,变体 [SEP] 这是流感病毒株的又一变体。 [SEP] v______ [SEP] variant
1708,cn,3.078475971,最后一个 [SEP] 请翻到课本最后一页。 [SEP] l___ [SEP] last
1709,cn,-2.065256846,梦游者 [SEP] 他是个梦游症患者，但他自己对此毫无知觉。 [SEP] s__________ [SEP] sleepwalker
1710,cn,-1.119647905,铜 [SEP] 这些古钱币是铜制的。 [SEP] c_____ [SEP] copper
1711,cn,-0.315392318,估计 [SEP] 火灾的损失估计为300万元。 [SEP] e_______ [SEP] estimate
1712,cn,-0.647710504,传奇的 [SEP] 罗宾汉是一个劫富济贫的传奇人物。 [SEP] l________ [SEP] legendary
1713,cn,3.377162084,现在 [SEP] 我现在正在工作。 [SEP] n__ [SEP] now
1714,cn,-3.143256045,超验的 [SEP] 在山顶上看日出是我一生中无上美妙的经历之一。 [SEP] t___________ [SEP] transcendent
1715,cn,-3.531599879,巨大的 [SEP] 他面临着一个巨大的挑战：改革这个国家的医疗系统。 [SEP] t______ [SEP] titanic
1716,cn,1.038096012,看待 [SEP] 你如何看待儿童拐卖的问题？ [SEP] v___ [SEP] view
1717,cn,-1.066526796,剪报 [SEP] 剪纸的技术很难学习。 [SEP] c______ [SEP] cutting
1718,cn,1.683682583,刀 [SEP] 她用刀切开苹果。 [SEP] k____ [SEP] knife
1719,cn,0.314354236,使…虚弱 [SEP] 手术使她变得虚弱。 [SEP] w_____ [SEP] weaken
1720,cn,-0.393911795,重获（某种能力或状态） [SEP] 只要积极治疗，你很快就能重获听力。 [SEP] r_____ [SEP] regain
1721,cn,1.213092754,愿望 [SEP] 领导满足了他退休还乡的愿望。 [SEP] d_____ [SEP] desire
1722,cn,-0.280465513,动物学家 [SEP] 动物学家称许多动物正以前所未有的速度消失。 [SEP] z________ [SEP] zoologist
1723,cn,-1.019210608,步枪 [SEP] 他用步枪瞄准了敌人。 [SEP] r____ [SEP] rifle
1724,cn,-0.740971827,使人愉快的 [SEP] 我们度过了一个愉快的周末。 [SEP] p_______ [SEP] pleasant
1725,cn,1.03723854,本地人 [SEP] 她在摩洛哥时常常与本地人聊天，了解了不少文化知识。 [SEP] n_____ [SEP] native
1726,cn,1.5068843,屏幕 [SEP] 他聚精会神地盯着电视屏幕。 [SEP] s_____ [SEP] screen
1727,cn,-0.585139026,严重的 [SEP] 1)国家正遭遇严重的经济困难。2)她受剧烈的头痛折磨。 [SEP] s_____ [SEP] severe
1728,cn,-1.015331067,不忠实的 [SEP] 他是一位不忠的丈夫。 [SEP] f________ [SEP] faithless
1729,cn,-0.624122066,重新计算 [SEP] 我们要重新计算产品的成本。 [SEP] r__________ [SEP] recalculate
1730,cn,-0.838258374,运动 [SEP] 1)政府发起了禁烟运动。2)她在竞选活动期间许诺打击腐败。 [SEP] c_______ [SEP] campaign
1731,cn,-0.056486026,侄子 [SEP] 我的侄子今年五岁。 [SEP] n_____ [SEP] nephew
1732,cn,-2.376928215,猜测 [SEP] 事情并不像我猜测的那么简单。 [SEP] s______ [SEP] suppose
1733,cn,-1.320876761,里走来走去 [SEP] 他在屋里走来走去，苦思冥想着对策。 [SEP] p___ [SEP] pace
1734,cn,1.059050398,富有的 [SEP] 媒体鼓励富有的商人支持慈善事业。 [SEP] w______ [SEP] wealthy
1735,cn,-0.991883082,直径 [SEP] 这个洞口的直径有多大？ [SEP] d_______ [SEP] diameter
1736,cn,-0.909460695,估计的 [SEP] 将有估计300万人将参加这次跨年庆祝活动。 [SEP] e________ [SEP] estimated
1737,cn,0.224114485,运动员 [SEP] 李娜是一位著名的网球运动员。 [SEP] p_____ [SEP] player
1738,cn,-0.103836242,自由式比赛（如自由泳、自由式摔跤等等） [SEP] 他赢得了自由泳比赛。 [SEP] f________ [SEP] freestyle
1739,cn,1.12937862,模型 [SEP] 爸爸送给儿子一个战舰模型。 [SEP] m____ [SEP] model
1740,cn,-3.444473994,情况 [SEP] 1)最坏的局面不过是公司破产，我们辞职走人。2)最有可能的情况是两国长时间僵持。 [SEP] s_______ [SEP] scenario
1741,cn,-2.445900427,赞助 [SEP] 这项研究是由政府赞助的。 [SEP] f______ [SEP] finance
1742,cn,3.027679122,拜访 [SEP] 朋友的拜访让我很高兴。 [SEP] v____ [SEP] visit
1743,cn,2.115549512,疯的 [SEP] 他把所有的钱都投进了股市——他一定是疯了。 [SEP] m__ [SEP] mad
1744,cn,-0.959247866,不可想象的 [SEP] 她承受了难以想象的痛苦和压力。 [SEP] u___________ [SEP] unimaginable
1745,cn,-2.068753157,不费力 [SEP] 他不费力就取下了那本书。 [SEP] e___ [SEP] ease
1746,cn,0.383859564,插入 [SEP] 他把钥匙插入锁眼。 [SEP] i_____ [SEP] insert
1747,cn,0.830317539,录像带 [SEP] 记者找到了记录他童年影像的录像带。 [SEP] t___ [SEP] tape
1748,cn,-2.722267344,恢复 [SEP] 1)我们前来重建这一地区的和平。2)医生试图恢复他的听力。 [SEP] r______ [SEP] restore
1749,cn,1.979945142,限度 [SEP] 我的耐心是有限度的。 [SEP] l____ [SEP] limit
1750,cn,-1.317855988,被强烈吸引的 [SEP] 孩子们沉迷于这个动画片。 [SEP] h_____ [SEP] hooked
1751,cn,-1.505374299,变量 [SEP] 天气和节假日这些变量都影响市内交通情况。 [SEP] v_______ [SEP] variable
1752,cn,0.26032178,使劲（做） [SEP] 1)她竭力从床上起身。2)我挣扎着在期限内完成工作。 [SEP] s_______ [SEP] struggle
1753,cn,0.116711449,被雇佣的 [SEP] 这些新被雇佣的厨师都非常优秀。 [SEP] e_______ [SEP] employed
1754,cn,-1.939973561,切实可行的 [SEP] 这个方案并不切实可行，没有考虑到技术人员紧缺的问题。 [SEP] v_____ [SEP] viable
1755,cn,3.049583768,说 [SEP] 不管你怎么说，我都不会改变主意的。 [SEP] s__ [SEP] say
1756,cn,0.070213485,奉献 [SEP] 她将生命献给了考古事业。 [SEP] d_____ [SEP] devote
1757,cn,0.482122062,疾病 [SEP] 我们要防止疾病的传播。 [SEP] d______ [SEP] disease
1758,cn,-1.354018805,奉献 [SEP] 这张唱片就是乐队对乐迷们的最新奉献。 [SEP] o_______ [SEP] offering
1759,cn,0.572329033,晋升 [SEP] 他的晋升是他用努力换来的。 [SEP] p________ [SEP] promotion
1760,cn,-4.261491552,极度地 [SEP] 今年的冬天冷得出奇。 [SEP] e____________ [SEP] exceptionally
1761,cn,0.176838551,过大的 [SEP] 超宽大的外套与大衣又流行起来。 [SEP] o________ [SEP] oversized
1762,cn,0.56044074,发音 [SEP] 他感到一些德语辅音很难发音。 [SEP] p________ [SEP] pronounce
1763,cn,3.101663913,跳 [SEP] 他跳下了墙。 [SEP] j___ [SEP] jump
1764,cn,0.152454359,好奇心 [SEP] 人们常说好奇心害死猫。 [SEP] c________ [SEP] curiosity
1765,cn,2.130083444,重写 [SEP] 老师要求她重写这篇文章。 [SEP] r______ [SEP] rewrite
1766,cn,-0.557777194,好客 [SEP] 当地人的热情好客使我们感动。 [SEP] h__________ [SEP] hospitality
1767,cn,0.03808148,短暂地 [SEP] 我只短暂地见了她一面。 [SEP] b______ [SEP] briefly
1768,cn,-5.242443973,衬得人好看的 [SEP] 这件粉衬衫衬得你很好看。 [SEP] b_______ [SEP] becoming
1769,cn,0.84650012,追捕 [SEP] 对罪犯的追捕以失败告终。 [SEP] h___ [SEP] hunt
1770,cn,0.394093775,辞去 [SEP] 总统宣布辞去职位。 [SEP] r_____ [SEP] resign
1771,cn,1.169524143,发生 [SEP] 事故发生了，改变了他的生活。 [SEP] o____ [SEP] occur
1772,cn,1.386494155,应受 [SEP] 1)你不应受到这样的虐待。2)他犯错了，就应受惩罚。 [SEP] d______ [SEP] deserve
1773,cn,0.825758901,病 [SEP] 他因病无法参加比赛。 [SEP] s_______ [SEP] sickness
1774,cn,-0.27028106,生物技术 [SEP] 克隆是生物技术的一种。 [SEP] b____________ [SEP] biotechnology
1775,cn,-3.234607855,为某种政治或社会目的开展活动 [SEP] 数年来，这个群体一直为女性权益奔走。 [SEP] c_______ [SEP] campaign
1776,cn,-0.81374786,纪律 [SEP] 1)每个孩子都需要规训。2)军队纪律很严格。 [SEP] d_________ [SEP] discipline
1777,cn,-3.04445533,意象 [SEP] 基督教通过一系列关于上帝、圣母、天堂和地狱的宗教意象，达到教化不识字的民众的目的。 [SEP] i______ [SEP] imagery
1778,cn,1.397512954,没有… [SEP] 1)你能不用钥匙打开抽屉吗？2)人活着不能没有水。 [SEP] w______ [SEP] without
1779,cn,-3.100986099,空间的 [SEP] 阅读这本小说要求一定的空间想象力。 [SEP] s______ [SEP] spatial
1780,cn,-0.281530903,讽刺 [SEP] “你真是他的好朋友”，她评论道，语气中含有一丝嘲讽。 [SEP] i____ [SEP] irony
1781,cn,0.382949545,有福的 [SEP] 天主认为贫困的人是有福的。 [SEP] b______ [SEP] blessed
1782,cn,-0.037961403,行军 [SEP] 将军部署了行军路线。 [SEP] m____ [SEP] march
1783,cn,-3.443874811,拖拖拉拉地走 [SEP] 挨了母亲训的孩子拖拖拉拉地跟在母亲后面走。 [SEP] t____ [SEP] trail
1784,cn,2.323391318,推 [SEP] 跳伞时，他迟迟不肯跳下飞机，教练只好给他猛力一推。 [SEP] p___ [SEP] push
1785,cn,1.128906703,私人的 [SEP] 侵犯私有财产是违法的。 [SEP] p______ [SEP] private
1786,cn,0.962652746,级别较高的 [SEP] 一位高级军官接待了我。 [SEP] s_____ [SEP] senior
1787,cn,-0.533191526,凶猛的 [SEP] 1)老虎是一种凶猛的动物。2)我们面临激烈的竞争。 [SEP] f_____ [SEP] fierce
1788,cn,0.583310009,销售 [SEP] 1)公司设立了销售部门。2)书籍的营销与质量同样重要。 [SEP] m________ [SEP] marketing
1789,cn,-3.905820345,倡导者 [SEP] 他是环保立法的倡导者。 [SEP] p________ [SEP] proponent
1790,cn,0.669906557,船长 [SEP] 船长下令发射鱼雷。 [SEP] c______ [SEP] captain
1791,cn,-1.998702961,香味 [SEP] 他喜欢锄草后草地的气味。 [SEP] s____ [SEP] scent
1792,cn,1.948795979,值…钱 [SEP] 这块表价值200英镑。 [SEP] w____ [SEP] worth
1793,cn,-0.112043757,克隆（人，动物或生命机体） [SEP] 你是否想过在未来你可以让自己的克隆帮你做家务？ [SEP] c____ [SEP] clone
1794,cn,0.079212439,表明 [SEP] 这些数据表明该国的经济正在下滑。 [SEP] i_______ [SEP] indicate
1795,cn,-0.422926531,电话簿 [SEP] 她在电话簿中查到了他的电话。 [SEP] p________ [SEP] phonebook
1796,cn,0.307943248,与…斗争 [SEP] 她与癌症搏斗了五年。 [SEP] b_____ [SEP] battle
1797,cn,-0.478346271,不成文的 [SEP] 这家公司有条不成文的规定，就是不能与同事恋爱。 [SEP] u________ [SEP] unwritten
1798,cn,0.164604055,光滑的 [SEP] 面霜广告称长期使用能使皮肤变得光滑。 [SEP] s_____ [SEP] smooth
1799,cn,-2.937500071,形象 [SEP] 这个手持天平、蒙住双眼的雕像是正义女神的形象。 [SEP] r_____________ [SEP] representation
1800,cn,1.497002851,个人电脑 [SEP] 我们正在研制同时适用于个人电脑和便携式设备的软件。 [SEP] p_ [SEP] pc
1801,cn,-0.110548896,职业的 [SEP] 对在噪声环境下工作的工人来说，失聪是一种职业病。 [SEP] o___________ [SEP] occupational
1802,cn,-2.464048692,矛盾的命题或说法 [SEP] 他的招供充满了自相矛盾。 [SEP] c____________ [SEP] contradiction
1803,cn,2.007061966,租（房屋、办公室等） [SEP] 我租这间屋子已经三年了。 [SEP] r___ [SEP] rent
1804,cn,-1.207349493,间隔 [SEP] 两次余震的间隔时间是5小时。 [SEP] i_______ [SEP] interval
1805,cn,-0.990345332,车 [SEP] 他的梦想是买一辆车。 [SEP] a_________ [SEP] automobile
1806,cn,-1.686866905,执行 [SEP] 1)医生么为他做了第二次手术。2)现在，手机能够完成许多从前必须使用电脑的任务。 [SEP] p______ [SEP] perform
1807,cn,1.12937322,预留 [SEP] 1)我把每周四留出来作为科研时间。2)这些座位是为残疾观众预留的。 [SEP] r______ [SEP] reserve
1808,cn,0.824767773,显示 [SEP] 1)图书馆正展示最近新书。2)屏幕上显示了一行字。 [SEP] d______ [SEP] display
1809,cn,0.539675829,在历史上 [SEP] 1)这部剧从历史方面来说并不准确。2)历史上这里曾是一片水域。 [SEP] h___________ [SEP] historically
1810,cn,-0.982669039,生产商 [SEP] 他们是亚洲最大的玩具生产商。 [SEP] m___________ [SEP] manufacturer
1811,cn,2.236490818,邮寄 [SEP] 我们已将上一个月的账单寄给您了。 [SEP] m___ [SEP] mail
1812,cn,-1.793114234,参考书目 [SEP] 书后详细列出了参考文献。 [SEP] b___________ [SEP] bibliography
1813,cn,1.291252531,向日葵 [SEP] 照片里，她笑容灿烂地站在一丛向日葵中间。 [SEP] s________ [SEP] sunflower
1814,cn,1.723063842,人口 [SEP] 这个国家的人口为一亿。 [SEP] p_________ [SEP] population
1815,cn,-0.334979104,呈交 [SEP] 1)校长向我颁发奖品。2)法官要求律师出示证据。 [SEP] p______ [SEP] present
1816,cn,1.329127051,重置 [SEP] 如果以上修复措施皆无效，请按机身背后的按钮重置机器。 [SEP] r____ [SEP] reset
1817,cn,-0.262123016,描述 [SEP] 他对家乡的描述把我们带回了二十年前。 [SEP] d__________ [SEP] description
1818,cn,-1.532349809,游说 [SEP] 居民们正在当局活动，试图加重对污染企业的处罚。 [SEP] l____ [SEP] lobby
1819,cn,-1.467554118,继续 [SEP] 这个问题解决了，现在我们继续进行下一项议程。 [SEP] p______ [SEP] proceed
1820,cn,-1.724012116,结尾 [SEP] 这部小说从开头到结尾都很出色。 [SEP] f_____ [SEP] finish
1821,cn,0.676245596,平等 [SEP] 我支持性别平等。 [SEP] e_______ [SEP] equality
1822,cn,-0.656488817,肋骨 [SEP] 他被打断了两条肋骨。 [SEP] r__ [SEP] rib
1823,cn,1.297272476,北方的 [SEP] 北方的省份可能有降雪。 [SEP] n_______ [SEP] northern
1824,cn,-1.331492165,追求 [SEP] 对幸福的追求是所有人共有的。 [SEP] p______ [SEP] pursuit
1825,cn,1.593510346,通常的 [SEP] 他戴着他一贯的鸭舌帽来了。 [SEP] u____ [SEP] usual
1826,cn,1.891763768,不可能的 [SEP] 戒酒对我来说不可能。 [SEP] i_________ [SEP] impossible
1827,cn,-3.317706313,表明了的 [SEP] 她的意见得到了清晰的表述。 [SEP] e________ [SEP] expressed
1828,cn,-3.148250748,盘算好的 [SEP] 这起看似意外的车祸其实是一起精心安排的谋杀。 [SEP] c_________ [SEP] calculated
1829,cn,0.456048455,不利因素 [SEP] 生活在乡村的不利因素是生活的不便。 [SEP] d___________ [SEP] disadvantage
1830,cn,1.324370453,获取 [SEP] 他终于获得了资格证书。 [SEP] o_____ [SEP] obtain
1831,cn,-2.165286477,三部曲 [SEP] 他是阿西莫多基地三部曲的忠实读者。 [SEP] t______ [SEP] trilogy
1832,cn,1.764257684,披萨 [SEP] 他们去一家意大利餐厅吃披萨。 [SEP] p____ [SEP] pizza
1833,cn,-1.245741224,让人沮丧的 [SEP] 实验的结果令人沮丧。 [SEP] f__________ [SEP] frustrating
1834,cn,1.559372647,不管在哪 [SEP] 你去哪都行，别回来了！ [SEP] w_______ [SEP] wherever
1835,cn,-2.660064673,镁 [SEP] 这是一种镁和钙的合剂。 [SEP] m________ [SEP] magnesium
1836,cn,3.218726284,生日 [SEP] 祝你生日快乐。 [SEP] b_______ [SEP] birthday
1837,cn,-0.097442391,供应商 [SEP] 我们是华东区域最大的助听设备供应商。 [SEP] p_______ [SEP] provider
1838,cn,0.545063102,高兴 [SEP] 早上的阳光总是给我快乐。 [SEP] d______ [SEP] delight
1839,cn,1.486385415,音乐家 [SEP] 他梦想成为一名爵士音乐家。 [SEP] m_______ [SEP] musician
1840,cn,1.256689978,借 [SEP] 他借给我一本书。 [SEP] l___ [SEP] lend
1841,cn,0.572110622,仅仅 [SEP] 1)他只是个孩子。2)她仅仅笑了一下，没有说话。 [SEP] m_____ [SEP] merely
1842,cn,0.628454183,展示 [SEP] 我们观看了古代瓷器的展示。 [SEP] d______ [SEP] display
1843,cn,-0.354188113,院子 [SEP] 父亲在院子里种了一棵海棠树。 [SEP] c________ [SEP] courtyard
1844,cn,-0.770490692,系统地 [SEP] 我们已系统地更新了整套教材。 [SEP] s_____________ [SEP] systematically
1845,cn,-1.403456366,提出建议 [SEP] 营养专家对日常饮食提出建议。 [SEP] a_____ [SEP] advise
1846,cn,-0.441602528,决定 [SEP] 1)基因决定我们的很多行为。2)我决心毕业后出国深造。 [SEP] d________ [SEP] determine
1847,cn,3.436547497,家 [SEP] 他不在家。 [SEP] h___ [SEP] home
1848,cn,2.670137908,犯罪 [SEP] 我们不能容忍对儿童的犯罪。 [SEP] c____ [SEP] crime
1849,cn,0.739367991,最坏的 [SEP] 我已经为最坏的结果做了准备。 [SEP] w____ [SEP] worst
1850,cn,-0.759427613,难以置信的 [SEP] 目前的高铁技术可以达到令人难以置信的速度。 [SEP] i_________ [SEP] incredible
1851,cn,-0.486105854,制作 [SEP] 1)她学习电影制作。2)政策的制定取决于多方因素。 [SEP] m_____ [SEP] making
1852,cn,-2.158890153,诊断的 [SEP] 我们开展了一项诊断性测试，以找出真正的病因。 [SEP] d_________ [SEP] diagnostic
1853,cn,0.074798685,选择出来的 [SEP] 他们出版了马一浮诗选。 [SEP] s_______ [SEP] selected
1854,cn,1.069471257,厌烦的 [SEP] 那个女孩看起来有点无聊，我们可以去找她说话。 [SEP] b____ [SEP] bored
1855,cn,-2.985457606,人形机器人 [SEP] 谷歌的智能手机系统以人形机器人命名。 [SEP] a______ [SEP] android
1856,cn,1.486960084,新闻记者 [SEP] 记者报道了投票现场的状况。 [SEP] r_______ [SEP] reporter
1857,cn,-3.536190754,使命 [SEP] 他把救死扶伤当成自己的使命。 [SEP] c______ [SEP] calling
1858,cn,-0.631856766,核实 [SEP] 保险起见，这位访客的身份还需要核实。 [SEP] v___________ [SEP] verification
1859,cn,0.332938842,零售的 [SEP] 网络购物拉动了零售业的发展。 [SEP] r_____ [SEP] retail
1860,cn,2.340282766,王子 [SEP] 王子与王妃的婚礼是当年的重大皇室新闻。 [SEP] p_____ [SEP] prince
1861,cn,2.12772332,院子 [SEP] 孩子们在院子里玩耍跑闹。 [SEP] y___ [SEP] yard
1862,cn,-0.727643457,不耐烦 [SEP] 孩子感受到了母亲的不耐烦。 [SEP] i_________ [SEP] impatience
1863,cn,-0.577236956,参与 [SEP] 我们感谢您对这次活动的参与。 [SEP] p____________ [SEP] participation
1864,cn,0.951081789,成熟的 [SEP] 父母希望自己长大的孩子能够经济独立。 [SEP] g____ [SEP] grown
1865,cn,1.687114978,记录 [SEP] 请做一份每天睡眠情况的记录，以便我们更好地诊断您的失眠。 [SEP] r_____ [SEP] record
1866,cn,2.457665867,医生 [SEP] 我需要去看医生。 [SEP] d_____ [SEP] doctor
1867,cn,-0.244571079,谢意 [SEP] 为了表达对您慷慨相助的谢意，我们特意带来了家乡的土产。 [SEP] a___________ [SEP] appreciation
1868,cn,0.260171257,人造的 [SEP] 人工智能会夺走人类的工作吗？ [SEP] a_________ [SEP] artificial
1869,cn,2.36019669,套装 [SEP] 他总是穿着套装打着领带来上班，连夏天也不例外。 [SEP] s___ [SEP] suit
1870,cn,-1.546408777,传送 [SEP] 开幕式将通过卫星信号传送至全世界各个国家。 [SEP] t_______ [SEP] transmit
1871,cn,-4.071228048,不引人注目的 [SEP] “你们昨天看的剧怎么样？”“表演很一般。” [SEP] u___________ [SEP] unremarkable
1872,cn,3.388753148,买 [SEP] 母亲给孩子买了一件玩具。 [SEP] b__ [SEP] buy
1873,cn,0.398868734,奶酪蛋糕 [SEP] 她做了一个草莓味的奶酪蛋糕。 [SEP] c_________ [SEP] cheesecake
1874,cn,0.439105571,自动的 [SEP] 这是自动门，所以没有把手。 [SEP] a________ [SEP] automatic
1875,cn,-0.444564132,同盟国 [SEP] 美国在亚洲也有许多盟国。 [SEP] a___ [SEP] ally
1876,cn,1.453309903,更近的（“近”的比较级） [SEP] 靠近点，我不会伤害你。 [SEP] c_____ [SEP] closer
1877,cn,-1.859920642,宪章 [SEP] 《联合国宪章》规定禁止奴隶制。 [SEP] c______ [SEP] charter
1878,cn,-3.213982,有条件的 [SEP] 我们对国家的情感认同是受到条件制约的。 [SEP] c__________ [SEP] conditioned
1879,cn,-0.234432227,准确地 [SEP] 她准确地还原出当时的场景。 [SEP] a_________ [SEP] accurately
1880,cn,2.548267086,魔法的 [SEP] 这种魔法药水可以让服下的任何人爱上你。 [SEP] m____ [SEP] magic
1881,cn,-3.815133018,不同的（不以ious结尾） [SEP] 各省的碳排放量有了不同程度的减少。 [SEP] v______ [SEP] varying
1882,cn,-1.721988984,共识 [SEP] 双方就继续合作达成共识。 [SEP] c________ [SEP] consensus
1883,cn,-2.059608821,父母身份 [SEP] 父母身份意味着很多的爱和责任。 [SEP] p_________ [SEP] parenthood
1884,cn,-0.270538192,令人担忧的 [SEP] 最令人担忧的事情是，许多地区的儿童在初中前就辍学了。 [SEP] w_______ [SEP] worrying
1885,cn,-0.107439112,基础 [SEP] 爱和信任是友谊的基础。 [SEP] f_________ [SEP] foundation
1886,cn,0.138328327,不适 [SEP] 晚睡会导致不适。 [SEP] d_________ [SEP] discomfort
1887,cn,-3.4701603,停地 [SEP] 他不停给她打电话，直到她意识到这是骚扰。 [SEP] c__________ [SEP] continually
1888,cn,0.424198875,壳 [SEP] 蟹用外壳抵御危险。 [SEP] s____ [SEP] shell
1889,cn,-1.681062923,分布的 [SEP] 数学中的质数是随机分布的。 [SEP] d__________ [SEP] distributed
1890,cn,2.613666056,新的 [SEP] 我买了一辆新车。 [SEP] n__ [SEP] new
1891,cn,1.171715124,利润 [SEP] 要提高利润，就要尽量降低成本。 [SEP] p_____ [SEP] profit
1892,cn,-1.335145577,弹性 [SEP] 市场需求往往具有一定弹性。 [SEP] e_________ [SEP] elasticity
1893,cn,-0.304261166,隐藏的 [SEP] 他婉拒这份工作，还有一个隐藏的原因。 [SEP] h_____ [SEP] hidden
1894,cn,-1.602057542,限制性的 [SEP] 楼盘转手买卖的规定有很强的限制性。 [SEP] r__________ [SEP] restrictive
1895,cn,-2.08145648,合理的 [SEP] 质疑捐款的去向是十分合理的。 [SEP] l_________ [SEP] legitimate
1896,cn,-0.600107242,功能性 [SEP] 我们挑电脑以功能性为主，外观是次要的。 [SEP] f____________ [SEP] functionality
1897,cn,-0.292966905,专注 [SEP] 你需要完全专注才能理解这段对定理的证明。 [SEP] c____________ [SEP] concentration
1898,cn,2.099116231,孤独的 [SEP] 一个人在家时我感到孤独。 [SEP] l_____ [SEP] lonely
1899,cn,-1.3336926,在医疗方面 [SEP] 1)只有受过医疗训练的人才能担任护士。2)这个地区在医疗方面很落后。 [SEP] m________ [SEP] medically
1900,cn,-1.002189203,组装 [SEP] 大多苹果手机都是在中国组装的。 [SEP] a_______ [SEP] assemble
1901,cn,-0.539501814,物质 [SEP] 爆炸中的一些有毒物质损害了他的呼吸系统。 [SEP] s________ [SEP] substance
1902,cn,1.98148362,礼貌的 [SEP] 这个孩子很礼貌。 [SEP] p_____ [SEP] polite
1903,cn,0.661941666,神圣的 [SEP] 他们去了圣城耶路撒冷。 [SEP] h___ [SEP] holy
1904,cn,0.626372641,大的 [SEP] 他把文件装进一只大箱子。 [SEP] b__ [SEP] big
1905,cn,-1.324194356,审判室 [SEP] 证人被带入审判室。 [SEP] c________ [SEP] courtroom
1906,cn,0.10323826,例行日程 [SEP] 我每天早上的例行日程是吃过早饭，来到办公室，泡一杯茶，然后开始工作。 [SEP] r______ [SEP] routine
1907,cn,1.389400512,亲吻 [SEP] 这部影片中有许多亲吻镜头。 [SEP] k______ [SEP] kissing
1908,cn,0.439405011,装饰 [SEP] 人们买来各种各样的圣诞装饰品。 [SEP] d_________ [SEP] decoration
1909,cn,-2.942510209,催眠 [SEP] 她并不记得自己在催眠状态下说过的话。 [SEP] h_______ [SEP] hypnosis
1910,cn,0.337101831,志愿做…工作 [SEP] 他志愿去灾区服务。 [SEP] v________ [SEP] volunteer
1911,cn,-1.015237255,有益 [SEP] 适量水果对健康有益。 [SEP] b_________ [SEP] beneficial
1912,cn,-2.673870651,潜藏的 [SEP] 贫富差距是社会矛盾频发的深层原因。 [SEP] u_________ [SEP] underlying
1913,cn,0.006819331,聪明的 [SEP] 他是一个非常聪明的青年。 [SEP] i__________ [SEP] intelligent
1914,cn,-0.588177168,生物化学的 [SEP] 人体对食物的消化依赖于一系列生物化学反应。 [SEP] b__________ [SEP] biochemical
1915,cn,-1.568586043,管理的 [SEP] 他展示了出色的管理技能。 [SEP] a_____________ [SEP] administrative
1916,cn,-0.888324364,修改 [SEP] 他对我的计划做了几处修改。 [SEP] m___________ [SEP] modification
1917,cn,-0.964293699,从统计学上说 [SEP] 实验组和对照组的数据差异在统计学上是显著的。 [SEP] s____________ [SEP] statistically
1918,cn,-1.392916969,撤回 [SEP] 1)这些资金的撤出使企业进退两难。2)他以退赛抗议比赛的不公平。 [SEP] w_________ [SEP] withdrawal
1919,cn,0.759121028,有机的（不使用化肥的） [SEP] 她痴迷于购买有机蔬菜。 [SEP] o______ [SEP] organic
1920,cn,0.175335527,管理 [SEP] 他管理公司的日常运营。 [SEP] d_____ [SEP] direct
1921,cn,1.170854596,平等地 [SEP] 老师必须平等地对待所有孩子（对孩子一视同仁）。 [SEP] e______ [SEP] equally
1922,cn,-1.127689819,同情 [SEP] 通常认为女性更具同情心。 [SEP] c_________ [SEP] compassion
1923,cn,0.029061422,杂草 [SEP] 他一年没有回家，院子里长满了杂草。 [SEP] w___ [SEP] weed
1924,cn,2.445834069,复制 [SEP] 请复制这些文字并粘贴至新文档。 [SEP] c___ [SEP] copy
1925,cn,-0.508565794,导航 [SEP] 飞机的导航系统至关重要。 [SEP] n_________ [SEP] navigation
1926,cn,-1.217395471,指导原则 [SEP] 政府针对食物进口发布了新的指导原则。 [SEP] g________ [SEP] guideline
1927,cn,2.157929524,目标 [SEP] 他们的目标是让学生自主学习。 [SEP] a__ [SEP] aim
1928,cn,-1.939669863,激活或促成某事的人 [SEP] 不时的惊喜是婚姻的激活剂。 [SEP] a________ [SEP] activator
1929,cn,2.083324942,活 [SEP] 我生活在一个大城市。 [SEP] l___ [SEP] live
1930,cn,0.168774775,评价 [SEP] 您怎样评价自己的教学？ [SEP] e_______ [SEP] evaluate
1931,cn,0.645703416,水灾 [SEP] 水灾让许多人无家可归。 [SEP] f____ [SEP] flood
1932,cn,-1.083820672,撞到 [SEP] 我不小心把头撞到了柜子上。 [SEP] b___ [SEP] bump
1933,cn,0.541179677,发现 [SEP] 这种化学元素的发现带来了新的研究前景。 [SEP] d________ [SEP] discovery
1934,cn,-0.262839014,整个地 [SEP] 我这么做全是为了你。 [SEP] e_______ [SEP] entirely
1935,cn,-2.035250856,极好地 [SEP] 他们的方案收效极佳。 [SEP] b__________ [SEP] brilliantly
1936,cn,1.102173813,从事贸易 [SEP] 他们做木材生意已经很多年了。 [SEP] t____ [SEP] trade
1937,cn,0.598247752,不清洁的 [SEP] 这些水是不清洁的，必须过滤后饮用。 [SEP] u______ [SEP] unclean
1938,cn,-1.965915718,医学筛查 [SEP] 在筛查中医生发现了她盆腔的肿瘤。 [SEP] s________ [SEP] screening
1939,cn,0.722841297,本科生 [SEP] 她是这座大学的一名本科生。 [SEP] u____________ [SEP] undergraduate
1940,cn,-1.129925957,布道 [SEP] 他向三百名教众布道。 [SEP] p_____ [SEP] preach
1941,cn,-0.977308646,等式 [SEP] 请解出这个方程。 [SEP] e_______ [SEP] equation
1942,cn,1.424132295,山谷 [SEP] 我们来到一处阳光明媚的山谷。 [SEP] v_____ [SEP] valley
1943,cn,0.959093772,嫉妒的 [SEP] 她对我的成功感到嫉妒。 [SEP] j______ [SEP] jealous
1944,cn,0.043054526,被责备的 [SEP] 他因打碎了碗而遭到责备。 [SEP] b_____ [SEP] blamed
1945,cn,-0.467041818,头戴式耳机 [SEP] 这种头戴耳机兼具降噪功能。 [SEP] h_________ [SEP] headphones
1946,cn,1.371687224,正式的 [SEP] 面试时要穿正式的服装。 [SEP] f_____ [SEP] formal
1947,cn,1.554687148,舒服的 [SEP] 人越多我越觉得不舒服。 [SEP] c__________ [SEP] comfortable
1948,cn,1.816426525,卡通 [SEP] 猫和老鼠之类的卡通形象至今仍给人们带来欢乐。 [SEP] c______ [SEP] cartoon
1949,cn,1.452028554,愚蠢的 [SEP] 我明知他不会还钱还借给他——我真蠢。 [SEP] s_____ [SEP] stupid
1950,cn,0.36162866,吓唬 [SEP] 这只突然出现的黑猫吓了她一跳。 [SEP] f_______ [SEP] frighten
1951,cn,0.833935713,特点 [SEP] 每个地区都有不同的特点。 [SEP] f______ [SEP] feature
1952,cn,-2.119525398,激发积极性的人或事物 [SEP] 教师必须同时也是调动学生积极性的人。 [SEP] m________ [SEP] motivator
1953,cn,0.452419714,化妆品 [SEP] 女性往往舍得投资化妆品。 [SEP] m_____ [SEP] makeup
1954,cn,-1.302964762,储藏柜 [SEP] 1)透过玻璃可以看见展示柜里的藏品。2)她打开药柜寻找感冒药。 [SEP] c______ [SEP] cabinet
1955,cn,-2.038277729,乞求 [SEP] 她乞求受害者家属的宽恕。 [SEP] p____ [SEP] plead
1956,cn,0.251555324,候选人 [SEP] 这个职位有三个候选人。 [SEP] c________ [SEP] candidate
1957,cn,0.16151215,国民的 [SEP] 两位党魁意见不合，将国家卷入一场内战。 [SEP] c____ [SEP] civil
1958,cn,-0.395644377,清洁人员 [SEP] 抱歉您的床单有污渍，我们将联系清洁人员为您更换。 [SEP] h__________ [SEP] housekeeper
1959,cn,0.138716814,资产 [SEP] 家具和设备都属于公司资产。 [SEP] a____ [SEP] asset
1960,cn,-0.406828264,喷发 [SEP] 这座火山已经多年没有喷发了。 [SEP] e____ [SEP] erupt
1961,cn,1.94304877,形象 [SEP] 1)他们致力于提升国家形象。2)我对东北的印象是冰灯和大雪。 [SEP] i____ [SEP] image
1962,cn,0.97473681,锋利的 [SEP] 刀很锋利，小心切到手。 [SEP] s____ [SEP] sharp
1963,cn,3.015907743,海滩 [SEP] 他在海滩上躺着晒太阳。 [SEP] b____ [SEP] beach
1964,cn,-3.836558827,可能 [SEP] 1)他有可能还活着。2)“他睡了吗？”“有可能。” [SEP] p_______ [SEP] possibly
1965,cn,0.237767651,亮度 [SEP] 他调节着屏幕的亮度。 [SEP] b_________ [SEP] brightness
1966,cn,-2.376280182,可退回的 [SEP] 宾馆收取了500元的可退押金。 [SEP] r_________ [SEP] returnable
1967,cn,-0.275431484,特定的 [SEP] 1)他只吃特定的几种食物。2)参观者只能进入建筑物的特定区域。 [SEP] s_______ [SEP] specific
1968,cn,0.946151342,总结 [SEP] 老师让学生对短文写出100字的归纳总结。 [SEP] s______ [SEP] summary
1969,cn,0.269414754,冒险的 [SEP] 把所有钱投在股市上是很冒险的。 [SEP] r____ [SEP] risky
1970,cn,1.642403008,完美的 [SEP] 你的表演很完美！ [SEP] p______ [SEP] perfect
1971,cn,-1.518682606,爆发 [SEP] 战争的爆发造成了食物和商品的短缺。 [SEP] o_______ [SEP] outbreak
1972,cn,-1.133895347,冰箱 [SEP] 他们把冰箱抬进厨房。 [SEP] r___________ [SEP] refrigerator
1973,cn,-2.965574141,世界末日 [SEP] 地震后的废墟宛如末日景象。 [SEP] a_________ [SEP] apocalypse
1974,cn,0.547094673,理想状态下 [SEP] 理想状态下，我应在上半年找到工作。 [SEP] i______ [SEP] ideally
1975,cn,0.763050689,困难的 [SEP] 1)公司正处在一个困难的时期。2)搬出北京对我们也是个艰难的决定。 [SEP] t____ [SEP] tough
1976,cn,1.014385797,极少地 [SEP] 我极少去教堂。 [SEP] r_____ [SEP] rarely
1977,cn,2.844416738,金子 [SEP] 这个碗是纯金制作的。 [SEP] g___ [SEP] gold
1978,cn,-1.348513659,瑕疵 [SEP] 她逐渐发现了他性格中的瑕疵。 [SEP] i___________ [SEP] imperfection
1979,cn,-0.884607755,富于想象力的 [SEP] 不幸的是，在学校里，守规矩的孩子往往比富有想象力的孩子更受偏爱。 [SEP] i__________ [SEP] imaginative
1980,cn,-0.527526254,竞争的 [SEP] 我们面对的是高度竞争的市场体制。 [SEP] c__________ [SEP] competitive
1981,cn,0.37865125,无惧的 [SEP] 他是一个无畏的战士。 [SEP] f_______ [SEP] fearless
1982,cn,-2.033348833,酒鬼 [SEP] 短短几个月他就从一个酒鬼变成了滴酒不沾的人。 [SEP] d______ [SEP] drinker
1983,cn,-0.519789712,下降 [SEP] 公司的营业额正在逐年下降。 [SEP] d______ [SEP] decline
1984,cn,-1.45414706,巫师 [SEP] 他梦想着在林子里遇见巫师。 [SEP] w_____ [SEP] wizard
1985,cn,3.321160118,手 [SEP] 请举起右手。 [SEP] h___ [SEP] hand
1986,cn,-0.055755969,轻拍（常表示安慰） [SEP] 他拍了拍女儿的肩，以示对她的抚慰。 [SEP] p__ [SEP] pat
1987,cn,-0.003506767,新闻媒体 [SEP] 1)这是总统在丑闻后第一次面对媒体。2)他参加了新闻发布会。 [SEP] p____ [SEP] press
1988,cn,-0.738228546,视角 [SEP] 这本书提供了关于环境问题的新视角。 [SEP] v________ [SEP] viewpoint
1989,cn,-1.903491313,生理反射 [SEP] 膝跳反射可以由对膝盖下方部位的敲击触发。 [SEP] r_____ [SEP] reflex
1990,cn,-0.747748492,擦 [SEP] 1)孩子用手揉揉眼睛。2)猫用背部摩擦着窗户。 [SEP] r__ [SEP] rub
1991,cn,1.427875608,漂亮的 [SEP] 这条裙子很漂亮。 [SEP] p_____ [SEP] pretty
1992,cn,1.00726855,使兴奋 [SEP] 这个好消息让我十分兴奋。 [SEP] e_____ [SEP] excite
1993,cn,-0.764398553,投票 [SEP] 选举结果引来许多对美国投票制度的讨论。 [SEP] v_____ [SEP] voting
1994,cn,-0.267294404,愈合 [SEP] 伤口的愈合需要时间。 [SEP] h______ [SEP] healing
1995,cn,0.27534878,风景 [SEP] 内蒙草原以宜人的风景闻名。 [SEP] l________ [SEP] landscape
1996,cn,0.49046553,获益 [SEP] 双方都将获益于这次谈话。 [SEP] b______ [SEP] benefit
1997,cn,-1.490820907,机密地 [SEP] 这份协议被秘密签署了。 [SEP] c_____________ [SEP] confidentially
1998,cn,-0.404583492,共和党人 [SEP] 不少共和党人都在选举中转投了希拉里。 [SEP] r_________ [SEP] republican
1999,cn,0.776434373,法语 [SEP] 你会说法语吗? [SEP] f_____ [SEP] french
2000,cn,-1.335959542,剃须 [SEP] 我换了一种剃须膏。 [SEP] s______ [SEP] shaving
2001,cn,-1.407076232,完全相同地 [SEP] 这一对兄弟穿得也一模一样。 [SEP] i__________ [SEP] identically
2002,cn,2.227523824,学习者 [SEP] 他们向学习者寻求反馈，以评估软件学习的效果。 [SEP] l______ [SEP] learner
2003,cn,-1.318214135,空中轮廓线 [SEP] 这是伦敦建筑物的空中轮廓线：你能辨认出大本钟、伦敦眼和碎片大厦吗？ [SEP] s______ [SEP] skyline
2004,cn,-0.336161824,防御性的（即非进攻性的） [SEP] 面对挑衅，我们采取了防御性措施。 [SEP] d________ [SEP] defensive
2005,cn,1.768790589,放 [SEP] 1)我们一起把桌子放下来。2)他承认故意给饭店放了火。 [SEP] s__ [SEP] set
2006,cn,2.808193948,对的 [SEP] 1)6是正确的答案。2)告诉他真相是对的。 [SEP] r____ [SEP] right
2007,cn,0.828602201,精神压力 [SEP] 瑜伽帮人释放精神压力。 [SEP] s_____ [SEP] stress
2008,cn,-1.26696569,广告牌 [SEP] 他路过街边五颜六色的广告牌。 [SEP] b________ [SEP] billboard
2009,cn,0.022106912,联系 [SEP] 我们保持和客户的密切联系。 [SEP] c______ [SEP] contact
2010,cn,0.100051026,拥抱 [SEP] 他拥抱了母亲。 [SEP] e______ [SEP] embrace
2011,cn,-1.784092696,水牛 [SEP] 成百头水牛向河边走去。 [SEP] b______ [SEP] buffalo
2012,cn,0.021771035,冲动 [SEP] 我无法控制想见她的冲动。 [SEP] u___ [SEP] urge
2013,cn,1.495808582,个性 [SEP] 她的女儿有一个外向开朗的个性。 [SEP] p__________ [SEP] personality
2014,cn,0.56063125,发布 [SEP] 1)新书的发布定在九月份。2)火箭的发射吸引了国际社会的关注。 [SEP] l_____ [SEP] launch
2015,cn,-0.983863357,宪法的 [SEP] 这一政策其实并不符合宪法规定。 [SEP] c_____________ [SEP] constitutional
2016,cn,-1.837946097,地点 [SEP] 警察围住了事故发生的地点。 [SEP] s___ [SEP] spot
2017,cn,0.497577183,考虑 [SEP] 教研室在认真考虑后答应了我的请求。 [SEP] c____________ [SEP] consideration
2018,cn,-0.808651979,心烦的 [SEP] 她为那些谣言感到很苦恼。 [SEP] u____ [SEP] upset
2019,cn,-2.127308689,值得帮助或支持的 [SEP] 这是一项应受到支持的事业。 [SEP] d________ [SEP] deserving
2020,cn,0.53960123,训练 [SEP] 他退役后开始训练一支球队。 [SEP] c____ [SEP] coach
2021,cn,-1.691049943,有献身精神的 [SEP] 他是一个全身心付出的父亲。 [SEP] d________ [SEP] dedicated
2022,cn,1.91467505,错误地 [SEP] 1)我把方向搞错了，害得我们走了弯路。2)如果事情不出错的话，我们应该早就完成任务了。 [SEP] w____ [SEP] wrong
2023,cn,1.613130281,毒品 [SEP] 毒品使人上瘾。 [SEP] d___ [SEP] drug
2024,cn,1.867814997,高兴的 [SEP] 我很高兴认识你。 [SEP] g___ [SEP] glad
2025,cn,-0.518617088,解脱 [SEP] 让我松了一口气的是，我的父亲没事。 [SEP] r_____ [SEP] relief
2026,cn,-1.055364392,乐趣 [SEP] 我工作并不是为了钱，而是为了其中的乐趣。 [SEP] e________ [SEP] enjoyment
2027,cn,-0.363267814,夹上 [SEP] 请把这些文件用夹子夹上，方便归类。 [SEP] c___ [SEP] clip
2028,cn,0.032650777,追 [SEP] 猫在追老鼠。 [SEP] c____ [SEP] chase
2029,cn,-1.16726336,波兰的 [SEP] 我有一位波兰朋友。 [SEP] p_____ [SEP] polish
2030,cn,0.80969707,重要地 [SEP] 这些游戏不仅能锻炼儿童的计算能力，更重要的是，能够训练儿童集中注意力。 [SEP] i__________ [SEP] importantly
2031,cn,-0.506027063,重新装上（货物、子弹等） [SEP] 他躲在墙后隐蔽起来，然后迅速给枪重新上膛。 [SEP] r_____ [SEP] reload
2032,cn,0.688259922,力量 [SEP] 俯卧撑是锻炼上身力量的练习。 [SEP] s_______ [SEP] strength
2033,cn,-0.922707568,重建 [SEP] 我们正在重建教堂被毁的一部分。 [SEP] r__________ [SEP] reconstruct
2034,cn,2.24482382,规则 [SEP] 英国人以遵守规则而闻名。 [SEP] r___ [SEP] rule
2035,cn,-1.734814391,不相关的 [SEP] 太阳黑子运动与空气湿度是不相关的。 [SEP] i_________ [SEP] irrelevant
2036,cn,0.330037249,推拿 [SEP] 我太累了，需要一次全身推拿。 [SEP] m______ [SEP] massage
2037,cn,-0.191840056,间接地 [SEP] 她间接询问了工作的薪酬情况。 [SEP] i_________ [SEP] indirectly
2038,cn,1.320130428,机器 [SEP] 现在的科技已能让机器学习语言和技术。 [SEP] m______ [SEP] machine
2039,cn,0.368882078,合伙人关系 [SEP] 他邀请自己的好友参股（即与好友开始合伙人关系）。 [SEP] p__________ [SEP] partnership
2040,cn,-1.354903254,类别 [SEP] 这本书属于侦探小说类。 [SEP] c_______ [SEP] category
2041,cn,-1.47217643,奖杯 [SEP] 德国队又一次捧起了世界杯奖杯。 [SEP] t_____ [SEP] trophy
2042,cn,0.633790511,未结束的 [SEP] 他去世的时候这部交响曲仍未完成。 [SEP] u_________ [SEP] unfinished
2043,cn,1.825422724,野生的 [SEP] 你无法完全驯服一只野猫。 [SEP] w___ [SEP] wild
2044,cn,-2.581376908,使（发展）减慢 [SEP] 这种疾病将减缓儿童的发育。 [SEP] r_____ [SEP] retard
2045,cn,3.432628074,粉色的 [SEP] 他给女儿买了一条粉色的裙子。 [SEP] p___ [SEP] pink
2046,cn,-0.930539161,卫星 [SEP] 卫星已经安全进入轨道。 [SEP] s________ [SEP] satellite
2047,cn,0.736204579,面包师 [SEP] 我喜爱烘焙，梦想成为一个面包师。 [SEP] b____ [SEP] baker
2048,cn,-0.327931984,空想 [SEP] 他空想着一个不劳而获的未来。 [SEP] d_______ [SEP] daydream
2049,cn,1.364145821,蜡烛 [SEP] 停电后他点起了蜡烛。 [SEP] c_____ [SEP] candle
2050,cn,-2.734938205,相符合 [SEP] 人们希望首相上任后的表现与他的竞选承诺相吻合。 [SEP] c_________ [SEP] correspond
2051,cn,0.851087462,供应 [SEP] 他们持续为以色列武装组织供应武器。 [SEP] s_____ [SEP] supply
2052,cn,-2.424168621,翻新 [SEP] 旧图书馆在翻修后重新开放了。 [SEP] r_________ [SEP] renovation
2053,cn,0.233299532,多汁的 [SEP] 这个苹果十分多汁。 [SEP] j____ [SEP] juicy
2054,cn,-1.456681117,注意 [SEP] 1)注意：油漆未干。2)过马路时应多当心。 [SEP] c______ [SEP] caution
2055,cn,-1.00725428,转变 [SEP] 建筑师将这间狭窄的民居转变成敞亮的工作室。 [SEP] c______ [SEP] convert
2056,cn,0.124318182,和谐 [SEP] 他们向往社会的和谐。 [SEP] h______ [SEP] harmony
2057,cn,-0.772172187,远远 [SEP] 1)他们的工资远远低于法律规定的最低水平。2)开赛没一会儿她就远远跑到其他人前面了。 [SEP] w__ [SEP] way
2058,cn,1.251450609,培训 [SEP] 我参加了新教师的培训。 [SEP] t_______ [SEP] training
2059,cn,0.431517069,政治 [SEP] 他非常关心国际政治。 [SEP] p_______ [SEP] politics
2060,cn,1.428255543,渴望 [SEP] 我渴望成名。 [SEP] d_____ [SEP] desire
2061,cn,0.531835771,上传 [SEP] 您需要上传一张证件照。 [SEP] u_____ [SEP] upload
2062,cn,-2.199701036,假的 [SEP] 判断题的答案为“错误”。 [SEP] t___ [SEP] TRUE
2063,cn,-1.908381353,调查 [SEP] 政府开展了对金融贪腐的调查。 [SEP] p____ [SEP] probe
2064,cn,0.773196262,就业 [SEP] 经济危机影响了这个区的就业情况。 [SEP] e_________ [SEP] employment
2065,cn,-0.538796774,可运输的 [SEP] 瓶装酒不那么容易运输（不可运），因此酒类运输大多采用袋装运输到地装瓶的流程。 [SEP] t____________ [SEP] transportable
2066,cn,0.662896143,三角形 [SEP] 孩子在纸上画出一个三角形。 [SEP] t_______ [SEP] triangle
2067,cn,0.993365143,预期 [SEP] 事情的结果与预期大为不同。 [SEP] e__________ [SEP] expectation
2068,cn,-1.355744447,养分 [SEP] 铁质是一种人体必需的养分。 [SEP] n_______ [SEP] nutrient
2069,cn,2.13651097,考虑 [SEP] 我需要时间认真考虑你的提议。 [SEP] c_______ [SEP] consider
2070,cn,-0.348041293,部落 [SEP] 不同部落间常为利益纠纷开战。 [SEP] t____ [SEP] tribe
2071,cn,0.23127157,外边的 [SEP] 城堡的外墙已经遭到严重风化，但内墙得到了部分保留。 [SEP] o____ [SEP] outer
2072,cn,0.988422014,兴奋的 [SEP] 她看起来十分兴奋。 [SEP] e______ [SEP] excited
2073,cn,2.442340038,美 [SEP] 什么是美？什么又是善？ [SEP] b_____ [SEP] beauty
2074,cn,2.191959567,满的 [SEP] 杯子满了。 [SEP] f___ [SEP] full
2075,cn,-1.245887677,补充 [SEP] 医生建议她服用维他命补充剂。 [SEP] s_________ [SEP] supplement
2076,cn,-2.016795329,起诉 [SEP] 如果您在一周内不偿还债务，您将面临起诉。 [SEP] p__________ [SEP] prosecution
2077,cn,1.178274201,胸部 [SEP] 1)他的胸部中箭。2)医生正在诊断胸腔感染。 [SEP] c____ [SEP] chest
2078,cn,0.664478324,薄煎饼 [SEP] 他用面粉、鸡蛋和奶的混合物做成薄煎饼当早餐。 [SEP] p______ [SEP] pancake
2079,cn,-0.011242176,发刷 [SEP] 她每天用发刷梳通卷发。 [SEP] h________ [SEP] hairbrush
2080,cn,0.455560142,身份 [SEP] 我真正的身份是一名记者。 [SEP] i_______ [SEP] identity
2081,cn,-3.568988144,组织 [SEP] 我刚到这家公司，还不熟悉这里的建制。 [SEP] s____ [SEP] setup
2082,cn,3.582348523,母亲 [SEP] 我的母亲是个和善的人。 [SEP] m_____ [SEP] mother
2083,cn,-0.403315297,其间 [SEP] 我要去外地出差，其间丈夫将照顾孩子们。 [SEP] m________ [SEP] meanwhile
2084,cn,-2.396918226,说辞 [SEP] 媒体称他的演说是为赢得选民的空洞说辞。 [SEP] r_______ [SEP] rhetoric
2085,cn,-2.060789936,爆炸 [SEP] 这起爆炸导致十五人受伤。 [SEP] b____ [SEP] blast
2086,cn,0.298897928,权威 [SEP] 我们不能盲从权威。 [SEP] a________ [SEP] authority
2087,cn,-2.028248488,个体性 [SEP] 这部影片情节过得去，但人物缺乏个性特征。 [SEP] i____________ [SEP] individuality
2088,cn,-1.498957031,药剂师 [SEP] 药剂师为他取来了盘尼西林。 [SEP] p_________ [SEP] pharmacist
2089,cn,1.153873568,印象 [SEP] 1)我没有见过他的印象。2)你对玛丽的印象如何？ [SEP] i_________ [SEP] impression
2090,cn,-0.432076415,抓住 [SEP] 他一把抓住了我的胳膊。 [SEP] g___ [SEP] grab
2091,cn,-1.305417595,可能性 [SEP] 他们为继续亏损的可能性做好了准备。 [SEP] p__________ [SEP] probability
2092,cn,-2.867793625,尽可能小的 [SEP] 1)投资方想要尽可能小的风险。2)政府希望这些工厂产生最低限度的排放。 [SEP] m______ [SEP] minimal
2093,cn,-1.441095121,强化 [SEP] 武装冲突在过去一周激化了。 [SEP] i________ [SEP] intensify
2094,cn,1.512031511,领导地位 [SEP] 在她的领导下，企业实现了扭亏为盈。 [SEP] l_________ [SEP] leadership
2095,cn,-5.029160154,刻意的 [SEP] 她以刻意的自然态度回答了面试的第一个问题。 [SEP] s______ [SEP] studied
2096,cn,0.323260798,固执坚持 [SEP] 他解释了不能收钱的原因，但对方仍然坚持。 [SEP] p______ [SEP] persist
2097,cn,-3.145803205,验证 [SEP] 这篇论文里的数据需要验证。 [SEP] v_________ [SEP] validation
2098,cn,-1.86229576,问询 [SEP] 自从新政发布后，我们就不断接到相关的问询。 [SEP] i______ [SEP] inquiry
2099,cn,-2.140043241,原告 [SEP] 原告请求被告归还他的财产。 [SEP] p________ [SEP] plaintiff
2100,cn,-1.269755996,猎物 [SEP] 这头鹿成了狼的猎物。 [SEP] p___ [SEP] prey
2101,cn,-2.142058484,施工场地 [SEP] 工人们每天早上都要回到施工场地。 [SEP] w_______ [SEP] worksite
2102,cn,-0.03366684,议程 [SEP] 议程上的下一项是预算问题。 [SEP] a_____ [SEP] agenda
2103,cn,-1.203125526,挺 [SEP] 1)她挺高的。2)我的这位同事相当自私。 [SEP] r_____ [SEP] rather
2104,cn,2.599422625,自己的 [SEP] 1)我想有我自己的房子。2)他只信他自己的想法。 [SEP] o__ [SEP] own
2105,cn,-1.18828935,商品 [SEP] 大量进口导致商品的价格下跌。 [SEP] c________ [SEP] commodity
2106,cn,-0.591020447,创造 [SEP] 基督徒认为人是上帝的创造物。 [SEP] c_______ [SEP] creation
2107,cn,1.305691266,迪斯科舞会或舞厅 [SEP] 他们下班后去迪厅。 [SEP] d____ [SEP] disco
2108,cn,2.119083576,躲 [SEP] 他躲到柜子里面。 [SEP] h___ [SEP] hide
2109,cn,2.511584451,受欢迎的 [SEP] 想来就随时来，你在我们家总是受欢迎的。 [SEP] w______ [SEP] welcome
2110,cn,2.044380742,老鼠 [SEP] 猫喜欢抓老鼠。 [SEP] m____ [SEP] mouse
2111,cn,2.937898466,办公桌 [SEP] 这是一张木质办公桌。 [SEP] d___ [SEP] desk
2112,cn,-2.307011698,公开宣布的 [SEP] 他公开宣布的目的是保护用户隐私安全，隐蔽的目的则不得而知。 [SEP] d_______ [SEP] declared
2113,cn,2.14423198,限制 [SEP] 很多景区限制游客人数。 [SEP] l____ [SEP] limit
2114,cn,-0.335016239,天使 [SEP] 圣经题材绘画中经常出现各类天使。 [SEP] a____ [SEP] angel
2115,cn,2.318385235,无家可归的 [SEP] 战争让许多人无家可归。 [SEP] h_______ [SEP] homeless
2116,cn,-2.444017427,内部的 [SEP] 内墙上的壁画由于较少暴露，因此得以保留。 [SEP] i_______ [SEP] interior
2117,cn,-3.741789043,偏离 [SEP] 1)我们正在研究淮河的改道。2)作者的偏题引起了读者的不满。 [SEP] d________ [SEP] diversion
2118,cn,0.714562931,证书 [SEP] 他获得了培训证书。 [SEP] c__________ [SEP] certificate
2119,cn,-2.25734423,为…做医学筛查 [SEP] 我们筛查了本校所有女性员工的乳腺疾病。 [SEP] s_____ [SEP] screen
2120,cn,-0.242945259,打叉划掉的 [SEP] 这张打叉划掉的支票是一张废支票。 [SEP] c______ [SEP] crossed
2121,cn,-1.235995206,片段 [SEP] 这本书的全稿已经佚失，残存下来的只有一些不连贯的片断。 [SEP] f_______ [SEP] fragment
2122,cn,-0.385087627,针 [SEP] 她用针挑出了手上的刺。 [SEP] n_____ [SEP] needle
2123,cn,0.637459739,取样 [SEP] 我们定期对当地土壤进行取样，以检测重金属的富集程度。 [SEP] s_____ [SEP] sample
2124,cn,2.513810233,不安全的 [SEP] 热水器带点时洗澡是不安全的。 [SEP] u_____ [SEP] unsafe
2125,cn,-2.740394506,停着的 [SEP] 她的自行车闸失灵，撞上了一辆停着的轿车。 [SEP] s_________ [SEP] stationary
2126,cn,-3.672638337,影片（尤指记录某个事件的短片） [SEP] 老师播放了一段记录30年代生活的短片。 [SEP] f______ [SEP] footage
2127,cn,0.565131405,牙刷 [SEP] 应每三个月更换一次牙刷。 [SEP] t_________ [SEP] toothbrush
2128,cn,-1.090218929,仪式 [SEP] 这是我第一次参加宗教仪式。 [SEP] r_____ [SEP] ritual
2129,cn,-0.069378942,财富 [SEP] 他从去世的叔伯那里继承了一笔财富。 [SEP] f______ [SEP] fortune
2130,cn,1.721545205,搜查 [SEP] 他们对房间进行了仔细搜查。 [SEP] s_____ [SEP] search
2131,cn,-1.872026362,神学 [SEP] 他在意大利学习神学。 [SEP] t_______ [SEP] theology
2132,cn,0.389153694,总结 [SEP] 这份报告总结称如果人类继续这样浪费下去，生态灾难将终难避免。 [SEP] c_______ [SEP] conclude
2133,cn,2.090808493,保持平衡 [SEP] 你单脚站能平衡多久？ [SEP] b______ [SEP] balance
2134,cn,-2.20160452,帆板冲浪 [SEP] 他经常去海上玩帆板冲浪。 [SEP] w__________ [SEP] windsurfing
2135,cn,3.027214751,河 [SEP] 孩子们在河里游泳。 [SEP] r____ [SEP] river
2136,cn,-1.661941131,瓷砖 [SEP] 他们在卫生间贴了淡蓝色瓷砖。 [SEP] t___ [SEP] tile
2137,cn,-2.703755552,阵容 [SEP] 他因发挥失常，未进入决赛阵容。 [SEP] l_____ [SEP] lineup
2138,cn,-1.817666926,真空 [SEP] 实验必须在真空条件下进行。 [SEP] v_____ [SEP] vacuum
2139,cn,-2.865978075,剧场 [SEP] 伦敦的科文特花园剧院在1808年被烧毁。 [SEP] p________ [SEP] playhouse
2140,cn,0.348827106,通情达理的 [SEP] 如果你解释缺席的原因，他会理解你的——他是个通情达理的人。 [SEP] r_________ [SEP] reasonable
2141,cn,0.45488249,多样性 [SEP] 我们尊重生物多样性。 [SEP] d________ [SEP] diversity
2142,cn,-1.801539587,合唱队 [SEP] 他在合唱队里唱男高音。 [SEP] c____ [SEP] choir
2143,cn,-2.073230778,例行地 [SEP] 乘客们被例行检查车票。 [SEP] r________ [SEP] routinely
2144,cn,0.673411224,专业的 [SEP] 他是一个专业的网球运动员。 [SEP] p__ [SEP] pro
2145,cn,0.914829279,外国人 [SEP] 我们公司有几个外国人。 [SEP] f________ [SEP] foreigner
2146,cn,-2.393524457,精神治疗 [SEP] 这些受过创伤的人们正在接受精神治疗。 [SEP] p____________ [SEP] psychotherapy
2147,cn,0.439689655,非正式的 [SEP] 不需要在非正式场合穿西装。 [SEP] i_______ [SEP] informal
2148,cn,-0.426157991,从道德上讲 [SEP] 你这样做在道德上说不过去。 [SEP] m______ [SEP] morally
2149,cn,2.068263935,明亮的 [SEP] 我们进入了一间明亮的屋子。 [SEP] b_____ [SEP] bright
2150,cn,-2.560831517,像样的 [SEP] 我得过半小时再出门：我要收拾得看起来像样些。 [SEP] p__________ [SEP] presentable
2151,cn,-0.162766953,谷粒 [SEP] 他捡起地上的一粒麦子。 [SEP] g____ [SEP] grain
2152,cn,-0.883312436,征收 [SEP] 政府又对酒精消费征收了一项新税。 [SEP] i_____ [SEP] impose
2153,cn,1.477487004,真相 [SEP] 他在十年后吐露了真相。 [SEP] t____ [SEP] truth
2154,cn,2.248424753,尝试 [SEP] 1)“挥杆就是这么简单。你想一试吗？”2)希望我们的下次尝试会成功。 [SEP] t__ [SEP] try
2155,cn,3.21019165,思念 [SEP] 我思念我的朋友。 [SEP] m___ [SEP] miss
2156,cn,0.481106505,商业的 [SEP] 1)我们的社会正变得越来越商业化。2)电视台新增了商业频道。 [SEP] c_________ [SEP] commercial
2157,cn,0.526832835,毁灭 [SEP] 毒品毁灭了他。 [SEP] d______ [SEP] destroy
2158,cn,-1.250644567,无生命的 [SEP] 警方赶到的时候，受害者已无生命迹象。 [SEP] l_______ [SEP] lifeless
2159,cn,3.242865504,离开 [SEP] 请不要离开我。 [SEP] l____ [SEP] leave
2160,cn,0.153338189,投递 [SEP] 包裹的投递通常耗时两天。 [SEP] d_______ [SEP] delivery
2161,cn,-1.386509641,钠 [SEP] 钠是一种很活跃的金属。 [SEP] s_____ [SEP] sodium
2162,cn,-1.582199439,资助 [SEP] 我们正为这一研究寻求资助。 [SEP] f______ [SEP] funding
2163,cn,-1.157570969,钙 [SEP] 老年人应当补充钙质。 [SEP] c______ [SEP] calcium
2164,cn,-0.422556435,最少的 [SEP] 1）结婚的最低年龄是20岁。2）参赛的最低要求是发表过作品。 [SEP] m______ [SEP] minimum
2165,cn,-1.879598077,加速 [SEP] 在经济增长加速之后，会有新一轮放缓。 [SEP] a___________ [SEP] acceleration
2166,cn,0.658873039,蜜月 [SEP] 他们去海边度了蜜月。 [SEP] h________ [SEP] honeymoon
2167,cn,-2.80303099,主要的 [SEP] 这个国家的主要出口物是咖啡。 [SEP] p________ [SEP] principal
2168,cn,-0.357252026,极冷的 [SEP] 天很冷，请穿上外套。 [SEP] f_______ [SEP] freezing
2169,cn,1.275171534,野兽 [SEP] 《美女与野兽》是一部脍炙人口的动画片。 [SEP] b____ [SEP] beast
2170,cn,-0.589544372,技术的 [SEP] 要读懂这本书需要一定的科学与技术知识。 [SEP] t________ [SEP] technical
2171,cn,0.014003095,有活力的 [SEP] 1)两个班的性格截然不同：一个活泼，一个沉稳。2)他们进行了热烈的讨论。 [SEP] l_____ [SEP] lively
2172,cn,-1.854594208,调停 [SEP] 联合国对冲突双方的调停以失败告终。 [SEP] m________ [SEP] mediation
2173,cn,-1.332886279,从根本上 [SEP] 相对论的发现从根本上改变了现代物理学。 [SEP] f____________ [SEP] fundamentally
2174,cn,2.941580219,飞 [SEP] 鸟在天空飞。 [SEP] f__ [SEP] fly
2175,cn,0.79603778,攻击 [SEP] 敌人在夜间攻击了我们。 [SEP] a_____ [SEP] attack
2176,cn,0.564366469,联合的 [SEP] 他们想要一个统一的爱尔兰。 [SEP] u_____ [SEP] united
2177,cn,1.846414141,集中 [SEP] 我将注意力集中在实验上。 [SEP] f____ [SEP] focus
2178,cn,-0.617776322,为…续期 [SEP] 我需要续借图书馆的借书。 [SEP] r____ [SEP] renew
2179,cn,2.591998654,跟着 [SEP] 我不认路，只能跟着你。 [SEP] f_____ [SEP] follow
2180,cn,4.025876331,心 [SEP] 他的心脏停止了跳动。 [SEP] h____ [SEP] heart
2181,cn,-0.877372074,移民 [SEP] 他们对移民并不欢迎。 [SEP] i________ [SEP] immigrant
2182,cn,0.892482899,航行 [SEP] 渡船向河对面航行。 [SEP] s___ [SEP] sail
2183,cn,-1.590923909,做选择（的行为） [SEP] 我讨厌做选择。 [SEP] c_______ [SEP] choosing
2184,cn,1.332865293,紧紧地 [SEP] 她紧紧地抱住我。 [SEP] t____ [SEP] tight
2185,cn,-1.859905891,相信…的 [SEP] 这一地区有许多信众，因此有着相对一致的政治立场。 [SEP] b________ [SEP] believing
2186,cn,0.656768003,快乐 [SEP] 1)他从工作中得到快乐。2)能认识您使我很高兴。 [SEP] p_______ [SEP] pleasure
2187,cn,3.088554547,需求 [SEP] 1)我们根据需求生产商品。2)灾区对食物的需求十分紧迫。 [SEP] n___ [SEP] need
2188,cn,-1.717461215,坚持不懈的 [SEP] 尽管他解释了不能收钱的原因，但对方仍十分坚持。 [SEP] p_________ [SEP] persistent
2189,cn,0.384966217,协会 [SEP] 他最近加入了全国篮球职业协会。 [SEP] a__________ [SEP] association
2190,cn,0.53019001,积极性 [SEP] 鼓励往往能调动学生的积极性。 [SEP] m_________ [SEP] motivation
2191,cn,-2.054055491,附加的 [SEP] 购置电脑时，不少人也会选择音箱或耳机等配件产品。 [SEP] a________ [SEP] accessory
2192,cn,0.300716729,审核 [SEP] 1)您的申请正在审核中。2)电视播放了一周要闻回顾。 [SEP] r_____ [SEP] review
2193,cn,0.590319151,管理 [SEP] 管理一个国家也是门艺术。 [SEP] g_____ [SEP] govern
2194,cn,0.356644059,基本上 [SEP] 这本书基本上就是一个爱情故事。 [SEP] b________ [SEP] basically
2195,cn,-0.869533873,独创性 [SEP] 他们赞赏这个设计的独创性。 [SEP] o__________ [SEP] originality
2196,cn,0.900980744,结束了的 [SEP] 这幅画看起来像一幅成品。 [SEP] f_______ [SEP] finished
2197,cn,0.518576857,扫地 [SEP] 你能扫一下地吗？ [SEP] s____ [SEP] sweep
2198,cn,1.419697322,胶 [SEP] 他用胶水把两页纸粘在一起。 [SEP] g___ [SEP] glue
2199,cn,0.452604081,灵活性 [SEP] 自由职业给了他时间安排的灵活性。 [SEP] f__________ [SEP] flexibility
2200,cn,-2.456147221,有危险的 [SEP] 雾霾对健康有害。 [SEP] h________ [SEP] hazardous
2201,cn,-0.161002554,冲浪者 [SEP] 他是个职业冲浪者。 [SEP] s_____ [SEP] surfer
2202,cn,1.860276795,得分 [SEP] 澳网决赛的最终得分是多少？ [SEP] s____ [SEP] score
2203,cn,-2.427766191,细条 [SEP] 1)她把鸡肉撕成细条。2)两国之间只隔着一片狭长的水域。 [SEP] s____ [SEP] strip
2204,cn,-1.783603887,疑有的 [SEP] 甲状腺功能异常是导致孩子发育迟缓的疑似病因。 [SEP] s________ [SEP] suspected
2205,cn,-2.654665018,展望 [SEP] 经理在会上展望公司前景。 [SEP] e_______ [SEP] envision
2206,cn,-0.275998223,[现在分词]使……受到影响的 [SEP] 消费需求的降低正影响着公司的利润 [SEP] a________ [SEP] affecting
2207,cn,-2.76197585,性感的 [SEP] 1)他追求肉体享乐。2)她有十分性感的唇部。 [SEP] s______ [SEP] sensual
2208,cn,1.833456164,秘密 [SEP] 他们的分手早已不是秘密。 [SEP] s_____ [SEP] secret
2209,cn,0.865523942,职业的 [SEP] 他是一个职业网球手。 [SEP] p___________ [SEP] professional
2210,cn,0.742430538,独立的 [SEP] 捷克于1993年成为独立国家。 [SEP] i__________ [SEP] independent
2211,cn,-3.158794836,裁决 [SEP] 他对法院的裁决提起上诉。 [SEP] r_____ [SEP] ruling
2212,cn,-0.739589856,盯着 [SEP] 他盯着这幅画看了很久。 [SEP] g___ [SEP] gaze
2213,cn,-1.702442061,填满 [SEP] 1)她把羽绒服塞进手提箱。2)她用各类食物填满了冰箱。 [SEP] s____ [SEP] stuff
2214,cn,2.227459881,圆 [SEP] 旗子的中央有个红色的圆圈。 [SEP] c_____ [SEP] circle
2215,cn,1.840453963,代 [SEP] 他们被称为“垮掉的一代”。 [SEP] g_________ [SEP] generation
2216,cn,-0.816042842,警觉的 [SEP] 老年人要对心血管病的症状保持警惕。 [SEP] a____ [SEP] alert
2217,cn,-0.439470273,激光 [SEP] 医生用激光刀切开组织。 [SEP] l____ [SEP] laser
2218,cn,3.463271916,杀 [SEP] 她杀了自己的丈夫。 [SEP] k___ [SEP] kill
2219,cn,0.659631848,小说 [SEP] 这是一部小说作品。 [SEP] f______ [SEP] fiction
2220,cn,0.348132553,将…看作 [SEP] 1)她把我看作她的精神导师。2)他被视为中国现代最伟大的作家。 [SEP] r_____ [SEP] regard
2221,cn,0.136404095,连在一起的 [SEP] 她感觉自己和丈夫的生命紧紧相连。 [SEP] c________ [SEP] connected
2222,cn,-1.596465625,…的量 [SEP] 1)公司的贸易量超过去年同期。2)他们负责控制着高峰时期车流量。 [SEP] v_____ [SEP] volume
2223,cn,-0.016125184,得体的 [SEP] 1)他是个正派的好人。2)面试时要穿件好/得体的衣服。 [SEP] d_____ [SEP] decent
2224,cn,-1.017613601,化妆品（常作复数） [SEP] 她从十几岁就开始购买化妆品。 [SEP] c________ [SEP] cosmetics
2225,cn,2.23220403,地方 [SEP] 1)西湖是一个美丽的地方。2)我想去一个安静的地方。 [SEP] p____ [SEP] place
2226,cn,-0.9330747,可刊印的 [SEP] 这些话说说就罢了，并不能刊印在书里。 [SEP] p________ [SEP] printable
2227,cn,-0.664742606,没有安全感的 [SEP] 她的丈夫有很多女性同事。这让她很没有安全感。 [SEP] i_______ [SEP] insecure
2228,cn,-0.077943293,排名 [SEP] 这座大学去年在国内的排名是第三名。 [SEP] r______ [SEP] ranking
2229,cn,0.609797628,放松的 [SEP] 我结束了一天的工作，觉得快乐又放松。 [SEP] r______ [SEP] relaxed
2230,cn,0.354613481,露营 [SEP] 这个睡袋适合露营使用。 [SEP] c______ [SEP] camping
2231,cn,-0.906046588,客观性 [SEP] 客观性是新闻报道的基本准则之一。 [SEP] o__________ [SEP] objectivity
2232,cn,-0.602689404,使水平 [SEP] 我们平整了地面，然后铺上沥青。 [SEP] l____ [SEP] level
2233,cn,-3.490065893,环境 [SEP] 这家养老院身处依山傍湖的环境。 [SEP] s______ [SEP] setting
2234,cn,0.298861688,赤裸的 [SEP] 她喜欢赤脚在沙滩上走。 [SEP] b___ [SEP] bare
2235,cn,-0.038468759,倾 [SEP] 他身体前倾，以便听得清楚些。 [SEP] l___ [SEP] lean
2236,cn,-0.817382257,叫喊声 [SEP] 我们听见街上的叫喊声，不知发生了什么事。 [SEP] s_______ [SEP] shouting
2237,cn,-1.097176367,被折磨的 [SEP] 她被女儿可能出事的想法折磨。 [SEP] t_______ [SEP] tortured
2238,cn,1.530165039,风扇 [SEP] 太热了——我们需要一个风扇。 [SEP] f__ [SEP] fan
2239,cn,-0.642557452,非正式地 [SEP] 他被批评在工作中穿着不正式。 [SEP] i_________ [SEP] informally
2240,cn,-1.569477306,船 [SEP] 从这艘沉船中打捞出了大量明代瓷器。 [SEP] v_____ [SEP] vessel
2241,cn,0.600188748,轮椅 [SEP] 他车祸后必须依靠轮椅行动。 [SEP] w_________ [SEP] wheelchair
2242,cn,1.572469552,正方形 [SEP] 郁金香组成一个正方形。 [SEP] s_____ [SEP] square
2243,cn,-1.054912888,想象中的 [SEP] 1)天堂是真实的还是人们想象的？2)我幼年时有一个想象中的小伙伴。 [SEP] i________ [SEP] imaginary
2244,cn,-0.972754695,细绳 [SEP] 她用一根细绳把几封信捆在一起。 [SEP] s_____ [SEP] string
2245,cn,-3.059962668,早先 [SEP] 他早先曾是英国的财长。 [SEP] f_______ [SEP] formerly
2246,cn,-2.576627365,前后摇摆的 [SEP] 我想拥有电视里的那种摇椅。 [SEP] r______ [SEP] rocking
2247,cn,-0.13767248,典型地 [SEP] 这种天气是典型英国式的天气。 [SEP] t________ [SEP] typically
2248,cn,-0.433851251,指示 [SEP] 警察们被指示不能轻易开枪。 [SEP] i_______ [SEP] instruct
2249,cn,-0.091018839,抗议 [SEP] 这些员工抗议公司的裁员。 [SEP] p______ [SEP] protest
2250,cn,-0.467724731,不规则地 [SEP] 1)他不定期来听课。2)空气中的分子不规则地运动。 [SEP] i__________ [SEP] irregularly
2251,cn,1.021044845,冠军 [SEP] 他夺得了校游泳比赛的冠军。 [SEP] c_______ [SEP] champion
2252,cn,0.49683819,花花公子 [SEP] 他年轻时是个花花公子，后来却变成了虔诚的基督徒。 [SEP] p______ [SEP] playboy
2253,cn,2.558014809,演员 [SEP] 他是一名著名的话剧演员。 [SEP] a____ [SEP] actor
2254,cn,-0.214215977,产量 [SEP] 小麦产量在本季度有所增长。 [SEP] y____ [SEP] yield
2255,cn,-1.788858891,性别歧视 [SEP] 职场上的性别歧视仍然十分普遍。 [SEP] s_____ [SEP] sexism
2256,cn,-0.614025569,敬神 [SEP] 这座教堂是东正教的礼拜场所。 [SEP] w______ [SEP] worship
2257,cn,-2.219237913,电话听筒 [SEP] 电话铃响，她拿起听筒。 [SEP] r_______ [SEP] receiver
2258,cn,2.992464857,再 [SEP] 我没听清楚，能再说一遍吗？ [SEP] a____ [SEP] again
2259,cn,-2.866875805,停止 [SEP] 这个项目因资金原因终止了。 [SEP] d__________ [SEP] discontinue
2260,cn,1.783026754,吸烟 [SEP] 吸烟对身体有害。 [SEP] s______ [SEP] smoking
2261,cn,-0.158051115,极好的 [SEP] 这真是一个极好的机会！ [SEP] f________ [SEP] fantastic
2262,cn,-2.1380063,谱 [SEP] 从马克思主义到自由主义再到右翼军国主义，这门课是对现代政治哲学的广谱式介绍。 [SEP] s_______ [SEP] spectrum
2263,cn,-1.046505698,领地 [SEP] 大家普遍认为工程行业是男性的领地。 [SEP] d_____ [SEP] domain
2264,cn,-0.693429487,叙述者 [SEP] 小说的叙述者是一位航海家。 [SEP] n_______ [SEP] narrator
2265,cn,2.516163496,好处 [SEP] 每天吃一个苹果对你有好处。 [SEP] g___ [SEP] good
2266,cn,-2.122886525,巨大的 [SEP] 这台话剧一上映就获得了巨大的成功。 [SEP] i______ [SEP] immense
2267,cn,-2.510963495,智性的 [SEP] 读书对儿童的智力发展非常重要。 [SEP] i___________ [SEP] intellectual
2268,cn,-0.419914071,各自 [SEP] 最佳影片奖和最佳男主角奖分别属于《逃离德黑兰》和《林肯》。 [SEP] r___________ [SEP] respectively
2269,cn,0.467098659,因此 [SEP] 我坐了九个小时的飞机，因此有时差。 [SEP] h____ [SEP] hence
2270,cn,-0.840594709,护发素 [SEP] 请在清洗掉洗发水之后涂抹护发素。 [SEP] c__________ [SEP] conditioner
2271,cn,-0.539662426,替代方案 [SEP] 这个方法行不通，你能否想到一个替代方案？ [SEP] a__________ [SEP] alternative
2272,cn,-1.886070809,一蹦一跳地走 [SEP] 孩子蹦蹦跳跳地走进家门。 [SEP] s___ [SEP] skip
2273,cn,-0.197582505,教练 [SEP] 他在驾驶方面的笨拙惹恼了教练。 [SEP] t______ [SEP] trainer
2274,cn,-0.637912946,技术熟练的 [SEP] 他是一个技艺熟练的陶匠。 [SEP] s______ [SEP] skilled
2275,cn,2.677603535,一次 [SEP] 1)我只去过上海一次。2)人只能活一次。 [SEP] o___ [SEP] once
2276,cn,-0.216353392,已登记的 [SEP] 我们是一家已登记注册的慈善机构。 [SEP] r_________ [SEP] registered
2277,cn,1.362795693,说 [SEP] 1)我会与医生说这件事。2)我们曾经是朋友，但现在不说话了。 [SEP] s____ [SEP] speak
2278,cn,1.040387773,器官 [SEP] 他自愿在死后捐赠器官。 [SEP] o____ [SEP] organ
2279,cn,0.196843066,地理的 [SEP] 上海的地理位置十分优越。 [SEP] g___________ [SEP] geographical
2280,cn,-0.717148976,转弯的 [SEP] 这条政策成为环保事业发展的转折点。 [SEP] t______ [SEP] turning
2281,cn,0.772323008,经济 [SEP] 我们曾实行计划经济。 [SEP] e______ [SEP] economy
2282,cn,2.877605964,小的 [SEP] 这件毛衣对我来说太小了。 [SEP] s____ [SEP] small
2283,cn,0.818809932,聚会 [SEP] 我本周要参加三个聚会。 [SEP] g________ [SEP] gathering
2284,cn,0.832262118,新娘 [SEP] 你会是个最美的新娘。 [SEP] b____ [SEP] bride
2285,cn,0.025196393,这样 [SEP] 1)公司入不敷出，因此要裁员。2)机器人能代替我们劳动，这样就能让我们自由从事音乐、美术之类的兴趣。 [SEP] t___ [SEP] thus
2286,cn,-0.985756436,目前 [SEP] 目前只有4座城市受到攻击。 [SEP] p________ [SEP] presently
2287,cn,-0.508858357,方言 [SEP] 我不能理解西北地区的方言。 [SEP] d______ [SEP] dialect
2288,cn,-2.415983463,使经受 [SEP] 1)这些老师使孩子们遭受体罚。2)大部分欧洲城市在二战中都遭到了轰炸。 [SEP] s______ [SEP] subject
2289,cn,-3.457744266,催动 [SEP] 对方的反复挑衅催动了本国的军事行动。 [SEP] p_____ [SEP] prompt
2290,cn,-0.970064193,交易 [SEP] 我们已将这笔交易的细节发送至您的邮箱。 [SEP] t__________ [SEP] transaction
2291,cn,-0.197378416,墓 [SEP] 你这样做，无异于自掘坟墓。 [SEP] g____ [SEP] grave
2292,cn,0.677038171,固定的 [SEP] 我有一个固定的时间表。 [SEP] f____ [SEP] fixed
2293,cn,2.921604036,拯救 [SEP] 她救了我的命。 [SEP] s___ [SEP] save
2294,cn,-1.03267971,化妆的 [SEP] 学院对大楼进行了一些表面上的修整。 [SEP] c_______ [SEP] cosmetic
2295,cn,-0.462000302,吓人的 [SEP] 凶手可能就在身边——这真让人害怕。 [SEP] f__________ [SEP] frightening
2296,cn,0.267486265,胡子 [SEP] 他决定开始留胡子。 [SEP] b____ [SEP] beard
2297,cn,-0.913481931,门廊 [SEP] 他们在教堂的门廊里躲雨。 [SEP] p____ [SEP] porch
2298,cn,1.8867082,部门 [SEP] 我被调往公司的售后部门。 [SEP] d_________ [SEP] department
2299,cn,-2.488539411,异教 [SEP] 人们对健身的狂热也感染了她。 [SEP] c___ [SEP] cult
2300,cn,1.337508583,缺席 [SEP] 他已经缺席三天了。 [SEP] a_____ [SEP] absent
2301,cn,0.346700007,伤害 [SEP] 1)你放心，这样做没有什么害处。2)吃甜食对人体害多益少。 [SEP] h___ [SEP] harm
2302,cn,-0.783286427,独享的 [SEP] 这些服务是头等舱客人专享的。 [SEP] e________ [SEP] exclusive
2303,cn,-0.175896583,失望的 [SEP] 我不忍心看到他失望的表情。 [SEP] d___________ [SEP] disappointed
2304,cn,-1.789927901,刺 [SEP] 1)他把旗子插进地里。2)我把昆虫标本钉进展示柜。 [SEP] s____ [SEP] stick
2305,cn,-1.072469909,制造业 [SEP] 这个国家以制造业发达著称。 [SEP] m____________ [SEP] manufacturing
2306,cn,-0.337885432,解除或减轻（痛苦等） [SEP] 1)药物减轻了他的痛苦。2)朋友们尽力缓和她的焦虑情绪。 [SEP] e___ [SEP] ease
2307,cn,0.829209332,不成功的 [SEP] 公司的这次人事改革并不成功。 [SEP] u___________ [SEP] unsuccessful
2308,cn,-0.151467636,上瘾的 [SEP] 他迷上了电脑。 [SEP] a_______ [SEP] addicted
2309,cn,-0.034831078,用以充电的 [SEP] 1)充电站在候机厅左侧。2)手机正在充电。 [SEP] c_______ [SEP] charging
2310,cn,-2.395240874,清真寺 [SEP] 穆斯林们聚集在清真寺进行祷告。 [SEP] m_____ [SEP] mosque
2311,cn,-0.666908137,使人满意的 [SEP] 1)她觉得装饰圣诞树十分让人满足。2)实验的复制获得了让人满意的结果。 [SEP] s_________ [SEP] satisfying
2312,cn,2.215202719,斗士 [SEP] 他是一个英勇的斗士。 [SEP] f______ [SEP] fighter
2313,cn,-1.601527039,延期 [SEP] 1)您需要办理签证的延期。2)营业时间的延长带来了不少新顾客。 [SEP] e________ [SEP] extension
2314,cn,-0.148578629,研讨会 [SEP] 研究小组每两周举行一次研讨会。 [SEP] s______ [SEP] seminar
2315,cn,-0.457879902,推荐 [SEP] 我们会严肃考虑您的推荐。 [SEP] r_____________ [SEP] recommendation
2316,cn,-2.617864857,冲突或动乱的热门地点 [SEP] 中印边境是一个冲突多发的地点。 [SEP] h______ [SEP] hotspot
2317,cn,2.46869417,现金 [SEP] 这些餐厅只收现金。 [SEP] c___ [SEP] cash
2318,cn,0.480237179,猎杀 [SEP] 对狐狸的猎杀已被禁止。 [SEP] h______ [SEP] hunting
2319,cn,-1.44752734,愚蠢 [SEP] 1)教师不应背后议论学生的愚蠢，而应想法帮助他们。2)他的愚蠢让我们失去了订单。 [SEP] s________ [SEP] stupidity
2320,cn,-0.818330255,妥协 [SEP] 双方都在各自的利益上毫不退让，拒绝妥协。 [SEP] c_________ [SEP] compromise
2321,cn,-1.557356231,律师 [SEP] 我聘请了一位离婚律师。 [SEP] a_______ [SEP] attorney
2322,cn,-1.447728106,未经宣布的 [SEP] 未事前通知的突击检查让制假工厂措手不及。 [SEP] u__________ [SEP] unannounced
2323,cn,-0.686032687,滑稽的 [SEP] 1)这部电影悲情之中也有喜剧色彩。2)他是个有点滑稽的人物。 [SEP] c____ [SEP] comic
2324,cn,-0.929200577,没有名字的 [SEP] 在书中，这个没有名字的怪物却拥有最大的力量。 [SEP] n_______ [SEP] nameless
2325,cn,-0.436210561,躺 [SEP] 他感到一阵晕眩，只能躺下。 [SEP] l__ [SEP] lie
2326,cn,0.850880434,送的 [SEP] 这条裤子变松了。 [SEP] l____ [SEP] loose
2327,cn,-2.153964132,破产 [SEP] 资不抵债终于让这家公司走向破产。 [SEP] b_________ [SEP] bankruptcy
2328,cn,-2.611949003,使（概念或想法）具体化 [SEP] 《麦克白》中的伊阿古这个角色就是恶的化身。 [SEP] e_____ [SEP] embody
2329,cn,-2.299074026,百叶窗 [SEP] 他关上百叶窗以遮蔽阳光。 [SEP] s______ [SEP] shutter
2330,cn,-1.797794888,追查…的下落 [SEP] 我们保证追查到这批假药的下落。 [SEP] t____ [SEP] trace
2331,cn,0.101551634,未得到满足的 [SEP] 他对毒品未满足的好奇心将他引入歧途。 [SEP] u__________ [SEP] unsatisfied
2332,cn,-3.852802373,衰退中的 [SEP] 他的健康正逐渐衰退。 [SEP] f______ [SEP] failing
2333,cn,2.336312001,属于 [SEP] 我身在外国，却不属于这个地方。 [SEP] b_____ [SEP] belong
2334,cn,-2.591325915,象征 [SEP] 宗教象征在布鲁盖尔的画作中十分常见。 [SEP] s________ [SEP] symbolism
2335,cn,-0.597933265,工地 [SEP] 他们把好好的一块绿地变成了建筑工地。 [SEP] s___ [SEP] site
2336,cn,-0.691698939,未被发现的 [SEP] 1)他竟然溜走了，完全没被发现。2)那时的澳大利亚还是一个尚不为人所知的地方。 [SEP] u___________ [SEP] undiscovered
2337,cn,-2.65461096,十分怪异（甚至有点瘆人） [SEP] 她受了刺激后有些古怪。 [SEP] f_____ [SEP] freaky
2338,cn,-0.700553821,使用手册 [SEP] 相机还附有一本操作手册。 [SEP] m_____ [SEP] manual
2339,cn,2.702328242,总是 [SEP] 我总是坐八点那班车。 [SEP] a_____ [SEP] always
2340,cn,-0.51065195,配料 [SEP] 把所有配料都倒入汤中，煮沸。 [SEP] i_________ [SEP] ingredient
2341,cn,1.631462886,整个 [SEP] 他的整个生命都献给了科学事业。 [SEP] a__ [SEP] all
2342,cn,-0.385767423,汽油（与英式英语的petrol相当） [SEP] 汽油的价格持续浮动。 [SEP] g_______ [SEP] gasoline
2343,cn,0.150798413,极聪明的 [SEP] 1)这是一个极为聪明的学生。2)我有一个绝妙的点子！ [SEP] b________ [SEP] brilliant
2344,cn,0.235528337,经过复制的 [SEP] 这些文字是从另一个文档里复制过来的。 [SEP] c_____ [SEP] copied
2345,cn,0.506915176,诗 [SEP] 《静夜思》是一首著名的诗。 [SEP] p___ [SEP] poem
2346,cn,0.918148167,随机的 [SEP] 这项用户体验调查选取了随机样本。 [SEP] r_____ [SEP] random
2347,cn,1.733558015,税 [SEP] 身为学生不需要交税。 [SEP] t__ [SEP] tax
2348,cn,-0.569956409,毫发未损的 [SEP] 1)他能在车祸中毫发无伤，真是太走运了。2)一天过去了，给他端进去的饭菜还是丝毫未动。 [SEP] u________ [SEP] untouched
2349,cn,-2.35540748,清晰地发（音） [SEP] 他在对方使节面前清楚地表达了我方的立场。 [SEP] a_________ [SEP] articulate
2350,cn,-0.906445688,巨大的 [SEP] 1)他被骗去了一笔巨款。2)绝大多数人同意这项政策。 [SEP] v___ [SEP] vast
2351,cn,-1.471156242,民主地 [SEP] 英国脱欧的决定是通过民主方式得出的。 [SEP] d_____________ [SEP] democratically
2352,cn,0.155337411,先前的 [SEP] 我在路上偶遇我的前雇主。 [SEP] f_____ [SEP] former
2353,cn,-1.301098347,玩伴 [SEP] 我和所有童年的玩伴都失去了联系。 [SEP] p_______ [SEP] playmate
2354,cn,-1.5095579,心脏病学 [SEP] 治疗这种病需要了解心脏病学。 [SEP] c_________ [SEP] cardiology
2355,cn,0.047683697,滴 [SEP] 请每次使用两滴眼药水。 [SEP] d___ [SEP] drop
2356,cn,-2.652863684,大腿 [SEP] 我工作的时候，猫就趴在我的大腿上。 [SEP] l__ [SEP] lap
2357,cn,0.335055231,总体的 [SEP] 1)公司的整体状况还不错。2)他对这里的整体印象是太穷了。 [SEP] o______ [SEP] overall
2358,cn,-3.339002549,不同 [SEP] 1)实验组和对照组的结果并无不同。2)我们不对学生作出区分。 [SEP] d__________ [SEP] distinction
2359,cn,-0.704887912,首要的 [SEP] 我是教师，教好学生是我的首要考虑。 [SEP] p____ [SEP] prime
2360,cn,-0.079979972,难忘的 [SEP] 那次去意大利的旅行使我难忘的经历。 [SEP] u____________ [SEP] unforgettable
2361,cn,-1.250095468,问卷 [SEP] 他们请大学生填写关于教学满意度的调查问卷。 [SEP] q____________ [SEP] questionnaire
2362,cn,0.384168169,先驱 [SEP] 他们是现代生物学研究的先驱。 [SEP] p______ [SEP] pioneer
2363,cn,-1.209375267,传记性的 [SEP] 这部纪录片披露了许多关于女王生平的事实。 [SEP] b___________ [SEP] biographical
2364,cn,-3.072429564,巴勒斯坦人 [SEP] 这位巴勒斯坦人身上持有炸药。 [SEP] p__________ [SEP] palestinian
2365,cn,-0.823295131,饥饿 [SEP] 饥饿使他失去理智。 [SEP] h_____ [SEP] hunger
2366,cn,-0.383207259,令人惊讶的 [SEP] 1)他竟然还钱了，真让人吃惊。2)她三天之内花光了惊人的一笔钱。 [SEP] s_________ [SEP] surprising
2367,cn,-2.046168263,股本 [SEP] 他以低价购入了这家公司的股份。 [SEP] e_____ [SEP] equity
2368,cn,0.122832335,为…安排时间 [SEP] 他细心安排了会议的时间以便所有人都能参加。 [SEP] t___ [SEP] time
2369,cn,1.391971321,停车 [SEP] 他们把车停在路边。 [SEP] p___ [SEP] park
2370,cn,-1.519103401,激动地 [SEP] 1)她热烈地爱着他。2)“不应为了皮毛屠杀动物”，她激动地说。 [SEP] p___________ [SEP] passionately
2371,cn,1.952668643,每周的 [SEP] 1)每周对祖母的探望是我多年的传统。2)抱歉我无法参加这次周会了。 [SEP] w_____ [SEP] weekly
2372,cn,-0.607210537,检查 [SEP] 仔细的检查后，他们发现支票有作假的痕迹。 [SEP] i_________ [SEP] inspection
2373,cn,2.61499586,尊敬 [SEP] 他赢得了学生的尊敬。 [SEP] r______ [SEP] respect
2374,cn,2.672408527,便宜的 [SEP] 我买了一条便宜的裤子。 [SEP] c____ [SEP] cheap
2375,cn,-0.146414997,梯子 [SEP] 他从梯子上摔了下来。 [SEP] l_____ [SEP] ladder
2376,cn,-2.423080343,主权 [SEP] 我们坚决对南海诸岛行使主权。 [SEP] s__________ [SEP] sovereignty
2377,cn,-2.96238059,大概 [SEP] 我感觉累大概是因为我每天都在加班。 [SEP] p_________ [SEP] presumably
2378,cn,-1.870856824,应对 [SEP] 1)售后部门专门应对用户的投诉。2)地方政府无力应对持续的失业问题。 [SEP] t_____ [SEP] tackle
2379,cn,-0.365476842,安慰 [SEP] 我搂着母亲，试图安慰她。 [SEP] c______ [SEP] comfort
2380,cn,3.024965561,坏的 [SEP] 谁是好人，谁是坏人？ [SEP] b__ [SEP] bad
2381,cn,-1.033426555,醋 [SEP] 她往汤里加了一勺醋。 [SEP] v______ [SEP] vinegar
2382,cn,2.509461751,唇 [SEP] 她有丰满的唇部。 [SEP] l__ [SEP] lip
2383,cn,-1.541412692,库存清单 [SEP] 请根据这份库存清单核对实际库存数量，并写出检查报告。 [SEP] i________ [SEP] inventory
2384,cn,0.200494526,设备 [SEP] 这个软件可以实现不同设备之间的数据传输。 [SEP] d_____ [SEP] device
2385,cn,-0.096777252,隧道 [SEP] 火车呼啸着穿过一条隧道。 [SEP] t_____ [SEP] tunnel
2386,cn,0.12866645,敲击 [SEP] 门上的敲击声吓了我一跳。 [SEP] k_______ [SEP] knocking
2387,cn,-1.810217151,耀眼 [SEP] 他演奏中表现出来的耀眼的才华瞬间征服了观众。 [SEP] b_________ [SEP] brilliance
2388,cn,-0.278715869,绑匪 [SEP] 绑匪向孩子的父母索要赎金。 [SEP] k________ [SEP] kidnapper
2389,cn,-1.187421115,收养的 [SEP] 他是父母的养子。 [SEP] f_____ [SEP] foster
2390,cn,-1.090535463,逐步地 [SEP] 产品的销售量稳定增长。 [SEP] s_______ [SEP] steadily
2391,cn,-1.501183753,培育 [SEP] 1)这些是在温室里培育的蔬菜。2)她是一个培养得很好的孩子。 [SEP] n______ [SEP] nurture
2392,cn,-2.52996752,食人者 [SEP] 传说这些原始部族里有食人者。 [SEP] c_______ [SEP] cannibal
2393,cn,-1.594068026,核反应堆 [SEP] 叙利亚的核反应堆在2007年被摧毁了。 [SEP] r______ [SEP] reactor
2394,cn,-1.300435057,滚屏 [SEP] 请向下滚屏以了解更多信息。 [SEP] s_____ [SEP] scroll
2395,cn,0.625181768,弄脏 [SEP] 我刚清洁过房间——别再把屋子弄脏了。 [SEP] m___ [SEP] mess
2396,cn,-2.722397231,易受影响的 [SEP] 十二三岁正是年轻又易受影响的年纪。 [SEP] i_____________ [SEP] impressionable
2397,cn,0.382963341,跳 [SEP] 1)美国登月宇航员的名言是：”我的一小步，是人类的一跃。”2)这一跳的高度打破了世界纪录。 [SEP] l___ [SEP] leap
2398,cn,3.278356728,知道 [SEP] “英语老师在哪?””我不知道。” [SEP] k___ [SEP] know
2399,cn,1.858349696,百万 [SEP] 这座城市有五百万人口。 [SEP] m______ [SEP] million
2400,cn,-0.855819959,清白 [SEP] 证人证明了她的清白。 [SEP] i________ [SEP] innocence
2401,cn,-0.854348089,让人渴望的 [SEP] 1)这是一份让人向往的工作。2)和平必然比战争更值得人向往。 [SEP] d________ [SEP] desirable
2402,cn,-0.490590807,各自的 [SEP] 老师让我们分享各自的英语学习经验。 [SEP] r_________ [SEP] respective
2403,cn,0.426951716,垃圾 [SEP] 不要再看那本口水书了——那是垃圾！ [SEP] t____ [SEP] trash
2404,cn,-1.334795572,理解 [SEP] 他把她的沉默理解为默认。 [SEP] i________ [SEP] interpret
2405,cn,0.83698254,握 [SEP] 1)她失去了对缰绳的控制（她握不住缰绳了）。2)他们加紧了对舆论的控制。 [SEP] h___ [SEP] hold
2406,cn,-1.310948514,在精神上 [SEP] 她感到与他精神相通。 [SEP] s__________ [SEP] spiritually
2407,cn,-0.453436961,笑 [SEP] 学生们的大笑让他放松了下来。 [SEP] l_______ [SEP] laughter
2408,cn,3.35117043,眼 [SEP] 她的眼睛很美。 [SEP] e__ [SEP] eye
2409,cn,-1.71739438,补贴 [SEP] 政府为种粮农民发放各种补贴。 [SEP] s______ [SEP] subsidy
2410,cn,-0.15727806,大的 [SEP] 1)他们遇到了一些重大问题。2)她在谈判过程中扮演重要角色。 [SEP] m____ [SEP] major
2411,cn,-1.973059895,神话的 [SEP] 宙斯是一个神话人物。 [SEP] m___________ [SEP] mythological
2412,cn,-1.710653621,[复数]学术工作者 [SEP] 学术工作者的生活都很忙碌。 [SEP] a________ [SEP] academics
2413,cn,-0.18181385,休闲地 [SEP] 现在的年轻人打扮得都很随意。 [SEP] c_______ [SEP] casually
2414,cn,-1.36375697,装饰性的 [SEP] 屋里的这些花朵是装饰性的，不起什么实际作用。 [SEP] d_________ [SEP] decorative
2415,cn,0.032409434,排斥…在外 [SEP] 他们被排斥在免费保险的范围之外。 [SEP] e______ [SEP] exclude
2416,cn,-1.384358623,灯塔 [SEP] 他们向着海上的灯塔驶去。 [SEP] l_________ [SEP] lighthouse
2417,cn,1.581141154,推迟 [SEP] 1)我的航班又延误了。2)我们把会议推迟了一星期。 [SEP] d____ [SEP] delay
2418,cn,-1.306559667,不管找个什么法子 [SEP] 1)我们必须不管找个什么法子阻止他与贩毒的人再见面。2)他不知用了什么办法说服了妻子做家庭主妇。 [SEP] s______ [SEP] somehow
2419,cn,1.775352388,逻辑 [SEP] 我跟不上演讲者的逻辑。 [SEP] l____ [SEP] logic
2420,cn,-0.03786772,迈步 [SEP] 你们中谁会游泳的，请向前迈一步。 [SEP] s___ [SEP] step
2421,cn,-0.204357725,严重地 [SEP] 1)这一地区遭受了经济危机的沉重打击。2)该国的粮食严重依赖进口。 [SEP] h______ [SEP] heavily
2422,cn,-0.693557268,谜 [SEP] 恐龙的突然消失至今是个谜。 [SEP] m______ [SEP] mystery
2423,cn,0.97724333,未洗的 [SEP] 丈夫总把一堆未洗的碗筷丢在洗碗池边，这让她十分恼火。 [SEP] u_______ [SEP] unwashed
2424,cn,-0.826251262,种族上的 [SEP] 1)这个国家由两个主要的族群构成。2)我们以民族多样性为豪。 [SEP] e_____ [SEP] ethnic
2425,cn,-0.056622746,经济学 [SEP] 她在北京大学学习经济学。 [SEP] e________ [SEP] economics
2426,cn,-2.628782524,麻醉剂 [SEP] 政府禁止各类毒品的非法买卖。 [SEP] n_______ [SEP] narcotic
2427,cn,2.282642454,猴子 [SEP] 他们去动物园看猴子。 [SEP] m_____ [SEP] monkey
2428,cn,0.655730456,家务 [SEP] 他们夫妇平分家务。 [SEP] h________ [SEP] housework
2429,cn,-0.433846919,差地 [SEP] 1)他们在比赛中表现很差。2)这份工作的薪水给得很少。 [SEP] p_____ [SEP] poorly
2430,cn,2.906673411,自由 [SEP] 父母给他很多自由。 [SEP] f______ [SEP] freedom
2431,cn,2.131687787,捉住 [SEP] 猫捉住了老鼠。 [SEP] c____ [SEP] catch
2432,cn,-2.446154043,牧师 [SEP] 这位牧师以精彩的布道而为人所知。 [SEP] p_______ [SEP] preacher
2433,cn,0.968873406,板 [SEP] 1)他把告示贴在布告板上。2)工人把钉子在板上。 [SEP] b____ [SEP] board
2434,cn,-1.630619858,未受赏识的 [SEP] 1)这些作品属于二十世纪初一位未受赏识的艺术家，它们的艺术价值直到今天才得以承认。2)我的意见没有得到重视。 [SEP] u____________ [SEP] unappreciated
2435,cn,0.406439876,椰子 [SEP] 这个饼干是椰子味的。 [SEP] c______ [SEP] coconut
2436,cn,-2.241891437,信仰共产主义的 [SEP] 我有共产主义信仰。 [SEP] c________ [SEP] communist
2437,cn,0.94985519,性别 [SEP] 我们不接受任何基于年龄、性别或种族的歧视。 [SEP] g_____ [SEP] gender
2438,cn,-0.261037901,损坏 [SEP] 地震损坏了房屋。 [SEP] d_____ [SEP] damage
2439,cn,-2.741799564,复审 [SEP] 中级法庭正在复审这一案件。 [SEP] r____ [SEP] retry
2440,cn,0.647122469,限制 [SEP] 人们呼吁对克隆技术的应用加以限制。 [SEP] l_________ [SEP] limitation
2441,cn,0.451104583,被挑中的 [SEP] 那位被挑中的女演员欣喜若狂。 [SEP] p_____ [SEP] picked
2442,cn,-1.404462614,缺陷 [SEP] 这款手机因几处重大缺陷被紧急召回。 [SEP] d_____ [SEP] defect
2443,cn,-2.042584931,…点钟 [SEP] “现在几点了？”“三点钟。” [SEP] o______ [SEP] o'clock
2444,cn,0.798458118,突破 [SEP] 该实验室在干细胞研究领域实现了突破。 [SEP] b___________ [SEP] breakthrough
2445,cn,-0.054997222,食品 [SEP] 我需要采购食品了。 [SEP] g______ [SEP] grocery
2446,cn,-0.787813474,阶段 [SEP] 公司的发展经历过一个困难的阶段。 [SEP] p____ [SEP] phase
2447,cn,-0.049771607,严重地 [SEP] 她在车祸中严重受伤。 [SEP] s________ [SEP] seriously
2448,cn,-1.536121502,处死 [SEP] 这些罪犯的处死引起了争议。 [SEP] e________ [SEP] execution
2449,cn,-3.190503584,承认 [SEP] “好吧，你是对的”，他不情愿地承认。 [SEP] c______ [SEP] concede
2450,cn,-0.554747751,图示 [SEP] 这些图示很好地说明了家具组装的步骤。 [SEP] i___________ [SEP] illustration
2451,cn,0.221463662,影响 [SEP] 专家们讨论英国退欧的影响。 [SEP] i________ [SEP] influence
2452,cn,-0.072922355,旋律 [SEP] 我喜欢这首歌的旋律。 [SEP] m_____ [SEP] melody
2453,cn,1.969998883,尊敬 [SEP] 我尊敬我的老师。 [SEP] r______ [SEP] respect
2454,cn,0.932703898,实际的 [SEP] 实际的死亡人数仍未确定。 [SEP] a_____ [SEP] actual
2455,cn,-2.302315477,林间空地 [SEP] 他们跋涉到了一处空地，生起火来。 [SEP] c_______ [SEP] clearing
2456,cn,-2.651095478,绕 [SEP] 1)蛇缠绕在树上。2)我把围巾围在脖子上。 [SEP] w___ [SEP] wind
2457,cn,0.628374911,职业 [SEP] 请提供您的姓名、性别、职业等信息。 [SEP] o_________ [SEP] occupation
2458,cn,1.107306331,极为 [SEP] 这是一种极为危险的化学物质。 [SEP] h_____ [SEP] highly
2459,cn,1.340113382,可靠的 [SEP] 我的经理是个靠得住的人。 [SEP] r_______ [SEP] reliable
2460,cn,-0.456719072,误解 [SEP] 文章里使用这些歧义词语容易造成误解。 [SEP] m_______________ [SEP] misunderstanding
2461,cn,1.325174751,未知的 [SEP] 空难的原因和经过仍然未知。 [SEP] u______ [SEP] unknown
2462,cn,-3.311830776,使受惊 [SEP] 他突然的出现吓了我一跳。 [SEP] s______ [SEP] startle
2463,cn,-0.123072662,类 [SEP] 我不屑去做那种事情。 [SEP] s___ [SEP] sort
2464,cn,-1.173449862,脊椎 [SEP] 他的脊椎在车祸中受伤了。 [SEP] s____ [SEP] spine
2465,cn,-1.429184986,指导 [SEP] 我的论文在威廉斯博士的指导下完成。 [SEP] s__________ [SEP] supervision
2466,cn,1.007580285,木制的 [SEP] 他在书房放了一把木椅子。 [SEP] w_____ [SEP] wooden
2467,cn,-1.83185871,使人快乐的 [SEP] 许多人觉得潜水是一项使人快乐的运动。 [SEP] e________ [SEP] enjoyable
2468,cn,-0.244473331,好地 [SEP] 1)这些蔬菜长得不错。2)孩子在班上融入得挺好。 [SEP] n_____ [SEP] nicely
2469,cn,2.041105328,山 [SEP] 寺院建立在大山之中。 [SEP] m_______ [SEP] mountain
2470,cn,-2.520644847,通信 [SEP] 他们通过书信往来保持联系。 [SEP] c_____________ [SEP] correspondence
2471,cn,1.98377633,任何事 [SEP] 如果发生了任何事，请打我电话。 [SEP] a_______ [SEP] anything
2472,cn,-1.573183979,遵守 [SEP] 希望你们以后严格遵守交通规则。 [SEP] c_____ [SEP] comply
2473,cn,-0.725945145,毛的 [SEP] 商品的毛重是230克。 [SEP] g____ [SEP] gross
2474,cn,1.455144549,戏剧性的 [SEP] 事情发生了戏剧性的转变。 [SEP] d_______ [SEP] dramatic
2475,cn,0.044307546,配偶 [SEP] 请登记您配偶的姓名和工作信息。 [SEP] s_____ [SEP] spouse
2476,cn,-2.330334272,善 [SEP] 他出于善意才跟你说了这些。 [SEP] g_______ [SEP] goodness
2477,cn,0.027768555,库房 [SEP] 他们买下了包括库房在内的整个厂房。 [SEP] w________ [SEP] warehouse
2478,cn,-0.897592241,出版业 [SEP] 在出版业工作不仅要爱书，还要有商业头脑。 [SEP] p_________ [SEP] publishing
2479,cn,-1.114341476,运河 [SEP] 阿姆斯特丹城中有许多运河。 [SEP] c____ [SEP] canal
2480,cn,-5.080931533,高官 [SEP] 这位高官掌管着公安总局。 [SEP] c___________ [SEP] commissioner
2481,cn,-1.023410655,改正的 [SEP] 我们必须做出改正性的措施，才能挽回亏损的局面。 [SEP] c_________ [SEP] corrective
2482,cn,1.305478856,阶段 [SEP] 企业发展的早期阶段也是我们最艰难的阶段。 [SEP] s____ [SEP] stage
2483,cn,0.575871755,娱乐 [SEP] 他认为歌手的职责就是娱乐观众。 [SEP] e________ [SEP] entertain
2484,cn,1.050969643,伴侣 [SEP] 您也可以携伴侣参加宴会。 [SEP] p______ [SEP] partner
2485,cn,-0.975132558,运行的 [SEP] 1)现在这家工厂全面投入运营了。2)这台冰箱一天后就能正常运转了。 [SEP] o__________ [SEP] operational
2486,cn,-0.728911633,零售商 [SEP] 我们负责将货物配送给当地零售商。 [SEP] r_______ [SEP] retailer
2487,cn,2.737483518,两个的 [SEP] 1)这是一个双黄蛋。2)我们要一张双人床。 [SEP] d_____ [SEP] double
2488,cn,2.134651434,相信 [SEP] 我相信人性本善。 [SEP] b______ [SEP] believe
2489,cn,2.016571151,相等的 [SEP] 人类生而平等。 [SEP] e____ [SEP] equal
2490,cn,-1.396870917,书 [SEP] 这本书的书评人是芝加哥大学的教授。 [SEP] r_______ [SEP] reviewer
2491,cn,3.435843109,简单的 [SEP] 这是一道简单的题目。 [SEP] e___ [SEP] easy
2492,cn,-1.405738244,立法 [SEP] 在美国，立法的权力属于国会。 [SEP] l__________ [SEP] legislation
2493,cn,0.842508117,在……之上 [SEP] 1)他把被子盖在睡着的妻子身上。2)他看见了河上的一座桥。 [SEP] o___ [SEP] over
2494,cn,0.652256267,创造者 [SEP] J. M. 巴里是彼得潘这个角色的创造者。 [SEP] c______ [SEP] creator
2495,cn,3.033178005,穿 [SEP] 1)他戴一副眼镜。2)她穿着一条水绿色连衣裙。 [SEP] w___ [SEP] wear
2496,cn,-1.048227667,极好的 [SEP] 你今天看起来好极了！ [SEP] f_______ [SEP] fabulous
2497,cn,2.305503196,解释 [SEP] 他向她解释为何要去外地工作。 [SEP] e______ [SEP] explain
2498,cn,1.711880681,块 [SEP] 1)请递给我一张纸。2)我吃了一块蛋糕。 [SEP] p____ [SEP] piece
2499,cn,-2.66194312,显著的 [SEP] 鲜艳的尾羽是这种鸟的显著特征。 [SEP] d__________ [SEP] distinctive
2500,cn,-1.047217762,恋人 [SEP] 他曾是我中学时的恋人。 [SEP] s_________ [SEP] sweetheart
2501,cn,0.0248989,多尘的 [SEP] 1)这条路常常尘土飞扬。2)这本书的封面布满灰尘。 [SEP] d____ [SEP] dusty
2502,cn,0.487345721,移动 [SEP] 这台仪器可以监测你眼球的移动。 [SEP] m_______ [SEP] movement
2503,cn,-1.358956471,章鱼 [SEP] 章鱼有八只触手。 [SEP] o______ [SEP] octopus
2504,cn,-0.43826966,便宜货 [SEP] 1)这件外套正在半价，真是够便宜！2)长期贫穷让她学会寻找便宜货。 [SEP] b______ [SEP] bargain
2505,cn,1.703717287,屋顶 [SEP] 这栋房子有一个漂亮的屋顶。 [SEP] r___ [SEP] roof
2506,cn,-4.830599469,通灵术 [SEP] 她相信通灵术能使她与亡夫沟通。 [SEP] s___________ [SEP] spiritualism
2507,cn,1.77586506,洋葱 [SEP] 她往沙拉里切进些洋葱。 [SEP] o____ [SEP] onion
2508,cn,-0.626641056,象征的 [SEP] 会议选择在二战结束纪念日举办具有象征意义。 [SEP] s_______ [SEP] symbolic
2509,cn,-1.34942703,强制的 [SEP] 受伤后我被强制躺在床上静养。 [SEP] e_______ [SEP] enforced
2510,cn,-1.681097993,大都市 [SEP] 我喜欢伦敦这样的大都市。 [SEP] m_________ [SEP] metropolis
2511,cn,-1.2055257,运动服装 [SEP] 商场三层专卖运动服装。 [SEP] s_________ [SEP] sportswear
2512,cn,3.162481045,脸 [SEP] 我每天早上洗脸。 [SEP] f___ [SEP] face
2513,cn,0.754788944,棉 [SEP] 这条裙子是棉制的。 [SEP] c_____ [SEP] cotton
2514,cn,0.25714255,不必要的 [SEP] 课前预习虽然显得没有必要，但却对学生的听课效果起到关键作用。 [SEP] u__________ [SEP] unnecessary
2515,cn,-2.158705804,拖车 [SEP] 这辆货车挂着一辆拖车。 [SEP] t______ [SEP] trailer
2516,cn,-1.750092623,观看 [SEP] 这部影片不适合儿童观看。 [SEP] v______ [SEP] viewing
2517,cn,3.827203658,睡眠 [SEP] 我希望拥有更好的睡眠。 [SEP] s____ [SEP] sleep
2518,cn,3.349297535,游戏 [SEP] 孩子们在玩一个游戏。 [SEP] g___ [SEP] game
2519,cn,0.810618124,寻找 [SEP] 1)我们寻求问题的和平解决方案。2)这些难民被迫寻找新的家园。 [SEP] s___ [SEP] seek
2520,cn,3.281355625,来 [SEP] 你下午能来吗？ [SEP] c___ [SEP] come
2521,cn,-1.696417756,嗅 [SEP] 他把嗅盐放到晕倒的妇人鼻下，妇人很快醒了过来。 [SEP] s_______ [SEP] smelling
2522,cn,-0.025384504,殖民地 [SEP] 美国曾是英国的殖民地。 [SEP] c_____ [SEP] colony
2523,cn,0.420364347,尖叫 [SEP] 你如果再靠近我，我就尖叫了！ [SEP] s_____ [SEP] scream
2524,cn,2.078534964,市场 [SEP] 1)商品的价格由市场决定。2)我去市场买了鱼。 [SEP] m_____ [SEP] market
2525,cn,0.387247104,不断增长的 [SEP] 他对生物产生了不断增长的兴趣。 [SEP] g______ [SEP] growing
2526,cn,2.266042323,列出 [SEP] 他们把红肉和黄曲霉素都列为致癌物质。 [SEP] l___ [SEP] list
2527,cn,-1.314939781,阿司匹林 [SEP] 阿司匹林可以治疗头痛。 [SEP] a______ [SEP] aspirin
2528,cn,0.267825572,果冻 [SEP] 她叮嘱孩子吃果冻时要小心。 [SEP] j____ [SEP] jelly
2529,cn,1.56472111,网站 [SEP] 我发现了一个分享图书信息的网站。 [SEP] w______ [SEP] website
2530,cn,0.127361855,真正地 [SEP] 1)她是个真正爱孩子的人。2)很难买到真正有机的蔬菜。 [SEP] t____ [SEP] truly
2531,cn,-1.542722379,同义词 [SEP] “充沛“是”丰沛“的同义词。 [SEP] s______ [SEP] synonym
2532,cn,1.453135363,日落 [SEP] 我们必须在日落前赶到。 [SEP] s_____ [SEP] sunset
2533,cn,-1.325003273,复印件 [SEP] 请提交一份护照的复印件。 [SEP] p________ [SEP] photocopy
2534,cn,-1.355647245,盐腌的 [SEP] 1)他买了咸黄油。2)桌上有一些腌牛肉。 [SEP] s_____ [SEP] salted
2535,cn,-0.296338256,免疫 [SEP] 他的免疫系统出了问题。 [SEP] i_____ [SEP] immune
2536,cn,0.941931153,起源 [SEP] 1)他想了解地球上生命的起源。2)这个名字的起源是古希腊语。 [SEP] o_____ [SEP] origin
2537,cn,-0.107028444,流行 [SEP] 这款游戏的流行缘于很多原因。 [SEP] p_________ [SEP] popularity
2538,cn,-2.003611993,阻挡或屏蔽…的人或物 [SEP] 我在电脑上安装了广告拦截软件。 [SEP] b______ [SEP] blocker
2539,cn,-0.100518852,不断改善的 [SEP] 朝韩两国不断改善的关系成为各大媒体的焦点。 [SEP] i________ [SEP] improving
2540,cn,-0.912694166,全国地 [SEP] 全国共有300名大学生参加了比赛。 [SEP] n_________ [SEP] nationwide
2541,cn,1.018963272,投递 [SEP] 我需要你投递一个包裹。 [SEP] d______ [SEP] deliver
2542,cn,-0.767054801,嫩的 [SEP] 牛肉在小火炖煮后十分软嫩。 [SEP] t_____ [SEP] tender
2543,cn,0.818147267,停顿 [SEP] 他停顿了一下，然后继续讲。 [SEP] p____ [SEP] pause
2544,cn,-2.145794067,对…负有责任的状态 [SEP] 主任在预算超支这件事上有不可推卸的责任。 [SEP] a_____________ [SEP] accountability
2545,cn,-1.884486273,管理 [SEP] 校长管理全校八百名师生。 [SEP] a_________ [SEP] administer
2546,cn,-1.311923357,未经勘探的 [SEP] 我们来到了南疆一处未经勘查的地域。 [SEP] u_________ [SEP] unexplored
2547,cn,2.12814568,高尔夫球 [SEP] 他每周末打高尔夫。 [SEP] g___ [SEP] golf
2548,cn,-0.116693077,有条件地 [SEP] 对方有条件地答应了我们的请求。 [SEP] c____________ [SEP] conditionally
2549,cn,3.153168269,跑 [SEP] 我跑着追赶公交车。 [SEP] r__ [SEP] run
2550,cn,2.293254203,编辑 [SEP] 他编辑了莎士比亚作品全集。 [SEP] e___ [SEP] edit
2551,cn,0.861671811,精神 [SEP] 他的冒险精神令人佩服。 [SEP] s_____ [SEP] spirit
2552,cn,-1.505562193,胜利 [SEP] 这场对敌人的胜利鼓舞了士气。 [SEP] t______ [SEP] triumph
2553,cn,-1.194203559,在…当中 [SEP] 爆炸的碎片落在围观人群当中。 [SEP] a___ [SEP] amid
2554,cn,1.44918817,希望 [SEP] 1)我希望父母不再干预我的决定。2)人们盼望战争结束。 [SEP] w___ [SEP] wish
2555,cn,-0.974440266,拥护者 [SEP] 他是自由贸易的拥护者。 [SEP] a_______ [SEP] advocate
2556,cn,-3.304228528,伙伴 [SEP] 作为一个餐馆老板，必须和供应商等商业伙伴保持良好关系。 [SEP] a________ [SEP] associate
2557,cn,1.181355701,胃 [SEP] 他痛苦地捂住胃部。 [SEP] s______ [SEP] stomach
2558,cn,-0.763648179,挤 [SEP] 他从管里挤出最后一点牙膏。 [SEP] s______ [SEP] squeeze
2559,cn,-0.148619173,肚子 [SEP] 1)最要紧的是填饱肚子。2)他大腹便便。 [SEP] b____ [SEP] belly
2560,cn,-0.740857075,转动 [SEP] 1)请转动车轮，检查车轮是否状态良好。2)地球公转的时候自身也在旋转。 [SEP] r_____ [SEP] rotate
2561,cn,-0.552392135,冷却 [SEP] 他吹气让汤冷却下来。 [SEP] c___ [SEP] cool
2562,cn,-0.435739502,前进 [SEP] 1)士兵们在白金汉宫门外来回行进。2)他冲进了我的办公室，说要讨个说法。 [SEP] m____ [SEP] march
2563,cn,-1.601015621,软垫 [SEP] 她穿了一件老式的、带肩垫的西装。 [SEP] p__ [SEP] pad
2564,cn,-0.325469842,建筑师 [SEP] 她小时候渴望当建筑师，长大却做了医生。 [SEP] a________ [SEP] architect
2565,cn,-2.483814718,跃下 [SEP] 她从桥上纵身跳进河里。 [SEP] p_____ [SEP] plunge
2566,cn,-0.215663999,低估 [SEP] 说他年薪百万是对他大大的低估。 [SEP] u____________ [SEP] underestimate
2567,cn,0.526962521,苍白的 [SEP] 你看起来很苍白——你病了吗？ [SEP] p___ [SEP] pale
2568,cn,1.952948883,翻倍 [SEP] 我的工资翻倍了。 [SEP] d_____ [SEP] double
2569,cn,-1.628330903,创新的 [SEP] 实验采取了创新的方法。 [SEP] i_________ [SEP] innovative
2570,cn,0.829313642,欺骗 [SEP] “她其实没出国，一直在家。”“别骗我！” [SEP] k______ [SEP] kidding
2571,cn,-0.246636191,硬度 [SEP] 这种材料的硬度让它具有防刮痕的特质。 [SEP] h_______ [SEP] hardness
2572,cn,1.243646172,商业 [SEP] 我们要学习对方公司的商业模式。 [SEP] b_______ [SEP] business
2573,cn,-1.008462909,观察员 [SEP] 市场观察员定期向董事会报告最新动态。 [SEP] w______ [SEP] watcher
2574,cn,-0.575657905,合并 [SEP] 这两家制鞋公司最近合并了。 [SEP] m____ [SEP] merge
2575,cn,3.373139377,呼叫 [SEP] 她的名字叫卡瑟琳，但母亲叫她凯特。 [SEP] c___ [SEP] call
2576,cn,0.510569819,蠕虫 [SEP] 她很害怕蠕虫。 [SEP] w___ [SEP] worm
2577,cn,0.287946336,挡住 [SEP] 1)交通被一块巨石阻断了。2)云层挡住了太阳。 [SEP] b____ [SEP] block
2578,cn,-0.010087548,睡觉的人 [SEP] 她是个睡眠很轻的人，一点响动都能吵醒她。 [SEP] s______ [SEP] sleeper
2579,cn,1.457619109,喜欢 [SEP] 她喜欢蓝色。 [SEP] l___ [SEP] like
2580,cn,2.840016017,某物 [SEP] 1)我记得他还说了些什么。2)你在那儿总能学到些东西。 [SEP] s________ [SEP] something
2581,cn,0.194509187,没有保护的 [SEP] 1)夫妇的遇难让他们的孩子失去了保护。2)没有防护的性行为会增大感染疾病的风险。 [SEP] u__________ [SEP] unprotected
2582,cn,-0.603958325,战场 [SEP] 他把在战场上牺牲视作莫大的光荣。 [SEP] b__________ [SEP] battlefield
2583,cn,1.600311218,治愈 [SEP] 医生治愈了她的肺炎。 [SEP] c___ [SEP] cure
2584,cn,-2.320441598,和解 [SEP] 经过了长期交战，两国的和解需要时日。 [SEP] r_____________ [SEP] reconciliation
2585,cn,-1.140322912,照亮 [SEP] 美丽的圣诞彩灯照亮了街道。 [SEP] i_________ [SEP] illuminate
2586,cn,3.069195675,歌手 [SEP] 谁是你最喜欢的歌手？ [SEP] s_____ [SEP] singer
2587,cn,0.039932674,拖着（走） [SEP] 他把她打昏后，拖着她走到后院。 [SEP] d___ [SEP] drag
2588,cn,1.088279434,发烧 [SEP] 发烧不退的话，要去看医生。 [SEP] f____ [SEP] fever
2589,cn,-0.500749974,高效的 [SEP] 她是一名十分高效的员工。 [SEP] e________ [SEP] efficient
2590,cn,2.798644736,当地的 [SEP] 当地居民抗议污染企业的排放。 [SEP] l____ [SEP] local
2591,cn,-0.223638854,用船运 [SEP] 这些集装箱将离开港口被运往美洲。 [SEP] s___ [SEP] ship
2592,cn,-3.245124321,合作 [SEP] 我们和当地的教师合作，共同编写了这套教材。 [SEP] c__________ [SEP] collaborate
2593,cn,1.116618566,数不清的 [SEP] 天上有数不清的星星。 [SEP] c________ [SEP] countless
2594,cn,0.59948042,商店 [SEP] 我们去百货商店购买食品。 [SEP] s____ [SEP] store
2595,cn,-1.251081448,几乎 [SEP] 1)我现在几乎每天都去图书馆。2)她事实上成了公司的老板。 [SEP] p__________ [SEP] practically
2596,cn,-0.081467099,缺席 [SEP] 他在会上的缺席令人浮想联翩。 [SEP] a______ [SEP] absence
2597,cn,-1.681908875,骚扰 [SEP] 性骚扰在企业中很常见。 [SEP] h_________ [SEP] harassment
2598,cn,-3.03964752,收购 [SEP] 对方的收购出价还算合理。 [SEP] t_______ [SEP] takeover
2599,cn,-0.521741428,心碎 [SEP] 我不愿惹他想起那些让他心碎的事。 [SEP] h_________ [SEP] heartbreak
2600,cn,2.507592255,邮政 [SEP] 请以邮寄方式退回商品。 [SEP] p___ [SEP] post
2601,cn,1.256182627,辩论 [SEP] 议会的辩论最终升级为肉搏。 [SEP] d_____ [SEP] debate
2602,cn,-0.983659742,使人尴尬的 [SEP] 学生指出我衣服穿反了——真是太尴尬了！ [SEP] e___________ [SEP] embarrassing
2603,cn,0.334722148,愚蠢的 [SEP] 我犯了一个愚蠢的错误——我在收据上少写了一个零。 [SEP] s____ [SEP] silly
2604,cn,0.960686435,曲奇饼 [SEP] 我饿了，请给我来几块曲奇饼。 [SEP] c_____ [SEP] cookie
2605,cn,0.578198612,全体职员 [SEP] 这个食堂是专供职工使用的。 [SEP] s____ [SEP] staff
2606,cn,0.921873791,被保存的 [SEP] 电脑忽然关机了——幸亏我的文档保存了。 [SEP] s____ [SEP] saved
2607,cn,-1.076918324,繁殖 [SEP] 政府下大力气研究大熊猫的成功繁殖。 [SEP] b_______ [SEP] breeding
2608,cn,2.746273388,疲劳的 [SEP] 工作了一整天后我很累。 [SEP] t____ [SEP] tired
2609,cn,0.071677995,贫困 [SEP] 贫困是这个村庄的主要问题。 [SEP] p______ [SEP] poverty
2610,cn,-0.604504221,风趣 [SEP] 他的风趣在文章中表露无遗。 [SEP] w__ [SEP] wit
2611,cn,-2.038685838,精神变态的人 [SEP] 我没有再和他争执下去——我怕他是个心理变态，要来伤害我。 [SEP] p_____ [SEP] psycho
2612,cn,0.714635085,可能性 [SEP] 他还活着的可能性很小。 [SEP] p__________ [SEP] possibility
2613,cn,0.920577254,卫生间 [SEP] 这个景区的公共卫生间很少。 [SEP] t_____ [SEP] toilet
2614,cn,-0.572990516,信封 [SEP] 他把钱装进信封。 [SEP] e_______ [SEP] envelope
2615,cn,-2.094948536,蛮族人 [SEP] 对古代人来说，中原之外的人都是蛮族人。 [SEP] b________ [SEP] barbarian
2616,cn,-0.253120561,相当的 [SEP] 1)这两位竞争者有着旗鼓相当的学术能力。2)应付男女职工相近的工资。 [SEP] c_________ [SEP] comparable
2617,cn,-1.293006107,龙卷风 [SEP] 龙卷风慢慢减弱了威力。 [SEP] t______ [SEP] tornado
2618,cn,1.50347996,回复 [SEP] 我发去了询问邮件，但还没收到回复。 [SEP] r____ [SEP] reply
2619,cn,-1.284031552,行动能力 [SEP] 1)瘫痪限制了他下身的行动能力。2)社会流动性逐渐增强。 [SEP] m_______ [SEP] mobility
2620,cn,-2.062158156,按年代顺序的 [SEP] 请写出这些事件按年代排列的顺序。 [SEP] c____________ [SEP] chronological
2621,cn,0.227420317,组合 [SEP] 1)这栋楼在材料上使用了混凝土和新型材料的组合。2)这个班里本地学生和留学生相混杂。 [SEP] m______ [SEP] mixture
2622,cn,1.447248408,范围 [SEP] 在这项实验中，患者的年龄范围是45至70岁。 [SEP] r____ [SEP] range
2623,cn,-1.425921545,漂流的 [SEP] 河面上有一艘漂泊的小船。 [SEP] d_______ [SEP] drifting
2624,cn,0.676241468,交通运输 [SEP] 我们将负担这批货物的运输。 [SEP] t_____________ [SEP] transportation
2625,cn,1.064928185,子弹 [SEP] 一颗子弹穿过了他的胸膛。 [SEP] b_____ [SEP] bullet
2626,cn,-0.625018426,适当的 [SEP] 当着孩子说这些有点不太合适。 [SEP] a__________ [SEP] appropriate
2627,cn,-0.01557623,体贴的 [SEP] 他把饭菜为晚归的妻子单独拨出一份，真是位体贴的丈夫。 [SEP] c__________ [SEP] considerate
2628,cn,1.522265756,突然的 [SEP] 突然的降温使许多人患上了感冒。 [SEP] s_____ [SEP] sudden
2629,cn,-0.381991932,消防队员 [SEP] 消防队员把她从屋子里解救出来。 [SEP] f__________ [SEP] firefighter
2630,cn,-2.506624501,真的 [SEP] 1)这是一个真实的故事。2)判断题的答案为“正确”。 [SEP] f____ [SEP] FALSE
2631,cn,-0.499089186,有意识的 [SEP] 1)她意识到自己这样做可能会受罚。2)病人虽失去了对肢体的控制，但仍有意识。 [SEP] c________ [SEP] conscious
2632,cn,0.43377435,不幸的是 [SEP] 不幸的是，肿瘤是恶性的。 [SEP] u____________ [SEP] unfortunately
2633,cn,-0.155826903,学期 [SEP] 我下学期选了流体力学课。 [SEP] s_______ [SEP] semester
2634,cn,0.379420301,大方的 [SEP] 他很大方，总是对有困难的人出手相助。 [SEP] g_______ [SEP] generous
2635,cn,1.39249454,奶酪 [SEP] 他切下了一块奶酪。 [SEP] c_____ [SEP] cheese
2636,cn,0.13245003,估计值 [SEP] 官方对这次火灾损失的估计是300万元。 [SEP] e_______ [SEP] estimate
2637,cn,-1.564971449,著名的 [SEP] 他是那个时代著名的男演员之一。 [SEP] n______ [SEP] notable
2638,cn,-3.373289814,运输公司 [SEP] 我们的合作对象是一家国际运输公司。 [SEP] c______ [SEP] carrier
2639,cn,2.608155778,领带 [SEP] 她给丈夫买了条领带。 [SEP] t__ [SEP] tie
2640,cn,-1.727466253,补救措施 [SEP] 他们没能找到拯救政府破产的补救措施。 [SEP] r_____ [SEP] remedy
2641,cn,-3.776196113,一份 [SEP] 这些薯条有五人份。 [SEP] h______ [SEP] helping
2642,cn,-2.2319034,磁性地 [SEP] 这把螺丝刀可以通过磁性吸起钉子。 [SEP] m___________ [SEP] magnetically
2643,cn,-0.964262418,冲动 [SEP] 我忽然有个想冲出教室的冲动。 [SEP] i______ [SEP] impulse
2644,cn,-1.74201617,缺乏动力的 [SEP] 得知这种病治愈概率极低后，病人往往就对治疗失去动力了。 [SEP] u__________ [SEP] unmotivated
2645,cn,1.424085386,直接的 [SEP] 1)我们乘坐的是直达航班。2)两者之间有直接关系。 [SEP] d_____ [SEP] direct
2646,cn,-0.819837154,指示物 [SEP] 他声称居民消费意愿是经济状况的指示符。 [SEP] i________ [SEP] indicator
2647,cn,-1.868066403,爆裂 [SEP] 轮胎突然爆裂，导致了一起交通事故。 [SEP] b____ [SEP] burst
2648,cn,-1.172768327,艺人 [SEP] 他是一位街头的歌舞艺人。 [SEP] e__________ [SEP] entertainer
2649,cn,1.307474644,雪人 [SEP] 他们在桥边堆了个雪人。 [SEP] s______ [SEP] snowman
2650,cn,-1.004718285,遗传学 [SEP] 他的研究推进了遗传学的发展。 [SEP] g_______ [SEP] genetics
2651,cn,-0.909068935,传统 [SEP] 他一切都遵照传统惯例行事。 [SEP] c_________ [SEP] convention
2652,cn,3.594516202,先生 [SEP] “您要来点什么，先生？” [SEP] s__ [SEP] sir
2653,cn,0.737157406,抬起 [SEP] 需要五个人才能抬起这家钢琴。 [SEP] l___ [SEP] lift
2654,cn,-0.176382251,粉 [SEP] 她往水里加了些去污粉。 [SEP] p_____ [SEP] powder
2655,cn,-1.653011401,有争议性的 [SEP] 时隔多年，海德格尔仍是一个富有争议的哲学家。 [SEP] c____________ [SEP] controversial
2656,cn,0.895121592,公牛 [SEP] 他在野外被一头公牛袭击了。 [SEP] b___ [SEP] bull
2657,cn,3.30742614,水 [SEP] 她每天喝很多水。 [SEP] w____ [SEP] water
2658,cn,-0.620849934,最初 [SEP] 最初她在弗罗里达州担任小学教师。 [SEP] i________ [SEP] initially
2659,cn,2.102709213,礼物 [SEP] 母亲为我买了生日礼物。 [SEP] p______ [SEP] present
2660,cn,0.169141959,段落 [SEP] 文章的这一段描写了热带雨林的风光。 [SEP] p________ [SEP] paragraph
2661,cn,1.109295333,完全 [SEP] 1)我花了恰好10美元。2)这两幅画看上去完全一样。 [SEP] e______ [SEP] exactly
2662,cn,0.731705187,竞争 [SEP] 你必须与其他优秀的人同台竞争。 [SEP] c______ [SEP] compete
2663,cn,-0.532836688,一模一样的 [SEP] 这两幅画一模一样。 [SEP] i________ [SEP] identical
2664,cn,-0.786249849,基本上 [SEP] 这本书基本上是本旅行指南，但也包括很多其他内容。 [SEP] e__________ [SEP] essentially
2665,cn,3.237935884,好 [SEP] 他是一个好学生。 [SEP] g___ [SEP] good
2666,cn,-1.415734761,业余的 [SEP] 他是一位业余摄影师。 [SEP] a______ [SEP] amateur
2667,cn,0.993069844,有个人 [SEP] 有个人来电话——他自称是你的亲戚。 [SEP] s_______ [SEP] somebody
2668,cn,-0.648609157,不负责任的 [SEP] 他是一个不负责任的父亲：在孩子还小的时候就抛弃了妻子和女儿。 [SEP] i____________ [SEP] irresponsible
2669,cn,1.551804991,总统 [SEP] 他当选了美国总统。 [SEP] p________ [SEP] president
2670,cn,-0.13234263,印刷 [SEP] 印刷行业目前不太景气。 [SEP] p_______ [SEP] printing
2671,cn,0.559896169,手写字体 [SEP] 我写的字不好看。 [SEP] h__________ [SEP] handwriting
2672,cn,2.120718603,雾 [SEP] 在雾中他看不清路况。 [SEP] f__ [SEP] fog
2673,cn,-1.621355336,易懂的 [SEP] 1)教师应尽力使课程内容清晰易懂。2)现在成人教育比以前更方便获得了。 [SEP] a_________ [SEP] accessible
2674,cn,0.803887083,血淋淋的 [SEP] 1)我在他的伤口处缠上绷带，但不久绷带也被血浸透。2)这部电视剧有很多血腥镜头。 [SEP] b_____ [SEP] bloody
2675,cn,-1.082713123,货币的 [SEP] 我们主张保持当下的货币政策。 [SEP] m_______ [SEP] monetary
2676,cn,-2.137022995,血浆 [SEP] 血浆占血液的大部分比重。 [SEP] p_____ [SEP] plasma
2677,cn,-1.21536304,复杂性 [SEP] 老师带领我们思索现代生活的复杂性。 [SEP] c_________ [SEP] complexity
2678,cn,1.481119933,回复 [SEP] 教授回复了我的邮件。 [SEP] r____ [SEP] reply
2679,cn,-0.436311235,贩子 [SEP] 他是一个毒品贩子。 [SEP] d_____ [SEP] dealer
2680,cn,0.534290546,当前的 [SEP] 政府正在竭力处理当前的危机。 [SEP] c______ [SEP] current
2681,cn,0.729133736,电池 [SEP] 我需要给剃须刀换电池了。 [SEP] b______ [SEP] battery
2682,cn,-1.408562412,未经证实的 [SEP] 双方的合作还只是传言，仍未经证实。 [SEP] u__________ [SEP] unconfirmed
2683,cn,-2.160806055,复苏 [SEP] 这一季度见证了垫肩西装在时尚界的复苏。 [SEP] r______ [SEP] revival
2684,cn,-1.340976061,标记 [SEP] 为孩子量身高后，我在墙上画了标记。 [SEP] m_____ [SEP] marker
2685,cn,-0.642625959,伙计 [SEP] “谢谢你，伙计。” [SEP] m___ [SEP] mate
2686,cn,-0.474196426,自然主义者 [SEP] 长期的植物学训练让他变成了一位自然主义者。 [SEP] n_________ [SEP] naturalist
2687,cn,-2.069840292,急剧上涨 [SEP] 这项政策导致首相的支持率猛增。 [SEP] s____ [SEP] surge
2688,cn,2.570361851,钓鱼 [SEP] 我父亲喜欢钓鱼。 [SEP] f______ [SEP] fishing
2689,cn,-0.30918096,恐怖分子 [SEP] 警方逮捕了与袭击有关的两名恐怖分子。 [SEP] t________ [SEP] terrorist
2690,cn,-2.305387254,舒服地 [SEP] 他舒服地躺在沙发上。 [SEP] c__________ [SEP] comfortably
2691,cn,3.419435113,星 [SEP] 他寻找夜空里最亮的星。 [SEP] s___ [SEP] star
2692,cn,2.771709494,办公室 [SEP] 我每天八点准时来到办公室。 [SEP] o_____ [SEP] office
2693,cn,-0.089903371,惊讶的 [SEP] 如果他真把钱还了，我会很吃惊的（即我不相信他会还钱）。 [SEP] s________ [SEP] surprised
2694,cn,1.715196813,鲨鱼 [SEP] 鲨鱼嗅到血腥味，聚集了上来。 [SEP] s____ [SEP] shark
2695,cn,-0.524768953,局外人 [SEP] 在这个满是陌生人的宴会上，他觉得自己是个局外人。 [SEP] o_______ [SEP] outsider
2696,cn,2.367515952,长久地 [SEP] 我等这个结果已经等了很久。 [SEP] l___ [SEP] long
2697,cn,-2.113728093,祭坛 [SEP] 走进教堂，进入中殿，就能看到祭坛。 [SEP] a____ [SEP] altar
2698,cn,-1.242335182,非官方地 [SEP] 按照官方文件的说法，你不再经手这个案子了，但非官方来说，如果你愿意，仍可以按照你的思路私下调查。 [SEP] u___________ [SEP] unofficially
2699,cn,-0.180773346,计算器 [SEP] 这门课程需要使用计算器。 [SEP] c_________ [SEP] calculator
2700,cn,0.4246634,着陆 [SEP] 请在飞机着陆的期间系好安全带，保持手机关闭。 [SEP] l______ [SEP] landing
2701,cn,-0.973866262,评估 [SEP] 1)请评价客服人员的服务。2)食客对这家餐厅评分颇高。 [SEP] r___ [SEP] rate
2702,cn,-0.527042679,劳累过度的 [SEP] 这个劳累过度的人在火车上睡着了。 [SEP] o_________ [SEP] overworked
2703,cn,2.611948244,故事书 [SEP] 孩子津津有味地看着故事书。 [SEP] s________ [SEP] storybook
2704,cn,-0.147745051,扭 [SEP] 他的脸因恐惧而扭曲。 [SEP] t____ [SEP] twist
2705,cn,-0.177839753,偏见 [SEP] 我们必须不带任何偏见地评判这些选手。 [SEP] b___ [SEP] bias
2706,cn,-1.548865937,实施 [SEP] 这些政策的实施将带来一系列经济和环境后果。 [SEP] i_____________ [SEP] implementation
2707,cn,0.809142609,结构 [SEP] 我们学习了氨基酸分子的结构。 [SEP] s________ [SEP] structure
2708,cn,-0.586851763,平均值 [SEP] 2，3，10的平均值是5。 [SEP] m___ [SEP] mean
2709,cn,-2.243814741,概念的 [SEP] 目前新区的建设还停留在概念层面。 [SEP] c_________ [SEP] conceptual
2710,cn,-0.591540153,保证 [SEP] 你说你的部队不会入侵，但我需要你的保证。 [SEP] a________ [SEP] assurance
2711,cn,-1.43132264,木材 [SEP] 这批木材是从非洲进口的。 [SEP] t_____ [SEP] timber
2712,cn,-2.750671689,碰撞作响 [SEP] 狂风中窗子格格作响。 [SEP] r_____ [SEP] rattle
2713,cn,-2.690123397,土堆 [SEP] 防御工事建在一处天然土墩上。 [SEP] m____ [SEP] mound
2714,cn,-0.257590605,预付的 [SEP] 商家称这是一张预付的电话卡，但他后来发现被骗了。 [SEP] p______ [SEP] prepaid
2715,cn,3.131483009,黑暗 [SEP] 我在黑暗中摸索。 [SEP] d___ [SEP] dark
2716,cn,-1.854825628,分子的 [SEP] 他们研究这种化合物的分子结构。 [SEP] m________ [SEP] molecular
2717,cn,2.486214343,在某处 [SEP] 我找不到钥匙了——它一定就在我包里的某处。 [SEP] s________ [SEP] somewhere
2718,cn,0.742537597,鲸 [SEP] 全球的鲸鱼数量正在急剧减少。 [SEP] w____ [SEP] whale
2719,cn,0.807779975,非洲的 [SEP] 非洲的女性皮肤都很好。 [SEP] a______ [SEP] african
2720,cn,1.441519918,禁令 [SEP] 政府下发了从欧盟进口牛肉的禁令。 [SEP] b__ [SEP] ban
2721,cn,-0.227139944,欣赏 [SEP] 1)欣赏音乐需要丰富的经验。2)老板不赏识他的才华。 [SEP] a_________ [SEP] appreciate
2722,cn,3.005779593,甚至 [SEP] 甚至他的女儿也瞧不起他。 [SEP] e___ [SEP] even
2723,cn,-1.194125648,从语法上说 [SEP] 这种表达在语法上不正确。 [SEP] g____________ [SEP] grammatically
2724,cn,-1.220245434,抗生素 [SEP] 在英国，抗生素是处方药。 [SEP] a_________ [SEP] antibiotic
2725,cn,2.634228744,同班同学 [SEP] 我在超市遇见了中学同班同学。 [SEP] c________ [SEP] classmate
2726,cn,2.824526385,动物园 [SEP] 她心情不好时喜欢逛动物园。 [SEP] z__ [SEP] zoo
2727,cn,1.839974689,医疗的 [SEP] 这一地区的医疗条件很差。 [SEP] m______ [SEP] medical
2728,cn,-1.791992647,史无前例的 [SEP] 黑人总统在美国是史无前例的。 [SEP] u____________ [SEP] unprecedented
2729,cn,2.57838739,孩子（单数） [SEP] 我只有一个孩子。 [SEP] c____ [SEP] child
2730,cn,1.886948445,感情 [SEP] 我很难表达自己的感受/感情。 [SEP] f______ [SEP] feeling
2731,cn,-0.402547299,淹死 [SEP] 孩子在河里溺死了。 [SEP] d____ [SEP] drown
2732,cn,-1.64108002,穿透 [SEP] 子弹穿透了她的头骨。 [SEP] p________ [SEP] penetrate
2733,cn,0.136691823,鸡尾酒 [SEP] 她们决定去喝杯鸡尾酒庆祝新工作。 [SEP] c_______ [SEP] cocktail
2734,cn,-1.421034543,天文学 [SEP] 天文学是一门古老的学科，满天星斗的秘密也吸引着我们的祖先。 [SEP] a________ [SEP] astronomy
2735,cn,-0.901781289,吉他手 [SEP] 乐队主唱和吉他手是一对夫妇。 [SEP] g________ [SEP] guitarist
2736,cn,2.411835947,和平 [SEP] 我们希望维持亚洲的和平。 [SEP] p____ [SEP] peace
2737,cn,-0.221803394,漏 [SEP] 管道有一处漏缝。 [SEP] l___ [SEP] leak
2738,cn,0.797324981,付款 [SEP] 您最迟将在月底收到付款。 [SEP] p______ [SEP] payment
2739,cn,1.114151034,运转 [SEP] 1)一些电子设备不能在低温下正常运转。2)请问如何操作这台液压机？ [SEP] o______ [SEP] operate
2740,cn,1.499349941,合适的 [SEP] 1)他有多年临床经验，是这个工作的合适人选。2)这个电影不适合小孩子。 [SEP] s_______ [SEP] suitable
2741,cn,1.672710966,挑选 [SEP] 他们挑选了三位学生参加竞赛。 [SEP] s_____ [SEP] select
2742,cn,-0.078884363,特别地 [SEP] 他今天来得异常早——我怀疑他要伺机在报告上做手脚。 [SEP] u________ [SEP] unusually
2743,cn,2.034523584,成员 [SEP] 他是董事会成员。 [SEP] m_____ [SEP] member
2744,cn,-0.402785719,即将到来的 [SEP] 人们对即将到来的公投都很兴奋。 [SEP] u_______ [SEP] upcoming
2745,cn,-0.052952086,运动员 [SEP] 她的弟弟是个运动员。 [SEP] s________ [SEP] sportsman
2746,cn,1.108670316,融化 [SEP] 黄油在常温下会融化。 [SEP] m___ [SEP] melt
2747,cn,-0.921686383,花销 [SEP] 公司的每一笔支出都受到监督。 [SEP] e__________ [SEP] expenditure
2748,cn,0.279459862,改正 [SEP] 我对你报告中的错误做了些改正。 [SEP] c_________ [SEP] correction
2749,cn,-2.155560596,令人恐惧地隐约出现 [SEP] 巨大的冰山在远方隐约浮现。 [SEP] l___ [SEP] loom
2750,cn,-0.085450906,姿势 [SEP] 这种坐姿会导致腰痛。 [SEP] p______ [SEP] posture
2751,cn,-2.249502036,表示肯定的 [SEP] 我希望能得到肯定的答复（即我希望对方说“是”而不是“否”）。 [SEP] a__________ [SEP] affirmative
2752,cn,0.88401043,传说 [SEP] 罗宾汉是一个传说中的人物。 [SEP] l_____ [SEP] legend
2753,cn,1.686579021,沙拉 [SEP] 她用番茄、洋葱、蔬菜和橄榄油拌了份沙拉。 [SEP] s____ [SEP] salad
2754,cn,0.838367016,雪茄 [SEP] 他正在抽一支雪茄。 [SEP] c____ [SEP] cigar
2755,cn,-2.453624373,声称的 [SEP] 这位自称受害者的人的口供仍需证实。 [SEP] a______ [SEP] alleged
2756,cn,-1.192741055,长时间的 [SEP] 她曾是他长时间的女友，但他最后与她分手了。 [SEP] l_______ [SEP] longtime
2757,cn,0.256309406,生态 [SEP] 污染会进一步恶化已经十分脆弱的地球生态。 [SEP] e______ [SEP] ecology
2758,cn,-0.655369816,实验室 [SEP] 学院建了三个机器学习的实验室。 [SEP] l_________ [SEP] laboratory
2759,cn,0.263868162,非盈利的 [SEP] 这是一家非盈利的慈善组织。 [SEP] n________ [SEP] nonprofit
2760,cn,0.243105176,意愿 [SEP] 他投资的意愿显示了他对我们的信心。 [SEP] w__________ [SEP] willingness
2761,cn,-2.13120201,镇压 [SEP] 政府军镇压了当地的一起暴动。 [SEP] s_______ [SEP] suppress
2762,cn,-2.335094053,修复 [SEP] 这些墓葬文物的修复耗时两年。 [SEP] r__________ [SEP] restoration
2763,cn,-0.75476475,受限的 [SEP] 1)这些座位观看舞台的视野受限，容易受到柱子的遮挡。2)记者在这一区域的活动受限。 [SEP] r_________ [SEP] restricted
2764,cn,1.360791521,解决方案 [SEP] 我们正在积极寻找和平的解决方案。 [SEP] s_______ [SEP] solution
2765,cn,-1.729507288,通讯员 [SEP] 以上报道来自《卫报》驻克里姆林宫的通讯记者。 [SEP] c____________ [SEP] correspondent
2766,cn,-0.83549073,知情的 [SEP] 他搜集了大量有关肺癌的资料，对父亲的治疗方案做出了知情的决定。 [SEP] i_______ [SEP] informed
2767,cn,0.069154838,热切的 [SEP] 1)她急于给别人留下好印象。2)他看着孩子脸上热切的神情。 [SEP] e____ [SEP] eager
2768,cn,1.248806857,行为 [SEP] 我们强烈谴责暴力行为。 [SEP] a__ [SEP] act
2769,cn,0.197737194,伦理标准 [SEP] 每份工作都有它的职业道德。 [SEP] e____ [SEP] ethic
2770,cn,-0.644224896,怪人 [SEP] 他打扮邋遢又举止怪异——班上的同学都把他当成怪人。 [SEP] f____ [SEP] freak
2771,cn,-0.74733471,不加治疗 [SEP] 糖尿病如果不加治疗则会不断加重。 [SEP] u________ [SEP] untreated
2772,cn,-0.719745159,全体员工 [SEP] 1)这家跨国公司将在全球范围内裁掉5%的员工总数。2)这家慈善机构协助残疾女性进入劳动大军。 [SEP] w________ [SEP] workforce
2773,cn,3.206261994,银行 [SEP] 我下午要去银行取钱。 [SEP] b___ [SEP] bank
2774,cn,-0.65467513,抑郁 [SEP] 妻子的离世让他陷入抑郁。 [SEP] d_________ [SEP] depression
2775,cn,-2.810428688,魅力 [SEP] 奥巴马拥有非凡的个人魅力。 [SEP] c_______ [SEP] charisma
2776,cn,3.314162595,吃 [SEP] 我吃了一个苹果。 [SEP] e__ [SEP] eat
2777,cn,0.185178011,说服 [SEP] 她说服父亲去看病。 [SEP] p_______ [SEP] persuade
2778,cn,-0.896407479,被选择的 [SEP] 1)你是我选择的/认定的伴侣。2)救死扶伤是我选定的事业。 [SEP] c_____ [SEP] chosen
2779,cn,-1.894054631,头奖 [SEP] 他获得一笔500万元的大奖。 [SEP] j______ [SEP] jackpot
2780,cn,-0.523373172,证实 [SEP] 警方证实了这次抓捕行动。 [SEP] c______ [SEP] confirm
2781,cn,1.562859615,间隙 [SEP] 我把眼镜掉到床和墙之间的间隙里了。 [SEP] g__ [SEP] gap
2782,cn,-3.808324805,暖房 [SEP] 入冬后，她把室外的花卉搬回家中的玻璃暖房。 [SEP] c___________ [SEP] conservatory
2783,cn,1.31672497,环境 [SEP] 1)当地环境遭到了破坏。2)我喜欢这家公司的工作环境。 [SEP] e__________ [SEP] environment
2784,cn,0.207038933,包 [SEP] 她用牛皮纸包好礼物。 [SEP] w___ [SEP] wrap
2785,cn,0.467468457,身体的 [SEP] 脑部疾病也影响到他的身体活动。 [SEP] p_______ [SEP] physical
2786,cn,1.813348505,一项 [SEP] 1)这排货架上的商品都是五元一件。2)他查看着库存单上的每一项。 [SEP] i___ [SEP] item
2787,cn,2.581856456,乞求 [SEP] 他乞求她不要走。 [SEP] b__ [SEP] beg
2788,cn,-1.439253519,给人灵感的 [SEP] 马丁路德金的演讲给人灵感与鼓舞。 [SEP] i____________ [SEP] inspirational
2789,cn,-0.176197582,相对的 [SEP] 这个贫困国家获得了相对的经济发展。 [SEP] r_______ [SEP] relative
2790,cn,0.831694176,坦白地 [SEP] 坦白地说，我对这份工作不感兴趣。 [SEP] f______ [SEP] frankly
2791,cn,-2.94733268,做作的 [SEP] 电影里的贵族都有一副做作的神态。 [SEP] a_______ [SEP] affected
2792,cn,1.52520771,火鸡 [SEP] 我不喜欢吃火鸡肉。 [SEP] t_____ [SEP] turkey
2793,cn,-2.053977297,砰地一声关上 [SEP] 她哭着冲出房间，摔上门。 [SEP] s___ [SEP] slam
2794,cn,-4.94863739,容易上当的人 [SEP] “你真相信他生意亏损了需要你的钱？你真是个好骗的人。” [SEP] s_____ [SEP] sucker
2795,cn,-1.135471367,微粒 [SEP] 他迎着阳光观察空气中灰尘的微粒。 [SEP] p_______ [SEP] particle
2796,cn,1.167839661,通知 [SEP] 老板通知我下周出差。 [SEP] i_____ [SEP] inform
2797,cn,2.774363863,重量 [SEP] 1)她圣诞后体重增加了。2)箱子的最大重量是30公斤。 [SEP] w_____ [SEP] weight
2798,cn,-0.117195694,浅的 [SEP] 我们趟过一条浅河。 [SEP] s______ [SEP] shallow
2799,cn,-4.379812963,有重要作用的 [SEP] 他对两国谈判的成功起到重要作用。 [SEP] i___________ [SEP] instrumental
2800,cn,0.693725283,在室内的 [SEP] 瑜伽基本是一项室内活动。 [SEP] i_____ [SEP] indoor
2801,cn,-1.838989269,分娩 [SEP] 他的母亲死于分娩。 [SEP] c_________ [SEP] childbirth
2802,cn,0.289248466,最终的 [SEP] 我们的终极目标是杜绝所有的动物实验。 [SEP] u_______ [SEP] ultimate
2803,cn,-2.551313009,公墓 [SEP] 他周末去附近的公墓给祖母上坟。 [SEP] c_______ [SEP] cemetery
2804,cn,0.495677795,门口 [SEP] 我打开门，发现他就在门口。 [SEP] d______ [SEP] doorway
2805,cn,1.104899996,乡村的 [SEP] 这个国家的农村人口仍占大多数。 [SEP] r____ [SEP] rural
2806,cn,1.803494443,重要的 [SEP] 儿童早教十分重要。 [SEP] i________ [SEP] important
2807,cn,-0.957633752,附上的 [SEP] 详情请见随邮件附上的文档。 [SEP] a_______ [SEP] attached
2808,cn,1.816516085,提及 [SEP] 他对学校做出了杰出贡献，值得在校史中受到提及（值得进入校史）。 [SEP] m______ [SEP] mention
2809,cn,-1.128622868,心照不宣的 [SEP] 他们对对方有着心照不宣的爱慕。 [SEP] u_______ [SEP] unspoken
2810,cn,3.025392954,谎 [SEP] 你不应该说谎。 [SEP] l__ [SEP] lie
2811,cn,-1.712078645,开明的 [SEP] 他对移民及同性婚姻等问题都持有开明的立场。 [SEP] l______ [SEP] liberal
2812,cn,1.387226665,保护 [SEP] 1)妇女权益的保护十分重要。2)布套能为旅行箱提供保护。 [SEP] p_________ [SEP] protection
2813,cn,0.790265458,范围广地 [SEP] 1)人们普遍认为有机蔬菜对土地与人体都有好处。2)他阅读广泛。 [SEP] w_____ [SEP] widely
2814,cn,2.895103104,法律 [SEP] 法律面前人人平等。 [SEP] l__ [SEP] law
2815,cn,1.980581472,有限的 [SEP] 优惠券数量有限，请尽快领取。 [SEP] l______ [SEP] limited
2816,cn,-1.878933237,一小部分 [SEP] 1)这个提议只受到一小部分人的同意。2)只用这笔钱的一小部分就能在郊外买一栋房子。 [SEP] f_______ [SEP] fraction
2817,cn,0.807460341,真正 [SEP] 我们只在电话里谈过，从未真正见面。 [SEP] a_______ [SEP] actually
2818,cn,0.251872726,欢呼 [SEP] 球队登场的时候，台下的球迷高声欢呼。 [SEP] c____ [SEP] cheer
2819,cn,1.713511708,智能手机 [SEP] 我为爸妈都买了智能手机。 [SEP] s_________ [SEP] smartphone
2820,cn,2.667298059,下午 [SEP] 开会时间是下午两点。 [SEP] p_ [SEP] pm
2821,cn,0.257043066,树枝 [SEP] 树枝上停着两只鸟。 [SEP] b_____ [SEP] branch
2822,cn,-0.145940787,大气层 [SEP] 大气层里二氧化碳含量增多而导致全球变暖。 [SEP] a_________ [SEP] atmosphere
2823,cn,2.571199102,轮到…的机会 [SEP] “别抢，该轮到我了！” [SEP] t___ [SEP] turn
2824,cn,-0.253542081,海豚 [SEP] 有一只海豚跳出了池子。 [SEP] d______ [SEP] dolphin
2825,cn,2.110994129,压力 [SEP] 这位被指伪造数据的科学家正面临巨大的压力。 [SEP] p_______ [SEP] pressure
2826,cn,1.021865593,因此 [SEP] 他的初试分数较低，因此未能得到面试机会。 [SEP] t________ [SEP] therefore
2827,cn,-1.124287999,大腿 [SEP] 他把手放在我的大腿上，让我很别扭。 [SEP] t____ [SEP] thigh
2828,cn,-1.293658518,布朗尼蛋糕 [SEP] 她因为怕甜而拒绝吃布朗尼蛋糕。 [SEP] b______ [SEP] brownie
2829,cn,-2.112911,图 [SEP] 这张乐队的老照片里，埃尔顿·约翰是图中的左起第二个。 [SEP] p_______ [SEP] pictured
2830,cn,-0.46331457,粘贴 [SEP] 她把音乐会门票小心地贴在日记本里。 [SEP] p____ [SEP] paste
2831,cn,0.451999242,卫生间 [SEP] 请问卫生间在哪里？ [SEP] w_______ [SEP] washroom
2832,cn,-1.949375292,神圣的 [SEP] 1)中国的道教中有很多神灵。2)古人认为君权是神圣的。 [SEP] d_____ [SEP] divine
2833,cn,2.059162774,决定 [SEP] 我决定放弃这次机会。 [SEP] d_____ [SEP] decide
2834,cn,0.88573538,确实 [SEP] 他确实很贫穷。 [SEP] i_____ [SEP] indeed
2835,cn,-1.150154647,奇怪的 [SEP] 1)她总有些怪想法。2)我最近总是做怪梦。 [SEP] w____ [SEP] weird
2836,cn,1.640573365,给…领路 [SEP] 一位志愿者把我们引领到博物馆门口。 [SEP] g____ [SEP] guide
2837,cn,-0.108851313,坚决的 [SEP] 1)政府对温室气体减排的立场很坚定。2)她是个十分坚决的谈判者。 [SEP] d_________ [SEP] determined
2838,cn,-1.8071749,国会的 [SEP] 这项国会的决议被总统否决了。 [SEP] c____________ [SEP] congressional
2839,cn,0.15996248,高兴的 [SEP] 我很高兴能邀请到这位嘉宾。 [SEP] d________ [SEP] delighted
2840,cn,0.801985438,有责任的 [SEP] 法院判定他对这起车祸有责任。 [SEP] r__________ [SEP] responsible
2841,cn,1.824212464,罕见的 [SEP] 医生告诉她这是一种罕见病。 [SEP] r___ [SEP] rare
2842,cn,-1.256089299,体操 [SEP] 体操运动是这个国家的强项。 [SEP] g_________ [SEP] gymnastics
2843,cn,2.63458435,仍然 [SEP] 1)她仍然爱着我。2)客人来的时候我的头发还是湿的。 [SEP] s____ [SEP] still
2844,cn,-2.48924781,构想 [SEP] 他们构想了一整套打击高利贷犯罪的方案。 [SEP] f________ [SEP] formulate
2845,cn,-0.042542088,立誓 [SEP] 1)我发誓没有说谎。2)军人们立誓保卫边境地带。 [SEP] v__ [SEP] vow
2846,cn,-0.519974014,在城市中心区或商业区的 [SEP] 酒店坐落在城市中心的位置。 [SEP] d_______ [SEP] downtown
2847,cn,-3.996236398,富有启发性的 [SEP] 教授对相对论的解释很有启发性。 [SEP] i___________ [SEP] illuminating
2848,cn,-1.724870713,抬升的 [SEP] 老师站在高出一块的讲台上。 [SEP] r_____ [SEP] raised
2849,cn,3.204108128,爸爸 [SEP] 我钦佩我的爸爸。 [SEP] d__ [SEP] dad
2850,cn,-1.898362609,仓促的 [SEP] 这份报告是匆忙完成的，可能还有不少错误。 [SEP] r_____ [SEP] rushed
2851,cn,0.934074024,世纪 [SEP] 我们身处二十一世纪。 [SEP] c______ [SEP] century
2852,cn,-0.323854852,时间选择 [SEP] “我们来晚了吗？”“不，时机正好，演出马上就开始。” [SEP] t_____ [SEP] timing
2853,cn,0.825857794,公民 [SEP] 我是这个国家的公民，也享有相应的公民权利。 [SEP] c______ [SEP] citizen
2854,cn,0.160532833,改进的 [SEP] 新产品采用了改良配方。 [SEP] i_______ [SEP] improved
2855,cn,-0.407434525,被重视的 [SEP] 她的贡献被我们高度重视。 [SEP] v_____ [SEP] valued
2856,cn,-0.184986644,现实的 [SEP] 1)不要梦想着发财后的生活了——现实点儿！2)指望富人主动交出财富是不现实的，只能通过税收的手段强制执行。 [SEP] r________ [SEP] realistic
2857,cn,2.105447619,愿望 [SEP] 他对着生日蜡烛许下愿望。 [SEP] w___ [SEP] wish
2858,cn,-1.382291533,国际地 [SEP] 这家公司生产国际知名的医疗器械。 [SEP] i______________ [SEP] internationally
2859,cn,-2.485824569,异性恋行为 [SEP] 异性恋被当作社会的常态。 [SEP] h______________ [SEP] heterosexuality
2860,cn,1.194749385,菠萝 [SEP] 我喜欢吃菠萝。 [SEP] p________ [SEP] pineapple
2861,cn,0.747570323,徒步 [SEP] 1)我们用二十天时间徒步穿越了苏格兰。2)我每周末都徒步出游。 [SEP] h___ [SEP] hike
2862,cn,-2.325251096,调查过程中的 [SEP] 他们对调查的方法提出了质疑。 [SEP] i____________ [SEP] investigating
2863,cn,-1.491187875,背面 [SEP] 他住在山背面。 [SEP] b_______ [SEP] backside
2864,cn,-0.960124749,彻底的 [SEP] 他们对这间客房作了彻底搜查。 [SEP] t_______ [SEP] thorough
2865,cn,-0.040896399,政治家 [SEP] 政治家需要有个人魅力和组织能力。 [SEP] p_________ [SEP] politician
2866,cn,-0.871851228,头骨 [SEP] 子弹打穿了他的头骨。 [SEP] s____ [SEP] skull
2867,cn,2.818713701,魔法 [SEP] 我从小就梦想学习魔法。 [SEP] m____ [SEP] magic
2868,cn,1.277499935,挖 [SEP] 我们从地里挖出了红薯。 [SEP] d__ [SEP] dig
2869,cn,0.742748473,拼写 [SEP] 文章中有一些拼写错误。 [SEP] s_______ [SEP] spelling
2870,cn,3.139548678,牛（有时特指奶牛） [SEP] 草坡上有几头牛。 [SEP] c__ [SEP] cow
2871,cn,1.307427562,编辑 [SEP] 他是这套书的主编。 [SEP] e_____ [SEP] editor
2872,cn,-0.407408896,优点 [SEP] 她身上有许多优点，勤快就是其中之一。 [SEP] m____ [SEP] merit
2873,cn,-3.533022781,突然地 [SEP] 脱欧后，英镑汇率猛跌。 [SEP] s______ [SEP] sharply
2874,cn,2.843620312,亲爱的 [SEP] 1)我失去了一个亲爱的朋友。2)“亲爱的露丝”，她在信的开头写下。 [SEP] d___ [SEP] dear
2875,cn,-0.29366722,康复 [SEP] 1)祝你早日康复！2)肺炎的康复需要较长时间。 [SEP] r_______ [SEP] recovery
2876,cn,-0.663581644,完美 [SEP] 他希望通过练习使演奏技巧达到完美。 [SEP] p_________ [SEP] perfection
2877,cn,-0.346882461,放松的 [SEP] 1)她喜欢这家咖啡馆闲适而放松的氛围。2)这场面试过程并不正式，更像闲谈。 [SEP] c_____ [SEP] casual
2878,cn,0.367395151,实验 [SEP] 我们拒绝在动物身上做实验。 [SEP] e_________ [SEP] experiment
2879,cn,1.610816872,导演 [SEP] 这部电影的导演是谁? [SEP] d_______ [SEP] director
2880,cn,0.806714683,教授 [SEP] 他请求教授再讲述一遍定理的证明。 [SEP] p________ [SEP] professor
2881,cn,3.898860675,开的 [SEP] 1)窗是开着的。2)这家店直到晚上10点都开门。 [SEP] o___ [SEP] open
2882,cn,0.488528752,乘（车、马等）的旅程 [SEP] 我很享受这趟乘车去乡下的旅程。 [SEP] r___ [SEP] ride
2883,cn,3.318445803,离…近 [SEP] 我住得离地铁站很近 [SEP] n___ [SEP] near
2884,cn,1.593226649,可怕的 [SEP] “她的父母在火灾中都去世了。”“天啊，真是太糟糕了。” [SEP] t_______ [SEP] terrible
2885,cn,2.893542325,小时 [SEP] 我过一小时回来。 [SEP] h___ [SEP] hour
2886,cn,0.611833727,多毛的 [SEP] 他的胳膊上毛发浓密。 [SEP] h____ [SEP] hairy
2887,cn,-0.200632408,不连接的 [SEP] 1)大脑损伤使他只能说些不连贯的句子。2)我感到与外部世界失去联系。 [SEP] d___________ [SEP] disconnected
2888,cn,2.463646004,电脑 [SEP] 要完成这项任务，你需要一台电脑。 [SEP] c_______ [SEP] computer
2889,cn,1.757989027,媒体 [SEP] 对这次会晤的媒体报道大多是负面的。 [SEP] m____ [SEP] media
2890,cn,-1.457381666,直觉 [SEP] 很多时候我根据直觉做决定。 [SEP] i________ [SEP] intuition
2891,cn,0.080100336,恶心的 [SEP] 她那套虚伪的话让我恶心。 [SEP] s___ [SEP] sick
2892,cn,2.654167049,沙发 [SEP] 他们为新家购置了沙发。 [SEP] s___ [SEP] sofa
2893,cn,-2.470866424,健美运动 [SEP] 她通过多年的健美运动打造了一身强健的肌肉。 [SEP] b___________ [SEP] bodybuilding
2894,cn,-0.431615118,改变 [SEP] 她通过手术改变了容貌。 [SEP] a____ [SEP] alter
2895,cn,-0.072161101,积聚 [SEP] 灰尘在壁炉里大量积聚。 [SEP] a_________ [SEP] accumulate
2896,cn,-0.499171655,技巧 [SEP] 这次培训是为了提高大家的外科手术技巧。 [SEP] t________ [SEP] technique
2897,cn,-0.406480082,奴隶制 [SEP] 我们反对各种形式的奴隶制。 [SEP] s______ [SEP] slavery
2898,cn,-1.501954586,分子 [SEP] 图片展示了果糖分子的结构。 [SEP] m_______ [SEP] molecule
2899,cn,0.57181766,期刊 [SEP] 他将论文投给一家医学期刊。 [SEP] j______ [SEP] journal
2900,cn,-1.108721224,放射性的 [SEP] 必须谨慎处理这些核试验的放射性余料。 [SEP] r__________ [SEP] radioactive
2901,cn,0.524540563,固定 [SEP] 她用大头针把儿子的照片钉在墙上。 [SEP] p__ [SEP] pin
2902,cn,-2.708648709,鳟鱼 [SEP] 他们捕获了几条鳟鱼。 [SEP] t____ [SEP] trout
2903,cn,1.724656846,反应 [SEP] 如果有人挑衅你，你会如何反应？ [SEP] r____ [SEP] react
2904,cn,3.334697663,工作 [SEP] 我通过面试，得到了这个工作。 [SEP] j__ [SEP] job
2905,cn,-0.677371549,微型芯片 [SEP] 他窃取了公司电脑的微型芯片。 [SEP] m________ [SEP] microchip
2906,cn,1.358996576,紧 [SEP] 抽屉太紧，我打不开。 [SEP] t____ [SEP] tight
2907,cn,-0.09334831,公开地 [SEP] 他公开反对首相的决策。 [SEP] o_____ [SEP] openly
2908,cn,0.096338012,水手 [SEP] 船上的水手们因感染疫病陆续死去。 [SEP] s_____ [SEP] sailor
2909,cn,-2.512487472,维护 [SEP] 我们斗争以维护女性的权利。 [SEP] u_____ [SEP] uphold
2910,cn,1.902061603,前面的 [SEP] 请使用前门。 [SEP] f____ [SEP] front
2911,cn,-1.799191783,物质主义的 [SEP] 他认为当今社会人们都很物质，将金钱看得重于一切。 [SEP] m____________ [SEP] materialistic
2912,cn,-0.989938357,拍卖 [SEP] 这幅画预计在拍卖会上能卖到40万美元。 [SEP] a______ [SEP] auction
2913,cn,3.709509891,队 [SEP] 我们的足球队获得了大学生运动会的亚军。 [SEP] t___ [SEP] team
2914,cn,-1.695251977,社会学的 [SEP] 他们用社会学方法研究农村自杀事件。 [SEP] s___________ [SEP] sociological
2915,cn,1.466171473,乐队 [SEP] 乐队由一名鼓手，一名键盘手和一名歌手组成。 [SEP] b___ [SEP] band
2916,cn,1.458461053,街区 [SEP] 再向前走一个街区就到了。 [SEP] b____ [SEP] block
2917,cn,0.725988317,资助 [SEP] 这个研究项目是由通用集团资助的。 [SEP] f___ [SEP] fund
2918,cn,-0.748240625,其间 [SEP] 图书馆将要关闭重建。在此期间，师生们可以使用院系各自的图书室。 [SEP] m_______ [SEP] meantime
2919,cn,-1.420396258,指控 [SEP] 首相否认了对他渎职的指控。 [SEP] a_________ [SEP] accusation
2920,cn,-3.05736138,电影摄影术 [SEP] 他来到纽约系统学习电影摄影术。 [SEP] c_____________ [SEP] cinematography
2921,cn,-1.863666855,心脏病学家 [SEP] 一位心脏病专家正在积极治疗病人的心衰。 [SEP] c___________ [SEP] cardiologist
2922,cn,-2.392161966,和声的 [SEP] 键盘上的C和G构成一个和声音程。 [SEP] h_______ [SEP] harmonic
2923,cn,-2.50640979,清音的 [SEP] face中的f是一个清辅音。 [SEP] v________ [SEP] voiceless
2924,cn,-1.274719902,帆布 [SEP] 这顶帐篷是帆布制成的。 [SEP] c_____ [SEP] canvas
2925,cn,-0.476337347,摩托车 [SEP] 他喜欢骑摩托车。 [SEP] m_________ [SEP] motorcycle
2926,cn,0.717877875,宣布 [SEP] 他在家宴上宣布了妻子怀孕的消息。 [SEP] a_______ [SEP] announce
2927,cn,-3.036640855,红头发的人（多指女性） [SEP] 乐队的主唱是个红头发的女人。 [SEP] r______ [SEP] redhead
2928,cn,2.734436619,帽子 [SEP] 她戴着一顶红帽子，十分迷人。 [SEP] h__ [SEP] hat
2929,cn,0.782607991,描述 [SEP] 请为我们描述一下当时的场景。 [SEP] d_______ [SEP] describe
2930,cn,-1.557397121,后续的 [SEP] 1)他们讨论了脱欧和后续的经济影响。2)我们将在随后几期中继续关注这一事件。 [SEP] s_________ [SEP] subsequent
2931,cn,0.652019721,扫描仪 [SEP] 他用扫描仪扫描了护照。 [SEP] s______ [SEP] scanner
2932,cn,-2.274809153,限制（某人及其行动） [SEP] 1)请将发言时间限制在15分钟之内。2)一场大病将她限制在床上。 [SEP] c______ [SEP] confine
2933,cn,-1.845225476,自闭症 [SEP] 自闭症在男童身上的发病率是女童的四倍。 [SEP] a_____ [SEP] autism
2934,cn,-1.189312732,促进 [SEP] 1)我们希望促进双方的合作。2)夫妇俩想培养着孩子对数学的兴趣。 [SEP] f_____ [SEP] foster
2935,cn,1.290629852,平均的 [SEP] 他有着普通孩子的智力。 [SEP] a______ [SEP] average
2936,cn,-0.227161,经过认证的 [SEP] 他是一位经过认证的心理咨询师。 [SEP] c________ [SEP] certified
2937,cn,2.930470076,担心 [SEP] 他最大的担忧是孩子在学校受欺负。 [SEP] w____ [SEP] worry
2938,cn,0.805079816,开启工具 [SEP] 我需要一个开瓶器才能打开这瓶酒。 [SEP] o_____ [SEP] opener
2939,cn,-1.495526799,自主权 [SEP] 大学要求减少政府干预，加大自主权。 [SEP] a_______ [SEP] autonomy
2940,cn,3.044178942,落下 [SEP] 树叶从树上落下。 [SEP] f___ [SEP] fall
2941,cn,0.890547562,一文不值的 [SEP] 这是个一文不值的假古董。 [SEP] w________ [SEP] worthless
2942,cn,1.92334815,也 [SEP] 我也没有兄弟姐妹。 [SEP] e_____ [SEP] either
2943,cn,2.133255442,淋浴 [SEP] 他每天早上都冲个淋浴。 [SEP] s_____ [SEP] shower
2944,cn,1.711279031,账户 [SEP] 请告知您的银行账户信息。 [SEP] a______ [SEP] account
2945,cn,1.645816956,百分之… [SEP] 百分之三十的用户表示对服务“非常满意”。 [SEP] p______ [SEP] percent
2946,cn,0.46963847,孤立 [SEP] 医院隔离了患非典的病人。 [SEP] i______ [SEP] isolate
2947,cn,-1.994938117,编辑 [SEP] 书稿的编辑工作很耗费时间。 [SEP] e______ [SEP] editing
2948,cn,0.357307253,撒谎 [SEP] 我讨厌撒谎。 [SEP] l____ [SEP] lying
2949,cn,2.47712091,微笑 [SEP] “我知道你会来”，她微笑道。 [SEP] s____ [SEP] smile
2950,cn,-1.121380897,女主人公 [SEP] 这部童话的女主人公是灰姑娘。 [SEP] h______ [SEP] heroine
2951,cn,0.779304773,化学 [SEP] 这座学校的化学系历史悠久。 [SEP] c________ [SEP] chemistry
2952,cn,2.585273344,开始 [SEP] 音乐会的开始被一阵手机铃声打断。 [SEP] s____ [SEP] start
2953,cn,0.12254463,完整的 [SEP] 1)我们想要完整的句子。2)这就是莎士比亚的全部作品。 [SEP] c_______ [SEP] complete
2954,cn,-1.105015184,公馆 [SEP] 1)我爱读《红楼梦》。2)州长邀请我们前往他的宅邸。 [SEP] m______ [SEP] mansion
2955,cn,0.724787072,残疾的 [SEP] 请为残障人士留出这些座位。 [SEP] d_______ [SEP] disabled
2956,cn,-0.190850017,额外的 [SEP] 新工厂又将带来额外的400个就业机会。 [SEP] a_________ [SEP] additional
2957,cn,-0.810619286,易碎或易损坏的 [SEP] 1)他的健康始终很脆弱。2)请小心保护这件易碎的瓷器。 [SEP] d_______ [SEP] delicate
2958,cn,2.421041052,教育 [SEP] 他们教育孩子毒品的危害性。 [SEP] e______ [SEP] educate
2959,cn,-1.676283183,制定（法律） [SEP] 中国制订了环保税法。 [SEP] e____ [SEP] enact
2960,cn,1.115766063,广播 [SEP] 他每天早餐时都听新闻广播。 [SEP] b________ [SEP] broadcast
2961,cn,-0.799121332,工具栏 [SEP] 您可自定义工具栏上的功能图标。 [SEP] t______ [SEP] toolbar
2962,cn,1.200200494,渴的 [SEP] 我锻炼后常常很渴。 [SEP] t______ [SEP] thirsty
2963,cn,-2.408626801,唯一地 [SEP] 1)胜败不能单看兵力多少。2)我这么做都只是为了你。 [SEP] s_____ [SEP] solely
2964,cn,0.851877915,慈善机构 [SEP] 这家慈善机构正在为海啸募捐。 [SEP] c______ [SEP] charity
2965,cn,1.330998666,使…能做某事 [SEP] 这些钱让我能出去旅行了。 [SEP] e_____ [SEP] enable
2966,cn,-0.96219694,奔涌 [SEP] 1)逃生人流的奔涌造成了踩踏事故。2)记者们一拥而上围住了获奖导演。 [SEP] r___ [SEP] rush
2967,cn,1.512913317,山洞 [SEP] 他们迷路了，只好躲进一个山洞。 [SEP] c___ [SEP] cave
2968,cn,0.590029387,排球 [SEP] 她在学校的排球队。 [SEP] v_________ [SEP] volleyball
2969,cn,-1.450283257,新奇的 [SEP] 她提出了一种新奇的融资方法。 [SEP] n____ [SEP] novel
2970,cn,-0.345980906,最大的 [SEP] 这个路段的最高速度是70迈。 [SEP] m______ [SEP] maximum
2971,cn,2.058262022,轻的 [SEP] 我的背包很轻，走长路没问题。 [SEP] l____ [SEP] light
2972,cn,3.025767459,南 [SEP] 候鸟在冬天迁徙至南方。 [SEP] s____ [SEP] south
2973,cn,-0.203956115,论坛 [SEP] 他应邀参加世界环境论坛。 [SEP] f____ [SEP] forum
2974,cn,2.935741235,驾驶 [SEP] 1)那是一段难忘的驾驶经历。2)从家到公司是半小时的驾车路程。 [SEP] d____ [SEP] drive
2975,cn,1.741102318,愿意的 [SEP] 我愿意帮助你。 [SEP] w______ [SEP] willing
2976,cn,1.58101763,细胞 [SEP] 我用显微镜观察细胞分裂。 [SEP] c___ [SEP] cell
2977,cn,3.202915394,为…命名 [SEP] 他们以一位天文学家的名字命名了这颗小行星。 [SEP] n___ [SEP] name
2978,cn,0.229071206,大量的 [SEP] 我们禁止大规模杀伤性武器的运用。 [SEP] m___ [SEP] mass
2979,cn,1.387263791,英国的 [SEP] 许多人喜欢他的英国口音。 [SEP] b______ [SEP] british
2980,cn,-2.275175307,看见 [SEP] 1)警察从远处看见了嫌疑人，于是立刻组织包围。2)她发现了文档中的一处拼写错误。 [SEP] s___ [SEP] spot
2981,cn,-0.600442695,心理学 [SEP] 她在大学学习心理学。 [SEP] p_________ [SEP] psychology
2982,cn,-1.656097939,庇护 [SEP] 这是飓风受害者们的临时庇护所。 [SEP] r_____ [SEP] refuge
2983,cn,-2.481453203,精巧的 [SEP] 他们设计了一个精妙的计划。 [SEP] e________ [SEP] elaborate
2984,cn,0.002326567,职业 [SEP] 父母鼓励我选择法律作为职业。 [SEP] p_________ [SEP] profession
2985,cn,-2.308264848,与…截然不同的 [SEP] 与许多其他公司相反，这家企业为员工提供很大自主权。 [SEP] o______ [SEP] opposed
2986,cn,-1.027514995,跳 [SEP] 1)孩子们跳着格子。2)我跳上了公交车。 [SEP] h__ [SEP] hop
2987,cn,-0.58789584,视觉的 [SEP] 网页用各种视觉刺激吸引人的注意。 [SEP] v_____ [SEP] visual
2988,cn,-0.033551305,学者 [SEP] 他是一位研究先秦史的学者。 [SEP] s______ [SEP] scholar
2989,cn,-0.249260236,使烦心 [SEP] 我搞不清什么在烦恼着他。 [SEP] t______ [SEP] trouble
2990,cn,0.173630096,大陆 [SEP] 我还从未去过欧洲大陆。 [SEP] c________ [SEP] continent
2991,cn,-2.401029462,塞 [SEP] 她用开瓶器取出瓶塞。 [SEP] s______ [SEP] stopper
2992,cn,-2.30077025,女性的 [SEP] 她不喜欢打扮得很娇柔。 [SEP] f_______ [SEP] feminine
2993,cn,0.20836811,无遮盖物的 [SEP] 他们在一个没有遮挡的工棚里工作。 [SEP] u________ [SEP] uncovered
2994,cn,-1.739048199,压缩 [SEP] 我们都知道，空气的压缩能产生热量。 [SEP] c__________ [SEP] compression
2995,cn,0.21375799,引文 [SEP] “太初有道”是一句来自《圣经》的引文。 [SEP] q____ [SEP] quote
2996,cn,-1.855865664,细胞的 [SEP] 她用显微镜观察细胞结构。 [SEP] c_______ [SEP] cellular
2997,cn,-1.62112714,易碎的 [SEP] 我建议你不要把易碎的东西放进托运行李。 [SEP] b________ [SEP] breakable
2998,cn,2.354999824,记忆 [SEP] 我拥有美好的童年记忆。 [SEP] m_____ [SEP] memory
2999,cn,-1.637761045,失眠 [SEP] 他备受常年失眠的折磨。 [SEP] i_______ [SEP] insomnia
3000,cn,-0.006038615,钢 [SEP] 这把勺子是不锈钢的。 [SEP] s____ [SEP] steel
3001,cn,0.811259364,平坦的 [SEP] 我喜欢在平坦的地面上开车。 [SEP] f___ [SEP] flat
3002,cn,-0.239459169,存活 [SEP] 1)只要发现及时，这类癌症的存活率很高。2)他认为每天都是为生存而战。 [SEP] s_______ [SEP] survival
3003,cn,0.67494689,排 [SEP] 他被要求站到前排。 [SEP] r__ [SEP] row
3004,cn,-1.108682602,分别地 [SEP] 这不是一次群面——面试者要分别接受考核。 [SEP] i___________ [SEP] individually
3005,cn,-0.221139635,弯曲 [SEP] 1)长颈鹿弯下身子喝水。2)他俯身亲了亲女儿。 [SEP] b___ [SEP] bend
3006,cn,-0.557285532,细菌 [SEP] 细菌在酒精里不会繁殖。 [SEP] b_______ [SEP] bacteria
3007,cn,-2.036720745,包含 [SEP] 欧盟对保加利亚的接纳一度引起争议。 [SEP] i________ [SEP] inclusion
3008,cn,0.610731818,搅拌器 [SEP] 她用搅拌器把面粉和鸡蛋混合在一起。 [SEP] m____ [SEP] mixer
3009,cn,-0.082522735,蒜 [SEP] 她正在给蒜剥皮。 [SEP] g_____ [SEP] garlic
3010,cn,-0.847293167,贯穿（整个时期） [SEP] 他整个夏天都在英国。 [SEP] t_________ [SEP] throughout
3011,cn,0.836691418,灰尘 [SEP] 桌面上有一层灰尘。 [SEP] d___ [SEP] dust
3012,cn,-0.963173677,承认 [SEP] 他承认自己有不妥的地方。 [SEP] a__________ [SEP] acknowledge
3013,cn,-2.499313839,点燃 [SEP] 他激昂的演讲点燃了群众的革命情绪。 [SEP] s____ [SEP] spark
3014,cn,0.426074398,脚踝 [SEP] 我摔了一跤，扭伤了脚踝。 [SEP] a____ [SEP] ankle
3015,cn,-0.122671182,瑞士的 [SEP] 她在瑞士银行工作。 [SEP] s____ [SEP] swiss
3016,cn,1.054294272,实验 [SEP] 他们正在进行一项化学实验。 [SEP] e_________ [SEP] experiment
3017,cn,0.583081952,幸运的 [SEP] 我很幸运有这样的老师。 [SEP] f________ [SEP] fortunate
3018,cn,-0.922463037,锯 [SEP] 她用锯锯开木板。 [SEP] s__ [SEP] saw
3019,cn,2.124048954,账单 [SEP] 我收到了水电费账单。 [SEP] b___ [SEP] bill
3020,cn,-0.347789147,行李 [SEP] 这是我的行李。 [SEP] b______ [SEP] baggage
3021,cn,0.66726058,喷气式飞机 [SEP] 她驾着自己的喷气式飞机游览了德比郡。 [SEP] j__ [SEP] jet
3022,cn,-2.756717671,幻灯片 [SEP] 请向学生播放这个图表的幻灯片。 [SEP] t___________ [SEP] transparency
3023,cn,-2.097421595,宣判 [SEP] 他被宣判犯有盗窃罪。 [SEP] c______ [SEP] convict
3024,cn,-2.283335126,放射学家 [SEP] 放射学专家称对法老头骨的扫描解释了他的健康情况。 [SEP] r__________ [SEP] radiologist
3025,cn,-3.204745774,公关人员 [SEP] 丑闻发生后，公关人员连夜为这位演员撰写了一封道歉信。 [SEP] p________ [SEP] publicist
3026,cn,1.270058735,提供的东西（如机会、援助等） [SEP] 我接受了这个（对方提供的）工作机会。 [SEP] o____ [SEP] offer
3027,cn,-0.815841737,录像带 [SEP] 他把电视节目录制成录像带。 [SEP] v________ [SEP] videotape
3028,cn,2.777973013,眼泪 [SEP] 一提到父亲，眼泪就涌上了她的眼眶。 [SEP] t___ [SEP] tear
3029,cn,-0.636303073,混合 [SEP] 首先把各种佐料混合起来。 [SEP] b____ [SEP] blend
3030,cn,-0.320052794,卖 [SEP] 他卖掉了全部的股份。 [SEP] s___ [SEP] sell
3031,cn,-0.591858553,添加的 [SEP] 婴儿食品不应再含添加的盐分或糖分。 [SEP] a____ [SEP] added
3032,cn,-2.07924162,机密的 [SEP] 这份文件是严格机密的。 [SEP] c_________ [SEP] classified
3033,cn,1.058317689,间谍 [SEP] 他们看了一部间谍片。 [SEP] s__ [SEP] spy
3034,cn,-0.721940298,媒介 [SEP] 1)互联网成了传播信息的主要媒介。2)她以戏剧为载体表达了对社会公正的期待。 [SEP] m_____ [SEP] medium
3035,cn,0.16199477,滑梯 [SEP] 孩子高兴地滑下滑梯。 [SEP] s____ [SEP] slide
3036,cn,1.63062188,邮票 [SEP] 她喜欢收集邮票。 [SEP] s____ [SEP] stamp
3037,cn,-0.400513081,形成 [SEP] 煤炭的形成往往历时上百万年。 [SEP] f________ [SEP] formation
3038,cn,2.93170508,祖父 [SEP] 我的祖父是渔民。 [SEP] g__________ [SEP] grandfather
3039,cn,-1.227233869,动画师 [SEP] 动画师用画笔和软件创造了栩栩如生的角色。 [SEP] a_______ [SEP] animator
3040,cn,2.069567966,比较 [SEP] 我正在比较这两种牙刷的价格。 [SEP] c______ [SEP] compare
3041,cn,-1.857094161,小包 [SEP] 他很饿，只好买了一小袋坚果。 [SEP] p_____ [SEP] packet
3042,cn,1.733152952,正在发展的 [SEP] 越南是一个发展中国家。 [SEP] d_________ [SEP] developing
3043,cn,-0.552896644,流通 [SEP] 1)谣言不断流传，最终毁了他的声誉。2)暖风系统让热风在家中循环流通。 [SEP] c________ [SEP] circulate
3044,cn,0.501143146,充满激情的 [SEP] 他对电影充满激情。 [SEP] p_________ [SEP] passionate
3045,cn,0.679653959,垃圾 [SEP] 她把垃圾带出门外。 [SEP] r______ [SEP] rubbish
3046,cn,-0.519318356,肉 [SEP] 利齿嵌进了她的肉里。 [SEP] f____ [SEP] flesh
3047,cn,-0.849161492,开支 [SEP] 媒体呼吁对政府支出的监督。 [SEP] s_______ [SEP] spending
3048,cn,-1.195671083,暴民 [SEP] 一群暴民围攻了市政厅。 [SEP] m__ [SEP] mob
3049,cn,0.427784328,雨滴 [SEP] 他站在窗边，看着雨滴下落。 [SEP] r_______ [SEP] raindrop
3050,cn,-1.639145273,副的 [SEP] 他的职称是副教授。 [SEP] a________ [SEP] associate
3051,cn,-0.036192158,近路 [SEP] 我抄了条近路去学校。 [SEP] s_______ [SEP] shortcut
3052,cn,-2.685691671,除臭剂 [SEP] 她在大汗淋漓后会使用身体除臭剂。 [SEP] d________ [SEP] deodorant
3053,cn,-0.195777738,雄心勃勃的 [SEP] 这位野心勃勃的年轻人利用朋友推动事业发展。 [SEP] a________ [SEP] ambitious
3054,cn,1.800069122,几乎 [SEP] 1)我几乎送了命。2)我花了几乎两小时才写完报告。 [SEP] n_____ [SEP] nearly
3055,cn,-1.960623312,安全的 [SEP] 从里面锁上的门让她感到安心。 [SEP] s_____ [SEP] secure
3056,cn,-2.158889441,概述 [SEP] 这份文件概述了这份工作的要求。 [SEP] o______ [SEP] outline
3057,cn,-0.682827216,无脑的 [SEP] 他的话充斥着没脑子的偏见。 [SEP] m_______ [SEP] mindless
3058,cn,-1.380826538,决议 [SEP] 联合国儿童基金会通过了一项在全球范围内减少虐童事件的决议。 [SEP] r_________ [SEP] resolution
3059,cn,-0.596378942,专门知识 [SEP] 这家公司需要你医学方面的专门知识。 [SEP] e________ [SEP] expertise
3060,cn,-0.0747938,解释 [SEP] 他的解释并未起到效果。 [SEP] e__________ [SEP] explanation
3061,cn,-2.432734643,着陆 [SEP] 我害怕乘飞机，每次都直到飞机着陆的一刻我才安下心来。 [SEP] t________ [SEP] touchdown
3062,cn,1.67342955,休息 [SEP] 1)孩子们有十分钟的课间休息。2)你应当休息一下。 [SEP] b____ [SEP] break
3063,cn,-0.153374667,自助餐 [SEP] 会议费用包含一顿自助午餐。 [SEP] b_____ [SEP] buffet
3064,cn,2.954487536,好地 [SEP] 1)你睡得好吗？2)“你最近怎么样？”“我都还可以。 [SEP] o_ [SEP] ok
3065,cn,-1.255445018,水族馆 [SEP] 他小时候喜欢去水族馆观察海洋生物。 [SEP] a_______ [SEP] aquarium
3066,cn,0.312921395,内部的 [SEP] 他把钱包装在大衣的内袋。 [SEP] i____ [SEP] inner
3067,cn,-1.762765689,会意的 [SEP] 她听到我这样说，给了我一个会意的眼神。 [SEP] k______ [SEP] knowing
3068,cn,-2.644639736,没有证据支持的 [SEP] 你的结论是没有证据支持的。 [SEP] u__________ [SEP] unsupported
3069,cn,-0.248260991,接待员 [SEP] 她在一家酒店做前台接待员。 [SEP] r___________ [SEP] receptionist
3070,cn,-1.747933672,放射学 [SEP] 现代放射学的发展将有助于疾病的正确诊断。 [SEP] r________ [SEP] radiology
3071,cn,1.839905031,清洁工 [SEP] 大楼的清洁工很早开始上班。 [SEP] c______ [SEP] cleaner
3072,cn,0.858031263,每 [SEP] 每个孩子都有一个苹果。 [SEP] e___ [SEP] each
3073,cn,-1.652738353,构成 [SEP] 1)这种行为构成对社会秩序的威胁。2)政府由立法机关、司法机关和执法机关共同构成。 [SEP] c_________ [SEP] constitute
3074,cn,-1.706782713,人工的 [SEP] 这些是人工合成的香精。 [SEP] a___________ [SEP] artificially
3075,cn,2.693944476,告诉 [SEP] “别告诉我妈妈——她会杀了我！” [SEP] t___ [SEP] tell
3076,cn,-3.003989368,经过拉毛的 [SEP] 经过拉毛的布料非常柔软。 [SEP] b______ [SEP] brushed
3077,cn,2.306656004,适合 [SEP] 这份时间灵活的工作很适合我。 [SEP] s___ [SEP] suit
3078,cn,-1.524068235,哲学的 [SEP] 人因何存在是个哲学问题。 [SEP] p____________ [SEP] philosophical
3079,cn,-1.346933591,老手 [SEP] 他是驾驶的老手，应付得了各种紧急路况。 [SEP] v______ [SEP] veteran
3080,cn,-1.088939924,失踪 [SEP] 她的失踪让父母十分焦急。 [SEP] d____________ [SEP] disappearance
3081,cn,0.373641174,生物的 [SEP] 他学习生物工程。 [SEP] b_________ [SEP] biological
3082,cn,1.262445451,志愿者 [SEP] 救援队大多由志愿者构成。 [SEP] v________ [SEP] volunteer
3083,cn,1.509069527,机场 [SEP] 我们的飞机抵达机场时已近凌晨。 [SEP] a______ [SEP] airport
3084,cn,-5.142599009,惊人的 [SEP] 这部唱片获得了惊人的成功。 [SEP] p_________ [SEP] phenomenal
3085,cn,-0.103926261,展品 [SEP] 每件展品都配有简要文字说明。 [SEP] e______ [SEP] exhibit
3086,cn,1.506066785,精神的 [SEP] 他的精神疾病是遗传性的。 [SEP] m_____ [SEP] mental
3087,cn,0.719257965,联系 [SEP] 你能帮我联系我的牙医吗？ [SEP] c______ [SEP] contact
3088,cn,0.766878447,没有爱的 [SEP] 他无法继续这段没有爱的婚姻。 [SEP] l_______ [SEP] loveless
3089,cn,1.506131633,姨 [SEP] 我有两个姨妈和一个舅舅。 [SEP] a___ [SEP] aunt
3090,cn,1.128656526,作为模特展示 [SEP] 她为巴宝莉的秋季新款时装担任模特。 [SEP] m____ [SEP] model
3091,cn,0.687780791,挣扎 [SEP] 冬天早上爬出被窝无疑是一场挣扎。 [SEP] s_______ [SEP] struggle
3092,cn,-2.093299292,政变 [SEP] 反政府组织发动了一场政变。 [SEP] c___ [SEP] coup
3093,cn,-2.081309347,流播的 [SEP] 人们大多不再购买CD，而选择在线的各种流播服务。 [SEP] s________ [SEP] streaming
3094,cn,-2.550614391,结合 [SEP] 好的教师将学习与娱乐相结合。 [SEP] c_____ [SEP] couple
3095,cn,-3.682683834,证实 [SEP] 我们的调查证实了目击者的陈述。 [SEP] v_______ [SEP] validate
3096,cn,-0.923067681,诈骗 [SEP] 警察破获了一起信用卡诈骗案件。 [SEP] f____ [SEP] fraud
3097,cn,-1.609604998,志向 [SEP] 我12岁时的志向是成为足球运动员。 [SEP] a_________ [SEP] aspiration
3098,cn,-0.42466845,可阻止的 [SEP] 你认为气象灾害是可阻止的吗？ [SEP] p__________ [SEP] preventable
3099,cn,0.515119874,生产 [SEP] 我们生产手机的配套设备。 [SEP] p______ [SEP] produce
3100,cn,1.806611159,种子 [SEP] 请把种子放到湿润泥土2厘米深的位置。 [SEP] s___ [SEP] seed
3101,cn,2.183043946,治愈 [SEP] 这种疾病目前还没有治愈的办法。 [SEP] c___ [SEP] cure
3102,cn,1.063743192,课程 [SEP] 她报名参加了德语课程。 [SEP] c_____ [SEP] course
3103,cn,3.125572859,妻子 [SEP] 他把遗产都留给了妻子。 [SEP] w___ [SEP] wife
3104,cn,0.08409036,包括… [SEP] 商品价格为80英镑（含增值税）。 [SEP] i________ [SEP] including
3105,cn,2.202466714,洗 [SEP] 我给捡来的小狗作了彻底清洗。 [SEP] w___ [SEP] wash
3106,cn,-3.036527912,装配 [SEP] 1)这些软件经过设置，可以显示一个特定的儿童界面。2)这批船舶是按战争标准装配的。 [SEP] c________ [SEP] configure
3107,cn,2.690305946,担心 [SEP] 别担心，我很快就会好的！ [SEP] w____ [SEP] worry
3108,cn,0.131803779,荷兰的 [SEP] 我有一位荷兰朋友。 [SEP] d____ [SEP] dutch
3109,cn,-0.932457582,航海者 [SEP] 小说的叙述者是位大西洋上的航海者。 [SEP] v______ [SEP] voyager
3110,cn,0.691602087,预订 [SEP] “您有预订吗？”“是的，我订了靠窗的双人桌。” [SEP] r__________ [SEP] reservation
3111,cn,-1.690349391,疤 [SEP] 1)地板上有脏的印子。2)大火在他的腰部留下一块红色疤痕。 [SEP] m___ [SEP] mark
3112,cn,1.702232051,打印 [SEP] 他打印了十份讲义。 [SEP] p____ [SEP] print
3113,cn,0.192443927,规定 [SEP] 1)我们遵守禁止向青少年出售酒精饮料的规定。2)你这样做是违反规章制度的。 [SEP] r_________ [SEP] regulation
3114,cn,-1.059798187,可被雇佣的 [SEP] 要想永不失业，就要先把自己变得对雇主有用。 [SEP] e_________ [SEP] employable
3115,cn,2.498542144,不友好的 [SEP] 不知什么原因，公交车司机对我很不友善。 [SEP] u_________ [SEP] unfriendly
3116,cn,-0.060687581,柜台 [SEP] 请去那边的柜台结账。 [SEP] c______ [SEP] counter
3117,cn,2.089099788,照片 [SEP] 这是我最喜欢的一张照片。 [SEP] p____ [SEP] photo
3118,cn,-0.712459168,颤抖 [SEP] 站在台前面对满场观众时，他的手不住颤抖。 [SEP] t______ [SEP] tremble
3119,cn,2.003800769,课 [SEP] 我下班后还有一节西班牙语课。 [SEP] l_____ [SEP] lesson
3120,cn,3.069501564,力量 [SEP] 这个国家拥有雄厚的经济力量。 [SEP] p____ [SEP] power
3121,cn,-2.610109407,怀疑 [SEP] 不要突然转变态度，这会引起他的怀疑。 [SEP] s________ [SEP] suspicion
3122,cn,-2.497014104,水库 [SEP] 政府将在西郊修建一个新水库。 [SEP] r________ [SEP] reservoir
3123,cn,0.53076605,将军 [SEP] 我的爷爷是一位将军。 [SEP] g______ [SEP] general
3124,cn,-0.065149908,垂直的 [SEP] 1)请确保路灯杆是垂直的。2)我喜欢这条有竖条纹的裙子。 [SEP] v_______ [SEP] vertical
3125,cn,0.466937763,惊讶 [SEP] 1)他看见我时难掩惊讶之情。2)请不要告诉她我准备求婚——我希望这成为一个惊喜。 [SEP] s_______ [SEP] surprise
3126,cn,3.461162437,错误的 [SEP] 1)这个答案是错误的。2)我以为她回家了，但我错了。 [SEP] w____ [SEP] wrong
3127,cn,1.881245015,秒 [SEP] 在这紧张的静默中，他感到每一秒都很漫长。 [SEP] s_____ [SEP] second
3128,cn,-0.310612736,沿海的 [SEP] 沿海地区通常较为发达。 [SEP] c______ [SEP] coastal
3129,cn,-1.506409638,伦理学 [SEP] 他在学习作为医生的道德准则。 [SEP] e_____ [SEP] ethics
3130,cn,0.540288968,毛巾 [SEP] 我旅行时总带着自己的毛巾。 [SEP] t____ [SEP] towel
3131,cn,-1.893436356,使恢复活动 [SEP] 1)政府决定重新启动建立跨国输油管道的计划。2)他们希望能恢复当地社群的活力。 [SEP] r_________ [SEP] reactivate
3132,cn,-2.9276378,炸 [SEP] 工程队炸开一座山，以修建隧道。 [SEP] b____ [SEP] blast
3133,cn,-1.492072169,不穿衣服的 [SEP] 他脱去衣服，走进浴室。 [SEP] u________ [SEP] undressed
3134,cn,-0.451700594,定义 [SEP] 请给出“圆锥”的定义。 [SEP] d_________ [SEP] definition
3135,cn,1.344545799,流利的 [SEP] 他能够说流利的意大利语。 [SEP] f_____ [SEP] fluent
3136,cn,-2.27666072,版税 [SEP] 这本书的版税给这位畅销作家带来不菲的收入。 [SEP] r______ [SEP] royalty
3137,cn,-2.433957819,…评分的 [SEP] 这款游戏受到用户很高的评价。 [SEP] r____ [SEP] rated
3138,cn,-0.397772833,持续时间 [SEP] 这部电影的持续时间是100分钟。 [SEP] d_______ [SEP] duration
3139,cn,0.342393845,交叉路 [SEP] 每到一条交叉路他都要停下来看看地图。 [SEP] c________ [SEP] crossroad
3140,cn,1.227607762,课本 [SEP] 我购买了社会学理论的课本。 [SEP] t_______ [SEP] textbook
3141,cn,2.316060638,独自的 [SEP] 我离婚后一直独自生活。 [SEP] a____ [SEP] alone
3142,cn,0.402546943,奇怪的 [SEP] 他奇怪的表现让她犯了嘀咕。 [SEP] o__ [SEP] odd
3143,cn,0.526266023,运输 [SEP] 血液将养分输送到身体各部分。 [SEP] t________ [SEP] transport
3144,cn,-0.78187466,发光 [SEP] 他的手机在黑暗里亮起来。 [SEP] g___ [SEP] glow
3145,cn,-0.587163159,结 [SEP] 绳上的每个结都表示一个事件。 [SEP] k___ [SEP] knot
3146,cn,-0.231191797,淹没 [SEP] 决堤的河水淹没了这座村子。 [SEP] f____ [SEP] flood
3147,cn,0.70025007,发明 [SEP] 互联网是二十世纪最伟大的发明之一。 [SEP] i________ [SEP] invention
3148,cn,-3.472470454,据称的 [SEP] 1)那据称的恐怖威胁不过是他们排除异己的一个幌子。2)这个政策设想的收益一个也没兑现。 [SEP] s_______ [SEP] supposed
3149,cn,-0.007055627,澄清 [SEP] 您能否向我们澄清您的立场？ [SEP] c______ [SEP] clarify
3150,cn,0.811752814,演出 [SEP] 舞蹈家们的演出非常精彩。 [SEP] p__________ [SEP] performance
3151,cn,2.763832611,很 [SEP] 1)你的表演非常好。2)我很忙。 [SEP] v___ [SEP] very
3152,cn,-1.532584548,特许权 [SEP] 这是一家耐克品牌的专卖店。 [SEP] f________ [SEP] franchise
3153,cn,0.813906727,触屏 [SEP] 这台电脑拥有触屏。 [SEP] t__________ [SEP] touchscreen
3154,cn,-2.659548553,垫圈 [SEP] 孩子因误吞机器的垫圈被送往医院。 [SEP] w_____ [SEP] washer
3155,cn,0.966093513,俄语 [SEP] 他学习俄语和保加利亚语。 [SEP] r______ [SEP] russian
3156,cn,0.171342323,调查 [SEP] 他们开展了对人口年龄结构的调查。 [SEP] s_____ [SEP] survey
3157,cn,-0.030257175,抢 [SEP] 他抢走了我所有的现金。 [SEP] r__ [SEP] rob
3158,cn,-0.848586017,引诱 [SEP] 她引诱我吃蛋糕——但我减肥的意志坚定。 [SEP] t____ [SEP] tempt
3159,cn,0.869465238,被收养的 [SEP] 您的两个孩子都是收养的吗？ [SEP] a______ [SEP] adopted
3160,cn,1.350384032,方向 [SEP] 他把我指向了错误的方向。 [SEP] d________ [SEP] direction
3161,cn,1.239152639,直的 [SEP] 孩子用尺画了一条直线。 [SEP] s_______ [SEP] straight
3162,cn,-1.647470221,毁掉 [SEP] 1)别毁了这份乐子。2)这个糟糕的女演员毁了整部戏。 [SEP] s____ [SEP] spoil
3163,cn,1.134440158,潜水 [SEP] 1)他看到有人落水，就飞快跳下水。2)她直潜到河底。 [SEP] d___ [SEP] dive
3164,cn,-0.729034498,团聚 [SEP] 他从香港赶来参加家庭团聚。 [SEP] r______ [SEP] reunion
3165,cn,1.238156714,百 [SEP] 他从一数到一百。 [SEP] h______ [SEP] hundred
3166,cn,0.782772229,犹豫 [SEP] 他犹豫是否该对她和盘托出。 [SEP] h_______ [SEP] hesitate
3167,cn,-2.032842653,配乐录音 [SEP] 我播放了电影《天使爱美丽》的配乐录音。 [SEP] s_________ [SEP] soundtrack
3168,cn,1.919967896,羞耻 [SEP] 他毫无羞耻地谈起这场骗局。 [SEP] s____ [SEP] shame
3169,cn,0.090313165,奖牌 [SEP] 他赢得了决赛，获得一块金牌。 [SEP] m____ [SEP] medal
3170,cn,0.20520204,地位领先的 [SEP] 我们是一家地位领先的生物制药机构。 [SEP] l______ [SEP] leading
3171,cn,-0.343292921,神经 [SEP] 他的视神经已经受损。 [SEP] n____ [SEP] nerve
3172,cn,0.527463856,欧洲人 [SEP] 他看起来不是个典型的欧洲人。 [SEP] e_______ [SEP] european
3173,cn,0.759622339,底部的 [SEP] 书放在柜子底层。 [SEP] b_____ [SEP] bottom
3174,cn,-0.819864449,使…升级 [SEP] 您需要将电脑升级至最新版本，才能使用这个软件 [SEP] u______ [SEP] upgrade
3175,cn,0.58738359,新生儿 [SEP] 每秒钟都会有几名新生儿来到人世。 [SEP] n______ [SEP] newborn
3176,cn,2.814189157,通过 [SEP] 火车通过的时候，站台上人的衣服都被吹了起来。 [SEP] p___ [SEP] pass
3177,cn,-3.148494694,抓牢（往往因恐惧、焦虑或疼痛） [SEP] 鸟儿的爪子紧紧抓住猎物。 [SEP] c_____ [SEP] clutch
3178,cn,2.268642809,和善地 [SEP] “伤很快就会好了”，医生和善地说。 [SEP] k_____ [SEP] kindly
3179,cn,-2.631381612,反应热烈的 [SEP] 我们这次演出遇到了一群反应热烈的观众，在我们每曲之后都热情地鼓掌。 [SEP] r_________ [SEP] responsive
3180,cn,0.19573716,温度 [SEP] 鸡蛋可以在室温下储存。 [SEP] t__________ [SEP] temperature
3181,cn,-1.031189111,正 [SEP] 1)这正是我想说的。2)球赛恰好在晚上七点开始。 [SEP] p________ [SEP] precisely
3182,cn,2.265461132,路 [SEP] 沿这条路行驶并在转盘处右拐。 [SEP] r___ [SEP] road
3183,cn,-0.040688328,在国外 [SEP] 在国外生活会遇到许多困难。 [SEP] a_____ [SEP] abroad
3184,cn,1.367226586,鞠躬 [SEP] 父母向帮他们找回孩子的恩人鞠了一躬。 [SEP] b__ [SEP] bow
3185,cn,-0.047519095,令人钦佩的 [SEP] 他在困难面前展现了令人钦佩的勇气。 [SEP] a________ [SEP] admirable
3186,cn,1.298990596,责任 [SEP] 这不过是我在履行职责而已。 [SEP] d___ [SEP] duty
3187,cn,-1.465149801,骤然地 [SEP] 这个项目因资金短缺骤然停止。 [SEP] a_______ [SEP] abruptly
3188,cn,0.520791908,严格的 [SEP] 我们对接收病人礼物有严格规定。 [SEP] s_____ [SEP] strict
3189,cn,4.06146531,计划 [SEP] 我们计划去意大利旅游。 [SEP] p___ [SEP] plan
3190,cn,0.084206301,生产力 [SEP] 工人的积极性提高了整体的生产力。 [SEP] p___________ [SEP] productivity
3191,cn,2.510326197,葡萄酒 [SEP] 他邀请我喝一杯红葡萄酒。 [SEP] w___ [SEP] wine
3192,cn,1.40242185,形式 [SEP] 孩子必须接受一定的约束和管辖，不管以什么形式。 [SEP] f___ [SEP] form
3193,cn,-3.592195277,独身的 [SEP] 最好趁你还独身的时候四处闯荡一下。 [SEP] u_________ [SEP] unattached
3194,cn,0.999816736,宝藏 [SEP] 传说这个村子底下有埋藏的宝藏。 [SEP] t_______ [SEP] treasure
3195,cn,-1.526696566,令人抑郁的 [SEP] 这真是一个让人难过的消息。 [SEP] d_________ [SEP] depressing
3196,cn,2.880003498,日期 [SEP] 1)今天几号？2)你能记住你结婚的日期吗？ [SEP] d___ [SEP] date
3197,cn,-1.504225448,融入 [SEP] 他发现很难融入新班级。 [SEP] i________ [SEP] integrate
3198,cn,-0.168223821,故障 [SEP] 1)机器的故障让实验无法进行。2)婚姻失败后，她回到了娘家居住。 [SEP] b________ [SEP] breakdown
3199,cn,1.290946071,错误 [SEP] 是我的错：我忘记把文件上交了。 [SEP] f____ [SEP] fault
3200,cn,-3.340437704,竞争 [SEP] 德国与巴西队争夺大力神杯。 [SEP] c______ [SEP] contend
3201,cn,-0.012148159,战略 [SEP] 我们的战略就是先截断敌人的粮食供应，再包抄进攻。 [SEP] s_______ [SEP] strategy
3202,cn,-0.943277835,规划 [SEP] 1)他学习城市规划。2)这个项目需要详细的规划。 [SEP] p_______ [SEP] planning
3203,cn,1.45995508,增长 [SEP] 公司庆祝了营业额的增长。 [SEP] i_______ [SEP] increase
3204,cn,1.064610815,动感情的 [SEP] 1)她的情感反应使他很意外。2)母亲说起儿子就变得动感情起来，流下了眼泪。 [SEP] e________ [SEP] emotional
3205,cn,1.70253439,最近 [SEP] 1)你最近怎么样？2)她最近才发觉事情的反常。 [SEP] r_______ [SEP] recently
3206,cn,-0.685206612,切 [SEP] 1)请帮我切一些洋葱。2)他把木头砍成小块。 [SEP] c___ [SEP] chop
3207,cn,3.525109191,在…内 [SEP] 猫坐在盒子里。 [SEP] i_ [SEP] in
3208,cn,1.663232574,加热 [SEP] 我把牛奶放在暖气上加热。 [SEP] h___ [SEP] heat
3209,cn,1.92998119,马 [SEP] 她从马上摔了下来。 [SEP] h____ [SEP] horse
3210,cn,-3.093993765,斗牛㹴 [SEP] 斗牛㹴是一种凶猛结实的犬类。 [SEP] p______ [SEP] pitbull
3211,cn,-2.368535846,估计 [SEP] 我只能告诉你一个大概的估计值。 [SEP] a____________ [SEP] approximation
3212,cn,-0.863549363,改变 [SEP] 老师教育了学生，希望他们能改变自己的行为。 [SEP] m_____ [SEP] modify
3213,cn,1.058321984,风俗 [SEP] 根据当地风俗，婚礼应在晚上举行。 [SEP] c_____ [SEP] custom
3214,cn,0.409233947,离婚 [SEP] 他们的离婚让孩子很难受。 [SEP] d______ [SEP] divorce
3215,cn,-2.009706935,新闻报道 [SEP] 《卫报》因对伊拉克战争的出色报道获奖。 [SEP] c_______ [SEP] coverage
3216,cn,0.185555035,稍微 [SEP] “你还胃痛吗？”“比昨天稍微好一点。” [SEP] s_______ [SEP] slightly
3217,cn,0.671144717,印刷的 [SEP] 路上有人分发彩色印刷的选举宣传单。 [SEP] p______ [SEP] printed
3218,cn,-0.401534596,一笔钱 [SEP] 公司在软件研发上花了一大笔钱。 [SEP] s__ [SEP] sum
3219,cn,-1.488080382,供认不讳的 [SEP] 杜先生是位供认不讳的幽闭恐惧症患者。 [SEP] a_______ [SEP] admitted
3220,cn,-2.721005492,小配件 [SEP] 我还需要购买家中的排水管配件。 [SEP] f______ [SEP] fitting
3221,cn,1.025173455,风暴 [SEP] 房子在风暴中被毁了。 [SEP] s____ [SEP] storm
3222,cn,-0.981287793,导师 [SEP] 他对许多年轻译员都是良师益友。 [SEP] m_____ [SEP] mentor
3223,cn,1.195310704,晚饭 [SEP] 妻子等他一起吃晚饭。 [SEP] s_____ [SEP] supper
3224,cn,-1.122833045,租户 [SEP] 房东与租户签订了合同。 [SEP] t_____ [SEP] tenant
3225,cn,-2.424955176,上演 [SEP] 他们在经理面前上演了一出苦肉计。 [SEP] s____ [SEP] stage
3226,cn,-2.000278589,易于接触 [SEP] 1)所有人都应享有接触电脑的机会。2)建筑物应方便残疾人进出。 [SEP] a____________ [SEP] accessibility
3227,cn,-1.67862975,火烈鸟 [SEP] 孩子们去动物园看粉色的火烈鸟。 [SEP] f_______ [SEP] flamingo
3228,cn,-1.816184104,尖的 [SEP] 她买了一双尖头皮鞋。 [SEP] p______ [SEP] pointed
3229,cn,1.958728978,大脑 [SEP] 人类对自身大脑的了解目前还很有限。 [SEP] b____ [SEP] brain
3230,cn,2.402690768,吉普车 [SEP] 她驾着一辆吉普车深入草原。 [SEP] j___ [SEP] jeep
3231,cn,0.514036488,关上 [SEP] 他关上窗，以隔绝窗外的噪音。 [SEP] s___ [SEP] shut
3232,cn,-0.450625373,迁徙 [SEP] 鹿群的迁徙每年发生两次。 [SEP] m________ [SEP] migration
3233,cn,-3.771903785,被披露的事实 [SEP] 首相性丑闻的曝光使他的支持率急速下滑。 [SEP] r_________ [SEP] revelation
3234,cn,0.780615758,瀑布 [SEP] 这里的瀑布非常壮观。 [SEP] w________ [SEP] waterfall
3235,cn,0.181889311,枪击 [SEP] 枪击发生在一座当地医院。 [SEP] s_______ [SEP] shooting
3236,cn,-1.513516638,震动 [SEP] “什么东西在响？”“是手机的震动。” [SEP] v________ [SEP] vibration
3237,cn,-0.562088424,程序 [SEP] 提出申诉的程序将在下页详述。 [SEP] p________ [SEP] procedure
3238,cn,-0.479733737,脸颊 [SEP] 她的脸颊冻得通红。 [SEP] c____ [SEP] cheek
3239,cn,1.482228508,几乎不 [SEP] 我几乎看不见屏幕上的字。 [SEP] h_____ [SEP] hardly
3240,cn,-2.838309551,没有正当理由的 [SEP] 我们犯了相似的错误，只惩罚我而不惩罚他是没有正当理由的。 [SEP] u__________ [SEP] unjustified
3241,cn,2.80617782,足够地 [SEP] 1)你说够了吗？2)她年纪大得足够上学了。 [SEP] e_____ [SEP] enough
3242,cn,-0.067846038,进行调查 [SEP] 我们调查了500户有孩子的人家，其中8%是单亲父母家庭。 [SEP] s_____ [SEP] survey
3243,cn,2.786110529,海 [SEP] 飞机飞越了大西洋。 [SEP] o____ [SEP] ocean
3244,cn,-1.646052164,轻柔地 [SEP] 他轻轻地拍着桌子。 [SEP] g_____ [SEP] gently
3245,cn,-0.408094745,舌头 [SEP] 医生检查了她的舌头。 [SEP] t_____ [SEP] tongue
3246,cn,1.384947858,最不 [SEP] 死记硬背的学习方法最不有效。 [SEP] l____ [SEP] least
3247,cn,-2.894376551,可能 [SEP] 1)黑匣子的找到大大增加了确定事故原因的可能性。2)如果您有家人患乳腺癌，那么您患病的可能性将显著增加。 [SEP] l_________ [SEP] likelihood
3248,cn,-1.476998931,闩 [SEP] 我关了门，推上了门闩。 [SEP] b___ [SEP] bolt
3249,cn,-0.550040615,伴侣 [SEP] 我正在寻找一位一起去西班牙的旅伴。 [SEP] c________ [SEP] companion
3250,cn,2.17043616,报道 [SEP] 1)他立刻向警方报告了这起入室盗窃。2)记者报道称当地的局势暂时稳定。 [SEP] r_____ [SEP] report
3251,cn,1.885207052,明天 [SEP] 我明天不上班。 [SEP] t_______ [SEP] tomorrow
3252,cn,-2.66045426,操纵的 [SEP] 她看似温柔，实则精明，无情，善于操纵别人。 [SEP] m___________ [SEP] manipulative
3253,cn,3.511174562,加入 [SEP] 1)他早年参军。2)我也想加入你们。 [SEP] j___ [SEP] join
3254,cn,-1.27915252,简直 [SEP] 1)我真真切切在实验室呆了一天。2)这辆出租车简直在飞。 [SEP] l________ [SEP] literally
3255,cn,-1.29960864,证词 [SEP] 对方律师对她的证词提出怀疑，但被法官驳回。 [SEP] t________ [SEP] testimony
3256,cn,-0.417345923,旱灾 [SEP] 旱灾持续了四个月。 [SEP] d______ [SEP] drought
3257,cn,0.375001333,优雅的 [SEP] 他着迷于她优雅的风度。 [SEP] e______ [SEP] elegant
3258,cn,-0.226337067,像在做梦似的 [SEP] 每当谈起音乐，她的脸上就浮现出一种做梦般的神情。 [SEP] d_____ [SEP] dreamy
3259,cn,-2.349094223,负面 [SEP] 这样做的缺点是耗费能源。 [SEP] d_______ [SEP] downside
3260,cn,0.43157867,说服 [SEP] 她说服母亲养老院是最好的选择。 [SEP] c_______ [SEP] convince
3261,cn,0.689454754,未签名的 [SEP] 他把这份未签名的报告递交总统审阅。 [SEP] u_______ [SEP] unsigned
3262,cn,-1.660973857,漂亮而时髦的 [SEP] 你穿这条裙子很漂亮！ [SEP] s____ [SEP] smart
3263,cn,-2.56386255,参赛资格的取消 [SEP] 她参赛资格的取消源于血液中查出的兴奋剂。 [SEP] d_______________ [SEP] disqualification
3264,cn,1.003382549,缩小 [SEP] 我们致力于缩小贫富差距。 [SEP] n_____ [SEP] narrow
3265,cn,-0.647161123,马车 [SEP] 在汽车发明之前，马车是主要的交通工具。 [SEP] c_______ [SEP] carriage
3266,cn,2.019061149,工程师 [SEP] 他梦想成为铁路工程师。 [SEP] e_______ [SEP] engineer
3267,cn,0.618417727,实际的 [SEP] 1)他同时具备理论知识和实践经验。2)实验成果将马上投入实际使用。 [SEP] p________ [SEP] practical
3268,cn,-0.267543278,岸 [SEP] 他拽着孩子游上了岸。 [SEP] s____ [SEP] shore
3269,cn,1.225269916,祈祷 [SEP] 他向上帝祈祷让孩子活下来。 [SEP] p___ [SEP] pray
3270,cn,0.058723344,日记 [SEP] 安妮·弗兰克的日记记录了她在集中营的日子。 [SEP] d____ [SEP] diary
3271,cn,0.7722512,愈合 [SEP] 伤口将慢慢愈合。 [SEP] h___ [SEP] heal
3272,cn,0.034879423,在当地 [SEP] 这条河在当地被称作“逛荡河”。 [SEP] l______ [SEP] locally
3273,cn,-0.891002612,采矿 [SEP] 采矿业是这个地区的经济支柱。 [SEP] m_____ [SEP] mining
3274,cn,0.23292269,个体 [SEP] 每个个体都应对自己的行为负责。 [SEP] i_________ [SEP] individual
3275,cn,-1.91170702,改造 [SEP] 1)他想实现宗教制度的根本变革。2)税法的改革使偷税更加困难。 [SEP] r__________ [SEP] reformation
3276,cn,1.52434217,雇佣 [SEP] 我们租了一辆车。 [SEP] h___ [SEP] hire
3277,cn,2.127334423,一起 [SEP] 我们决定一起去厦门。 [SEP] t_______ [SEP] together
3278,cn,-1.549096135,豪华的 [SEP] 我们住进了一家豪华酒店。 [SEP] d_____ [SEP] deluxe
3279,cn,-1.169745869,私人车道 [SEP] 我把车停在了家门口的车道上。 [SEP] d_______ [SEP] driveway
3280,cn,0.830584173,爆米花 [SEP] 她拿着一盒爆米花进入影厅。 [SEP] p______ [SEP] popcorn
3281,cn,-2.703030436,援引（法律、法条） [SEP] 律师在庭上援引《婚姻法》，表示房屋属于丈夫的婚前财产。 [SEP] i_____ [SEP] invoke
3282,cn,-1.324269053,踪迹 [SEP] 盗贼小心地没有在屋里留下一点踪迹。 [SEP] t____ [SEP] trace
3283,cn,-0.850235598,比较 [SEP] 他们对不同国家的婚俗展开了比较。 [SEP] c_________ [SEP] comparison
3284,cn,2.38230715,机会 [SEP] 1)我们一有机会就一起跳舞。2)我们没什么赢球的机会。 [SEP] c_____ [SEP] chance
3285,cn,-2.290664113,纪念碑（不以ent结尾） [SEP] 他们为战争中阵亡的当地人竖立了一座纪念碑。 [SEP] m_______ [SEP] memorial
3286,cn,1.243487153,泥巴 [SEP] 这种徒步鞋适合在雪地和泥浆里行走。 [SEP] m__ [SEP] mud
3287,cn,1.58165832,睡着的 [SEP] 轻点，别吵醒睡着的孩子！ [SEP] s_______ [SEP] sleeping
3288,cn,1.169702262,忠诚的 [SEP] 狗是人类忠诚的朋友。 [SEP] l____ [SEP] loyal
3289,cn,3.633485815,高 [SEP] 风筝飞得高。 [SEP] h___ [SEP] high
3290,cn,-1.362647049,被压缩的 [SEP] 我们都知道，压缩的空气会发热。 [SEP] c_________ [SEP] compressed
3291,cn,-2.726241648,猛推 [SEP] 1)他把箱子推进行李架。2)他把我推到一边，抢先上了车。 [SEP] s____ [SEP] shove
3292,cn,-2.45200493,不舒服地 [SEP] 她很不舒服地窝在飞机座椅上。 [SEP] u____________ [SEP] uncomfortably
3293,cn,0.554253674,责任 [SEP] 他有很强的责任感。 [SEP] r_____________ [SEP] responsibility
3294,cn,-1.118212476,谴责 [SEP] 我们一致谴责家庭暴力行为。 [SEP] c______ [SEP] condemn
3295,cn,1.547376786,科学家 [SEP] 科学家们在火星上发现了冷冻水。 [SEP] s________ [SEP] scientist
3296,cn,1.720446394,地下的 [SEP] 公司的两栋楼之间有一个地下通道。 [SEP] u__________ [SEP] underground
3297,cn,-1.484759143,护理 [SEP] 她努力提高自己的护理技能。 [SEP] n______ [SEP] nursing
3298,cn,-0.485594956,瓶装的 [SEP] 瓶装水的普及带来很多塑料垃圾。 [SEP] b______ [SEP] bottled
3299,cn,-0.277786397,专利 [SEP] 本设备获得了国家专利。 [SEP] p_____ [SEP] patent
3300,cn,-1.291256511,电报 [SEP] 在电话尚未普及的时候，电报是重要的联系手段。 [SEP] t________ [SEP] telegraph
3301,cn,3.037682895,去外面 [SEP] 1)我想出去走一走。2)水管破了，水大量涌出。 [SEP] o__ [SEP] out
3302,cn,-2.615993145,分裂 [SEP] 战争引起这一政党的分裂。 [SEP] f____________ [SEP] fragmentation
3303,cn,-0.463873967,溪流 [SEP] 清澈的溪流从山上流下来。 [SEP] s_____ [SEP] stream
3304,cn,-2.480664009,数字的 [SEP] 这些纸片以页码的数字顺序排列。 [SEP] n________ [SEP] numerical
3305,cn,-0.225083995,虔诚的 [SEP] 1)她是个虔诚的天主教徒。2)他对这项事业全心全意。 [SEP] d______ [SEP] devoted
3306,cn,2.396227155,信 [SEP] 他收到一封来自父亲的信。 [SEP] l_____ [SEP] letter
3307,cn,-3.466716053,相当程度上 [SEP] 1)当地的通胀水平显著下降。2)我们大量增发了这条路线的车辆。 [SEP] s____________ [SEP] substantially
3308,cn,-0.969124992,给予支持的 [SEP] 丈夫在我开展实验期间对我十分支持。 [SEP] s_________ [SEP] supportive
3309,cn,-1.790733858,可笑的 [SEP] 1)这是我听过的最可笑的借口了。2)他是个不错的歌手，但是个差劲的作家。 [SEP] p_______ [SEP] pathetic
3310,cn,-2.255449864,种族 [SEP] 这张表格要求您提供性别，年龄及种族等信息。 [SEP] e________ [SEP] ethnicity
3311,cn,-1.621546675,人道主义援助的 [SEP] 秘鲁发生地震后，各国纷纷送达人道主义援助。 [SEP] h___________ [SEP] humanitarian
3312,cn,-0.812785394,手枪 [SEP] 在电影里，杀手教小女孩使用手枪。 [SEP] p_____ [SEP] pistol
3313,cn,3.839690463,准备好了的 [SEP] “你准备好了吗？”“我准备好了”。 [SEP] r____ [SEP] ready
3314,cn,0.717748534,罪犯 [SEP] 罪犯被关进了监狱。 [SEP] c_______ [SEP] criminal
3315,cn,-0.421092657,栖息地 [SEP] 砍掉了这些大树，一些鸟类及昆虫就随之失去了天然栖息地。 [SEP] h______ [SEP] habitat
3316,cn,2.543245757,摸 [SEP] 我发现她在说谎前喜欢摸一下耳垂。 [SEP] t____ [SEP] touch
3317,cn,-0.255449706,合作 [SEP] 两国在经济方面展开合作。 [SEP] c__________ [SEP] cooperation
3318,cn,1.140886971,传真 [SEP] 请以传真的形式上交文件。 [SEP] f__ [SEP] fax
3319,cn,0.518768116,挑战者 [SEP] 她是挑战这项世界纪录的人。 [SEP] c_________ [SEP] challenger
3320,cn,-1.234401699,遗迹 [SEP] 大楼的遗迹仍然存在，提醒人们那场残酷的火灾。 [SEP] r______ [SEP] remains
3321,cn,1.461225151,申请 [SEP] 他加入俱乐部的申请被拒绝了。 [SEP] a__________ [SEP] application
3322,cn,-2.351675997,放大 [SEP] 上年纪后，他只能通过放大看清书上的字。 [SEP] m____________ [SEP] magnification
3323,cn,-0.783137456,命令 [SEP] 1)警察们被要求按指令行事。2)他记起了老师不要迟到的命令。 [SEP] i__________ [SEP] instruction
3324,cn,-0.154160648,手推车 [SEP] 她结帐后把购物推车还给了超市。 [SEP] c___ [SEP] cart
3325,cn,0.694474165,零食 [SEP] 母亲让孩子开饭前不要吃零食。 [SEP] s____ [SEP] snack
3326,cn,-0.879221304,敌意 [SEP] 多年过去，我仍能感受她的敌意。 [SEP] h________ [SEP] hostility
3327,cn,-2.496537905,方式 [SEP] 1)这位歌手离奇的死亡方式使人们记忆深刻。2)他以十分粗鲁的方式回应了老师。 [SEP] m_____ [SEP] manner
3328,cn,0.204612359,神话 [SEP] 达芙妮变成月桂树的故事是一则希腊神话。 [SEP] m___ [SEP] myth
3329,cn,1.735288383,嘴 [SEP] 他终于开口说话了。 [SEP] m____ [SEP] mouth
3330,cn,1.128601936,做饭 [SEP] 我不想花时间在做饭上。 [SEP] c______ [SEP] cooking
3331,cn,-2.400048037,有激发性的 [SEP] 这是一场激人深思的讨论。 [SEP] s__________ [SEP] stimulating
3332,cn,-1.805438475,中毒 [SEP] 她死于食物中毒。 [SEP] p________ [SEP] poisoning
3333,cn,0.554294875,英国的男性贵族或勋爵 [SEP] 1)“是的，老爷”，男仆恭敬地说。2)他的父亲是一位贵族，因此他也能够世袭爵位。 [SEP] l___ [SEP] lord
3334,cn,-0.273836599,接替者 [SEP] 珍妮离开乐队后，我们需要一位她的接替者。 [SEP] r__________ [SEP] replacement
3335,cn,-1.433239935,多余的 [SEP] 医生要求她减去多余的体重。 [SEP] e_____ [SEP] excess
3336,cn,-0.648508542,比赛 [SEP] 她赢得了学校的演讲比赛。 [SEP] c______ [SEP] contest
3337,cn,-2.321480621,告知 [SEP] 我们力图一个月内告知您评奖的结果。 [SEP] n_____ [SEP] notify
3338,cn,0.736734639,值得的 [SEP] 我必须证明我值得你们的尊敬！ [SEP] w_____ [SEP] worthy
3339,cn,1.809775009,流 [SEP] 河自西向东流。 [SEP] f___ [SEP] flow
3340,cn,-0.138555215,调动 [SEP] 我期待明年向上海办事处的调动。 [SEP] t_______ [SEP] transfer
3341,cn,-0.501851046,牵涉 [SEP] 这项研究牵涉机要信息的阅读，需要签署保密协议。 [SEP] i______ [SEP] involve
3342,cn,3.121040617,西 [SEP] 山西在河北的西边。 [SEP] w___ [SEP] west
3343,cn,-0.777883811,数学 [SEP] 数学与金融十分相关。 [SEP] m__________ [SEP] mathematics
3344,cn,-2.616756985,体面的 [SEP] 我住在一个体面的中产阶级社区。 [SEP] r__________ [SEP] respectable
3345,cn,-0.128295919,同情 [SEP] 总统表达了对飓风受灾群众的同情。 [SEP] s_______ [SEP] sympathy
3346,cn,-0.629081519,高效地 [SEP] 他总是高效地完成工作。 [SEP] e__________ [SEP] efficiently
3347,cn,-0.159919237,预测 [SEP] 他的当选颠覆了媒体此前的预测。 [SEP] p_________ [SEP] prediction
3348,cn,0.508587604,最接近的 [SEP] 她曾经是我最亲近的朋友。 [SEP] c______ [SEP] closest
3349,cn,0.888714276,精通 [SEP] 他花了两年时间就精通了西班牙语。 [SEP] m_____ [SEP] master
3350,cn,4.322862523,两者皆 [SEP] 我们两个人都知道汤姆在撒谎。 [SEP] b___ [SEP] both
3351,cn,1.084331757,摇滚乐手 [SEP] 这位著名的英国摇滚乐手于前日去世了。 [SEP] r_____ [SEP] rocker
3352,cn,1.666355274,聚集 [SEP] 人们聚集在事故现场。 [SEP] g_____ [SEP] gather
3353,cn,2.477257408,觉得 [SEP] 1)我觉得他们是很好的一对儿。2)“难道是她拿走了文件？”“我认为是。” [SEP] t____ [SEP] think
3354,cn,-0.893691962,延长的 [SEP] 顾客可享受延长的质保期限。 [SEP] e_______ [SEP] extended
3355,cn,0.096655171,分发 [SEP] 她向学生分发课程讲义。 [SEP] d_________ [SEP] distribute
3356,cn,1.821130622,时期 [SEP] 她在那段时期里十分痛苦。 [SEP] p_____ [SEP] period
3357,cn,1.645872568,歌剧 [SEP] 她喜欢听《图兰朵》、《费加罗的婚礼》等歌剧。 [SEP] o____ [SEP] opera
3358,cn,0.284017544,系列 [SEP] 我们需要对您做一系列检查以确定病因。 [SEP] s_____ [SEP] series
3359,cn,0.709013699,积极地 [SEP] 只有积极地看待困难，才能最后解决困难。 [SEP] p_________ [SEP] positively
3360,cn,2.218623561,打电话 [SEP] 1)你的母亲今早打电话了。2)我按响了门铃。 [SEP] r___ [SEP] ring
3361,cn,2.431586066,在…上签名 [SEP] 请在申请表上签名。 [SEP] s___ [SEP] sign
3362,cn,0.794736058,有瘾的人 [SEP] 他是个喝咖啡上瘾的人。 [SEP] a_____ [SEP] addict
3363,cn,0.688224625,幸运地 [SEP] 大风刮倒了广告版。所幸无人伤亡。 [SEP] f__________ [SEP] fortunately
3364,cn,0.010585426,贴纸 [SEP] 他在手机上贴了卡通贴纸。 [SEP] s______ [SEP] sticker
3365,cn,1.980177264,走进 [SEP] 老师走进了教室。 [SEP] e____ [SEP] enter
3366,cn,-1.158226213,发出嗡嗡声 [SEP] 花丛里蜜蜂嗡嗡地叫着。 [SEP] b___ [SEP] buzz
3367,cn,1.941834963,盘子 [SEP] 盘子里已经没有菜了。 [SEP] d___ [SEP] dish
3368,cn,-0.439068115,把…归于 [SEP] 他把他的成功归功于好运。 [SEP] a________ [SEP] attribute
3369,cn,1.848944142,价值 [SEP] 这个花瓶价值多少？ [SEP] v____ [SEP] value
3370,cn,-0.292622491,配方 [SEP] 企业对这种面霜的配方严格保密。 [SEP] f______ [SEP] formula
3371,cn,1.326353457,超重的 [SEP] 这件行李超重5公斤。 [SEP] o_________ [SEP] overweight
3372,cn,-1.898643072,势头 [SEP] 我们要保持经济发展的势头。 [SEP] m_______ [SEP] momentum
3373,cn,-0.857806615,所谓的 [SEP] 不要相信你那些所谓的朋友。 [SEP] s________ [SEP] so-called
3374,cn,-1.355847902,奇怪地 [SEP] 奇怪的是，他离开酒馆后并没有回家，而是去了另一个方向。 [SEP] c________ [SEP] curiously
3375,cn,0.049251819,水平的 [SEP] 如果床不平，孩子就容易掉下床。 [SEP] l____ [SEP] level
3376,cn,-1.907768362,不传统的 [SEP] 他们举办了一场非传统的微型婚礼。 [SEP] u_____________ [SEP] unconventional
3377,cn,2.061530427,男朋友 [SEP] 莉莉新交了一个男朋友。 [SEP] b________ [SEP] boyfriend
3378,cn,-1.010130595,体制性的 [SEP] 研究称体制性的种族歧视仍然十分普遍。 [SEP] i____________ [SEP] institutional
3379,cn,-3.913087668,代理的 [SEP] 史密斯死后，他成为公司的代理负责人。 [SEP] a_____ [SEP] acting
3380,cn,-0.50396856,起先 [SEP] 他们一家起先是东北人，后来移居至广东。 [SEP] o_________ [SEP] originally
3381,cn,1.246249071,呼吸 [SEP] 哮喘让他无法顺利地呼吸。 [SEP] b______ [SEP] breathe
3382,cn,3.109962266,工作 [SEP] 别打扰我——我还有许多工作要做。 [SEP] w___ [SEP] work
3383,cn,0.531639202,观察 [SEP] 她的绘画作品源于对动植物细致的观察。 [SEP] o__________ [SEP] observation
3384,cn,0.585931979,出发 [SEP] 火车将在五分钟后出发。 [SEP] d_____ [SEP] depart
3385,cn,-0.640519254,示意图 [SEP] 她绘制了一张地下水流向示意图。 [SEP] d______ [SEP] diagram
3386,cn,-0.18327721,信仰者 [SEP] 他是一个深信风水学说的人。 [SEP] b_______ [SEP] believer
3387,cn,-0.92628734,下水道 [SEP] 下水道又堵了。 [SEP] d____ [SEP] drain
3388,cn,2.375306262,正常的 [SEP] 1)加班正在逐渐变得正常。2)在正常情况下，人们会完成九年义务教育。 [SEP] n_____ [SEP] normal
3389,cn,-0.100451819,满足感 [SEP] 教师的工作给了我很大满足感。 [SEP] s___________ [SEP] satisfaction
3390,cn,-0.077092351,肝 [SEP] 医生检查了他的肝脏。 [SEP] l____ [SEP] liver
3391,cn,-0.565199973,甲板 [SEP] 许多乘客来到甲板上透气。 [SEP] d___ [SEP] deck
3392,cn,0.26913565,救护车 [SEP] 车祸后，路人迅速叫来救护车。 [SEP] a________ [SEP] ambulance
3393,cn,2.902426565,杯 [SEP] 你的咖啡杯在客厅。 [SEP] c__ [SEP] cup
3394,cn,1.100699887,句子 [SEP] 文章的结尾句很有力。 [SEP] s_______ [SEP] sentence
3395,cn,-0.505073233,抵达 [SEP] 他在抵达的当天就遭遇了车祸。 [SEP] a______ [SEP] arrival
3396,cn,0.450529454,察觉 [SEP] 他在她的语气中察觉到了一丝不安。 [SEP] d_____ [SEP] detect
3397,cn,1.57376062,人 [SEP] 那个人看起来很奇怪。 [SEP] g__ [SEP] guy
3398,cn,0.113544438,锁柜 [SEP] 请把随身物品放在锁柜里再进入泳池。 [SEP] l_____ [SEP] locker
3399,cn,-1.083176878,有意地 [SEP] 警察认为她故意杀害了自己的丈夫。 [SEP] d___________ [SEP] deliberately
3400,cn,1.061695444,建造 [SEP] 工程师和施工队共同建造这座大桥。 [SEP] c________ [SEP] construct
3401,cn,-3.095289434,猛击 [SEP] 他气愤地大声拍桌。 [SEP] b___ [SEP] bang
3402,cn,0.385515028,速度 [SEP] 和父亲跑步时，我需要调整自己的速度才能与他并行。 [SEP] p___ [SEP] pace
3403,cn,-0.934492023,有表现力的 [SEP] 他有一张富有表现力的脸（面部表情十分丰富）。 [SEP] e_________ [SEP] expressive
3404,cn,2.647593558,作家 [SEP] 她的丈夫是个作家。 [SEP] w_____ [SEP] writer
3405,cn,1.788881819,平衡 [SEP] 走钢丝必须保持身体平衡。 [SEP] b______ [SEP] balance
3406,cn,0.183483862,感激的 [SEP] 我对您在我困难时期的帮助十分感激。 [SEP] t_______ [SEP] thankful
3407,cn,1.84054128,袜子 [SEP] 他闻了闻袜子，以决定是否需要换洗。 [SEP] s___ [SEP] sock
3408,cn,-0.151738262,阿拉伯人 [SEP] 她的丈夫是一位来自伊朗的阿拉伯人。 [SEP] a___ [SEP] arab
3409,cn,1.538053855,合乎逻辑的 [SEP] 照此下去，唯一合乎逻辑的解决方案就是搬家。 [SEP] l______ [SEP] logical
3410,cn,-2.087704754,实施 [SEP] 这个委员会的设立是为了保证环保法的执行。 [SEP] e______ [SEP] enforce
3411,cn,-2.450095844,福音 [SEP] 耶稣的信徒们在世界各地宣讲福音。 [SEP] g_____ [SEP] gospel
3412,cn,-0.70183547,导航者 [SEP] 他担任这艘船的导航者。 [SEP] n________ [SEP] navigator
3413,cn,-1.33865289,熨烫 [SEP] 这件西服需要熨烫了。 [SEP] i______ [SEP] ironing
3414,cn,-0.628959046,倒塌 [SEP] 大楼在地震中轰然倒塌。 [SEP] c_______ [SEP] collapse
3415,cn,0.825521766,难以置信的 [SEP] 她这样一个正直的人竟然被告贪污，真是难以置信。 [SEP] u___________ [SEP] unbelievable
3416,cn,0.883001524,西瓜 [SEP] 许多人喜欢在夏天吃西瓜。 [SEP] w_________ [SEP] watermelon
3417,cn,-2.5084486,股份有限（公司）的 [SEP] 几家绘图企业合并，组成了Adobe公司。 [SEP] i___________ [SEP] incorporated
3418,cn,-3.084418178,爆破 [SEP] 他们爆破了这座大楼。 [SEP] d_______ [SEP] dynamite
3419,cn,0.427620818,牙 [SEP] 医生为我拔去一颗牙。 [SEP] t____ [SEP] tooth
3420,cn,-1.828755311,不重要的 [SEP] 我对这个项目的贡献实在微不足道。 [SEP] i____________ [SEP] insignificant
3421,cn,0.833417053,酸的 [SEP] 他不喜欢吃太酸的面包。 [SEP] s___ [SEP] sour
3422,cn,1.125420652,俄罗斯的 [SEP] 他喜欢看俄国芭蕾。 [SEP] r______ [SEP] russian
3423,cn,0.727367001,古老的 [SEP] 在中东，古老的耕作方式依然存在。 [SEP] a______ [SEP] ancient
3424,cn,3.174908932,地 [SEP] 不要坐在地上。 [SEP] g_____ [SEP] ground
3425,cn,-1.799329838,乘法 [SEP] 相乘的结果是256。 [SEP] m_____________ [SEP] multiplication
3426,cn,1.463180451,教学 [SEP] 新政策将重点放在教学上。 [SEP] t_______ [SEP] teaching
3427,cn,-3.155978833,辐条 [SEP] 自行车的辐条断了一根。 [SEP] s____ [SEP] spoke
3428,cn,-1.662600758,时尚的 [SEP] 她是公司里最时尚的人。 [SEP] s______ [SEP] stylish
3429,cn,-0.75367682,往返两地间的汽车 [SEP] 一辆往返区间车连接了学校的两个校区。 [SEP] s______ [SEP] shuttle
3430,cn,1.250082987,要素 [SEP] 她身上有成功女性应具备的所有要素。 [SEP] e______ [SEP] element
3431,cn,-1.710838711,碎的 [SEP] 他的家中有一面破碎的镜子。 [SEP] c______ [SEP] cracked
3432,cn,-0.316648572,可见的 [SEP] 房子上的字在远处仍然可见。 [SEP] v______ [SEP] visible
3433,cn,0.11115795,测试者 [SEP] 我曾做过家具测试人（测试家具的舒适度及使用体验等）。 [SEP] t_____ [SEP] tester
3434,cn,-0.342477065,企业 [SEP] 我们是一家企业，不是什么慈善机构。 [SEP] e_________ [SEP] enterprise
3435,cn,-2.0609461,迷恋 [SEP] 他对电影的迷恋持续到中年。 [SEP] f__________ [SEP] fascination
3436,cn,-1.035341175,失去 [SEP] 我弄丢了我的钥匙。 [SEP] l___ [SEP] lose
3437,cn,-2.095472707,推断 [SEP] 他推断凶手应该就来自这个村子。 [SEP] r_____ [SEP] reason
3438,cn,-0.203748802,扶手椅 [SEP] 他瘫坐到了扶手椅上，陷入了深深的忧虑。 [SEP] a_______ [SEP] armchair
3439,cn,-1.671956701,到……之上 [SEP] 1)他把买来的东西倒到桌子上。2)她从火车下到站台上。 [SEP] o___ [SEP] onto
3440,cn,0.11933489,安装 [SEP] 你能教我如何安装这个程序吗? [SEP] i______ [SEP] install
3441,cn,-1.397477657,结冰 [SEP] 天太冷，湖面结冰了。 [SEP] f_____ [SEP] freeze
3442,cn,-0.662169671,不情愿的 [SEP] 她不情愿调往别的部门，我只好继续说服她。 [SEP] r________ [SEP] reluctant
3443,cn,1.27065844,祖父母 [SEP] 成为祖父母是许多老年人的盼望。 [SEP] g__________ [SEP] grandparent
3444,cn,-1.228361415,化合物 [SEP] 钙片的主要成分是钙和其他元素的化合物。 [SEP] c_______ [SEP] compound
3445,cn,1.836136158,多 [SEP] 1)我们有很多酒。2)这份工作有许多乐趣。 [SEP] l___ [SEP] lots
3446,cn,-1.553982937,调料 [SEP] 你喜欢用凯撒式还是法式的沙拉调料？ [SEP] d_______ [SEP] dressing
3447,cn,2.866421038,脂肪 [SEP] 我们要少摄入脂肪。 [SEP] f__ [SEP] fat
3448,cn,0.034699643,非常 [SEP] 1)我很受父亲影响。2)他非常受孙中山的尊敬。 [SEP] g______ [SEP] greatly
3449,cn,0.259473191,无声地 [SEP] 她无声地走进女儿的房间。 [SEP] s_______ [SEP] silently
3450,cn,1.298390381,强迫 [SEP] 他强迫她作伪证。 [SEP] f____ [SEP] force
3451,cn,2.229371758,羊 [SEP] 几只羊在山坡上吃草。 [SEP] s____ [SEP] sheep
3452,cn,0.709417703,研究人员 [SEP] 研究人员正在探索癌症的新疗法。 [SEP] r_________ [SEP] researcher
3453,cn,-0.523808155,弧 [SEP] 彩虹在天上形成一道美丽的弧。 [SEP] a__ [SEP] arc
3454,cn,0.780055848,我的 [SEP] 这是我的杯子。 [SEP] m_ [SEP] my
3455,cn,1.225884634,创建者 [SEP] 他是微软公司的创建者。 [SEP] f______ [SEP] founder
3456,cn,-2.738996527,部分 [SEP] 调查称40-50岁的男性是社会压力最大的一部分人。 [SEP] s______ [SEP] segment
3457,cn,1.7478995,瓷器 [SEP] 这个瓷碗是我送你的礼物。 [SEP] c____ [SEP] china
3458,cn,3.711282654,房子 [SEP] 我买了一座房子。 [SEP] h____ [SEP] house
3459,cn,-1.011035545,试镜 [SEP] 你要参加《西贡小姐》剧组的新演员试镜吗？ [SEP] a_______ [SEP] audition
3460,cn,1.574032524,为…重新命名 [SEP] 列宁格勒被重新命名为圣彼得堡。 [SEP] r_____ [SEP] rename
3461,cn,1.592595575,脚 [SEP] 我的右脚疼。 [SEP] f___ [SEP] foot
3462,cn,-1.076664926,事实上的 [SEP] 多年过去，两人从好友变成实实在在的陌生人。 [SEP] v______ [SEP] virtual
3463,cn,-3.412905827,驻外工作 [SEP] 她欣然接受了这个在华盛顿的外派职位。 [SEP] p______ [SEP] posting
3464,cn,-0.828765354,享用机会 [SEP] 让农村孩子得到使用互联网的机会。 [SEP] a_____ [SEP] access
3465,cn,-1.293527649,伏特加 [SEP] 他喝了一杯伏特加。 [SEP] v____ [SEP] vodka
3466,cn,-0.3347954,二氧化物 [SEP] 二氧化碳是重要的温室气体。 [SEP] d______ [SEP] dioxide
3467,cn,-1.02951406,感觉迟钝的 [SEP] 他虽然很聪明，但常常对别人的感受毫不敏感。 [SEP] i__________ [SEP] insensitive
3468,cn,-0.336142153,紧张的 [SEP] 虽然谈判双方的矛盾已经化解，但现场的气氛仍很紧张。 [SEP] t____ [SEP] tense
3469,cn,3.008886087,父亲 [SEP] 我的父亲是医生。 [SEP] f_____ [SEP] father
3470,cn,0.426179083,吵闹的 [SEP] 我的邻居十分吵闹。 [SEP] n____ [SEP] noisy
3471,cn,-3.775375757,主席 [SEP] 一名联合国任命的会议主席将帮助冲突双方通过谈判达成共识。 [SEP] m________ [SEP] moderator
3472,cn,-1.418785918,拒绝 [SEP] 1)“她答应你的求婚了吗？”“不，她拒绝了我。”2)我的申请被拒了。 [SEP] r_____ [SEP] reject
3473,cn,0.731255124,任何人 [SEP] 不是任何人都值得我信任。 [SEP] a______ [SEP] anybody
3474,cn,0.2517247,把…加入黑名单 [SEP] 我们把负债的公司都列入了黑名单。 [SEP] b________ [SEP] blacklist
3475,cn,2.467007641,有时 [SEP] 我有时会去那家面包房买面包。 [SEP] s________ [SEP] sometimes
3476,cn,0.926302785,花生 [SEP] 他喜欢吃花生酱。 [SEP] p_____ [SEP] peanut
3477,cn,0.100045957,索引 [SEP] 他在索引中寻找着关于前苏联的页码。 [SEP] i____ [SEP] index
3478,cn,-1.792116203,复制本 [SEP] 我有那份文件的复制本。 [SEP] d__________ [SEP] duplication
3479,cn,-2.203180035,恼火 [SEP] 对方不懂装懂的指指点点引起了他的恼火。 [SEP] i_________ [SEP] irritation
3480,cn,-1.226819152,自传 [SEP] 他晚年撰写了一本自传。 [SEP] a____________ [SEP] autobiography
3481,cn,1.775010517,护照 [SEP] 请出示您的护照。 [SEP] p_______ [SEP] passport
3482,cn,3.351279971,恨 [SEP] 我讨厌虐待孩子的人。 [SEP] h___ [SEP] hate
3483,cn,-1.948577916,假设的 [SEP] 让我们来谈论一下没有人类的地球——当然这只是一个假设的情形。 [SEP] h___________ [SEP] hypothetical
3484,cn,-2.166285726,下来 [SEP] 女人从楼梯上走下来。 [SEP] d______ [SEP] descend
3485,cn,-2.221317899,给予 [SEP] 我们致力于提供最优质的服务。 [SEP] r_____ [SEP] render
3486,cn,-2.371730618,庇护所 [SEP] 1)我们要为无家可归的难民们提供一个庇护所。2)对许多人来说，家就是安全的港湾。 [SEP] h____ [SEP] haven
3487,cn,-1.520084976,群众集会 [SEP] 他参加了反对塑料污染的集会活动。 [SEP] r____ [SEP] rally
3488,cn,1.535386273,火箭 [SEP] 他们成功发射了一枚火箭。 [SEP] r_____ [SEP] rocket
3489,cn,-0.63750652,中风 [SEP] 她在中风后无法说话和写字了。 [SEP] s_____ [SEP] stroke
3490,cn,-0.518959683,暴力的 [SEP] 警察制服了他的暴力行为。 [SEP] v______ [SEP] violent
3491,cn,0.096616517,充电器 [SEP] 他把手机充电器放进行李。 [SEP] c______ [SEP] charger
3492,cn,1.234791163,害怕的 [SEP] 暴雨前的天色让人害怕。 [SEP] a_____ [SEP] afraid
3493,cn,1.782153512,社会的 [SEP] 许多社会问题亟待解决。 [SEP] s_____ [SEP] social
3494,cn,4.157339405,时间 [SEP] 比赛什么时间开始？ [SEP] t___ [SEP] time
3495,cn,-1.161552918,焦虑 [SEP] 他的病情因焦虑而加重。 [SEP] a______ [SEP] anxiety
3496,cn,-1.409443761,彗星 [SEP] 古人曾认为彗星是不吉利的象征。 [SEP] c____ [SEP] comet
3497,cn,1.706435654,总额 [SEP] 您借款的总额是3000镑。 [SEP] t____ [SEP] total
3498,cn,-1.491410395,剥削 [SEP] 厂主常常剥削工人。 [SEP] e______ [SEP] exploit
3499,cn,-0.502284406,层 [SEP] 1)椅子上有一层灰。2)在面皮上铺一层肉酱，再铺一层面皮，如此反复。 [SEP] l____ [SEP] layer
3500,cn,-1.416705264,抽打 [SEP] 狱卒常常鞭打犯人。 [SEP] w___ [SEP] whip
3501,cn,-0.87563798,员工 [SEP] 他负责处理公司内部的员工关系。 [SEP] p________ [SEP] personnel
3502,cn,-0.592423314,赞助 [SEP] 瑞士银行赞助了这次音乐节。 [SEP] s______ [SEP] sponsor
3503,cn,2.424435898,酒吧 [SEP] 英国人晚上喜欢去酒吧聚会聊天。 [SEP] b__ [SEP] bar
3504,cn,2.791798067,今晚 [SEP] 我们今晚出去喝一杯！ [SEP] t______ [SEP] tonight
3505,cn,-1.003164944,金字塔 [SEP] 她的梦想是去埃及看金字塔。 [SEP] p______ [SEP] pyramid
3506,cn,-1.61229985,沙特阿拉伯的 [SEP] 超过五分之四的沙特人口是逊尼派教徒。 [SEP] s____ [SEP] saudi
3507,cn,1.039625521,律师 [SEP] 律师援引了婚姻法的相关条款。 [SEP] l_____ [SEP] lawyer
3508,cn,-0.418487411,提示 [SEP] 音乐响起就是约翰上场的提示。 [SEP] c__ [SEP] cue
3509,cn,-1.818253209,成型的 [SEP] 我对此还没有成型的看法。 [SEP] f_____ [SEP] formed
3510,cn,-3.40715274,支起 [SEP] 1)我把收好的雨伞支在墙边。2)他用手支着身子从床上坐了起来。 [SEP] p___ [SEP] prop
3511,cn,0.572764037,验明身份 [SEP] 1）请出示您的身份证件。2）验证身份的过程将耗时几分钟。 [SEP] i_____________ [SEP] identification
3512,cn,-1.120840451,磁性的 [SEP] 他借给我一把磁性螺丝刀。 [SEP] m_______ [SEP] magnetic
3513,cn,0.125435878,联邦制的 [SEP] 联邦政府没有做出表态。 [SEP] f______ [SEP] federal
3514,cn,-0.803332345,条款（复数形式） [SEP] 1)使用软件前，请先阅读并勾选同意使用条款。2)合约的条款是我在60日至内付清债务。 [SEP] t____ [SEP] terms
3515,cn,0.19711809,营销 [SEP] 他们研究如何营销这款手机。 [SEP] m_____ [SEP] market
3516,cn,0.737583753,使人放松的 [SEP] 听一些让人放松的音乐。 [SEP] r_______ [SEP] relaxing
3517,cn,-0.557574889,在…下面 [SEP] 他每晚都把手机放在枕头下面。 [SEP] u_________ [SEP] underneath
3518,cn,-0.34521706,抓住 [SEP] 他抓住了互联网产业的机会。 [SEP] g____ [SEP] grasp
3519,cn,-1.874417996,出口 [SEP] 他在艺术中找到释放苦闷的出口。 [SEP] o_____ [SEP] outlet
3520,cn,-1.352279545,电的 [SEP] 他在英国学习电气工程。 [SEP] e_________ [SEP] electrical
3521,cn,2.88477339,聊天 [SEP] 我的女儿在和朋友聊天。 [SEP] c___ [SEP] chat
3522,cn,2.256703171,花园 [SEP] 我在花园里种上月季。 [SEP] g_____ [SEP] garden
3523,cn,0.308303266,注射 [SEP] 兽医给小狗注射疫苗。 [SEP] i_____ [SEP] inject
3524,cn,0.302125235,事情 [SEP] 1)事情的核心是我们缺乏资金。2)我需要和你商量一件事。 [SEP] m_____ [SEP] matter
3525,cn,-0.024141508,拿 [SEP] 1)他握着我的手。2)老师教我拿笔。3)她怀里抱着孩子。 [SEP] h___ [SEP] hold
3526,cn,1.261473467,拳击手 [SEP] 她的男友是一位健壮的拳击手。 [SEP] b____ [SEP] boxer
3527,cn,-0.648031238,名人 [SEP] 我认识很多名人。 [SEP] c________ [SEP] celebrity
3528,cn,-2.054645381,竞技运动 [SEP] 竞技体育中是否应允许兴奋剂是个有争议的问题。 [SEP] a________ [SEP] athletics
3529,cn,-2.309893534,探险 [SEP] 他们春节去肯尼亚草原探险观光了。 [SEP] s_____ [SEP] safari
3530,cn,1.877959767,未来的 [SEP] 我的未来计划很美好。 [SEP] f_____ [SEP] future
3531,cn,3.867283078,地图 [SEP] 他空闲时喜欢看世界地图。 [SEP] m__ [SEP] map
3532,cn,-2.826621519,缓刑的 [SEP] 法官给了他两年的缓刑。 [SEP] s________ [SEP] suspended
3533,cn,-2.133537148,缓慢或悄悄地行进 [SEP] 我蹑手蹑脚地从后面走向那头鹿。 [SEP] c____ [SEP] creep
3534,cn,-0.125166027,执行官 [SEP] 他担任公司的首席执行官。 [SEP] e________ [SEP] executive
3535,cn,1.867722603,控制（能力） [SEP] 我已经失去了对局势的控制。 [SEP] c______ [SEP] control
3536,cn,1.869510121,截止（或截稿）日期 [SEP] 交作业的截止日期是本月18号。 [SEP] d_______ [SEP] deadline
3537,cn,0.052377608,剧 [SEP] 我们在剧院观看了这部剧。 [SEP] p___ [SEP] play
3538,cn,-0.078916025,传记 [SEP] 他正在为曼德拉撰写传记。 [SEP] b________ [SEP] biography
3539,cn,-1.87948755,争议 [SEP] 他与养女的婚姻引起了争议。 [SEP] c__________ [SEP] controversy
3540,cn,1.334220039,给…留下深刻印象 [SEP] 她以过人的天才给我留下了深刻印象。 [SEP] i______ [SEP] impress
3541,cn,0.373620026,高地 [SEP] 我一直想去高地游览。 [SEP] h_______ [SEP] highland
3542,cn,1.578583507,手册 [SEP] 1)《孤独星球》出版了一系列城市导游手册。2)让我们看看收视指南上有什么好节目。 [SEP] g____ [SEP] guide
3543,cn,2.675153147,旗 [SEP] 挪威的国旗是蓝色的吗? [SEP] f___ [SEP] flag
3544,cn,1.538956332,军队 [SEP] 毕业后他参军了。 [SEP] a___ [SEP] army
3545,cn,0.737915963,联系 [SEP] 两个案件之间只有很弱的联系。 [SEP] l___ [SEP] link
3546,cn,1.186037396,逃脱 [SEP] 在监狱里他每天梦想着逃脱。 [SEP] e_____ [SEP] escape
3547,cn,1.852851057,打开…的锁 [SEP] 我打开了保险箱的锁。 [SEP] u_____ [SEP] unlock
3548,cn,2.717081953,警察 [SEP] 有人抢劫，快叫警察！ [SEP] p_____ [SEP] police
3549,cn,-2.047912696,无法触及一根毫毛的 [SEP] 与地方政府的勾结使这个团伙一度谁也奈何不了。 [SEP] u__________ [SEP] untouchable
3550,cn,-0.51592941,个人主义 [SEP] 我们普遍认为西方个人主义盛行。 [SEP] i____________ [SEP] individualism
3551,cn,2.927721382,看 [SEP] 请看一看这辆车。 [SEP] l___ [SEP] look
3552,cn,-0.831073409,部队 [SEP] 他们向上级请求增援部队。 [SEP] t____ [SEP] troop
3553,cn,-3.46247145,使…脱落 [SEP] 我希望夏天到来前能掉十斤。 [SEP] s___ [SEP] shed
3554,cn,-0.379345068,附加地 [SEP] 政府又额外资助了一些贫困生。 [SEP] a___________ [SEP] additionally
3555,cn,-1.830479838,牧师（不以or结尾） [SEP] 他的父亲是一位牧师。 [SEP] p_____ [SEP] priest
3556,cn,-0.454272559,天花板 [SEP] 这间屋子有彩色镶嵌的天花板。 [SEP] c______ [SEP] ceiling
3557,cn,-1.051157636,迷人的 [SEP] 苏州是一个迷人的地方。 [SEP] f__________ [SEP] fascinating
3558,cn,1.839087839,冲 [SEP] 1)医护人员冲进门开始对她的抢救。2)我们还有大把时间，没必要赶。 [SEP] r___ [SEP] rush
3559,cn,-1.987604402,精神性 [SEP] 她着迷于约翰·多恩诗歌中的精神性。 [SEP] s___________ [SEP] spirituality
3560,cn,2.757186579,农场 [SEP] 我在一个农场长大。 [SEP] f___ [SEP] farm
3561,cn,0.091047817,抗议 [SEP] 他们表达了对裁员的抗议。 [SEP] p______ [SEP] protest
3562,cn,-0.545809902,限制 [SEP] 1)政府对肉类出口加以限制。2)资金的使用有严格的限制。 [SEP] r__________ [SEP] restriction
3563,cn,0.187776899,相遇 [SEP] 我仍然记得多年前我们的短暂相遇。 [SEP] e________ [SEP] encounter
3564,cn,-0.468244016,心理上的 [SEP] 现代生活的压力导致了许多人的心理问题。 [SEP] p____________ [SEP] psychological
3565,cn,-0.510040565,角度 [SEP] 从病人的角度看，医院的许多收费确实不够透明。 [SEP] p__________ [SEP] perspective
3566,cn,0.285175396,命运 [SEP] 教育可以改变命运。 [SEP] d______ [SEP] destiny
3567,cn,1.493581892,邪恶的 [SEP] 白雪公主有一个邪恶的母后。 [SEP] e___ [SEP] evil
3568,cn,0.477752143,教父 [SEP] 我是我侄女的教父。 [SEP] g________ [SEP] godfather
3569,cn,0.266275424,竞争 [SEP] 竞争越激烈，对你越有利。 [SEP] c__________ [SEP] competition
3570,cn,1.356006363,爵士乐 [SEP] 他是一位爵士乐爱好者。 [SEP] j___ [SEP] jazz
3571,cn,1.478758222,不舒服的 [SEP] 这种硬的火车座椅很不舒服。 [SEP] u____________ [SEP] uncomfortable
3572,cn,-1.00899681,症状 [SEP] 医生先请患者详细描述了症状。 [SEP] s______ [SEP] symptom
3573,cn,-0.90748297,打断 [SEP] 我只希望能不受打断地工作一上午。 [SEP] i___________ [SEP] interruption
3574,cn,-2.001928586,取回 [SEP] 我需要开车回公司取回电脑。 [SEP] r_______ [SEP] retrieve
3575,cn,2.132977803,便条 [SEP] 没有人开门，门上有张便条：“一小时后回来”。 [SEP] n___ [SEP] note
3576,cn,-1.592152506,怀疑地 [SEP] 他听了这话，怀疑地看了我一眼。 [SEP] s___________ [SEP] suspiciously
3577,cn,0.483114567,诗人 [SEP] 穆旦是一名著名的现代诗人。 [SEP] p___ [SEP] poet
3578,cn,-1.853743228,悬念 [SEP] 这本小说以悬念结尾，不禁让人翘首期盼续集。 [SEP] s_______ [SEP] suspense
3579,cn,-0.420549972,客户 [SEP] 我们充分尊重客户的需求。 [SEP] c_____ [SEP] client
3580,cn,0.167544412,出租车 [SEP] 现在太晚了，我们可以叫一辆出租车回家。 [SEP] c__ [SEP] cab
3581,cn,-2.021991214,让人心碎的人或事 [SEP] 那个漂亮女孩会是个能让男孩心碎的姑娘。 [SEP] h___________ [SEP] heartbreaker
3582,cn,1.035654031,好的 [SEP] “你的新工作怎么样?””还可以。” [SEP] f___ [SEP] fine
3583,cn,1.14175895,举动 [SEP] 1)这一大胆的举动可能会刺激对方发起进攻。2)你的下一步是什么？ [SEP] m___ [SEP] move
3584,cn,0.309834965,表明 [SEP] 实验结果表明这种疗法是有效的。 [SEP] s___ [SEP] show
3585,cn,-1.715163537,令人生畏的 [SEP] 大自然有着令人生畏的力量。 [SEP] a______ [SEP] awesome
3586,cn,1.438274406,舒适 [SEP] 软座椅能提高旅客的舒适程度。 [SEP] c______ [SEP] comfort
3587,cn,-2.002973304,波斯的 [SEP] 他爱上了一个美丽的波斯女人。 [SEP] p______ [SEP] persian
3588,cn,1.068277414,全球的 [SEP] 全球变暖是不争的事实。 [SEP] g_____ [SEP] global
3589,cn,-2.414989295,拟真的 [SEP] 耳环是用仿制的珍珠做的。 [SEP] s________ [SEP] simulated
3590,cn,0.777677826,原谅 [SEP] “请原谅”，他边说边穿过拥挤的人群。 [SEP] e_____ [SEP] excuse
3591,cn,-0.048301036,部分 [SEP] 1)只有这一部分是教堂最初的楼梯，其余部分都是后来陆续修建的。2)她一拿到报纸，就翻到娱乐版块。 [SEP] s______ [SEP] section
3592,cn,-0.319696648,寿司 [SEP] 他买了一盒寿司当午餐。 [SEP] s____ [SEP] sushi
3593,cn,-0.745938835,课程 [SEP] 学校正准备将手工课纳入课程。 [SEP] c_________ [SEP] curriculum
3594,cn,-0.58917907,方法 [SEP] 在教育孩子的事上，恐怕您采取了错误的方法。 [SEP] a_______ [SEP] approach
3595,cn,-0.26182033,美德 [SEP] 1)他是一个有美德的人（高尚之人）。2)诚实是她的美德。 [SEP] v_____ [SEP] virtue
3596,cn,-0.76475131,转换 [SEP] 1)他转换了车道，向城东驶去。2)当务之急是将重点转到产品销售上。 [SEP] s_____ [SEP] switch
3597,cn,2.45462847,清洁 [SEP] 我下午准备清洁地板。 [SEP] c____ [SEP] clean
3598,cn,4.166265345,不 [SEP] “不，谢谢”，她说。 [SEP] n_ [SEP] no
3599,cn,0.289728282,此外 [SEP] 房子很大，此外，也靠近商业区。 [SEP] f__________ [SEP] furthermore
3600,cn,-0.206878573,杆子 [SEP] 他们用杆子支起帐篷。 [SEP] p___ [SEP] pole
3601,cn,1.996741459,宾戈游戏 [SEP] 宾戈是一种风行许多国家的卡牌赌博游戏。 [SEP] b____ [SEP] bingo
3602,cn,-0.465793267,含糊的 [SEP] 目击者对劫犯外貌的描述很含糊，我们无法据此缩小搜索范围。 [SEP] v____ [SEP] vague
3603,cn,-0.046116216,堤 [SEP] 大水漫过了堤坝。 [SEP] d__ [SEP] dam
3604,cn,0.77363604,亲戚 [SEP] 我在上海没有亲戚。 [SEP] r_______ [SEP] relative
3605,cn,1.42609347,使人兴奋的 [SEP] 这真是一个令人兴奋的好消息。 [SEP] e_______ [SEP] exciting
3606,cn,-0.134263683,经过烘干或晾干取出水分的 [SEP] 这里有一些干牛肉。 [SEP] d____ [SEP] dried
3607,cn,-3.300279795,去污工作 [SEP] 太湖的去污工作耗资巨大。 [SEP] c______ [SEP] cleanup
3608,cn,0.50141325,生的 [SEP] 有的文化习惯吃生肉。 [SEP] r__ [SEP] raw
3609,cn,-0.872298622,静脉 [SEP] 护士找到我的静脉，对我抽了血。 [SEP] v___ [SEP] vein
3610,cn,-2.242333718,香槟酒（一种法式气泡酒） [SEP] 父母开了一瓶香槟庆祝他毕业。 [SEP] c________ [SEP] champagne
3611,cn,-1.228982842,快速前行 [SEP] 救护车急速驶向医院。 [SEP] s____ [SEP] speed
3612,cn,-0.18591824,致死的 [SEP] 1)儿子的死讯给了她致命一击。2)这是一种致死的毒药。 [SEP] d_____ [SEP] deadly
3613,cn,0.290250103,卡车 [SEP] 他是一个卡车司机。 [SEP] t____ [SEP] truck
3614,cn,0.407889734,海豹 [SEP] 不应以药用和牟利目的非法猎取海豹。 [SEP] s___ [SEP] seal
3615,cn,-1.078953793,竞技场 [SEP] 这就是世界上最大的室内体育竞技场。 [SEP] a____ [SEP] arena
3616,cn,1.858825268,夜生活 [SEP] 大城市有丰富的夜生活。 [SEP] n________ [SEP] nightlife
3617,cn,2.600449743,鼻子 [SEP] 他长了一个鹰钩鼻子。 [SEP] n___ [SEP] nose
3618,cn,-1.357204232,草地 [SEP] 河边是一片草地。 [SEP] m_____ [SEP] meadow
3619,cn,-1.541183721,使用黑客技术非法进入他人电脑系统 [SEP] 使用黑客技术潜入银行系统并非易事。 [SEP] h______ [SEP] hacking
3620,cn,-0.181930491,意识 [SEP] 提高民众的环保意识至关重要。 [SEP] a________ [SEP] awareness
3621,cn,-1.231376978,文化水平 [SEP] 这个地区的文化水平在过去十年内有所提高。 [SEP] l_______ [SEP] literacy
3622,cn,0.74695585,底 [SEP] 海底有许多神奇的生物。 [SEP] b_____ [SEP] bottom
3623,cn,3.263152013,耳朵 [SEP] 梵高切下了自己的耳朵。 [SEP] e__ [SEP] ear
3624,cn,2.96035219,希望 [SEP] 要始终保持希望。 [SEP] h___ [SEP] hope
3625,cn,1.210189221,亚洲的 [SEP] 他爱上了一个亚洲女孩。 [SEP] a____ [SEP] asian
3626,cn,0.093251297,逃走 [SEP] 1)罪犯逃走了。2)大量难民逃离了家乡。 [SEP] f___ [SEP] flee
3627,cn,0.007638358,洽谈 [SEP] 他们洽谈了贸易合作问题。 [SEP] n________ [SEP] negotiate
3628,cn,0.353499312,粗略地 [SEP] 约有一半的人口都生活在城镇。 [SEP] r______ [SEP] roughly
3629,cn,-0.674231064,卷 [SEP] 培根加热后会卷起来。 [SEP] c___ [SEP] curl
3630,cn,0.418861691,那时 [SEP] 我那时仍然在伦敦。 [SEP] t___ [SEP] then
3631,cn,-2.537930404,过 [SEP] 1)请在三点过十分来找我。2)他骑车经过了我，却没和我打招呼。 [SEP] p___ [SEP] past
3632,cn,-0.652001122,亲密的 [SEP] 婚礼只邀请了双方的父母及几位密友。 [SEP] i_______ [SEP] intimate
3633,cn,-1.884327373,秘密的 [SEP] 他是一位深入工厂调查食品安全的秘密调查员。 [SEP] u_________ [SEP] undercover
3634,cn,-0.980319178,严重地 [SEP] 1)她在车祸中严重受伤。2)这次危机严重动摇了国家经济。 [SEP] s_______ [SEP] severely
3635,cn,0.807987988,忠诚 [SEP] 她考验了丈夫对她的忠诚。 [SEP] l______ [SEP] loyalty
3636,cn,-0.538815961,皮包骨头的 [SEP] 她忧伤地看着这个皮包骨头的小女孩。 [SEP] s_____ [SEP] skinny
3637,cn,-0.612781241,组成部分 [SEP] 1)宗族制度是中国传统文化的重要组成部分。2)我们的计划共有四个组成部分。 [SEP] c________ [SEP] component
3638,cn,-0.905681702,平行的 [SEP] 如何用尺画出两条平行线？ [SEP] p_______ [SEP] parallel
3639,cn,0.43624431,丰收 [SEP] 我们取得了水稻的丰收。 [SEP] h______ [SEP] harvest
3640,cn,-2.114301239,精神错乱 [SEP] 人们无法解释梵高精神错乱的原因。 [SEP] i_______ [SEP] insanity
3641,cn,-1.309138797,提取的 [SEP] 这些油是从花生里提取的。 [SEP] e________ [SEP] extracted
3642,cn,0.873777035,词汇 [SEP] 他的词汇量很大。 [SEP] v_________ [SEP] vocabulary
3643,cn,1.457527091,通知 [SEP] 我们在门口贴出了冬季缩短营业时间的通知。 [SEP] n_____ [SEP] notice
3644,cn,1.141621948,有害的 [SEP] 长期服用这类药护会对身体有害。 [SEP] h______ [SEP] harmful
3645,cn,-0.288587303,马戏 [SEP] 我小时候最期待的就是马戏团表演。 [SEP] c_____ [SEP] circus
3646,cn,1.404452087,对…征税 [SEP] 政府决定对污染严重的产品征税。 [SEP] t__ [SEP] tax
3647,cn,-0.52171267,摄影的 [SEP] 1)她学习摄影技巧。2)他有拍照般的记忆里。 [SEP] p___________ [SEP] photographic
3648,cn,-0.459136222,虾 [SEP] 他们从河里捞出几只虾。 [SEP] s_____ [SEP] shrimp
3649,cn,-0.536439863,游行 [SEP] 他们参加了狂欢节的游行队伍。 [SEP] p_____ [SEP] parade
3650,cn,0.776005247,损伤 [SEP] 地震对房屋造成了损坏。 [SEP] d_____ [SEP] damage
3651,cn,0.641393065,怀疑 [SEP] 我们怀疑他与这起诈骗案有关。 [SEP] s______ [SEP] suspect
3652,cn,-0.886323713,走廊 [SEP] 我走出办公室，在走廊给母亲打了电话。 [SEP] c_______ [SEP] corridor
3653,cn,2.457355656,唱 [SEP] 她唱了一首老歌。 [SEP] s___ [SEP] sing
3654,cn,-1.101155017,同伴的 [SEP] 他的工友不时接济他。 [SEP] f_____ [SEP] fellow
3655,cn,-2.685592854,积极方面 [SEP] 虽然要延期毕业，但这件事的积极方面是你的实验时间更充足了。 [SEP] u_____ [SEP] upside
3656,cn,-1.059616558,异国的 [SEP] 1)他在外国水果货架上找到了泰国芒果。2)植物园的温室里有各种异国树种。 [SEP] e_____ [SEP] exotic
3657,cn,-0.072957942,随机地 [SEP] 获奖用户是随机抽取的。 [SEP] r_______ [SEP] randomly
3658,cn,-1.389607749,电子地 [SEP] 我们虽然身处不同国家，但仍使用计算机网络相互联系。 [SEP] e_____________ [SEP] electronically
3659,cn,3.083649325,希望 [SEP] 我希望你尽快康复。 [SEP] h___ [SEP] hope
3660,cn,-1.999693802,碳水化合物 [SEP] 碳水化合物为身体供给能量。 [SEP] c___________ [SEP] carbohydrate
3661,cn,0.6728445,措施 [SEP] 我们必须采取措施减少塑料垃圾。 [SEP] m______ [SEP] measure
3662,cn,1.337695084,十年 [SEP] 事情已经过去了近三十年。 [SEP] d_____ [SEP] decade
3663,cn,0.802188602,粗糙的 [SEP] 这幢楼采用了粗糙的外墙设计。 [SEP] r____ [SEP] rough
3664,cn,-1.936478742,壳 [SEP] 地壳是地球最外层的结构。 [SEP] c____ [SEP] crust
3665,cn,1.893813545,工具 [SEP] 他想修理餐桌，但家中没有工具。 [SEP] t___ [SEP] tool
3666,cn,-1.697827593,颠倒的 [SEP] 现在我们的情况是颠倒的：你结婚了，我反而离婚了。 [SEP] r_______ [SEP] reversed
3667,cn,-0.950230916,导弹 [SEP] 他们发射了一枚短程导弹。 [SEP] m______ [SEP] missile
3668,cn,-2.46376409,掷 [SEP] 他向我掷了一个土块。 [SEP] p____ [SEP] pitch
3669,cn,0.140131309,写博客的人 [SEP] 她在成为作家之前是一个博客作者。 [SEP] b______ [SEP] blogger
3670,cn,-4.176540662,预测 [SEP] 这家公司给出了对下一年经济增长值的预测。 [SEP] p_________ [SEP] projection
3671,cn,1.080293193,下沉 [SEP] 我绝望地下沉，直到感到一只手将我拉向水面。 [SEP] s___ [SEP] sink
3672,cn,0.53937214,极其 [SEP] 今天极冷。 [SEP] e________ [SEP] extremely
3673,cn,2.378054466,女朋友 [SEP] 他的女朋友去了加拿大。 [SEP] g_________ [SEP] girlfriend
3674,cn,2.684644152,鸭子 [SEP] 湖面上有一只鸭子。 [SEP] d___ [SEP] duck
3675,cn,-1.604399762,定罪 [SEP] 她对宣判不服，决定提起上诉。 [SEP] c_________ [SEP] conviction
3676,cn,1.426801788,想法 [SEP] 她的脑子里充满了些怪想法。 [SEP] t______ [SEP] thought
3677,cn,1.170005558,杯蛋糕 [SEP] 她为新年宴会烤制了一打杯蛋糕。 [SEP] c______ [SEP] cupcake
3678,cn,1.724752832,平均值 [SEP] 7， 12和20的平均值是13。 [SEP] a______ [SEP] average
3679,cn,-1.040005378,得到通知的 [SEP] 得到通知的选手们已经开始准备下一轮比赛了，这让没有得到通知的选手们十分焦虑。 [SEP] n_______ [SEP] notified
3680,cn,-1.701149664,限制 [SEP] 政府对玩具进口加以限制。 [SEP] c_________ [SEP] constraint
3681,cn,-1.23861107,杀虫剂 [SEP] 为除蚊虫，她在窗上喷了杀虫剂。 [SEP] p________ [SEP] pesticide
3682,cn,3.01840062,足球 [SEP] 他爱踢足球。 [SEP] f_______ [SEP] football
3683,cn,-1.735550924,变压器 [SEP] 经调查，火灾源于电压器爆炸。 [SEP] t__________ [SEP] transformer
3684,cn,-0.484216514,乐观 [SEP] 这篇报道对经济增长的未来明显抱持乐观态度。 [SEP] o_______ [SEP] optimism
3685,cn,1.004521492,成功地 [SEP] 医生成功切除了他体内的肿瘤。 [SEP] s___________ [SEP] successfully
3686,cn,-0.984226588,平民 [SEP] 数以万计的平民在战争中丧生。 [SEP] c_______ [SEP] civilian
3687,cn,-1.85327654,微型的 [SEP] 他为女儿的洋娃娃做了一套微型家具。 [SEP] m________ [SEP] miniature
3688,cn,1.417612864,急忙 [SEP] 1)快点！2)接到母亲的电话，他急忙回家。 [SEP] h____ [SEP] hurry
3689,cn,0.086539353,承担 [SEP] 1)公司承担了大桥的建设。2)我们开展了水下的测量工作。 [SEP] u________ [SEP] undertake
3690,cn,0.92331511,投票人 [SEP] 只有已登记的投票人才能投票。 [SEP] v____ [SEP] voter
3691,cn,-1.16826846,后部 [SEP] 一等座在列车的后部。 [SEP] r___ [SEP] rear
3692,cn,0.624152366,记者 [SEP] 记者报道了医疗器械买卖的内幕。 [SEP] j_________ [SEP] journalist
3693,cn,-0.884164155,很棒的 [SEP] “我们赢得了竞标。”“太棒了！” [SEP] t_______ [SEP] terrific
3694,cn,-1.452859898,贸易 [SEP] 协议规定了新的贸易标准。 [SEP] t______ [SEP] trading
3695,cn,1.972819645,古典的 [SEP] 我喜欢古典音乐。 [SEP] c________ [SEP] classical
3696,cn,-2.126872714,公诉人 [SEP] 应公诉人要求，法院从轻判处了这位未成年嫌犯。 [SEP] p_________ [SEP] prosecutor
3697,cn,0.067022062,小麦 [SEP] 面粉大多来自小麦。 [SEP] w____ [SEP] wheat
3698,cn,-0.73030634,发短消息 [SEP] 他俩花很多时间在互相发短消息上。 [SEP] m________ [SEP] messaging
3699,cn,-0.996296297,紫罗兰 [SEP] 她在花园里种下紫罗兰。 [SEP] v_____ [SEP] violet
3700,cn,-0.567797062,相连的 [SEP] 这个案件与十年前的一起凶杀案有关联。 [SEP] l_____ [SEP] linked
3701,cn,0.078509888,过滤器 [SEP] 他把水倒进滤水器。 [SEP] f_____ [SEP] filter
3702,cn,-2.679530523,肾上腺素 [SEP] 压力会使肾上腺素飙高。 [SEP] a_________ [SEP] adrenaline
3703,cn,0.571995197,日光 [SEP] 她在光天化日之下被抢劫了。 [SEP] d_______ [SEP] daylight
3704,cn,0.808981714,痛苦地 [SEP] 由于当地缺少止痛药，他充满痛苦地死去了。 [SEP] p________ [SEP] painfully
3705,cn,0.600089292,科学的 [SEP] 科学研究的发展需要资金支持。 [SEP] s_________ [SEP] scientific
3706,cn,0.014068627,黑客 [SEP] 黑客潜入了公司系统，窃取大量用户数据。 [SEP] h_____ [SEP] hacker
3707,cn,-1.236647823,下降 [SEP] 公司营业额的下降引起高层担忧。 [SEP] d______ [SEP] decline
3708,cn,3.192324862,九 [SEP] 参加面试的有九个人。 [SEP] n___ [SEP] nine
3709,cn,-1.505466601,令人讨厌的 [SEP] 1)房间里有一股难闻的气味。2)这段时间的天气很恶劣。 [SEP] n____ [SEP] nasty
3710,cn,-1.396835481,酸橙 [SEP] 这是酸橙和苹果的混合果汁。 [SEP] l___ [SEP] lime
3711,cn,-2.597170648,相互矛盾的 [SEP] 竞争*相互矛盾的 1)我们的对手推出了一款竞争产品。2)来自家庭和事业的相互矛盾的要求撕扯着她。 [SEP] c________ [SEP] competing
3712,cn,-2.579948436,在地质方面 [SEP] 英国在地质方面与中国非常不同。 [SEP] g___________ [SEP] geologically
3713,cn,0.49386765,电 [SEP] 你能想象没有电的生活吗？ [SEP] e__________ [SEP] electricity
3714,cn,-0.245729472,无条件的 [SEP] 1)人们为日本的无条件投降欢呼。2)我收到了大学的无条件录取通知书。 [SEP] u____________ [SEP] unconditional
3715,cn,-0.970866354,密谋 [SEP] 他们密谋着暗杀总统。 [SEP] p___ [SEP] plot
3716,cn,1.295653154,有趣的 [SEP] 这是一本有趣的科幻小说。 [SEP] i__________ [SEP] interesting
3717,cn,-1.205598446,从地形上说 [SEP] 英国在地形上与中国非常不同。 [SEP] g_____________ [SEP] geographically
3718,cn,-0.962002733,录取 [SEP] 春季是学校的录取办公室最忙碌的时期。 [SEP] a________ [SEP] admission
3719,cn,1.465161145,中途 [SEP] 你不能中途就放弃。 [SEP] h______ [SEP] halfway
3720,cn,-3.450666139,预测 [SEP] 本季度的产值经预计将增长3个百分点。 [SEP] p______ [SEP] project
3721,cn,-1.915113326,监护 [SEP] 法院给了她对孩子的监护权。 [SEP] c______ [SEP] custody
3722,cn,1.222464996,使厌烦 [SEP] 她关于孩子的长篇大论让我感到无聊极了。 [SEP] b___ [SEP] bore
3723,cn,-1.08040766,不可见性 [SEP] 残障人士在公共场所的不可见性反映出相关公共设施的不齐全。 [SEP] i___________ [SEP] invisibility
3724,cn,-0.464720524,运动 [SEP] 1)爱因斯坦的相对论与牛顿的三大运动定律相互补充。2)她慢动作播放了这段镜头。 [SEP] m_____ [SEP] motion
3725,cn,1.950280722,人（集合名词） [SEP] 1)广场上有近百人。2)这是本适合年轻人的书。 [SEP] p_____ [SEP] people
3726,cn,2.630152681,剪发 [SEP] 我需要剪发了。 [SEP] h______ [SEP] haircut
3727,cn,-2.338869345,亲密性 [SEP] 他们之前不复往日的亲密。 [SEP] i_______ [SEP] intimacy
3728,cn,0.588681313,信仰 [SEP] 他们两人有不同的信仰，却走到一起。 [SEP] b_____ [SEP] belief
3729,cn,-3.026636869,镇静的 [SEP] 她在危机面前表现得异常镇静。 [SEP] c_______ [SEP] composed
3730,cn,-0.896646726,企业或机构的总部 [SEP] 这家跨国公司的总部在纽约。 [SEP] h___________ [SEP] headquarters
3731,cn,3.015521716,然而 [SEP] 她等了很久。然而，父亲一直没有来。 [SEP] h______ [SEP] however
3732,cn,-3.544894544,非法售卖的威士忌等烈酒 [SEP] 禁酒令期间，他靠非法售卖烈酒大赚一笔。 [SEP] m________ [SEP] moonshine
3733,cn,1.009474549,偶像 [SEP] 他凭借这张唱片迅速成为流行偶像。 [SEP] i___ [SEP] idol
3734,cn,-0.343043395,不可能的 [SEP] 快午夜了，他不大可能来了。 [SEP] u_______ [SEP] unlikely
3735,cn,1.055993544,热线 [SEP] 考试期间，学校设立了为学生解压的电话热线。 [SEP] h______ [SEP] hotline
3736,cn,-0.871178977,单数形式的 [SEP] “word”是单数形式，它的复数是’words’。 [SEP] s_______ [SEP] singular
3737,cn,2.015911843,爱 [SEP] 她爱她的孩子。 [SEP] l___ [SEP] love
3738,cn,0.911287205,徒步 [SEP] 这次徒步将穿越密林，需要有经验的徒步者。 [SEP] h___ [SEP] hike
3739,cn,-1.413938888,描述 [SEP] 他把家乡描述成一个世外桃源。 [SEP] d_____ [SEP] depict
3740,cn,2.647849896,活着的 [SEP] 他的父亲去年去世了，但母亲还活着。 [SEP] a____ [SEP] alive
3741,cn,-0.325736109,指挥官 [SEP] 指挥官和士兵都被在战争中被俘。 [SEP] c________ [SEP] commander
3742,cn,0.519061965,奖学金 [SEP] 他获得了校级奖学金。 [SEP] s__________ [SEP] scholarship
3743,cn,-1.231581893,冥想 [SEP] 她有睡前冥想的习惯。 [SEP] m_______ [SEP] meditate
3744,cn,-0.895313229,事件 [SEP] 英国脱欧是具有重大历史意义的事件。 [SEP] s___________ [SEP] significance
3745,cn,0.469986632,警察 [SEP] 这儿有小偷，快叫警察！ [SEP] c__ [SEP] cop
3746,cn,1.372244675,边缘 [SEP] 车子就停在悬崖的边缘。 [SEP] e___ [SEP] edge
3747,cn,-0.124820833,摇晃 [SEP] 1)他摇着树，想让果子掉下来。2)地震发生，整栋房子剧烈摇晃起来。 [SEP] s____ [SEP] shake
3748,cn,1.298051461,承认 [SEP] 他们终于承认一些囚犯受到了虐待。 [SEP] a____ [SEP] admit
3749,cn,-3.623519488,复习进修的人 [SEP] 学校为离校很久的从业人员开办了复习进修生课程。 [SEP] r________ [SEP] refresher
3750,cn,-2.114712324,著名的 [SEP] 她是一个著名的英国历史学家。 [SEP] n____ [SEP] noted
3751,cn,-0.051981968,陪审团 [SEP] 陪审团认为男孩犯有杀人罪。 [SEP] j___ [SEP] jury
3752,cn,3.483835544,公园 [SEP] 他们常常饭后去公园散步。 [SEP] p___ [SEP] park
3753,cn,1.294813997,正确地 [SEP] 他正确地回答了所有问题。 [SEP] c________ [SEP] correctly
3754,cn,0.612973832,农业 [SEP] 农业是国家经济的根本。 [SEP] a__________ [SEP] agriculture
3755,cn,-1.40263133,的标准 [SEP] 好医生的标准众说纷纭。 [SEP] c_______ [SEP] criteria
3756,cn,-0.606942388,活着的 [SEP] 我没有活着的亲人了，感觉非常孤独。 [SEP] l_____ [SEP] living
3757,cn,1.177321381,惩罚 [SEP] 他为孩子撒谎惩罚了孩子。 [SEP] p_____ [SEP] punish
3758,cn,-0.765171643,火山 [SEP] 这座火山已近一个世纪没有喷发了。 [SEP] v______ [SEP] volcano
3759,cn,0.332110708,附 [SEP] 1)我将一张照片附上申请表。2)请用数据线把电脑连上打印机。 [SEP] a_____ [SEP] attach
3760,cn,-2.228123319,不记名投票 [SEP] 无记名投票的结果将在一周后公布。 [SEP] b_____ [SEP] ballot
3761,cn,-1.654850318,不宽容的 [SEP] 1)她对一切与她不同的观点都不能容忍。2)我觉得生活在一个不宽容的社会里十分艰难。 [SEP] i_________ [SEP] intolerant
3762,cn,-0.554758314,外交的 [SEP] 1)他带着外交使命而来。2)他给出了一个十分圆滑的回应。 [SEP] d_________ [SEP] diplomatic
3763,cn,-3.26001717,大门 [SEP] 这座教堂有着十分辉煌的大门。 [SEP] p_____ [SEP] portal
3764,cn,-0.48974257,停止的 [SEP] 这个项目已经停止了。 [SEP] s______ [SEP] stopped
3765,cn,0.008351985,可预测的 [SEP] 鉴于长期没有给他加薪，他的离职也是可预料的。 [SEP] p__________ [SEP] predictable
3766,cn,-1.321451136,传播 [SEP] 政府尽全力控制非典的传播。 [SEP] t___________ [SEP] transmission
3767,cn,-1.26029363,手稿 [SEP] 他对照小说的手稿和最终版本，做出许多发现。 [SEP] m_________ [SEP] manuscript
3768,cn,0.852341915,倒 [SEP] 她为我倒了一杯茶。 [SEP] p___ [SEP] pour
3769,cn,0.563823522,烤肉 [SEP] 他们在周日喜欢吃烤肉。 [SEP] r____ [SEP] roast
3770,cn,-0.941311702,哑的 [SEP] 开会期间，她一直坐在角落，保持沉默。 [SEP] m___ [SEP] mute
3771,cn,2.294748227,快地 [SEP] 她很快完成了工作。 [SEP] q______ [SEP] quickly
3772,cn,-1.265035118,没有安全感的状态 [SEP] 她的没有安全感是少年丧父导致的。 [SEP] i_________ [SEP] insecurity
3773,cn,1.93319321,手指 [SEP] 我的小指受伤了。 [SEP] f_____ [SEP] finger
3774,cn,1.79765941,计数 [SEP] 我们需要您做一个白细胞计数检查。 [SEP] c____ [SEP] count
3775,cn,-0.106007568,受人钦佩的 [SEP] 科学家是一个备受钦佩的职业。 [SEP] a______ [SEP] admired
3776,cn,0.969115438,革命 [SEP] 法国革命发生于1789年。 [SEP] r_________ [SEP] revolution
3777,cn,0.008573113,希腊字母表的第一个字母 [SEP] 谷歌围棋机器人采用希腊字母表的第一个字母命名。 [SEP] a____ [SEP] alpha
3778,cn,0.944416067,口音 [SEP] 他的英国口音使他很受欢迎。 [SEP] a_____ [SEP] accent
3779,cn,1.259580919,在…外面 [SEP] 1)他在楼外。2)餐厅外面有些桌椅。 [SEP] o______ [SEP] outside
3780,cn,-2.91894554,损伤 [SEP] 轰鸣环境下的长期工作导致了听力损伤。 [SEP] i_________ [SEP] impairment
3781,cn,1.122896264,电影院 [SEP] 影院这周上映什么？ [SEP] c_____ [SEP] cinema
3782,cn,-0.619632376,字母表 [SEP] 英语字母表中有多少个字母？ [SEP] a_______ [SEP] alphabet
3783,cn,0.284435869,盛宴 [SEP] 他们尽情享受了一顿大餐。 [SEP] f____ [SEP] feast
3784,cn,-0.608767574,便携的 [SEP] 他带上便携式收音机出门了。 [SEP] p_______ [SEP] portable
3785,cn,0.825743794,作者 [SEP] 莫言是《红高粱》的作者。 [SEP] a_____ [SEP] author
3786,cn,0.333125521,被弄瞎的 [SEP] 他被一场车祸夺走视力。 [SEP] b______ [SEP] blinded
3787,cn,-1.882441122,跨界 [SEP] 这张唱片是古典与爵士风格的跨界之作。 [SEP] c________ [SEP] crossover
3788,cn,0.645363749,对准 [SEP] 他们将炸弹对准人流密集的城市。 [SEP] t_____ [SEP] target
3789,cn,1.591875458,快活的 [SEP] 1）她是个快活的小妇人。2）圣诞快乐！ [SEP] m____ [SEP] merry
3790,cn,0.589753329,可选的 [SEP] 语数英三科是学生必修的，音乐和美术则是可选课程。 [SEP] o_______ [SEP] optional
3791,cn,0.332660465,魔鬼 [SEP] 1)魔鬼在画中常有双角和蹄子。2)律师常被称为魔鬼的代言人。 [SEP] d____ [SEP] devil
3792,cn,-1.505822966,理论上说 [SEP] 从理论上说，抗酸类药物对人体的副作用较小，但也存在个体差异的情况。 [SEP] t____________ [SEP] theoretically
3793,cn,1.822988125,墨水 [SEP] 我想要一瓶绿墨水。 [SEP] i__ [SEP] ink
3794,cn,-3.546340346,细察 [SEP] 伪造的名人字画经不起专家的细察。 [SEP] s_______ [SEP] scrutiny
3795,cn,2.40173461,猜 [SEP] 我猜他还没有回家。 [SEP] g____ [SEP] guess
3796,cn,-2.147282215,令人齿冷的 [SEP] 罪犯交代了他令人齿冷的犯罪经过。 [SEP] c_______ [SEP] chilling
3797,cn,1.981876294,点 [SEP] 请连接纸上的三个圆点。 [SEP] d__ [SEP] dot
3798,cn,-0.891756292,立场 [SEP] 经理希望在表达立场前先听听纠纷双方的陈述。 [SEP] s____ [SEP] stand
3799,cn,-0.126066577,奶昔 [SEP] 把牛奶、水果和冰淇凌混合，就得到了一杯奶昔。 [SEP] m________ [SEP] milkshake
3800,cn,0.58073741,报复 [SEP] 自从父亲被骗后，他就暗自计划着复仇。 [SEP] r______ [SEP] revenge
3801,cn,-1.31985095,主动性 [SEP] 他因勤奋工作与积极主动受到嘉奖。 [SEP] i_________ [SEP] initiative
3802,cn,0.319404099,打算 [SEP] 他们打算买下这座房子。 [SEP] i_____ [SEP] intend
3803,cn,-1.026211615,植入 [SEP] 他们在他的血管中植入一个支架，以防止血栓。 [SEP] i______ [SEP] implant
3804,cn,-1.751474226,洒 [SEP] 她在蛋糕表面洒了些糖霜。 [SEP] s_______ [SEP] sprinkle
3805,cn,1.934787755,可怕的 [SEP] 1)这个菜很糟糕。2)我度过了可怕的一天。 [SEP] h_______ [SEP] horrible
3806,cn,-0.375444623,亿万富翁 [SEP] 女演员最终嫁给了一位亿万富豪。 [SEP] b__________ [SEP] billionaire
3807,cn,3.221245287,数学 [SEP] 他喜欢学数学。 [SEP] m___ [SEP] math
3808,cn,-0.008097957,预期的 [SEP] 她的预期薪水是6000元。 [SEP] e_______ [SEP] expected
3809,cn,-0.549362486,困惑的 [SEP] 看到这个意外的结果后，她看起来很迷惑。 [SEP] p______ [SEP] puzzled
3810,cn,1.266586047,大象 [SEP] 许多大象因被拔去牙齿而痛苦地死去。 [SEP] e_______ [SEP] elephant
3811,cn,-3.811327566,小盒 [SEP] 进入放映厅前，我买了一小盒爆米花。 [SEP] t__ [SEP] tub
3812,cn,1.6115018,话题 [SEP] 关于这个话题已经有许多讨论了。 [SEP] t____ [SEP] topic
3813,cn,-1.856754555,辅导 [SEP] 新手需要许多额外的辅导。 [SEP] c_______ [SEP] coaching
3814,cn,-1.661210926,继续 [SEP] 1)我匆匆吃了点午饭，就重新开始了工作。2)我们将在茶歇后继续之前的讨论。 [SEP] r_____ [SEP] resume
3815,cn,1.148237453,商人 [SEP] 他是一个精明的商人。 [SEP] b__________ [SEP] businessman
3816,cn,1.524016419,建议 [SEP] 我建议你休假一周，整理一下思路。 [SEP] s______ [SEP] suggest
3817,cn,0.686290205,未经报道的 [SEP] 这位官员的调动没有被报道。 [SEP] u_________ [SEP] unreported
3818,cn,-1.520504092,微弱的 [SEP] 1)她听见一声微弱的呼喊。2)我闻见一股隐约的烧焦味。 [SEP] f____ [SEP] faint
3819,cn,0.176572045,提供 [SEP] 1)这家酒馆不供应午餐。2)我们将为每位旅客提供免费饮料。 [SEP] s____ [SEP] serve
3820,cn,1.832400868,收获 [SEP] 没有付出就没有收获。 [SEP] g___ [SEP] gain
3821,cn,1.459258812,原来的 [SEP] 这座房子原来的主人是一对印度老夫妇。 [SEP] o_______ [SEP] original
3822,cn,2.793631051,木头 [SEP] 这扇门是木制的。 [SEP] w___ [SEP] wood
3823,cn,0.706149331,等等 [SEP] 学生们将学习游泳，潜水，跳水，等等。 [SEP] e__ [SEP] etc
3824,cn,-0.493980662,经过的 [SEP] 经过的火车把她的裙子吹了起来。 [SEP] p______ [SEP] passing
3825,cn,-1.739303417,悲伤 [SEP] 他无法掩饰自己失去妻子的悲伤。 [SEP] g____ [SEP] grief
3826,cn,-0.911499952,决赛选手 [SEP] 有三位决赛选手都来自中国。 [SEP] f_______ [SEP] finalist
3827,cn,2.6283532,诚实的 [SEP] 他是一个诚实的小伙子。 [SEP] h_____ [SEP] honest
3828,cn,-0.861177163,特点 [SEP] 嫉妒心强是她不讨人喜欢的特点之一。 [SEP] t____ [SEP] trait
3829,cn,0.596137138,数字 [SEP] 你能看清显示屏上的数字吗？是3还是8？ [SEP] f_____ [SEP] figure
3830,cn,1.226930208,禁止 [SEP] 北京禁止在所有公共场所吸烟。 [SEP] b__ [SEP] ban
3831,cn,-0.119195202,疯狂的 [SEP] “你要辞去工作去非洲？你真是疯了！” [SEP] i_____ [SEP] insane
3832,cn,1.795673256,团队协作 [SEP] 这份工作要求很强的团队协作能力。 [SEP] t_______ [SEP] teamwork
3833,cn,4.086284723,保持…的状态 [SEP] 保持冷静，我马上就回家。 [SEP] k___ [SEP] keep
3834,cn,0.666313974,堆 [SEP] 我的桌上有一堆文件。 [SEP] p___ [SEP] pile
3835,cn,1.74373113,比率 [SEP] 发达国家的出生率普遍有所降低。 [SEP] r___ [SEP] rate
3836,cn,-0.973334267,伦理的 [SEP] 身为医生，对病人推销高价药品是不道德的。 [SEP] e______ [SEP] ethical
3837,cn,-1.008248236,药房 [SEP] 他从药房里取了盘尼西林。 [SEP] p_______ [SEP] pharmacy
3838,cn,2.239631563,刷子 [SEP] 她用刷子清洁浴缸。 [SEP] b____ [SEP] brush
3839,cn,0.539606545,精确 [SEP] 我们要对成本作精确的计算。 [SEP] a_______ [SEP] accurate
3840,cn,2.658950565,面包 [SEP] 朱莉娅刚烤好一个全麦面包。 [SEP] b____ [SEP] bread
3841,cn,-0.965231837,议会 [SEP] 保守党占据了议会的多数席位。 [SEP] p_________ [SEP] parliament
3842,cn,0.271344312,倒影 [SEP] 他看着水中自己的倒影。 [SEP] r_________ [SEP] reflection
3843,cn,-0.806693283,不顾 [SEP] 1)尽管遭遇了种种阻挠，但我们决定不管不顾地继续。2)他最终不顾我的建议还是离职了。 [SEP] r_________ [SEP] regardless
3844,cn,2.837742391,得胜者 [SEP] 谁会是今年布克奖的获胜者？ [SEP] w_____ [SEP] winner
3845,cn,-2.642440317,合作 [SEP] 这套教材的问世得益于我们和一线教师的合作。 [SEP] c____________ [SEP] collaboration
3846,cn,-2.793805955,牧师（不以t结尾） [SEP] 牧师向教众宣讲基督关于谦逊的启示。 [SEP] p_____ [SEP] pastor
3847,cn,-0.590069451,高速旋转 [SEP] 抽奖转盘的飞转令我头晕。 [SEP] s___ [SEP] spin
3848,cn,3.218342125,带来 [SEP] 妈妈来学校看我，给我带来家乡特产。 [SEP] b____ [SEP] bring
3849,cn,0.400098155,奖金 [SEP] 老板正在给职员分发圣诞奖金。 [SEP] b____ [SEP] bonus
3850,cn,-0.433169854,储藏 [SEP] 厂房也配有相应的储藏设施。 [SEP] s______ [SEP] storage
3851,cn,-2.546761281,引起轰动地 [SEP] 政府的这一决策轰动性地遭遇失败。 [SEP] s____________ [SEP] sensationally
3852,cn,1.830403222,遵守 [SEP] 行人和司机都必须遵守交通规则。 [SEP] o___ [SEP] obey
3853,cn,2.73805392,好运的 [SEP] 能找到这份工作，我感到十分幸运。 [SEP] l____ [SEP] lucky
3854,cn,-1.18127176,天主教的 [SEP] 这是一座天主教教堂。 [SEP] c_______ [SEP] catholic
3855,cn,1.952272342,宽的 [SEP] 这条河很宽。 [SEP] w___ [SEP] wide
3856,cn,1.969278674,盲的 [SEP] 他资助了一个盲女孩。 [SEP] b____ [SEP] blind
3857,cn,-1.789992953,爱交际的 [SEP] 我希望能更合群一些。 [SEP] s_______ [SEP] sociable
3858,cn,-0.127901964,重放 [SEP] 电脑自动重放了刚才的视频。 [SEP] r_____ [SEP] replay
3859,cn,-0.270624717,不断变化的 [SEP] 在这个不断变化的世界上，亲人是我唯一的依靠。 [SEP] c_______ [SEP] changing
3860,cn,2.366699087,派 [SEP] 他们做了一个苹果派。 [SEP] p__ [SEP] pie
3861,cn,1.537620283,赌注 [SEP] 他喜欢打赌，但从没赢过。 [SEP] b__ [SEP] bet
3862,cn,1.607722679,每日地 [SEP] 请每天三次服用这种药物。 [SEP] d____ [SEP] daily
3863,cn,-0.03935696,化学制品 [SEP] 应当减少种植业中化学物品的使用。 [SEP] c_______ [SEP] chemical
3864,cn,0.472750651,生成 [SEP] 摩擦可以生热。 [SEP] g_______ [SEP] generate
3865,cn,2.045023064,领导地位 [SEP] 在这次调查中，该党的支持率居于领先。 [SEP] l___ [SEP] lead
3866,cn,-2.739409175,星座图 [SEP] 女孩们闲聊时常讨论星座。 [SEP] h________ [SEP] horoscope
3867,cn,0.411040053,释放 [SEP] 她的释放受到了媒体关注。 [SEP] r______ [SEP] release
3868,cn,-0.768004307,[正式用法]停止 [SEP] 我走进教室时，学生们的交谈停止了。 [SEP] c____ [SEP] cease
3869,cn,-0.551210885,不复杂的 [SEP] 这个定理的证明其实并不复杂。 [SEP] u____________ [SEP] uncomplicated
3870,cn,-0.75626699,顾问 [SEP] 公司为这场官司聘请了法律顾问。 [SEP] c_________ [SEP] consultant
3871,cn,-0.545438884,明显的 [SEP] 这封信明显是个孩子的笔迹。 [SEP] a_______ [SEP] apparent
3872,cn,2.806037336,下雨 [SEP] 外面在下雨。 [SEP] r___ [SEP] rain
3873,cn,1.002873928,水煮的 [SEP] 他喜欢吃水煮蛋。 [SEP] b_____ [SEP] boiled
3874,cn,-1.50846756,写字板 [SEP] 一个手里拿着带夹写字板的人拦下了我们，问了我们几个问题。 [SEP] c________ [SEP] clipboard
3875,cn,1.704038433,事实 [SEP] 水会结冰是个事实。 [SEP] f___ [SEP] fact
3876,cn,-2.568070399,神经病学的 [SEP] 他关注神经病学的发展。 [SEP] n___________ [SEP] neurological
3877,cn,2.063138317,像 [SEP] 她看起来像姐姐。 [SEP] l___ [SEP] like
3878,cn,-1.547290917,杂技演员 [SEP] 杂技演员表演了后空翻。 [SEP] a______ [SEP] acrobat
3879,cn,-0.642385664,大理石 [SEP] 这座纪念碑是由大理石做成的。 [SEP] m_____ [SEP] marble
3880,cn,-0.468314119,后果 [SEP] 1)他焦急的等待投票的结果。2)你必须接受所有可能的后果。 [SEP] o______ [SEP] outcome
3881,cn,-1.40741385,促进 [SEP] 这个网站旨在促进多方交流。 [SEP] f_________ [SEP] facilitate
3882,cn,1.623828695,打猎 [SEP] 他们猎到了一头鹿。 [SEP] h___ [SEP] hunt
3883,cn,-1.483968065,由…而获得 [SEP] 1)他认为诗歌源于劳工号子。2)这家机构靠捐赠获得收入。 [SEP] d_____ [SEP] derive
3884,cn,-0.590708277,病房 [SEP] 病房里除了我父亲还有另一位病人。 [SEP] w___ [SEP] ward
3885,cn,1.812699404,目标 [SEP] 我的目标是出国留学。 [SEP] g___ [SEP] goal
3886,cn,-2.982089575,质疑 [SEP] 1)有人质疑报告的真实性。2)证人的不实证词遭到了律师的质疑。 [SEP] c________ [SEP] challenge
3887,cn,0.666165935,不活跃的 [SEP] 一些动物在冬季并不活跃。 [SEP] i_______ [SEP] inactive
3888,cn,1.313668906,根据 [SEP] 根据这项报告，乳腺癌的发病率近年一路攀升。 [SEP] a________ [SEP] according
3889,cn,-0.400511511,统计数据（本词为复数形式） [SEP] 统计数据显示中国正快速进入老龄化社会。 [SEP] s_________ [SEP] statistics
3890,cn,1.275910409,有能力 [SEP] 她是位很有能力的律师。 [SEP] a___ [SEP] able
3891,cn,-0.841687711,宽容 [SEP] 希望社会能对人们的不同生活方式有更多宽容。 [SEP] t________ [SEP] tolerance
3892,cn,-0.631648439,担心的 [SEP] 一提起父亲的病情，他立刻显得忧心忡忡。 [SEP] c________ [SEP] concerned
3893,cn,-3.014826649,用木板制成的事实或状态 [SEP] 这种地板的板材构造不太理想。 [SEP] b_______ [SEP] boarding
3894,cn,-0.369913912,电视观众 [SEP] 新的朗读栏目吸引了数以百万的电视观众。 [SEP] v_____ [SEP] viewer
3895,cn,2.590986297,自己 [SEP] 我想了解我的内在自我。 [SEP] s___ [SEP] self
3896,cn,0.623733385,完成 [SEP] 我无法完成这项任务。 [SEP] c_______ [SEP] complete
3897,cn,0.411930355,工会 [SEP] 工会组织了一场铁路工人罢工。 [SEP] u____ [SEP] union
3898,cn,-0.084894379,无情的 [SEP] 他以最无情的方式离开了她。 [SEP] h________ [SEP] heartless
3899,cn,0.32176786,话务员 [SEP] 话务员帮他把电话转接到市长办公室。 [SEP] o_______ [SEP] operator
3900,cn,-1.899185727,揭露 [SEP] 这位导演对行业内情的揭露引起轩然大波。 [SEP] d_________ [SEP] disclosure
3901,cn,1.227793428,来源 [SEP] 1)他拒绝给出消息的来源。2)钙质的最佳来源是奶制品。 [SEP] s_____ [SEP] source
3902,cn,-0.166041519,民主 [SEP] 人们向往民主和自由。 [SEP] d________ [SEP] democracy
3903,cn,-1.306073898,明确的 [SEP] 警方对他们发出了明确的警告。 [SEP] e_______ [SEP] explicit
3904,cn,-0.622952189,闪电 [SEP] 闪电往往伴随着雷鸣。 [SEP] l________ [SEP] lightning
3905,cn,-1.458738428,专栏作家 [SEP] 他是《卫报》书评增刊的的专栏作家。 [SEP] c________ [SEP] columnist
3906,cn,2.340234764,山 [SEP] 他望着远方的小山。 [SEP] h___ [SEP] hill
3907,cn,-3.462411381,竖起 [SEP] 1)小狗支起耳朵，专心地听着。2)他把头挺起来，觉得更有自信了。 [SEP] c___ [SEP] cock
3908,cn,-1.625767685,逐步的 [SEP] 病情正在逐步恶化。 [SEP] p____________ [SEP] progressively
3909,cn,-1.413871734,圆形的 [SEP] 他爱怜地看着怀孕的妻子滚圆的腹部。 [SEP] r______ [SEP] rounded
3910,cn,-0.671093391,旅游手册 [SEP] 他买了一本都柏林旅游手册。 [SEP] g________ [SEP] guidebook
3911,cn,2.26739633,面试 [SEP] 我在面试后立刻收到了录用通知。 [SEP] i________ [SEP] interview
3912,cn,0.130039549,暴力 [SEP] 她和孩子都是家庭暴力的受害者。 [SEP] v_______ [SEP] violence
3913,cn,0.158839832,饼干 [SEP] 我烤了一些小饼干。 [SEP] b______ [SEP] biscuit
3914,cn,1.60748167,德国人 [SEP] 德国人普遍尊重规则。 [SEP] g_____ [SEP] german
3915,cn,0.24895843,销售 [SEP] 警方打击枪支的非法销售。 [SEP] s___ [SEP] sale
3916,cn,0.501396848,评论 [SEP] 恐怕在更多证据出现之前我无法评论。 [SEP] c______ [SEP] comment
3917,cn,-2.022782519,压缩机 [SEP] 空气压缩机是很多气动系统的核心设备。 [SEP] c_________ [SEP] compressor
3918,cn,-0.259422609,荫 [SEP] 他坐在树荫下读书。 [SEP] s____ [SEP] shade
3919,cn,0.248948057,整洁的 [SEP] 她有一张整洁的办公桌。 [SEP] n___ [SEP] neat
3920,cn,-0.018732526,奢华的 [SEP] 他们租下一辆豪华轿车。 [SEP] l_____ [SEP] luxury
3921,cn,-3.363291993,迷失方向 [SEP] 大雾导致车迷失方向。 [SEP] d_____________ [SEP] disorientation
3922,cn,-0.678940162,可获得的 [SEP] 菜谱所需的原料在各大超市都能找到。 [SEP] a________ [SEP] available
3923,cn,-0.264613473,无论如何 [SEP] 没人认为这家公司会倒闭，但这件事无论如何还是发生了。 [SEP] a_____ [SEP] anyway
3924,cn,4.066089727,树 [SEP] 我家门前有一棵大树。 [SEP] t___ [SEP] tree
3925,cn,2.975393772,年 [SEP] 1)明天就是新年了。2)我一年前搬到这里。 [SEP] y___ [SEP] year
3926,cn,1.550571587,争论 [SEP] 不要跟我争论，你知道我是对的。 [SEP] a____ [SEP] argue
3927,cn,2.516447682,应该 [SEP] 你应该尽快报警。 [SEP] s_____ [SEP] should
3928,cn,-1.569952807,帽子 [SEP] 外套上的帽子可以拆洗。 [SEP] h___ [SEP] hood
3929,cn,-2.201298293,较小程度的 [SEP] 健康与美貌之间，他认为美貌的重要程度较低。 [SEP] l_____ [SEP] lesser
3930,cn,0.177575282,拍摄照片 [SEP] 她给雪中的故宫拍摄照片。 [SEP] p_________ [SEP] photograph
3931,cn,2.607415397,转身 [SEP] 听见我从背后喊他，他转身过来向我招手。 [SEP] t___ [SEP] turn
3932,cn,0.962113941,自行车 [SEP] 她刚买了一辆自行车。 [SEP] b______ [SEP] bicycle
3933,cn,-3.598895719,尖锐的 [SEP] 1)她用惯有的那种洞悉一切的眼神看着我。2)他向演讲人提了一个尖锐的问题。 [SEP] p__________ [SEP] penetrating
3934,cn,-1.184902561,环境保护主义者 [SEP] 这些环境保护主义者主张推进环境立法。 [SEP] e_______________ [SEP] environmentalist
3935,cn,-0.297426043,使终止 [SEP] 他们决定终止对该国的援助。 [SEP] t________ [SEP] terminate
3936,cn,-1.382213191,碰撞 [SEP] 两辆车的相撞导致两人死亡，一人受伤。 [SEP] c________ [SEP] collision
3937,cn,-0.738290678,口译员 [SEP] 口译员将法方代表的发言当场译成中文。 [SEP] i__________ [SEP] interpreter
3938,cn,2.076496186,放 [SEP] 1)我把鸡蛋放进筐里。2)你把遥控器放哪了？ [SEP] p__ [SEP] put
3939,cn,-2.562037587,滑板滑雪者 [SEP] 她的妹妹是一位参加过冬奥会的单板滑雪运动员。 [SEP] s__________ [SEP] snowboarder
3940,cn,-0.841074823,免疫力 [SEP] 身体这类病毒产生了免疫力。 [SEP] i_______ [SEP] immunity
3941,cn,-0.078019128,打扰 [SEP] 1)希望不要打扰到您的工作。2)不要打扰他——他睡着了。 [SEP] d______ [SEP] disturb
3942,cn,3.14301797,好地 [SEP] 1)他在考试中表现很好。2)他英语说得好。 [SEP] w___ [SEP] well
3943,cn,-0.874174722,挫败 [SEP] 屡屡失业让他有种深深的挫败感。 [SEP] f__________ [SEP] frustration
3944,cn,3.310712028,东边 [SEP] 太阳从东边升起。 [SEP] e___ [SEP] east
3945,cn,-1.698547131,垃圾邮件 [SEP] 她每天收到大量垃圾邮件。 [SEP] s___ [SEP] spam
3946,cn,1.828289957,脚趾 [SEP] 抱歉，你踩到我的脚趾了。 [SEP] t__ [SEP] toe
3947,cn,1.369057056,品牌 [SEP] “张裕”是有名的葡萄酒品牌。 [SEP] b____ [SEP] brand
3948,cn,1.496406403,向前 [SEP] 他勇敢地向前迈了一步。 [SEP] f______ [SEP] forward
3949,cn,2.517160165,找到 [SEP] 她终于找到了女儿。 [SEP] f___ [SEP] find
3950,cn,-1.537305423,裁决 [SEP] 陪审团作出了有罪的裁决。 [SEP] v______ [SEP] verdict
3951,cn,-0.805644042,评估 [SEP] 我们需要专门人员负责风险评估。 [SEP] a_________ [SEP] assessment
3952,cn,-0.822690493,走神的 [SEP] 她的父亲病了——怪不得她刚在会议上显得出神/心不在焉。 [SEP] d_________ [SEP] distracted
3953,cn,1.691192029,碗 [SEP] 我在碗里盛满了米饭。 [SEP] b___ [SEP] bowl
3954,cn,-1.695162226,复制 [SEP] 对实验结果的复制很成功。 [SEP] r__________ [SEP] replication
3955,cn,0.514414187,慢跑 [SEP] 慢跑对身体有益。 [SEP] j______ [SEP] jogging
3956,cn,3.175596282,改变 [SEP] 我对你的爱不会变。 [SEP] c_____ [SEP] change
3957,cn,3.641475064,需要 [SEP] 你需要这本书吗？ [SEP] n___ [SEP] need
3958,cn,-1.30271324,公司的 [SEP] 我们旨在宣扬积极进取的公司文化。 [SEP] c________ [SEP] corporate
3959,cn,-3.810149523,通用的 [SEP] 1)这一系列产品有一个普遍的毛病：容易发热。2)“小球”是对乒乓球、羽毛球等一系列运动的总称。 [SEP] g______ [SEP] generic
3960,cn,-2.275059728,人道主义的 [SEP] 公司坚持人本主义原则，关心每位员工的身心健康。 [SEP] h_________ [SEP] humanistic
3961,cn,0.940836249,撤回 [SEP] 1)听了他的话，我撤回了这笔投资。2)一位选手退出了比赛。 [SEP] w_______ [SEP] withdraw
3962,cn,1.950582382,过去 [SEP] 我的母亲总是活在过去。 [SEP] p___ [SEP] past
3963,cn,2.536829324,标出 [SEP] 我把需要改正的句子用星号标出了。 [SEP] m___ [SEP] mark
3964,cn,-3.167949762,国家主义的 [SEP] 爱尔兰历史上有过多次民族主义运动。 [SEP] n__________ [SEP] nationalist
3965,cn,-0.00508923,园艺 [SEP] 我喜欢园艺，常常种花种草。 [SEP] g________ [SEP] gardening
3966,cn,0.3704996,宽恕 [SEP] 她向受害者的父母请求宽恕。 [SEP] f__________ [SEP] forgiveness
3967,cn,0.087725462,不专业的 [SEP] 他的渎职行为十分不符合职业道德，是不可容忍的。 [SEP] u_____________ [SEP] unprofessional
3968,cn,0.981719437,游览 [SEP] 1)她参加了一次都柏林的步行游览。2)导游让我们五点回到这里集合。 [SEP] t___ [SEP] tour
3969,cn,-2.576010361,抓握 [SEP] 她用力的抓握让我的胳膊生疼。 [SEP] g___ [SEP] grip
3970,cn,-0.309082335,保镖 [SEP] 总统出行总是随身带着保镖。 [SEP] b________ [SEP] bodyguard
3971,cn,-2.041670958,后果 [SEP] 她怕的不是这件事本身，而是它绵延的后果。 [SEP] a________ [SEP] aftermath
3972,cn,2.445752885,血 [SEP] 他经常献血。 [SEP] b____ [SEP] blood
3973,cn,0.682995714,囚犯 [SEP] 这位囚犯因为表现良好被保释了。 [SEP] p_______ [SEP] prisoner
3974,cn,3.75190282,两个 [SEP] 我有两个孩子。 [SEP] t__ [SEP] two
3975,cn,1.831424649,接受 [SEP] 他接受了这支钢笔作为礼物。 [SEP] a_____ [SEP] accept
3976,cn,-0.130619967,狂野地 [SEP] 1)我狂向你招手，但你就是没看见我！2)他疯狂地向人群射击。 [SEP] w_____ [SEP] wildly
3977,cn,-1.609725287,分析的 [SEP] 他的分析技巧过人。 [SEP] a_________ [SEP] analytical
3978,cn,-2.64919883,不可或缺的 [SEP] 顾客满意度调查是我们的服务中不可或缺的一部分。 [SEP] i_______ [SEP] integral
3979,cn,0.00897758,模式 [SEP] 两组学生表现出了不同的行为模式。 [SEP] p______ [SEP] pattern
3980,cn,-0.123691558,教官 [SEP] 一位教练将教您如何使用浮潜设备。 [SEP] i_________ [SEP] instructor
3981,cn,-0.34109877,薄荷 [SEP] 他在水中放入几片薄荷叶。 [SEP] m___ [SEP] mint
3982,cn,0.190693897,语气 [SEP] 她从他的语气里听出了责备。 [SEP] t___ [SEP] tone
3983,cn,-1.445617033,深深着迷的 [SEP] 他们都对电影深深着迷。 [SEP] f_________ [SEP] fascinated
3984,cn,3.106429025,享受 [SEP] 1)我喜欢看话剧。2)让我们享受生活的乐趣。 [SEP] e____ [SEP] enjoy
3985,cn,-0.772793226,至高的 [SEP] 最高法庭对本案作出了最终裁决。 [SEP] s______ [SEP] supreme
3986,cn,-0.890149721,荒唐地 [SEP] 要耍她真是简单得要命！ [SEP] r___________ [SEP] ridiculously
3987,cn,1.522463093,蜘蛛 [SEP] 她在卧室发现一只蜘蛛。 [SEP] s_____ [SEP] spider
3988,cn,3.460037298,下一个 [SEP] 谁会是下一个获奖者？ [SEP] n___ [SEP] next
3989,cn,-4.768935121,废止 [SEP] 这类商品出口禁令的移除将进一步刺激出口。 [SEP] l______ [SEP] lifting
3990,cn,1.558432806,明信片 [SEP] 他从海南寄来一张明信片。 [SEP] p_______ [SEP] postcard
3991,cn,0.518602966,罐子 [SEP] 他们欣赏着博物馆里的陶罐。 [SEP] j__ [SEP] jar
3992,cn,-2.479442479,未加监管的 [SEP] 几年前，比特币交易仍然是不受监管的。 [SEP] u__________ [SEP] unregulated
3993,cn,-0.390845001,巧合 [SEP] 他辩解说两人的同时出现只是巧合。 [SEP] c__________ [SEP] coincidence
3994,cn,2.611283918,中午 [SEP] 我周日通常睡到中午才起。 [SEP] n___ [SEP] noon
3995,cn,0.826776916,省 [SEP] 中国人口最多的省是哪个？ [SEP] p_______ [SEP] province
3996,cn,-2.481761795,立法的 [SEP] 在美国，立法的权力属于国会。 [SEP] l__________ [SEP] legislative
3997,cn,0.237317256,后果 [SEP] 你这么做是要考虑后果的。 [SEP] c__________ [SEP] consequence
3998,cn,0.575078139,给…加上画框 [SEP] 我把这张照片框在相框里。 [SEP] f____ [SEP] frame
3999,cn,-1.111602546,准许 [SEP] 你竟然要退学？你父母准许你这样做吗？ [SEP] a______ [SEP] approve
4000,cn,2.554544274,在…上 [SEP] 1)她坐在草地上。2)桌上有个杯子。 [SEP] o_ [SEP] on
4001,cn,-1.173466659,茶点 [SEP] 会费20英镑，包含三明治午餐和会间茶点。 [SEP] r__________ [SEP] refreshment
4002,cn,0.160711321,声音的 [SEP] 他用电脑压缩了几个音频文件。 [SEP] a____ [SEP] audio
4003,cn,-0.853776362,斜面 [SEP] 上了这个陡坡，再向右转，就是我家。 [SEP] s____ [SEP] slope
4004,cn,-2.065045666,狂热分子 [SEP] 他是一个宗教狂热分子。 [SEP] f______ [SEP] fanatic
4005,cn,2.3637723,下午 [SEP] 她晒着太阳度过了一个悠闲的下午。 [SEP] a________ [SEP] afternoon
4006,cn,-1.244957304,鼓掌 [SEP] 演出后观众热烈鼓掌。 [SEP] a______ [SEP] applaud
4007,cn,2.421260729,递 [SEP] 请递给我一把锤子。 [SEP] h___ [SEP] hand
4008,cn,-1.255453266,可编程的 [SEP] 他们正在研发一种可编程的机器人，用户可通过编程使其完成各类任务。 [SEP] p___________ [SEP] programmable
4009,cn,1.176817047,铃铛 [SEP] 铃声一响，学生纷纷走出教室。 [SEP] b___ [SEP] bell
4010,cn,-2.483371815,外科手术的 [SEP] 如果服药治疗不能缩小肿瘤，就只能采取手术治疗了。 [SEP] s_______ [SEP] surgical
4011,cn,-0.285392846,议定的 [SEP] 她的前夫没能汇给她议定的抚养费。 [SEP] a_____ [SEP] agreed
4012,cn,-1.39480825,选角 [SEP] 这部剧的选角过程将在年底结束。 [SEP] c______ [SEP] casting
4013,cn,-3.342060384,神秘主义的 [SEP] 神秘主义者相信不同色块的排列蕴含神秘的力量。 [SEP] m_______ [SEP] mystical
4014,cn,2.091842488,打败 [SEP] 决赛中英国队打败了法国队。 [SEP] b___ [SEP] beat
4015,cn,-0.386010545,体育场 [SEP] 他们去体育场参加鲍勃·狄伦的演唱会， [SEP] s______ [SEP] stadium
4016,cn,-1.467587628,漫步 [SEP] 他们饭后在海边漫步。 [SEP] s_____ [SEP] stroll
4017,cn,0.36595369,当然 [SEP] “你周日会来吗？”“当然。” [SEP] c________ [SEP] certainly
4018,cn,2.317401263,保护 [SEP] 他保护女儿不受伤害。 [SEP] p______ [SEP] protect
4019,cn,1.270248718,爱开玩笑的人 [SEP] 他是个爱开玩笑的人，总让身边人捧腹大笑。 [SEP] j____ [SEP] joker
4020,cn,2.613039815,铅笔 [SEP] 孩子用铅笔在纸上画画。 [SEP] p_____ [SEP] pencil
4021,cn,1.839056184,千 [SEP] 风暴让数千人无家可归。 [SEP] t_______ [SEP] thousand
4022,cn,0.564411602,形状 [SEP] 孩子把纸剪成圆形。 [SEP] s____ [SEP] shape
4023,cn,1.163962664,蔬菜 [SEP] 他晚餐只吃些蔬菜。 [SEP] v________ [SEP] vegetable
4024,cn,-0.278593115,谚语 [SEP] 中国有一句谚语：“路遥知马力”。 [SEP] s_____ [SEP] saying
4025,cn,-0.262035875,美味地 [SEP] 这家店里有一种美味多汁的牛排。 [SEP] d__________ [SEP] deliciously
4026,cn,0.114996158,术语 [SEP] 他用医学术语对病情的解释让我们云里雾里。 [SEP] t___ [SEP] term
4027,cn,-1.528975672,整合 [SEP] 1)公司开始了对销售部门和广告部门的整合。2)他在新班级的融入花了很长时间。 [SEP] i__________ [SEP] integration
4028,cn,-2.600691928,使人入迷的 [SEP] 这部小说有着引人入胜的情节。 [SEP] i_________ [SEP] intriguing
4029,cn,0.037533926,模仿 [SEP] 孩子们往往模仿家长的行为。 [SEP] i______ [SEP] imitate
4030,cn,0.408190027,突然消失 [SEP] 1)案发后她就神秘消失了。2)我一转身，他就不见了。 [SEP] v_____ [SEP] vanish
4031,cn,0.060549599,话语权 [SEP] 中国终于在这类决策上有了话语权。 [SEP] s__ [SEP] say
4032,cn,0.802836086,橄榄 [SEP] 她在沙拉里放了几颗橄榄。 [SEP] o____ [SEP] olive
4033,cn,-0.934919964,联结 [SEP] 这份合约加深了两国之间的联结。 [SEP] b___ [SEP] bond
4034,cn,2.25930591,效果 [SEP] 医生观察这种药物在患者身上的效果。 [SEP] e_____ [SEP] effect
4035,cn,-0.507783656,放置 [SEP] 1)他把手放在她的腰上，这让她很不自在。2)他在游戏中把医院放在了银行旁边。 [SEP] p____ [SEP] place
4036,cn,-0.084547202,假期 [SEP] 校医院在寒假不开放。 [SEP] v_______ [SEP] vacation
4037,cn,0.631941203,指纹印 [SEP] 警察根据犯罪现场的指印确定了凶手。 [SEP] f__________ [SEP] fingerprint
4038,cn,-1.018275213,战斗 [SEP] 1)他在战斗中牺牲。2)双方的交战持续了三个小时。 [SEP] c_____ [SEP] combat
4039,cn,-2.418078764,把（人或事）视为不重要而不再考虑 [SEP] 1)他打消了建立分公司的念头。2)你需要驱除心中的恐惧。 [SEP] d______ [SEP] dismiss
4040,cn,-2.644627816,性情 [SEP] 他的性情很温和。 [SEP] d__________ [SEP] disposition
4041,cn,0.560198293,价值 [SEP] 火灾造成了价值数十万元的损失。 [SEP] w____ [SEP] worth
4042,cn,2.133133693,检查 [SEP] 她对单词的拼写一一进行了检查。 [SEP] c____ [SEP] check
4043,cn,-0.898232051,让人心碎的 [SEP] 工党败选是个令人心碎的消息。 [SEP] h____________ [SEP] heartbreaking
4044,cn,-1.030937431,社会学 [SEP] 他在大学学习社会学。 [SEP] s________ [SEP] sociology
4045,cn,-1.717023384,不相容的 [SEP] 这类硬盘格式与苹果电脑不兼容。 [SEP] i___________ [SEP] incompatible
4046,cn,0.418607666,预言 [SEP] 媒体预言他将赢得选举。 [SEP] p______ [SEP] predict
4047,cn,-1.356984722,成就 [SEP] 她在漫长的职业生涯中成就颇丰。 [SEP] a_____________ [SEP] accomplishment
4048,cn,0.323059286,失败了的 [SEP] 这是一次失败的尝试。 [SEP] f_____ [SEP] failed
4049,cn,0.438752582,羽毛 [SEP] 小鸟还没有长出羽毛。 [SEP] f______ [SEP] feather
4050,cn,-0.748939429,献出的 [SEP] 这些献出的血液将经过检查和消毒。 [SEP] d______ [SEP] donated
4051,cn,-0.205742121,双性恋的 [SEP] 她发现自己具有双性恋特质：可以同时被男性和女性吸引。 [SEP] b_______ [SEP] bisexual
4052,cn,3.59969457,切 [SEP] 现在你可以切蛋糕了。 [SEP] c__ [SEP] cut
4053,cn,2.341816428,考试 [SEP] 考试中不许作弊。 [SEP] e___ [SEP] exam
4054,cn,1.283128654,庆祝 [SEP] 一群朋友专程前来为她庆祝生日。 [SEP] c________ [SEP] celebrate
4055,cn,-1.97040044,女性主义者 [SEP] 她的丈夫是一位女性主义者，支持男女平等。 [SEP] f_______ [SEP] feminist
4056,cn,1.056880127,阻止 [SEP] 她想阻止儿子咬手指。 [SEP] p______ [SEP] prevent
4057,cn,0.119848771,增强 [SEP] 俯卧撑能增强上身的力量。 [SEP] s_________ [SEP] strengthen
4058,cn,-1.767207211,挥动的动作（如挥拳，挥杆） [SEP] 一记优雅的挥杆后，球落入了球洞。 [SEP] s____ [SEP] swing
4059,cn,-1.873404574,加工 [SEP] 食物加工对卫生的要求很高。 [SEP] p_________ [SEP] processing
4060,cn,-0.347873253,扫描 [SEP] 医生建议对病人的脑补进行扫描检查。 [SEP] s_______ [SEP] scanning
4061,cn,1.555963492,度 [SEP] 今天十分炎热，有35度。 [SEP] d_____ [SEP] degree
4062,cn,0.044626811,小提琴演奏家 [SEP] 穆特是世界知名的小提琴演奏家。 [SEP] v________ [SEP] violinist
4063,cn,2.079214384,糖果 [SEP] 他给了小女孩两颗糖。 [SEP] c____ [SEP] candy
4064,cn,-1.879161071,连续不断的 [SEP] 1)连绵的雨让她心情低落。2)公司的业绩已经遭遇连续下滑。 [SEP] c_________ [SEP] continuous
4065,cn,-2.656811908,专注的 [SEP] 她看起来十分专注。 [SEP] a_______ [SEP] absorbed
4066,cn,-1.28130038,…维的 [SEP] 圆形是二维的而球体是三维的。 [SEP] d__________ [SEP] dimensional
4067,cn,0.415905711,准备 [SEP] 面试的准备很费时。 [SEP] p__________ [SEP] preparation
4068,cn,1.865947686,牙医 [SEP] 我的父亲是牙医。 [SEP] d______ [SEP] dentist
4069,cn,1.287366481,债 [SEP] 我们有债必还。 [SEP] d___ [SEP] debt
4070,cn,-0.293756046,感觉到 [SEP] 1)他感觉到了危险。2)采访者察觉到我有些紧张，便故意放慢速度使我放松下来。 [SEP] s____ [SEP] sense
4071,cn,-0.577885417,精疲力尽的 [SEP] 长跑之后我精疲力尽。 [SEP] e________ [SEP] exhausted
4072,cn,-1.832108621,自动扶梯 [SEP] 我们乘坐电扶梯到达站台。 [SEP] e________ [SEP] escalator
4073,cn,2.035194364,信仰 [SEP] 他的信仰也开始动摇。 [SEP] f____ [SEP] faith
4074,cn,-1.28019043,原型 [SEP] AlphaGo这类机器深度学习的设备都仅仅是原型产品，还没有投入大量生产。 [SEP] p________ [SEP] prototype
4075,cn,-2.846375572,不知名的 [SEP] 她研究一位不出名的现代画家。 [SEP] o______ [SEP] obscure
4076,cn,-2.795781573,妄想症的 [SEP] 她总是疑神疑鬼，觉得有人在偷看她的窗子。 [SEP] p_______ [SEP] paranoid
4077,cn,0.104823464,积蓄 [SEP] 买房花去了她所有的积蓄。 [SEP] s_____ [SEP] saving
4078,cn,1.189464523,痛苦的 [SEP] 那是一段痛苦的经历。 [SEP] p______ [SEP] painful
4079,cn,3.594664669,绿色的 [SEP] 鸟的羽毛是绿色的。 [SEP] g____ [SEP] green
4080,cn,-0.621586859,选角 [SEP] 她被选中在《哈姆雷特》中扮演皇后。 [SEP] c___ [SEP] cast
4081,cn,-4.610777769,未察觉的 [SEP] 他持续十年偷窥着自己毫无察觉的房客们。 [SEP] u________ [SEP] unknowing
4082,cn,-2.94707798,一击 [SEP] 他的头部受到重击。 [SEP] b___ [SEP] blow
4083,cn,-1.042826245,外交官 [SEP] 我梦想成为外交官。 [SEP] d_______ [SEP] diplomat
4084,cn,0.142774185,毁了的 [SEP] 这场火灾唯一留下的就是这座已成废墟的大楼。 [SEP] r_____ [SEP] ruined
4085,cn,-2.396947766,四分卫 [SEP] 他是橄榄球队的四分卫。 [SEP] q__________ [SEP] quarterback
4086,cn,-1.765054286,白金 [SEP] 他送了妻子一条白金项链。 [SEP] p_______ [SEP] platinum
4087,cn,-3.107413902,获得 [SEP] 1)他甚至获得了来自反对党党员的支持。2)公司获得了一项价值百万元的投资。 [SEP] s_____ [SEP] secure
4088,cn,3.671632718,午餐 [SEP] 她邀请我共进午餐。 [SEP] l____ [SEP] lunch
4089,cn,-0.648500669,原则 [SEP] 1)原则上说，我们不能允许这项投资。2)我可是个有原则的人。 [SEP] p________ [SEP] principle
4090,cn,3.469612376,学习 [SEP] 孩子在学校里学习知识。 [SEP] l____ [SEP] learn
4091,cn,1.316362762,伸手够得着的距离 [SEP] 她总是保证手机在够得着的地方。 [SEP] r____ [SEP] reach
4092,cn,1.146616704,基因 [SEP] 这种疾病是由基因决定的。 [SEP] g___ [SEP] gene
4093,cn,2.906354684,好玩的 [SEP] 他这个人很好玩。 [SEP] f__ [SEP] fun
4094,cn,-2.337207818,活动亢进的 [SEP] 多动症儿童往往注意力不够集中。 [SEP] h__________ [SEP] hyperactive
4095,cn,1.989126018,申请 [SEP] 申请这份工作的有五十个人。 [SEP] a____ [SEP] apply
4096,cn,-0.99237996,爆炸的 [SEP] 按钮将启动爆炸装置。 [SEP] e________ [SEP] explosive
4097,cn,-0.853367776,破产的 [SEP] 每到月底我都很穷，只好向父母借钱。 [SEP] b____ [SEP] broke
4098,cn,-4.68888166,精神错乱的 [SEP] 剧中，奥菲利亚在遭到哈姆雷特的抛弃后变得精神错乱了。 [SEP] u_________ [SEP] unbalanced
4099,cn,0.189884771,锤子 [SEP] 他用锤子把钉子钉进墙。 [SEP] h_____ [SEP] hammer
4100,cn,3.171499747,玻璃 [SEP] 他向玻璃杯里倒满水。 [SEP] g____ [SEP] glass
4101,cn,-2.108941603,觉察到的 [SEP] 用户的行为出现了已察觉的改变。 [SEP] p________ [SEP] perceived
4102,cn,-0.566071084,思考 [SEP] 他对体育业的发展做出了很多有价值的思考。 [SEP] t_______ [SEP] thinking
4103,cn,2.212652519,赛跑 [SEP] 他以微弱的优势赢得了赛跑。 [SEP] r___ [SEP] race
4104,cn,-1.271716985,比例 [SEP] 班级里外籍学生的比例很高。 [SEP] p_________ [SEP] proportion
4105,cn,-0.365129871,定金 [SEP] 她交了5万元定金，并承诺一年内付清尾款。 [SEP] d______ [SEP] deposit
4106,cn,0.760338011,步行 [SEP] 1)他喜欢步行。2)我们去近郊的山区徒步旅行。 [SEP] w______ [SEP] walking
4107,cn,-0.623775863,踩滑板 [SEP] 他踩滑板去学校。 [SEP] s_________ [SEP] skateboard
4108,cn,-1.647509733,指挥 [SEP] 乐队的指挥风度翩翩。 [SEP] c________ [SEP] conductor
4109,cn,-0.395259593,导师 [SEP] 1)她是车间主管。2)我与导师每周见面。 [SEP] s_________ [SEP] supervisor
4110,cn,0.11574852,监测 [SEP] 这台机器监测着病人的心跳情况。 [SEP] m______ [SEP] monitor
4111,cn,2.31446843,计划 [SEP] 在行动之前，我们需要列个计划。 [SEP] p___ [SEP] plan
4112,cn,-0.320278749,调味汁 [SEP] 他买了一瓶沙拉酱。 [SEP] s____ [SEP] sauce
4113,cn,-1.712728679,或者 [SEP] 我们可以一路驾车；或者，我们还可以坐飞机。 [SEP] a____________ [SEP] alternatively
4114,cn,0.980615675,煤炭 [SEP] 煤炭的燃烧污染环境和空气。 [SEP] c___ [SEP] coal
4115,cn,2.392703652,实验室 [SEP] 我整天待在实验室。 [SEP] l__ [SEP] lab
4116,cn,-1.789223334,拖 [SEP] 我费力把麻袋拖进门。 [SEP] h___ [SEP] haul
4117,cn,-0.545740754,提醒 [SEP] 我忘了明天还要开会，谢谢你的提醒。 [SEP] r_______ [SEP] reminder
4118,cn,-2.618405717,跆拳道（指踢与拳击相结合的运动） [SEP] 跆拳道运动在英国很流行。 [SEP] k_________ [SEP] kickboxing
4119,cn,-1.910195121,起征点 [SEP] 个人所得税的起征点是每月1500月。 [SEP] t________ [SEP] threshold
4120,cn,1.556847598,地址 [SEP] 请在表格中写下您的地址。 [SEP] a______ [SEP] address
4121,cn,3.451928282,雨 [SEP] 雨落在地面上。 [SEP] r___ [SEP] rain
4122,cn,-3.638137596,官能 [SEP] 听觉和嗅觉有时是相联的。 [SEP] f______ [SEP] faculty
4123,cn,0.018575759,背包 [SEP] 他背着登山用的背包。 [SEP] b_______ [SEP] backpack
4124,cn,-2.284904846,流播 [SEP] 许多流播网站都因版权问题被禁用了。 [SEP] s________ [SEP] streaming
4125,cn,-2.942248716,扰流板 [SEP] 机翼的扰流板放下：飞机即将降落了。 [SEP] s______ [SEP] spoiler
4126,cn,3.027483627,失败 [SEP] 我失败了，但我不会放弃。 [SEP] f___ [SEP] fail
4127,cn,-1.801509568,文学的 [SEP] 他从事文学研究。 [SEP] l_______ [SEP] literary
4128,cn,1.35719371,塑料 [SEP] 人们每天废弃的大量塑料对地球环境造成危害。 [SEP] p______ [SEP] plastic
4129,cn,3.205645733,性 [SEP] 到了跟孩子谈谈性的时候了。 [SEP] s__ [SEP] sex
4130,cn,-0.395287933,冲突 [SEP] 1)双方在边境的冲突长达十年之久。2）他们的意见有所分歧。 [SEP] c_______ [SEP] conflict
4131,cn,-0.309260583,漂流 [SEP] 一艘小船在河上漂流。 [SEP] d____ [SEP] drift
4132,cn,-3.366346509,潜在的 [SEP] 大学面向潜在的生源和家长展开宣传。 [SEP] p__________ [SEP] prospective
4133,cn,-0.311969223,恼火的 [SEP] 孩子们不停哭闹，我觉得有点烦了。 [SEP] a______ [SEP] annoyed
4134,cn,1.096354768,警告 [SEP] 他警告孩子不要动电源。 [SEP] w___ [SEP] warn
4135,cn,-1.233688945,细菌的 [SEP] 霍乱是一种细菌感染。 [SEP] b________ [SEP] bacterial
4136,cn,-1.158771684,发声的 [SEP] 《冬之旅》是一部声乐作品。 [SEP] v____ [SEP] vocal
4137,cn,3.136556742,领导 [SEP] 他是这个团队的领导者。 [SEP] l_____ [SEP] leader
4138,cn,-3.31064942,砸 [SEP] 1)他用拳头使劲砸门。2)恐惧中，我的心在剧烈跳动。 [SEP] p____ [SEP] pound
4139,cn,-1.440778661,运输过程 [SEP] 您的包裹正在运输中，请耐心等货。 [SEP] t______ [SEP] transit
4140,cn,1.547639484,吉他 [SEP] 她饭后弹奏了吉他。 [SEP] g_____ [SEP] guitar
4141,cn,-0.272822205,常见地 [SEP] 这是民众普遍持有的观点。 [SEP] c_______ [SEP] commonly
4142,cn,-1.566212252,感情的 [SEP] 1)她对这个枕头十分有感情：这是母亲为她做的。2)我们已经濒临破产，不能再感情用事了。 [SEP] s__________ [SEP] sentimental
4143,cn,-0.83744362,登记 [SEP] 请填写这张登记表。 [SEP] r___________ [SEP] registration
4144,cn,0.328134052,公告 [SEP] 他在奥运会后作出了退役的宣告。 [SEP] a___________ [SEP] announcement
4145,cn,-1.309146524,空袭 [SEP] 他们在空袭中幸存了下来。 [SEP] r___ [SEP] raid
4146,cn,-1.238584398,标题 [SEP] 这则报道有一个耸人听闻的标题。 [SEP] h______ [SEP] heading
4147,cn,-0.58944253,素食主义的 [SEP] 我们去了一家素食餐馆。 [SEP] v_________ [SEP] vegetarian
4148,cn,2.215137532,投票 [SEP] 她投票支持英国留在欧盟。 [SEP] v___ [SEP] vote
4149,cn,2.201400262,广告 [SEP] 他在报纸的广告里搜寻工作信息。 [SEP] a_ [SEP] ad
4150,cn,-3.806608919,带柄平底煎锅 [SEP] 她用平底煎锅煎牛排。 [SEP] s______ [SEP] skillet
4151,cn,-0.754199125,溶解 [SEP] 糖溶于水。 [SEP] d_______ [SEP] dissolve
4152,cn,-0.787185753,披露 [SEP] 她披露了这笔资金的去向。 [SEP] r_____ [SEP] reveal
4153,cn,0.205127877,欠 [SEP] 我欠他一些钱。 [SEP] o__ [SEP] owe
4154,cn,2.743593119,你自己 [SEP] 我帮不上你，你得自己找出问题的答案。 [SEP] y_______ [SEP] yourself
4155,cn,0.232407575,播放列表 [SEP] 她把喜欢的歌都加入了播放列表。 [SEP] p_______ [SEP] playlist
4156,cn,-0.136471505,虫子 [SEP] 1)你怕虫子吗？2)花上有虫。 [SEP] b__ [SEP] bug
4157,cn,-1.052196695,迷住 [SEP] 电影深深地吸引着我。 [SEP] f________ [SEP] fascinate
4158,cn,-0.302366023,很有可能的 [SEP] 1)很有可能他并不知道内情。2)她很可能会来。 [SEP] l_____ [SEP] likely
4159,cn,-0.734722426,戏弄 [SEP] “别逗她了——她会生气的！” [SEP] t____ [SEP] tease
4160,cn,-2.388539155,善解人意 [SEP] 教师不应一味强迫，而应对学生实际困难有敏锐体察。 [SEP] s__________ [SEP] sensitivity
4161,cn,2.856890662,教室 [SEP] 学生们在课间走出教室。 [SEP] c________ [SEP] classroom
4162,cn,-0.722007698,严厉指责或谴责 [SEP] 1)“去你的！”他气愤地喊。2)这部小说被指责道德败坏。 [SEP] d___ [SEP] damn
4163,cn,-2.607985625,当中 [SEP] 就在他们当中出现了一个叛徒。 [SEP] m____ [SEP] midst
4164,cn,-5.648856255,不加控制的 [SEP] 人们不能容忍贪污行为始终不受约束而猖狂进行。 [SEP] u________ [SEP] unchecked
4165,cn,3.361643006,礼物 [SEP] 我给老师买了一个礼物。 [SEP] g___ [SEP] gift
4166,cn,-0.85701047,使人分心的事物 [SEP] 手机是个让人分心的东西。 [SEP] d__________ [SEP] distraction
4167,cn,0.928286151,陷阱 [SEP] 猎人们为鹿布下陷阱。 [SEP] t___ [SEP] trap
4168,cn,0.428164041,悬崖 [SEP] 他把妻子推下了悬崖。 [SEP] c____ [SEP] cliff
4169,cn,0.717966665,官方地 [SEP] 你现在正式成为这里的员工了。 [SEP] o_________ [SEP] officially
4170,cn,-2.739164551,媒体的关注 [SEP] 许多艺人用丑闻吸引媒体的关注。 [SEP] p________ [SEP] publicity
4171,cn,1.944936433,膝盖 [SEP] 不正当的跑步姿势会给膝盖造成损伤。 [SEP] k___ [SEP] knee
4172,cn,-0.703005761,马路边的人行道 [SEP] 他带着孩子走在人行道上。 [SEP] s_______ [SEP] sidewalk
4173,cn,0.749245915,顾客 [SEP] 我们尊重顾客的意愿。 [SEP] c_______ [SEP] customer
4174,cn,-0.487865918,双的 [SEP] 1)这台电脑是双核的。2)他这样做有两重目的。 [SEP] d___ [SEP] dual
4175,cn,0.10164478,遭受的折磨或痛苦 [SEP] 1)一想到动物遭受的痛苦，她就不想再吃肉了。2)我为人类苦难而流泪。 [SEP] s________ [SEP] suffering
4176,cn,-1.548305999,可怕的 [SEP] 从火灾中逃生是一次可怕的经历。 [SEP] t_________ [SEP] terrifying
4177,cn,0.683575403,裤子 [SEP] 他穿了一条蓝色裤子。 [SEP] p____ [SEP] pants
4178,cn,-0.370929932,商人 [SEP] 他的祖父是一个药品商人。 [SEP] m_______ [SEP] merchant
4179,cn,1.210721281,豌豆 [SEP] 他买了一袋冷冻豌豆。 [SEP] p__ [SEP] pea
4180,cn,-0.843949665,拓展人脉 [SEP] 他生性腼腆，不善于拓展人脉。 [SEP] n_________ [SEP] networking
4181,cn,-0.853714586,主题 [SEP] 跨种族的爱情是这部小说的主题。 [SEP] t____ [SEP] theme
4182,cn,2.176506042,学习 [SEP] 我们拥有良好的学习环境。 [SEP] l_______ [SEP] learning
4183,cn,-1.222495566,照明 [SEP] 夜间的树林里，月光是唯一的照明/光源。 [SEP] i___________ [SEP] illumination
4184,cn,2.631071396,篮球 [SEP] 不是所有篮球运动员都很高。 [SEP] b_________ [SEP] basketball
4185,cn,-1.602073953,有合作意向的 [SEP] 他总是十分热心而乐于合作。 [SEP] c__________ [SEP] cooperative
4186,cn,2.476095164,混合 [SEP] 把面粉、鸡蛋、黄油和糖的混合物倒入蛋糕模具。 [SEP] m__ [SEP] mix
4187,cn,-0.249476362,研究院 [SEP] 他供职于癌症研究院。 [SEP] i________ [SEP] institute
4188,cn,0.262823685,容器（盒子、罐子等） [SEP] 饮料很多，请找个大一点的容器。 [SEP] c________ [SEP] container
4189,cn,-2.288755537,轻抚 [SEP] 她轻抚狗的脊背。 [SEP] s_____ [SEP] stroke
4190,cn,-3.437845854,使人腐化或变坏的 [SEP] 家长认为网络游戏是使青少年变坏的主要力量。 [SEP] c_________ [SEP] corrupting
4191,cn,2.620409279,富裕的 [SEP] 她的父亲很富有。 [SEP] r___ [SEP] rich
4192,cn,0.944035983,安排 [SEP] 您只需告诉我们到达时间，我们会做相应的安排。 [SEP] a__________ [SEP] arrangement
4193,cn,-3.271461689,空间上不能活动 [SEP] 越洋飞机上的乘客必须忍受长达十小时不能动弹的状况。 [SEP] i_________ [SEP] immobility
4194,cn,-3.478496169,隐居的地方 [SEP] 这里四面环山，气候宜人，是一处天然的疗养地。 [SEP] r______ [SEP] retreat
4195,cn,-0.742518147,成功完成 [SEP] 舰队成功完成任务后返航。 [SEP] a_________ [SEP] accomplish
4196,cn,-0.075762315,被…环绕 [SEP] 被包围的部队在断粮三天后宣布投降。 [SEP] s_________ [SEP] surrounded
4197,cn,0.536294255,雇主（可指人也可指公司、单位等） [SEP] 为避免失业，你必须向雇主证明你很有用。 [SEP] e_______ [SEP] employer
4198,cn,3.156783869,点亮 [SEP] 他点上一根香烟，沉思起来。 [SEP] l____ [SEP] light
4199,cn,1.83681237,胳膊 [SEP] 据说刘备的胳膊很长。 [SEP] a__ [SEP] arm
4200,cn,0.204371291,健康 [SEP] 我减肥是为了健康的目的。 [SEP] f______ [SEP] fitness
4201,cn,-0.402363158,流汗 [SEP] 他的症状是夜间的异常流汗。 [SEP] s_______ [SEP] sweating
4202,cn,3.307662848,猪 [SEP] 她是一个养猪的农民 [SEP] p__ [SEP] pig
4203,cn,2.977046103,在前面 [SEP] 教师的前面有个讲台。 [SEP] f____ [SEP] front
4204,cn,-0.420558742,主流的 [SEP] 流行音乐仍是市场上的主流音乐。 [SEP] m_________ [SEP] mainstream
4205,cn,-1.814284174,完全 [SEP] 1)这完全是我的错。2)他这么做真让人恶心！ [SEP] u______ [SEP] utterly
4206,cn,1.905348489,嗓音 [SEP] 她有一副甜美的嗓音。 [SEP] v____ [SEP] voice
4207,cn,-3.571199207,阐述 [SEP] 他做了对于古钱币发展过程的阐述。 [SEP] e_________ [SEP] exposition
4208,cn,1.37316776,高 [SEP] 这栋楼的高度是多少？ [SEP] h_____ [SEP] height
4209,cn,-2.813290055,爬 [SEP] 他慌张地爬过后墙逃走了。 [SEP] s_______ [SEP] scramble
4210,cn,0.229366805,专家 [SEP] 他是细胞学领域的专家。 [SEP] s_________ [SEP] specialist
4211,cn,-0.735721601,做某事的能力 [SEP] 1)他有这种讲笑话但自己不笑的能力。2)抱歉，您的要求超出了我的能力。 [SEP] c_________ [SEP] capability
4212,cn,2.915872995,女王 [SEP] 他们为女王庆祝了八十岁诞辰。 [SEP] q____ [SEP] queen
4213,cn,0.527595455,绘画 [SEP] 她喜欢这幅色彩明丽的绘画作品。 [SEP] p_______ [SEP] painting
4214,cn,0.488117637,被选上的 [SEP] 他是人们推选的民意代表。 [SEP] e______ [SEP] elected
4215,cn,1.296005411,目击者 [SEP] 目击者提供了嫌犯的大致相貌特征。 [SEP] w______ [SEP] witness
4216,cn,2.856946271,赢 [SEP] 谁赢了，谁输了？ [SEP] w__ [SEP] win
4217,cn,0.383522412,在楼下 [SEP] 1)我的父亲下楼去了。2)她在楼下做饭。 [SEP] d_________ [SEP] downstairs
4218,cn,-1.343088762,彻底地 [SEP] 他们彻底搜查了这间客房。 [SEP] t_________ [SEP] thoroughly
4219,cn,3.910326733,远的 [SEP] 外婆家离我家很远。 [SEP] f__ [SEP] far
4220,cn,0.627789034,多的 [SEP] 1)请喝大量水。2)“你需要药吗？”“不用，谢谢，我有很多。” [SEP] p_____ [SEP] plenty
4221,cn,-0.832745199,把…分开 [SEP] 1)他把学生分成几组。2)我们分摊了车费。 [SEP] s____ [SEP] split
4222,cn,0.823291038,代理人 [SEP] 我们在纽约的代理人负责处理一切美国事务。 [SEP] a____ [SEP] agent
4223,cn,-1.679554824,调制解调器 [SEP] 工程师表明网络故障是由调制解调器老化引起的。 [SEP] m____ [SEP] modem
4224,cn,3.068873635,玫瑰 [SEP] 他送了她一束玫瑰。 [SEP] r___ [SEP] rose
4225,cn,-0.483403687,擦 [SEP] 饭后丈夫洗碗，妻子擦桌子。 [SEP] w___ [SEP] wipe
4226,cn,0.356188638,骂人 [SEP] 她在学校里学会了骂人。 [SEP] c____ [SEP] curse
4227,cn,-0.467439761,酷刑 [SEP] 有视频表明他们使用酷刑逼供犯人。 [SEP] t______ [SEP] torture
4228,cn,-0.581479015,在科学上 [SEP] 这样的描述在科学上其实并不准确。 [SEP] s_____________ [SEP] scientifically
4229,cn,-1.687797896,市的 [SEP] 市政当局宣布了选举结果。 [SEP] m________ [SEP] municipal
4230,cn,-2.200111607,团结 [SEP] 秉着团结的精神我决定和你一起参加罢工。 [SEP] s_________ [SEP] solidarity
4231,cn,0.78097702,随笔 [SEP] 我正在写一篇关于罗马钱币的短文。 [SEP] e____ [SEP] essay
4232,cn,-1.501045291,工作空间 [SEP] 我在办公室的工作空间很狭小，所以我更喜欢在家办公。 [SEP] w________ [SEP] workspace
4233,cn,0.823834271,发表 [SEP] 这个实验室在《自然》上发表了一篇论文。 [SEP] p______ [SEP] publish
4234,cn,-1.653403798,积极的态度 [SEP] 她的积极使我受到鼓舞。 [SEP] p_________ [SEP] positivity
4235,cn,-1.875269669,过渡的 [SEP] 过渡政府得到了美国的支持。 [SEP] t___________ [SEP] transitional
4236,cn,0.514091555,出版商 [SEP] 出版商与作者沟通版权问题。 [SEP] p________ [SEP] publisher
4237,cn,1.198078054,事业 [SEP] 对我来说，事业比家庭重要。 [SEP] c_____ [SEP] career
4238,cn,2.420297203,失败者 [SEP] 决赛的胜方和负方都接受了采访。 [SEP] l____ [SEP] loser
4239,cn,2.938009957,家 [SEP] 我有一个快乐的家庭。 [SEP] f_____ [SEP] family
4240,cn,-1.258058324,疏散 [SEP] 警报响起后，居民们被从大楼中疏散出来。 [SEP] e_______ [SEP] evacuate
4241,cn,1.253563205,路线 [SEP] 我们规划了从伦敦到爱丁堡的路线。 [SEP] r____ [SEP] route
4242,cn,0.28571825,副词 [SEP] 副词在句子中总是修饰动词。 [SEP] a_____ [SEP] adverb
4243,cn,0.413144105,洗碗机 [SEP] 请把用过的餐具放入洗碗机。 [SEP] d_________ [SEP] dishwasher
4244,cn,2.271369922,晴朗的 [SEP] 他们在一个晴天去了海边。 [SEP] s____ [SEP] sunny
4245,cn,2.57047155,病 [SEP] 他患了重病。 [SEP] i______ [SEP] illness
4246,cn,-2.885273978,有个人魅力的 [SEP] 她是一位很有魅力的领导。 [SEP] c__________ [SEP] charismatic
4247,cn,-1.189663632,成问题的 [SEP] 这一地区的维和工作仍然成问题。 [SEP] p__________ [SEP] problematic
4248,cn,0.733979175,上午（用于表示时间的数字之后） [SEP] 会议时间定在上午9：20。 [SEP] a_ [SEP] am
4249,cn,-1.290504823,比较的 [SEP] 他正在开展对小鼠和青蛙的比较研究。 [SEP] c__________ [SEP] comparative
4250,cn,-0.216703384,居住 [SEP] 女王和她的家人就居住在这座宫殿里。 [SEP] r_____ [SEP] reside
4251,cn,-2.576854236,温度计 [SEP] 家中的温度计显示10度。 [SEP] t__________ [SEP] thermometer
4252,cn,-0.331914786,保持（…的状态） [SEP] 你保持了镇定，这很难得。 [SEP] r_____ [SEP] remain
4253,cn,-0.460785606,好朋友 [SEP] 我们是好朋友。 [SEP] b____ [SEP] buddy
4254,cn,-0.66253583,能见度 [SEP] 纷飞的大雪降低了驾驶的能见度。 [SEP] v_________ [SEP] visibility
4255,cn,-0.228897647,生态保护主义者 [SEP] 他是一名激进的生态保护主义者。 [SEP] e________ [SEP] ecologist
4256,cn,-1.733789495,付钱的 [SEP] 她短期借住在朋友家，是一位付钱的房客。 [SEP] p_____ [SEP] paying
4257,cn,-1.887596524,声学的 [SEP] 这座剧院的音响效果很好。 [SEP] a_______ [SEP] acoustic
4258,cn,-0.44481372,文书工作（写报告、填表等） [SEP] 我以为这是一个教学岗位，没想到其中包含这么多文书工作。 [SEP] p________ [SEP] paperwork
4259,cn,2.326828879,发展 [SEP] 这个国家正在高速发展。 [SEP] d______ [SEP] develop
4260,cn,-1.311346618,在环境方面 [SEP] 垃圾分类的举措对环境有益。 [SEP] e______________ [SEP] environmentally
4261,cn,-2.36631329,负责地 [SEP] 我可以负责地说实验结果是可靠的。 [SEP] r__________ [SEP] responsibly
4262,cn,2.340469095,唯一的 [SEP] 1)我是独子。2)你是我爱过的唯一的人。 [SEP] o___ [SEP] only
4263,cn,0.089193252,假定 [SEP] 你的论点完全建立在错误的假定之上。 [SEP] a_________ [SEP] assumption
4264,cn,0.232826937,统治 [SEP] 这位元首已经统治国家17年。 [SEP] r___ [SEP] rule
4265,cn,-1.548839773,肌肉发达的 [SEP] 他是一位高大而肌肉发达的游泳运动员。 [SEP] m_______ [SEP] muscular
4266,cn,0.442782854,影响 [SEP] 我的语文老师深深地影响了我。 [SEP] i________ [SEP] influence
4267,cn,0.023915526,尽管 [SEP] 1)尽管负债累累，他们还是设法贷到了款。2)尽管有大雾，但我们还是出兵了。 [SEP] d______ [SEP] despite
4268,cn,-1.379292055,联盟 [SEP] 民主党和自由党结成了联盟。 [SEP] a_______ [SEP] alliance
4269,cn,-1.489708124,珠子 [SEP] 我有一串珠子串成的手链。 [SEP] b___ [SEP] bead
4270,cn,-1.926252449,歌手 [SEP] 迈克尔·杰克逊是我最喜欢的男歌手。 [SEP] v_______ [SEP] vocalist
4271,cn,0.751529776,陪伴 [SEP] 参加活动的儿童须有家长陪伴。 [SEP] a________ [SEP] accompany
4272,cn,0.631971053,骄傲的 [SEP] 他的成功让父母很骄傲。 [SEP] p____ [SEP] proud
4273,cn,0.290859319,主张 [SEP] 他的这些主张并没有科学依据。 [SEP] c____ [SEP] claim
4274,cn,-0.210313299,基于生物学依据地 [SEP] 从生物学角度来说我们仍然不过是一群猴子。 [SEP] b___________ [SEP] biologically
4275,cn,-1.637034841,中子 [SEP] 原子核中有中子和质子。 [SEP] n______ [SEP] neutron
4276,cn,2.662759687,爱 [SEP] 他对孩子的爱是真挚的。 [SEP] l___ [SEP] love
4277,cn,4.232183431,食品 [SEP] 我需要采购些食品。 [SEP] f___ [SEP] food
4278,cn,3.186734832,晚地 [SEP] 今年的冬天来得很晚。 [SEP] l___ [SEP] late
4279,cn,-1.867778451,一致（性） [SEP] 1)在英语语法中，主谓一致和时态一致都是十分重要的原则。2)他前后的供述缺乏一致性。 [SEP] c__________ [SEP] consistency
4280,cn,1.40583367,听 [SEP] 要欣赏好音乐，高质量的收听设备很重要。 [SEP] l________ [SEP] listening
4281,cn,-2.601445491,诊断学 [SEP] 当代诊断学大量依赖医学仪器和测试结果。 [SEP] d__________ [SEP] diagnostics
4282,cn,2.537031552,感觉 [SEP] 我感到快乐。 [SEP] f___ [SEP] feel
4283,cn,0.303643432,使变软 [SEP] 这种洗衣液能使衣物变柔软。 [SEP] s_____ [SEP] soften
4284,cn,-1.837714169,单独的 [SEP] 他们从公司分离出去，现在是一个单独的部门。 [SEP] s_______ [SEP] separate
4285,cn,1.847477565,婚礼 [SEP] 她邀我参加她的婚礼。 [SEP] w______ [SEP] wedding
4286,cn,1.640697748,讲话人 [SEP] 今天下午的演讲者是来自约翰·霍普金斯大学的植物学专家。 [SEP] s______ [SEP] speaker
4287,cn,0.792891824,照片 [SEP] 我拍了一张故宫的照片。 [SEP] p_________ [SEP] photograph
4288,cn,-1.91537602,小型键盘 [SEP] 请在小型键盘上按下您的计算答案。 [SEP] k_____ [SEP] keypad
4289,cn,-1.806104792,铁路 [SEP] 这栋房子就在铁路附近，所以噪音很大。 [SEP] r_______ [SEP] railroad
4290,cn,0.88249776,无毛发的 [SEP] 真正无毛发的犬种是很少的。 [SEP] h_______ [SEP] hairless
4291,cn,-1.927628945,落下 [SEP] 他看着蜡烛落下的烛泪。 [SEP] d_______ [SEP] dropping
4292,cn,-0.533804359,拉伸 [SEP] 跑步过后应做拉伸运动。 [SEP] s______ [SEP] stretch
4293,cn,-1.967255142,美洲豹 [SEP] 他看到了潘帕斯草原上的美洲豹。 [SEP] j_____ [SEP] jaguar
4294,cn,-1.413970609,电子学 [SEP] 电子产业正蓬勃发展。 [SEP] e__________ [SEP] electronics
4295,cn,-0.1282142,被动的 [SEP] 他在这段婚姻中扮演着一个被动的角色。 [SEP] p______ [SEP] passive
4296,cn,0.750127277,炸的 [SEP] 他吃了一些炸鱼。 [SEP] f____ [SEP] fried
4297,cn,-1.487303805,大会 [SEP] 联合国大会每年举行一次会议。 [SEP] a_______ [SEP] assembly
4298,cn,1.136892321,女侍者 [SEP] 她曾在这家餐厅做女服务员。 [SEP] w_______ [SEP] waitress
4299,cn,0.655880724,迷人的 [SEP] 他在宴会上认识了一个迷人的女人。 [SEP] c_______ [SEP] charming
4300,cn,2.843357863,结束 [SEP] 我结束了一天的工作。 [SEP] f_____ [SEP] finish
4301,cn,-1.820226438,绊倒 [SEP] “你的腿怎么了？”“我在一块石头上绊倒了。” [SEP] t___ [SEP] trip
4302,cn,-2.043241662,稳的 [SEP] 1)做服务员要眼尖手稳。2)他写字的桌子不稳。 [SEP] s_____ [SEP] steady
4303,cn,-0.215990449,书商 [SEP] 出版社需要和书商保持良好关系。 [SEP] b_________ [SEP] bookseller
4304,cn,-1.144164996,不完全地 [SEP] 我们对病毒的传播机制仍了解得很不完全。 [SEP] i___________ [SEP] incompletely
4305,cn,0.530226502,视频 [SEP] 他观看小提琴教学视频。 [SEP] v____ [SEP] video
4306,cn,1.92654475,计时器 [SEP] 她把披萨推进烤箱，并把计时器设到20分钟。 [SEP] t____ [SEP] timer
4307,cn,-1.89228089,收成全集的 [SEP] 我期待伍尔夫作品全集出版。 [SEP] c________ [SEP] collected
4308,cn,-0.529559839,令人失望的 [SEP] 比赛的结果令人失望。 [SEP] d____________ [SEP] disappointing
4309,cn,-0.15596219,牢骚 [SEP] 小心，别让经理听见你的牢骚。 [SEP] c________ [SEP] complaint
4310,cn,0.408115001,合适的 [SEP] 1)我们没有一个合适的地方排练，只好使用仓库。2)在课堂上这样说不合适。 [SEP] p_____ [SEP] proper
4311,cn,-0.512810279,刺耳的 [SEP] 1)他对我进行了不留情面的批评。2)我认为这些惩罚对孩子来说太严厉了。 [SEP] h____ [SEP] harsh
4312,cn,-0.09120783,领子 [SEP] 这件衬衫有漂亮的绣花领子。 [SEP] c_____ [SEP] collar
4313,cn,0.121089089,悬挂着的 [SEP] 衣服在晾衣绳上挂着。 [SEP] h______ [SEP] hanging
4314,cn,3.164796266,云 [SEP] 他看着窗外的云发呆。 [SEP] c____ [SEP] cloud
4315,cn,-0.507847206,一把 [SEP] 他给了我一把杏仁。 [SEP] h______ [SEP] handful
4316,cn,2.550559936,冷 [SEP] 我不喜欢喝冷水。 [SEP] c___ [SEP] cold
4317,cn,0.717817249,青春 [SEP] 1)他在青年时期曾长住意大利。2)老年人常怀念青春的健康和活力。 [SEP] y____ [SEP] youth
4318,cn,0.350277955,喊声 [SEP] 他被窗外的喊声惊醒。 [SEP] c__ [SEP] cry
4319,cn,-1.455950296,全套服装 [SEP] 她为女儿购买了万圣节舞会的服装。 [SEP] o_____ [SEP] outfit
4320,cn,-0.046075698,流血 [SEP] 你的手在流血。怎么回事？ [SEP] b____ [SEP] bleed
4321,cn,1.519480322,交易 [SEP] 我们达成了一项交易：在财年结束时平分利润。 [SEP] d___ [SEP] deal
4322,cn,1.746729518,衣物 [SEP] 他把一些衣物捐给了穷人。 [SEP] c______ [SEP] clothes
4323,cn,3.918889257,哭 [SEP] 这部电影让我哭了。 [SEP] c__ [SEP] cry
4324,cn,-0.095675158,遮蔽物 [SEP] 1)二战期间，这对英国夫妇为这名波兰犹太男孩提供了庇护。2)他们在教堂门廊的遮蔽下躲雨。 [SEP] s______ [SEP] shelter
4325,cn,-1.384786533,巨大的 [SEP] 我犯了一个巨大的错误。 [SEP] g_______ [SEP] gigantic
4326,cn,0.579499856,锡 [SEP] 我们正开采一个锡矿。 [SEP] t__ [SEP] tin
4327,cn,-2.540946601,思考 [SEP] 他凝重地思考着公司的前途。 [SEP] c__________ [SEP] contemplate
4328,cn,-3.074091523,超声检查 [SEP] 医生对她的腹部进行了超声检查。 [SEP] u_________ [SEP] ultrasound
4329,cn,-1.401479182,峡谷 [SEP] 他们一家去亚利桑那州的大峡谷观光。 [SEP] c_____ [SEP] canyon
4330,cn,-0.197715384,检查 [SEP] 她把支票举起来仔细检查。 [SEP] i______ [SEP] inspect
4331,cn,-1.393927172,肠 [SEP] 富含纤维的蔬菜对肠道有益。 [SEP] g__ [SEP] gut
4332,cn,-1.447212222,迹象 [SEP] 1)微笑不一定是快乐的表示。2)没有迹象表明政府正在采取行动。 [SEP] i_________ [SEP] indication
4333,cn,0.211134257,罢工 [SEP] 地铁工人的罢工将影响这条线的运营。 [SEP] s_____ [SEP] strike
4334,cn,0.104758112,有条件的 [SEP] 她获得了大学的有条件录取通知书。 [SEP] c__________ [SEP] conditional
4335,cn,2.8253363,英雄 [SEP] 他的父亲是战争英雄。 [SEP] h___ [SEP] hero
4336,cn,2.536047304,有一天 [SEP] 我希望有一天能拥有自己的房子。 [SEP] s______ [SEP] someday
4337,cn,-1.119544873,杰出的 [SEP] 1)我们有幸请到了几位高贵的来宾。2)她是生命科学领域杰出的科学家。 [SEP] d____________ [SEP] distinguished
4338,cn,2.278858698,自然 [SEP] 他自幼热爱自然。 [SEP] n_____ [SEP] nature
4339,cn,1.957369634,割伤 [SEP] 我手上的割伤还没有痊愈。 [SEP] c__ [SEP] cut
4340,cn,-3.120425975,软的 [SEP] 这是一顶软帽子。 [SEP] f_____ [SEP] floppy
4341,cn,-1.847160123,评论员 [SEP] 他是一位时事评论员，经常在电视上就当前形势发表意见。 [SEP] c__________ [SEP] commentator
4342,cn,-1.622597633,切除 [SEP] 脑肿瘤的切除是十分复杂的手术。 [SEP] r______ [SEP] removal
4343,cn,0.737078957,酒吧 [SEP] 英国人喜欢下班了去酒吧喝一杯。 [SEP] p__ [SEP] pub
4344,cn,-1.373174881,不动的 [SEP] 猫躺在沙发上，一动不动。 [SEP] m_________ [SEP] motionless
4345,cn,1.488680216,缺乏 [SEP] 我缺乏相关工作经验。 [SEP] l___ [SEP] lack
4346,cn,2.428855655,帮助 [SEP] “你能帮帮我吗？“她请求道。 [SEP] h___ [SEP] help
4347,cn,3.024770072,蜜 [SEP] 她每天喝蜂蜜。 [SEP] h____ [SEP] honey
4348,cn,-0.838846267,人质 [SEP] 警察试图让嫌犯释放人质。 [SEP] h______ [SEP] hostage
4349,cn,2.164703355,邮件 [SEP] 您可通过信件联系客服部分。 [SEP] m___ [SEP] mail
4350,cn,-0.976346474,简化 [SEP] 你提交的项目方案过于复杂，需要简化。 [SEP] s_____________ [SEP] simplification
4351,cn,-0.410686424,不耐烦地 [SEP] “快走！”她不耐烦地说。 [SEP] i__________ [SEP] impatiently
4352,cn,-1.236190471,绘制纹身 [SEP] 她请人在腰上绘制了莲花纹身。 [SEP] t_____ [SEP] tattoo
4353,cn,-1.509717553,恋爱 [SEP] 他们两人在一段旋风般的恋爱后结婚了。 [SEP] r______ [SEP] romance
4354,cn,2.285126048,较晚的 [SEP] 我们可以乘晚一些的火车。 [SEP] l____ [SEP] later
4355,cn,-0.984560391,代替 [SEP] 这个菜谱中可以用奶油代替鲜奶。 [SEP] s_________ [SEP] substitute
4356,cn,3.151420245,跳 [SEP] 他从墙上往下的一跳把我吓坏了。 [SEP] j___ [SEP] jump
4357,cn,-2.468863144,畸形 [SEP] 疾病导致他身体的畸形。 [SEP] d__________ [SEP] deformation
4358,cn,2.531517036,学习 [SEP] 她关心孩子的学习。 [SEP] s____ [SEP] study
4359,cn,-1.17618017,烟蒂 [SEP] 他随手把抽剩下的烟蒂扔在地上。 [SEP] b___ [SEP] butt
4360,cn,0.643645876,解救 [SEP] 警察及时到场，解救了人质。 [SEP] r_____ [SEP] rescue
4361,cn,1.750546384,退休 [SEP] 教授将在明年退休。 [SEP] r_____ [SEP] retire
4362,cn,-0.399326903,洽谈 [SEP] 双方的洽谈获得了成功。 [SEP] n__________ [SEP] negotiation
4363,cn,0.568979269,地球 [SEP] 他在地球仪上指出英国的位置。 [SEP] g____ [SEP] globe
4364,cn,-0.891773334,分析师 [SEP] 她是一名预算分析师。 [SEP] a______ [SEP] analyst
4365,cn,-0.018389327,核实 [SEP] 他们核实了来客的身份。 [SEP] v_____ [SEP] verify
4366,cn,2.072639919,中间 [SEP] 他在队伍的中间。 [SEP] m_____ [SEP] middle
4367,cn,-0.33773391,布局 [SEP] 我不喜欢这个网站内容的排布：对我来说太凌乱了些。 [SEP] l_____ [SEP] layout
4368,cn,-1.270068225,把人压倒或淹没的 [SEP] 重新见到失散的妹妹时，我感到了一阵强烈的（将我淹没的）幸福感。 [SEP] o___________ [SEP] overwhelming
4369,cn,0.063430811,镜片 [SEP] 镜片的厚度与度数相关。 [SEP] l___ [SEP] lens
4370,cn,-3.031317969,牧区 [SEP] 这位牧师认识牧区里的所有住户。 [SEP] p_____ [SEP] parish
4371,cn,0.135340595,计算 [SEP] 我们计算了店铺去年的总支出。 [SEP] c________ [SEP] calculate
4372,cn,-0.263086016,断开 [SEP] 请在修理电器前断开电源。 [SEP] d_________ [SEP] disconnect
4373,cn,-0.706277766,注视 [SEP] 他热切的注视让她脸红了。 [SEP] g___ [SEP] gaze
4374,cn,-1.741862252,汤 [SEP] 许多西餐需要提前备好肉汤。 [SEP] b____ [SEP] broth
4375,cn,2.664342069,船 [SEP] 河面上有几艘小船。 [SEP] b___ [SEP] boat
4376,cn,-3.809650459,无证据的指控 [SEP] 关于虐童的无证据的指控险些断送了他的前程。 [SEP] a_________ [SEP] allegation
4377,cn,-1.981852377,唯物论者 [SEP] 我的父亲是一位经济学家，也是一位唯物论者。 [SEP] m__________ [SEP] materialist
4378,cn,-1.510355409,爬 [SEP] 这个小婴儿刚学会爬。 [SEP] c____ [SEP] crawl
4379,cn,-1.224319281,天空被云遮蔽 [SEP] 忧虑和恐惧让我的思路变得模糊不清。 [SEP] c____ [SEP] cloud
4380,cn,0.119379036,热带的 [SEP] 他们想去热带小岛度蜜月。 [SEP] t_______ [SEP] tropical
4381,cn,-0.301636087,地理的 [SEP] 上海的地理位置十分优越。 [SEP] g_________ [SEP] geographic
4382,cn,-0.29214667,投降 [SEP] 断粮三天后，他们终于投降了。 [SEP] s________ [SEP] surrender
4383,cn,-1.491384997,反对 [SEP] 这项税收政策激起公众反对。 [SEP] o_________ [SEP] opposition
4384,cn,0.296383322,穿过 [SEP] 1)火车穿过一条隧道。2)阳光从窗户射进来。 [SEP] t______ [SEP] through
4385,cn,-1.318290416,伤亡人员 [SEP] 这起事故所幸没有造成人员伤亡。 [SEP] c_______ [SEP] casualty
4386,cn,0.39952499,近地 [SEP] 这两起谋杀密切相关。 [SEP] c______ [SEP] closely
4387,cn,-2.87385613,接受者 [SEP] 奖金的接受者婉拒了我们的采访。 [SEP] r________ [SEP] recipient
4388,cn,-0.567903159,开销大的 [SEP] 这是一项非常昂贵的事业。 [SEP] c_____ [SEP] costly
4389,cn,0.734353009,银 [SEP] 这条项链是银制的。 [SEP] s_____ [SEP] silver
4390,cn,0.149588953,未解决的 [SEP] 关于宇宙仍有许多未解决的谜题。 [SEP] u_______ [SEP] unsolved
4391,cn,-1.531488698,架 [SEP] 他的房间乱糟糟的——看那一架子脏衣服！ [SEP] r___ [SEP] rack
4392,cn,-0.921437378,操纵 [SEP] 1)他对约翰的话唯命是从，后来才渐渐明白过来自己被操纵了。2)有媒体认为大的财团操控了普标价格。 [SEP] m_________ [SEP] manipulate
4393,cn,1.980294081,英俊的 [SEP] 她与一个帅小伙子结婚了。 [SEP] h_______ [SEP] handsome
4394,cn,1.306323825,使…满意 [SEP] 没有什么能让他满意。 [SEP] s______ [SEP] satisfy
4395,cn,-0.477685306,诊断 [SEP] 医生不能诊断他的病症。 [SEP] d_______ [SEP] diagnose
4396,cn,-0.593850534,粗鲁无礼的 [SEP] 1)这部电影可能包括令观众不适的镜头。2)他辱骂的话语深深伤害了我。 [SEP] o________ [SEP] offensive
4397,cn,2.800253889,头发 [SEP] 她的头发是褐色的。 [SEP] h___ [SEP] hair
4398,cn,2.68482995,走 [SEP] 我走路上班。 [SEP] w___ [SEP] walk
4399,cn,2.260227782,印度人的 [SEP] 他是一位印度外交官。 [SEP] i_____ [SEP] indian
4400,cn,-0.469167706,独立 [SEP] 西班牙的加泰罗尼亚地区宣布独立。 [SEP] i___________ [SEP] independence
4401,cn,-1.45615775,离家出走的孩子 [SEP] 三位离家出走的孩子里，有一个是他的儿子。 [SEP] r______ [SEP] runaway
4402,cn,0.587639986,满意的 [SEP] 我对工作的进展很满意。 [SEP] s________ [SEP] satisfied
4403,cn,-0.90831617,神秘地 [SEP] 在这次事件后他就神秘地消失了。 [SEP] m___________ [SEP] mysteriously
4404,cn,-0.050395518,离去 [SEP] 她的离去使公司一片混乱。 [SEP] l______ [SEP] leaving
4405,cn,1.941392059,答案 [SEP] 这个问题很难，但我心里已经有了答案。 [SEP] a_____ [SEP] answer
4406,cn,2.21663587,短的 [SEP] 我们家离学校的距离很短。 [SEP] s____ [SEP] short
4407,cn,-1.488822769,牙床 [SEP] 他的牙掉了，露出牙床。 [SEP] g__ [SEP] gum
4408,cn,-0.750603929,土耳其的 [SEP] 土耳其政府就叙利亚问题表态。 [SEP] t______ [SEP] turkish
4409,cn,-0.645966533,存在 [SEP] 他不相信上帝的存在。 [SEP] e________ [SEP] existence
4410,cn,0.911062197,选择 [SEP] 在工作和家庭之间我选择家庭。 [SEP] c_____ [SEP] choose
4411,cn,-0.520282504,腰 [SEP] 她的腰身很细。 [SEP] w____ [SEP] waist
4412,cn,1.93053604,没有人 [SEP] 没有人理解我。 [SEP] n_____ [SEP] nobody
4413,cn,1.661563188,错误 [SEP] 你的计算有一处错误。 [SEP] e____ [SEP] error
4414,cn,-1.995833176,热衷于…的人 [SEP] 他是一个电影爱好者。 [SEP] e_________ [SEP] enthusiast
4415,cn,-0.08405223,固定 [SEP] 两部车用钩挂在一起。 [SEP] h___ [SEP] hook
4416,cn,1.141140746,靶子 [SEP] 她的三枪只有一枪击中靶子。 [SEP] t_____ [SEP] target
4417,cn,-0.281677154,在…上钻孔 [SEP] 他在墙上打出一个孔。 [SEP] d____ [SEP] drill
4418,cn,-0.234658306,辨别 [SEP] 1)我不能分清上海话与杭州话。2)我们要辨别是非。 [SEP] d__________ [SEP] distinguish
4419,cn,-0.564054491,解释 [SEP] 二氧化碳的排放可以解释气候变暖的现象。 [SEP] a______ [SEP] account
4420,cn,-2.008134454,进程 [SEP] 这类药物被证明能减缓帕金森病的进程。 [SEP] p__________ [SEP] progression
4421,cn,1.357829119,奖励 [SEP] 公司以提薪的方式奖励了她的贡献。 [SEP] r_____ [SEP] reward
4422,cn,1.421589713,部分地 [SEP] 孩子从床上摔下来这件事，部分是我的错。 [SEP] p_____ [SEP] partly
4423,cn,-1.613685031,高速旋转的 [SEP] 高速旋转的抽奖转盘让我头晕。 [SEP] s_______ [SEP] spinning
4424,cn,0.158062819,接待处 [SEP] 我们要去宾馆的接待处登记入住。 [SEP] r________ [SEP] reception
4425,cn,-0.67355802,不正确地 [SEP] 这个公式写得不对。 [SEP] i__________ [SEP] incorrectly
4426,cn,1.651689705,完全 [SEP] 他从日本回来后完全变了。 [SEP] t______ [SEP] totally
4427,cn,0.604614492,项目 [SEP] 1)建设高速铁路的项目获得了政府的强力支持。2)实验室开始了一个关于脑神经的研究课题。 [SEP] p______ [SEP] project
4428,cn,2.344160591,敢 [SEP] 我不敢把他吵醒。 [SEP] d___ [SEP] dare
4429,cn,2.270800451,公正的 [SEP] “这不公平”，男孩抱怨道。 [SEP] f___ [SEP] fair
4430,cn,-3.424527077,分阶段的 [SEP] 这是一套分级的法语教材，适合学生由浅入深地学习。 [SEP] g________ [SEP] graduated
4431,cn,-2.290087904,楼群 [SEP] 我们对面的就是一处工业楼群（或工业园区，其中聚集着许多工厂）。 [SEP] c______ [SEP] complex
4432,cn,-2.996242234,化身 [SEP] “虚拟人生”的游戏中，玩家可以个性化设定自己的角色。 [SEP] a_____ [SEP] avatar
4433,cn,-1.290315969,捐赠者 [SEP] 我们正在联系这些干细胞的捐赠者。 [SEP] d____ [SEP] donor
4434,cn,-0.082229932,身体方面 [SEP] 1)她身体方面很健康。2)这份工作体力方面的要求很高。 [SEP] p_________ [SEP] physically
4435,cn,-0.968218113,冷漠 [SEP] 她的冷漠使他大发雷霆。 [SEP] i___________ [SEP] indifference
4436,cn,-1.417626769,犯罪学 [SEP] 刑警们正在学习犯罪学的最新进展。 [SEP] c__________ [SEP] criminology
4437,cn,2.780222446,手表 [SEP] 他买了一块瑞士手表。 [SEP] w____ [SEP] watch
4438,cn,2.815965879,看 [SEP] 她看到孩子时幸福地笑了。 [SEP] s__ [SEP] see
4439,cn,2.170385853,几乎 [SEP] 她痛得几乎要昏过去了。 [SEP] a_____ [SEP] almost
4440,cn,-0.434245431,唱片 [SEP] 这部唱片曾是轰动一时的作品。 [SEP] h__ [SEP] hit
4441,cn,-3.009093078,立法机关 [SEP] 三权分立指立法机关，行政机关和司法机关的相互制衡。 [SEP] l__________ [SEP] legislature
4442,cn,-1.106180866,信服的 [SEP] 她深信自己不会结婚。 [SEP] c________ [SEP] convinced
4443,cn,3.24842152,尝试 [SEP] 我们会继续尝试直到成功。 [SEP] t__ [SEP] try
4444,cn,-0.734266398,感情 [SEP] 他努力克制着自己的感情。 [SEP] a________ [SEP] affection
4445,cn,1.956543477,怪物 [SEP] 传说有个怪物会定期从湖里出现。 [SEP] m______ [SEP] monster
4446,cn,1.592513081,讲座 [SEP] 她做了一场关于机器学习的讲座。 [SEP] l______ [SEP] lecture
4447,cn,0.486057677,斑马 [SEP] 他在东非草原上第一次看见斑马。 [SEP] z____ [SEP] zebra
4448,cn,-1.97777172,五边形 [SEP] 这是一个规则五边形。 [SEP] p_______ [SEP] pentagon
4449,cn,3.263954193,打 [SEP] 1)飞来的石块击中了我。2)他用拳头打了我。 [SEP] h__ [SEP] hit
4450,cn,0.75618991,潜水运动 [SEP] 我参加了潜水课程。 [SEP] d_____ [SEP] diving
4451,cn,-1.392006401,假定 [SEP] 1)我猜你已经很累了。2)让我们假定你说的是真话。 [SEP] p______ [SEP] presume
4452,cn,1.122383455,标准 [SEP] 我们的产品符合国家标准。 [SEP] s_______ [SEP] standard
4453,cn,0.901251032,移动的 [SEP] 仅在十多年前，移动电话还是奢侈品。 [SEP] m_____ [SEP] mobile
4454,cn,0.512037394,逐渐地 [SEP] 他们逐渐建立起稳定的客户群。 [SEP] g________ [SEP] gradually
4455,cn,-2.621566244,未经审查的 [SEP] 这家网站的内容是未经审查的。 [SEP] u_________ [SEP] uncensored
4456,cn,1.598621042,使相配 [SEP] 请将单词与它们的释义配对。 [SEP] m____ [SEP] match
4457,cn,0.246047115,有差别地 [SEP] 1)父母以不同的方式对待两个孩子。2)钠在不同温度下表现不同。 [SEP] d__________ [SEP] differently
4458,cn,1.325902373,抽烟的人 [SEP] 他是个抽烟很凶的人。 [SEP] s_____ [SEP] smoker
4459,cn,0.184575065,无题的 [SEP] 他临别时赠给我一首无题诗。 [SEP] u_______ [SEP] untitled
4460,cn,-0.797311762,光学的 [SEP] 1)望远镜和显微镜都是常见的光学仪器。2)他天生具有视力缺陷。 [SEP] o______ [SEP] optical
4461,cn,-0.709638964,表达 [SEP] 她们对工作场所的性别歧视表达了不满。 [SEP] v____ [SEP] voice
4462,cn,-2.230079578,头脑清醒的 [SEP] 他虽然小有名气，但可贵的是仍能保持清醒。 [SEP] g_______ [SEP] grounded
4463,cn,-0.022768909,轨道 [SEP] 他们成功把人造卫星送上轨道。 [SEP] o____ [SEP] orbit
4464,cn,2.728584148,冬天 [SEP] 这是个多雪的冬天。 [SEP] w_____ [SEP] winter
4465,cn,0.115089616,姜味的 [SEP] 我不喜欢吃姜味饼干。 [SEP] g_____ [SEP] ginger
4466,cn,2.159602925,危险 [SEP] 热带雨林里充满危险。 [SEP] d_____ [SEP] danger
4467,cn,-4.647595058,非常感兴趣的 [SEP] 董事会对这份方案非常感兴趣。 [SEP] t____ [SEP] taken
4468,cn,-0.923409365,冰山 [SEP] 1)船只撞上了冰山。2)这些问题都只是冰山一角。 [SEP] i______ [SEP] iceberg
4469,cn,0.81409084,有逻辑地 [SEP] 她很有逻辑地分析了交战双方的力量对比。 [SEP] l________ [SEP] logically
4470,cn,-0.715423271,祷告 [SEP] 他向上帝的祷告生效了：孩子活下来了。 [SEP] p_____ [SEP] prayer
4471,cn,0.925642351,锻炼 [SEP] 规律锻炼可以减少患病几率。 [SEP] e_______ [SEP] exercise
4472,cn,1.306549264,蝙蝠 [SEP] 蝙蝠是唯一能飞行的哺乳动物。 [SEP] b__ [SEP] bat
4473,cn,-2.420359315,回忆录 [SEP] 她退休后开始撰写回忆录。 [SEP] m_____ [SEP] memoir
4474,cn,2.712901996,在这里 [SEP] 我不在这住。 [SEP] h___ [SEP] here
4475,cn,-0.681453268,激活 [SEP] 您只需录入指纹就能激活系统。 [SEP] a_______ [SEP] activate
4476,cn,2.635049155,部分 [SEP] 这本书的一部分此前已经发表过。 [SEP] p___ [SEP] part
4477,cn,1.677512953,上锁的 [SEP] 抽屉是上锁的。 [SEP] l_____ [SEP] locked
4478,cn,0.612790923,洗发露 [SEP] 我能闻出他换了一种洗发水。 [SEP] s______ [SEP] shampoo
4479,cn,1.396780737,房租 [SEP] 我的工资只够付每月的房租。 [SEP] r___ [SEP] rent
4480,cn,2.55268708,打电话的人 [SEP] 这位打电话的人选择保持匿名。 [SEP] c_____ [SEP] caller
4481,cn,0.028953245,保护者 [SEP] 父母是子女天然的保护者。 [SEP] p________ [SEP] protector
4482,cn,-0.5832446,蚊子 [SEP] 疟疾可通过蚊子传播。 [SEP] m_______ [SEP] mosquito
4483,cn,-0.637532627,主要地 [SEP] 1)我首先是一名教师，然后才是一个翻译。2)这首歌主要是为年轻女性写的。 [SEP] p________ [SEP] primarily
4484,cn,-1.045154713,居民 [SEP] 当地居民写信抗议噪音。 [SEP] i_________ [SEP] inhabitant
4485,cn,1.574569177,德国的 [SEP] 奥地利是一个德语国家。 [SEP] g_____ [SEP] german
4486,cn,-1.339510193,香草 [SEP] 我喜欢吃香草冰淇凌。 [SEP] v______ [SEP] vanilla
4487,cn,-0.132330754,补偿 [SEP] 经理解雇他后，给了他一个月的工资作为补偿。 [SEP] c___________ [SEP] compensation
4488,cn,2.741345731,票 [SEP] 我需要去上海的两张票。 [SEP] t_____ [SEP] ticket
4489,cn,1.262604682,噪声 [SEP] 他抱怨邻居的噪声。 [SEP] n____ [SEP] noise
4490,cn,0.270127329,包括 [SEP] 1)果汁饮料含有大量糖分。2)工作内容包括收集和分析用户数据。 [SEP] c______ [SEP] contain
4491,cn,0.359243742,甜美 [SEP] 我尤其迷恋她嗓音的甜美。 [SEP] s________ [SEP] sweetness
4492,cn,0.483310047,蓝莓 [SEP] 她买来蓝莓做果酱。 [SEP] b________ [SEP] blueberry
4493,cn,2.788542214,操场 [SEP] 孩子们在操场上玩耍。 [SEP] p_________ [SEP] playground
4494,cn,-0.166468928,提倡 [SEP] 她积极提倡非暴力的和平沟通。 [SEP] a_______ [SEP] advocate
4495,cn,-0.486565869,保证 [SEP] 我保证这种事情不会再发生。 [SEP] g________ [SEP] guarantee
4496,cn,-2.330013777,本地的 [SEP] 1)澳大利亚殖民者曾大肆屠杀土生居民。2)白鳍豚是中国的本地物种。 [SEP] i_________ [SEP] indigenous
4497,cn,3.080512112,橙子 [SEP] 橙子富含维生素。 [SEP] o_____ [SEP] orange
4498,cn,0.721027649,收获 [SEP] 他们收获了许多玉米。 [SEP] h______ [SEP] harvest
4499,cn,0.283953143,坠毁 [SEP] 飞机在遭遇雪山时坠毁了。 [SEP] c____ [SEP] crash
4500,cn,-3.035470771,块 [SEP] 1)这只狗的胸前有一块黄毛。2)床单上有一片湿渍。 [SEP] p____ [SEP] patch
4501,cn,-2.43040486,发型师 [SEP] 发型师为我剪发并烫了发尾。 [SEP] h__________ [SEP] hairstylist
4502,cn,4.317551176,梦见 [SEP] 我梦见了我的祖母。 [SEP] d____ [SEP] dream
4503,cn,-0.24333725,边界 [SEP] 两方军队在边界地带交火。 [SEP] b_____ [SEP] border
4504,cn,-0.561094701,穹顶 [SEP] 大教堂有着黄色的穹顶。 [SEP] d___ [SEP] dome
4505,cn,2.787995589,自…以来 [SEP] 我们自2003年起就在这里工作。 [SEP] s____ [SEP] since
4506,cn,1.850540856,紫色的 [SEP] 他买了一条紫色的裙子。 [SEP] p_____ [SEP] purple
4507,cn,2.144583535,控制 [SEP] 她牢牢地控制着自己的丈夫。 [SEP] c______ [SEP] control
4508,cn,1.762118298,水果蛋糕 [SEP] 她用蓝莓和草莓做了水果蛋糕。 [SEP] f________ [SEP] fruitcake
4509,cn,-0.263404233,使变紧 [SEP] 我系紧手脚上的绳结，准备攀登。 [SEP] t______ [SEP] tighten
4510,cn,1.752100139,包括 [SEP] 工作内容包括收集数据和撰写数据报告。 [SEP] i______ [SEP] include
4511,cn,-0.818871335,关停 [SEP] 这家持续亏损的公司很快将面临关停。 [SEP] s_______ [SEP] shutdown
4512,cn,0.220664458,在社交方面 [SEP] 她在社交方面很笨拙。 [SEP] s_______ [SEP] socially
4513,cn,-2.197803194,誊写 [SEP] 这份采访录音的誊写花了我三天。 [SEP] t____________ [SEP] transcription
4514,cn,1.138960026,立方体 [SEP] 请为我取一个方糖块。 [SEP] c___ [SEP] cube
4515,cn,0.947550327,选举 [SEP] 人们选举他任议员。 [SEP] e____ [SEP] elect
4516,cn,-1.065336793,阴湿的 [SEP] 这件地下室很潮湿。 [SEP] d___ [SEP] damp
4517,cn,1.588468719,继续 [SEP] 你要继续努力才能获得晋升机会。 [SEP] c_______ [SEP] continue
4518,cn,2.912952884,网络的 [SEP] 网络购物已成为社会的新常态。 [SEP] o_____ [SEP] online
4519,cn,2.527954495,车站 [SEP] 我们一早从旅馆赶到车站。 [SEP] s______ [SEP] station
4520,cn,-3.119334247,维和人员 [SEP] 他曾是联合国驻加沙地带的维和人员。 [SEP] p_________ [SEP] peacemaker
4521,cn,0.137950317,使精疲力竭 [SEP] 整夜的工作已经让他精疲力竭。 [SEP] e______ [SEP] exhaust
4522,cn,-1.56650126,休息的 [SEP] 这就是王尔德的长眠之所。 [SEP] r______ [SEP] resting
4523,cn,2.294331131,组 [SEP] 我把班级分成三组。 [SEP] g____ [SEP] group
4524,cn,-0.257618,大陆的 [SEP] 大陆性气候的特点是比较干燥。 [SEP] c__________ [SEP] continental
4525,cn,1.134712587,选择 [SEP] 1)我别无选择。2)这代人比上代人面临更多选择。 [SEP] c_____ [SEP] choice
4526,cn,2.696384563,超级巨星 [SEP] 每一个歌手都有成为超级巨星的梦。 [SEP] s________ [SEP] superstar
4527,cn,1.160230146,成功 [SEP] 我们祝你面试获得成功。 [SEP] s______ [SEP] success
4528,cn,2.448414229,岛 [SEP] 台湾是一个岛屿。 [SEP] i_____ [SEP] island
4529,cn,-0.363955089,巨大的 [SEP] 他面前是一面巨大的屏幕。 [SEP] g____ [SEP] giant
4530,cn,-1.019918453,州长 [SEP] 教授决定竞选州长。 [SEP] g_______ [SEP] governor
4531,cn,-1.615223042,处罚 [SEP] 违章停车的处罚是20镑罚款。 [SEP] p______ [SEP] penalty
4532,cn,-0.031767644,科技的 [SEP] 科技进步改变了人的日常生活。 [SEP] t____________ [SEP] technological
4533,cn,0.112932429,积极地 [SEP] 她积极参与各项改革。 [SEP] a_______ [SEP] actively
4534,cn,-0.407344756,窄路 [SEP] 延着这条小路走就能到达教堂。 [SEP] l___ [SEP] lane
4535,cn,-1.99159857,…皮肤的 [SEP] 她是一个深色皮肤的意大利女孩。 [SEP] s______ [SEP] skinned
4536,cn,-1.703815985,为…挂里子 [SEP] 1)裁缝为大衣加了丝质内衬。2)请在烤盘内里铺一张锡纸。 [SEP] l___ [SEP] line
4537,cn,3.113848061,自由的 [SEP] 我有一个自由的灵魂。 [SEP] f___ [SEP] free
4538,cn,0.794663117,内疚的 [SEP] 我在孩子最需要我的时候离开了他，常常因此感到内疚。 [SEP] g_____ [SEP] guilty
4539,cn,-0.75035555,预防 [SEP] 疾病的预防和治疗同样重要。 [SEP] p_________ [SEP] prevention
4540,cn,1.055295937,薪水 [SEP] 1)我们正在争取涨工资。2)你的薪水由工作量决定。 [SEP] p__ [SEP] pay
4541,cn,-0.27873728,学院 [SEP] 皇家艺术学院享有很高声誉。 [SEP] a______ [SEP] academy
4542,cn,0.046058087,接近 [SEP] 狼正无声无息地接近猎物。 [SEP] a_______ [SEP] approach
4543,cn,0.185412615,温暖 [SEP] 她感受着阳光的温暖。 [SEP] w_____ [SEP] warmth
4544,cn,-0.555228333,引起精神压力的 [SEP] 这份工作薪水更高，但压力也更大。 [SEP] s________ [SEP] stressful
4545,cn,-0.617870961,有弹力的 [SEP] 我买了一个有弹力的发带。 [SEP] e______ [SEP] elastic
4546,cn,-2.108158702,创建的 [SEP] 他是《卫报》的创始人之一。 [SEP] f_______ [SEP] founding
4547,cn,-3.510213573,艺人 [SEP] 既然选择做艺人，娱乐大众就是我们的工作。 [SEP] s______ [SEP] showman
4548,cn,-0.244104374,认证 [SEP] 这些鸡蛋获得了有机食品的认证。 [SEP] c____________ [SEP] certification
4549,cn,-1.293310205,尊敬地 [SEP] “您的到场让我们很荣幸”，她尊敬地说。 [SEP] r___________ [SEP] respectfully
4550,cn,-0.059346495,奶酪汉堡（肉饼上有奶酪的汉堡） [SEP] 相比于普通汉堡我更喜欢奶酪汉堡。 [SEP] c___________ [SEP] cheeseburger
4551,cn,1.793221846,我们自己 [SEP] 合作对对方和我们自己都有好处。 [SEP] o________ [SEP] ourselves
4552,cn,0.155333304,在经济学上地 [SEP] 从经济学上看，我们确实应当扩大出口。 [SEP] e___________ [SEP] economically
4553,cn,0.352433842,雷 [SEP] 远处响起了雷声。 [SEP] t______ [SEP] thunder
4554,cn,0.048337928,能营利的 [SEP] 他认为开水电站是一个能赚钱的买卖。 [SEP] p_________ [SEP] profitable
4555,cn,-1.116280353,慢性的 [SEP] 风湿是一种慢性病。 [SEP] c______ [SEP] chronic
4556,cn,-0.095608421,蘸 [SEP] 他用玉米片蘸了酱。 [SEP] d__ [SEP] dip
4557,cn,2.38288302,昨天 [SEP] 我昨天去了学校。 [SEP] y________ [SEP] yesterday
4558,cn,1.934491906,自信的 [SEP] 他看起来十分自信。 [SEP] c________ [SEP] confident
4559,cn,-0.305131878,住房 [SEP] 1)北京的住房开销很大。2)政府需要解决此地的住房问题。 [SEP] h______ [SEP] housing
4560,cn,-3.261026752,很 [SEP] 我能在火灾中毫发无损真是很幸运。 [SEP] t_______ [SEP] terribly
4561,cn,-0.37868055,总统的 [SEP] 这是一次惊心动魄的总统选举。 [SEP] p___________ [SEP] presidential
4562,cn,-1.845026067,分别地 [SEP] 他们分开审讯两位犯人。 [SEP] s_________ [SEP] separately
4563,cn,0.580057596,假装 [SEP] 1)别假装你不在乎！2)他假装自己毫不知情。 [SEP] p______ [SEP] pretend
4564,cn,2.150401273,弱的 [SEP] 手术过去一周了，但他还是很虚弱。 [SEP] w___ [SEP] weak
4565,cn,2.515858808,坚果 [SEP] 这些早餐麦片中含有碎坚果。 [SEP] n__ [SEP] nut
4566,cn,0.36049566,文学 [SEP] 他学习英国文学。 [SEP] l_________ [SEP] literature
4567,cn,-1.573000399,输血 [SEP] 他在车祸中失血过多，需要输血。 [SEP] t__________ [SEP] transfusion
4568,cn,-2.052186018,抗菌的 [SEP] 生姜有抗菌的效果。 [SEP] a____________ [SEP] antibacterial
4569,cn,1.541993731,新鲜的 [SEP] 我从市场买了些新鲜水果。 [SEP] f____ [SEP] fresh
4570,cn,-1.093701453,幼童 [SEP] 这件衣服太小了——这是幼童尺寸，但我的孩子已经5岁了。 [SEP] t______ [SEP] toddler
4571,cn,-0.949646911,形容词 [SEP] “大房子”中的“大”是一个形容词。 [SEP] a________ [SEP] adjective
4572,cn,-2.883651198,连绵的 [SEP] 她看着火车窗外连绵的群山。 [SEP] r______ [SEP] rolling
4573,cn,2.069753385,闻 [SEP] 我闻见什么东西烧糊了。 [SEP] s____ [SEP] smell
4574,cn,0.627412128,提示 [SEP] 给你个提示——这个词有四个字母。 [SEP] h___ [SEP] hint
4575,cn,-0.926310265,演员阵容 [SEP] 这部电影采用了全明星演员阵容。 [SEP] c___ [SEP] cast
4576,cn,2.616744158,打架 [SEP] 他在打架中败下阵来。 [SEP] f____ [SEP] fight
4577,cn,0.987446445,多岩石的 [SEP] 这个国家具有布满岩石的沿海地貌。 [SEP] r____ [SEP] rocky
4578,cn,-2.406026908,脱掉…的衣服 [SEP] 她脱掉宝宝的衣服。 [SEP] s____ [SEP] strip
4579,cn,-0.227906989,脆弱的 [SEP] 这些是易碎物品，请轻拿轻放。 [SEP] f______ [SEP] fragile
4580,cn,0.391246734,羊毛 [SEP] 这顶帽子是羊毛制的。 [SEP] w___ [SEP] wool
4581,cn,1.78114219,签证 [SEP] 我正在申请去意大利的旅游签证。 [SEP] v___ [SEP] visa
4582,cn,1.304523151,经济的 [SEP] 经济发展需要和环境保护相协同。 [SEP] e_______ [SEP] economic
4583,cn,-1.836232479,氮 [SEP] 氮气是空气的主要成分。 [SEP] n_______ [SEP] nitrogen
4584,cn,0.509715036,智慧 [SEP] 她并不是个聪明伶俐的女孩，但她有智慧。 [SEP] w_____ [SEP] wisdom
4585,cn,1.024798624,青蛙 [SEP] 他在雨后发现了青蛙。 [SEP] f___ [SEP] frog
4586,cn,1.242879888,物体 [SEP] 1)这次展览展出了500余件古代物品。2)他被硬物击伤头部。 [SEP] o_____ [SEP] object
4587,cn,1.359755318,音乐的 [SEP] 她学习音乐理论。 [SEP] m______ [SEP] musical
4588,cn,-0.116810549,松树 [SEP] 校园里有好多松树。 [SEP] p___ [SEP] pine
4589,cn,0.276559137,出去 [SEP] 他出了这间屋子。 [SEP] e___ [SEP] exit
4590,cn,-1.785735623,咧嘴笑 [SEP] 她笑着与丈夫挥手告别。 [SEP] g___ [SEP] grin
4591,cn,-0.057504678,广播员 [SEP] 新闻播报员有着甜美的嗓音。 [SEP] b__________ [SEP] broadcaster
4592,cn,3.258025198,未来 [SEP] 他们都有光明的未来。 [SEP] f_____ [SEP] future
4593,cn,-2.332057678,感受力 [SEP] 她有很敏锐的诗性感受力。 [SEP] s__________ [SEP] sensibility
4594,cn,0.849209413,飞行 [SEP] 飞行时间是5个小时。 [SEP] f_____ [SEP] flight
4595,cn,2.158209022,桥 [SEP] 过了这座桥就是我们的目的地。 [SEP] b_____ [SEP] bridge
4596,cn,1.429163322,允许 [SEP] 他只允许孩子们周末看电视。 [SEP] a____ [SEP] allow
4597,cn,-1.822043011,眼镜蛇 [SEP] 他在远足时遭遇了眼镜蛇，所幸有惊无险。 [SEP] c____ [SEP] cobra
4598,cn,1.812882634,瓶子 [SEP] 旧塑料瓶应当得到回收利用。 [SEP] b_____ [SEP] bottle
4599,cn,-3.370443241,恐惧或歧视同性恋者的 [SEP] 拒绝雇佣同性恋者也属于恐同行为。 [SEP] h_________ [SEP] homophobic
4600,cn,-0.078437698,含大量奶油的 [SEP] 待到汤变成浓稠的奶油状时就可以出锅了。 [SEP] c_____ [SEP] creamy
4601,cn,-1.346052295,发表 [SEP] 这篇论文的发表使他在学界受到了注意。 [SEP] p__________ [SEP] publication
4602,cn,-0.478651345,黏土 [SEP] 工人们把黏土烧制成砖。 [SEP] c___ [SEP] clay
4603,cn,2.406075331,纸 [SEP] 圣诞卡片浪费大量纸张。 [SEP] p____ [SEP] paper
4604,cn,-1.491343238,从伦理上讲 [SEP] 侵犯别人隐私在道德上是不正确的。 [SEP] e________ [SEP] ethically
4605,cn,0.985442431,帮助 [SEP] 书后也附有生词表，以帮助读者理解。 [SEP] a__ [SEP] aid
4606,cn,1.5754184,女人 [SEP] 她是个富有魅力的女人。 [SEP] w____ [SEP] woman
4607,cn,-1.043881382,平民的 [SEP] 炸弹炸毁了许多民用设施。 [SEP] c_______ [SEP] civilian
4608,cn,0.917197973,勺 [SEP] 她用勺子舀汤喝。 [SEP] s____ [SEP] spoon
4609,cn,-0.87302601,语言表达的 [SEP] 1)广告运用各种言说策略诱使观众动心。2)他对我使用了言辞侮辱（即辱骂）。 [SEP] v_____ [SEP] verbal
4610,cn,-1.081723047,池塘 [SEP] 池塘里有几只青蛙。 [SEP] p___ [SEP] pond
4611,cn,0.766123514,堂表亲 [SEP] 我有两位年纪相仿的堂兄妹。 [SEP] c_____ [SEP] cousin
4612,cn,2.588583969,气体 [SEP] 氧气、氢气和二氧化碳都是气体。 [SEP] g__ [SEP] gas
4613,cn,0.063786821,芭蕾 [SEP] 很多女孩从小学习芭蕾舞。 [SEP] b_____ [SEP] ballet
4614,cn,2.334323405,座位 [SEP] 他选了一个靠窗的座位。 [SEP] s___ [SEP] seat
4615,cn,0.867876831,港口 [SEP] 大连是一个重要的港口。 [SEP] p___ [SEP] port
4616,cn,-0.016100475,安排…的日程 [SEP] 我安排了下月的出差。 [SEP] s_______ [SEP] schedule
4617,cn,-0.970798902,闲置的 [SEP] 我们有一个闲置的客房，你不想回家时可以来这。 [SEP] s____ [SEP] spare
4618,cn,-2.97596004,骗局 [非正式] [SEP] 那些声称收件人中奖的邮件不过是个骗局。 [SEP] c__ [SEP] con
4619,cn,1.290718595,愚蠢的 [SEP] 我犯了个愚蠢的错误。 [SEP] f______ [SEP] foolish
4620,cn,-2.111640271,宝贝儿（口语，指代惹人喜爱的年轻男女；不是baby） [SEP] 宝贝儿，今晚想吃什么？ [SEP] b___ [SEP] babe
4621,cn,-2.137660777,用全力 [SEP] 他用全力试图去看清黑板上的字。 [SEP] s_____ [SEP] strain
4622,cn,-3.395359056,正式的指示或命令 [SEP] 将军给出了撤退的命令。 [SEP] d________ [SEP] directive
4623,cn,-1.65826534,中世纪的 [SEP] 我学习中世纪文学。 [SEP] m_______ [SEP] medieval
4624,cn,1.486133591,祖国 [SEP] 她要求死后将骨灰葬回祖国。 [SEP] m_________ [SEP] motherland
4625,cn,-1.60609906,复苏 [SEP] 他们尝试通过喂奶粉让小猫复苏。 [SEP] r_____ [SEP] revive
4626,cn,0.38643456,嫌疑人 [SEP] 警察安排了对嫌犯的秘密搜捕。 [SEP] s______ [SEP] suspect
4627,cn,2.029034039,节 [SEP] 正月初一是春节。 [SEP] f_______ [SEP] festival
4628,cn,1.829010919,有用的 [SEP] 医生发的小册子里有一些有用信息。 [SEP] u_____ [SEP] useful
4629,cn,2.451617262,肯帮忙的 [SEP] 1)他总是乐于助人。2)你的建议很有帮助。 [SEP] h______ [SEP] helpful
4630,cn,-0.26148003,刺激 [SEP] 政府调整利率以刺激消费。 [SEP] s________ [SEP] stimulate
4631,cn,1.157869536,日本的 [SEP] 你喜欢日本饮食吗？ [SEP] j_______ [SEP] japanese
4632,cn,-1.29586679,依赖 [SEP] 我们对进口粮食的依赖令人担忧。 [SEP] d_________ [SEP] dependence
4633,cn,0.430386189,牛排 [SEP] 他在平底锅上煎牛排。 [SEP] s____ [SEP] steak
4634,cn,-0.243996711,混乱 [SEP] 1)学生们看着她，眼中充满迷惑。2)这些混乱的道路标识往往造成困惑。 [SEP] c________ [SEP] confusion
4635,cn,2.932103294,米 [SEP] 他喜欢吃米饭。 [SEP] r___ [SEP] rice
4636,cn,-1.331813527,尸体 [SEP] 他不忍心看着儿子成为一具冰冷的尸体。 [SEP] c_____ [SEP] corpse
4637,cn,1.985836519,不像的 [SEP] 他们两人毫不相像，但他们竟然相爱了。 [SEP] u_____ [SEP] unlike
4638,cn,2.81037281,文化 [SEP] 许多西方人喜欢中国文化。 [SEP] c______ [SEP] culture
4639,cn,0.774965097,校园 [SEP] 这座大学的校园很美。 [SEP] c_____ [SEP] campus
4640,cn,-1.268982645,处于不利地位的 [SEP] 这些处于弱势地位的家庭急需我们的援助。 [SEP] d____________ [SEP] disadvantaged
4641,cn,0.451336445,正义的 [SEP] 他们宣称这是一场正义的战争。 [SEP] j___ [SEP] just
4642,cn,-0.48049094,边界 [SEP] 远处那条河就是村子的边界。 [SEP] b_______ [SEP] boundary
4643,cn,-1.21987344,新兴的 [SEP] 许多企业都在关注位于亚洲国家的新兴市场。 [SEP] e_______ [SEP] emerging
4644,cn,1.780311297,镜子 [SEP] 她站在镜前打量自己。 [SEP] m_____ [SEP] mirror
4645,cn,0.348672523,极地的 [SEP] 北极熊的生存受到威胁。 [SEP] p____ [SEP] polar
4646,cn,-4.498722867,无法描述的 [SEP] 屠杀现场的恐怖难以描述。 [SEP] u__________ [SEP] unspeakable
4647,cn,1.588035192,多雪的 [SEP] 上海度过了一个多雪的冬天。 [SEP] s____ [SEP] snowy
4648,cn,-1.987548406,切碎的 [SEP] 把切碎的西红柿放入锅中加热。 [SEP] c______ [SEP] chopped
4649,cn,1.656114901,蛇 [SEP] 草丛中突然蹿出一条蛇。 [SEP] s____ [SEP] snake
4650,cn,0.060910039,使…恐惧 [SEP] 我不敢蹦极——一从悬崖上往下跳的景象让我害怕。 [SEP] t______ [SEP] terrify
4651,cn,0.502362846,清洗 [SEP] 这条裤子需要清洗了。 [SEP] w______ [SEP] washing
4652,cn,0.075952697,作业 [SEP] 这门课程的考核包括各种书面作业和实践测试。 [SEP] a_________ [SEP] assignment
4653,cn,-0.48507326,有效性 [SEP] 医生测试这种新药的有效性。 [SEP] e____________ [SEP] effectiveness
4654,cn,-3.821480974,巴勒斯坦的 [SEP] 巴勒斯坦武装部队与以军发生冲突。 [SEP] p__________ [SEP] palestinian
4655,cn,-0.558107081,叹气 [SEP] “我不喜欢这份工作“，她叹口气。 [SEP] s___ [SEP] sigh
4656,cn,2.3896139,硬币 [SEP] 请给我纸币而不是硬币，谢谢。 [SEP] c___ [SEP] coin
4657,cn,0.077046554,增长的 [SEP] 增长的工资让他打消了辞职的念头。 [SEP] i________ [SEP] increased
4658,cn,2.748577155,婴儿 [SEP] 我能抱一会儿小宝宝吗？ [SEP] b___ [SEP] baby
4659,cn,-1.945538684,出现 [SEP] 新型产业的出现吸引了大量的投资机会。 [SEP] e________ [SEP] emergence
4660,cn,0.404259304,复杂的 [SEP] 印巴边境的局势一直十分复杂。 [SEP] c__________ [SEP] complicated
4661,cn,-1.879075441,明白的 [SEP] 1)我听不懂这些专业术语，请用白话再说一遍。2)他就要被辞退了，这是个明白的事实。 [SEP] p____ [SEP] plain
4662,cn,0.02040112,投资者 [SEP] 我们与潜在的投资者洽谈合作细节。 [SEP] i_______ [SEP] investor
4663,cn,-0.741589924,次要的 [SEP] 健康是首位的，金钱只是次要的。 [SEP] s________ [SEP] secondary
4664,cn,-0.075114925,管子 [SEP] 水管炸裂了。 [SEP] p___ [SEP] pipe
4665,cn,0.825526036,先进的 [SEP] 先进的科学技术方便了人们的生活。 [SEP] a_______ [SEP] advanced
4666,cn,1.574067103,忽视 [SEP] 1)他对她的要求毫不理会。2)我们忽视了安全规则。 [SEP] i_____ [SEP] ignore
4667,cn,-2.03279943,联合的 [SEP] 二战中的苏联，英国和法国是同盟国。 [SEP] a_____ [SEP] allied
4668,cn,-1.024268954,升高的 [SEP] 全球变暖意味着升高的海平面。 [SEP] r_____ [SEP] rising
4669,cn,-1.795956578,流亡 [SEP] 他在流亡中写下了这部小说。 [SEP] e____ [SEP] exile
4670,cn,-1.339952218,锦标赛 [SEP] 他连续夺得三届锦标赛的冠军。 [SEP] t_________ [SEP] tournament
4671,cn,0.04596975,在政治方面 [SEP] 1)她在政治方面十分激进。2)政治正确的说法是使用中性而非男性的词语，比如用chairperson替代chairman。 [SEP] p__________ [SEP] politically
4672,cn,1.938740695,信任 [SEP] 夫妇必须互相信任。 [SEP] t____ [SEP] trust
4673,cn,1.195507935,对付 [SEP] 让他去吧，他知道怎么对付那些记者们！ [SEP] h_____ [SEP] handle
4674,cn,-1.594343371,摞起 [SEP] 她把书在桌上摞起来。 [SEP] s____ [SEP] stack
4675,cn,3.071376833,永远不 [SEP] 我永远不会相信他。 [SEP] n____ [SEP] never
4676,cn,-0.36976046,循环 [SEP] “合久必分、分久必合”讲的就是战争与和平间周而复始的循环。 [SEP] c____ [SEP] cycle
4677,cn,0.786947185,收费 [SEP] 1)儿童参观免费。2)额外行李需要收费。 [SEP] c_____ [SEP] charge
4678,cn,0.540018506,促进 [SEP] 政府大力促进与东南亚各国的经济合作。 [SEP] p______ [SEP] promote
4679,cn,-0.286700948,商业地 [SEP] 1)这种材料如果商用将大有前景。2)你需要多在商业方面动脑筋。 [SEP] c___________ [SEP] commercially
4680,cn,1.951614903,已经 [SEP] “吃午饭吗？”“谢谢，我已经吃了。” [SEP] a______ [SEP] already
4681,cn,-1.769206597,均匀地 [SEP] 1)请在蛋糕表面均匀地洒下一层糖霜。2)我们希望有限的资源能够平均分配。 [SEP] e_____ [SEP] evenly
4682,cn,0.11534335,按钮 [SEP] 按下这个按钮就能启动机器。 [SEP] b_____ [SEP] button
4683,cn,-1.906689593,萨克斯 [SEP] 他在一个爵士乐队吹奏萨克斯。 [SEP] s________ [SEP] saxophone
4684,cn,-1.329241804,促进 [SEP] 1)我们要促进和平事业。2)她选择去国外深造。 [SEP] f______ [SEP] further
4685,cn,-0.41708459,跪 [SEP] 她跪在火边烤肉。 [SEP] k____ [SEP] kneel
4686,cn,2.165566579,脏的 [SEP] 这些是脏衣服。 [SEP] d____ [SEP] dirty
4687,cn,1.881770841,钱夹 [SEP] 小偷趁他上地铁时摸走了他的钱夹。 [SEP] w_____ [SEP] wallet
4688,cn,-0.139092843,隔离 [SEP] 1)与家人的长期分离令他感到忧郁。2)非典病人有的经受了长达数周的隔离。 [SEP] i________ [SEP] isolation
4689,cn,-1.983789477,就业 [SEP] 政府为失业人群提供了就业服务。 [SEP] p________ [SEP] placement
4690,cn,0.490607271,指控 [SEP] 她指控对方谋杀。 [SEP] a_____ [SEP] accuse
4691,cn,2.389373447,植物 [SEP] 1)植物的生长需要水分。2)我学习植物科学。 [SEP] p____ [SEP] plant
4692,cn,-1.253222006,卡拉ok [SEP] 我想去唱卡拉ok。 [SEP] k______ [SEP] karaoke
4693,cn,-2.425981854,宣传 [SEP] 这些电影都是为了宣传目的制作的。 [SEP] p_________ [SEP] propaganda
4694,cn,0.542532191,切除 [SEP] 医生切除了他脑部的肿瘤。 [SEP] r_____ [SEP] remove
4695,cn,0.610727119,钻石 [SEP] 他用一只钻石戒指向她求婚。 [SEP] d______ [SEP] diamond
4696,cn,2.287405794,勇敢的 [SEP] 你是个勇敢的女孩。 [SEP] b____ [SEP] brave
4697,cn,2.352107773,拥抱 [SEP] 告别的时候，他拥抱了我。 [SEP] h__ [SEP] hug
4698,cn,2.9865902,笔 [SEP] 您能借我一支笔吗？ [SEP] p__ [SEP] pen
4699,cn,-2.069184658,干预 [SEP] 我不想干预你们的家事，但请你们吵架时控制音量。 [SEP] i________ [SEP] interfere
4700,cn,2.243901908,领域 [SEP] 数学和地理学是两个不同的领域。 [SEP] a___ [SEP] area
4701,cn,0.954481461,线索 [SEP] 警方找到了案件的关键线索。 [SEP] c___ [SEP] clue
4702,cn,-1.278527803,咨询 [SEP] 与心理医生的几次咨询过后，她放弃了自杀的念头。 [SEP] c___________ [SEP] consultation
4703,cn,-0.177244286,移民 [SEP] 政府制定了新的移民政策。 [SEP] i__________ [SEP] immigration
4704,cn,0.638572864,矿 [SEP] 他们在矿上工作。 [SEP] m___ [SEP] mine
4705,cn,-1.479482764,促销的 [SEP] 降价是商家常用的促销手段之一。 [SEP] p__________ [SEP] promotional
4706,cn,-2.143710216,地质的 [SEP] 他们考察了尼泊尔山区的地质特征。 [SEP] g_________ [SEP] geological
4707,cn,3.133460357,关键的 [SEP] 信任是婚姻成功的关键要素。 [SEP] k__ [SEP] key
4708,cn,-2.475776038,轮空晋级 [SEP] 日本队在最后一场轮空，直接进入下一轮。 [SEP] b__ [SEP] bye
4709,cn,0.322422558,最新信息 [SEP] 市场部定期汇报市场趋势的最新信息。 [SEP] u_____ [SEP] update
4710,cn,0.145287989,浪漫地 [SEP] 这个故事浪漫地开始于一个希腊小岛。 [SEP] r___________ [SEP] romantically
4711,cn,-0.709825218,腐败 [SEP] 政府大力打击腐败。 [SEP] c_________ [SEP] corruption
4712,cn,-2.489616962,卫生棉条 [SEP] 她习惯在月经期间使用卫生棉条。 [SEP] t_____ [SEP] tampon
4713,cn,-0.776459464,终止 [SEP] 援助的突然终止造成局势混乱。 [SEP] t__________ [SEP] termination
4714,cn,-1.240420569,抵押贷款 [SEP] 除水电费外，我必须还每月偿还房贷。 [SEP] m_______ [SEP] mortgage
4715,cn,-1.002448564,激活 [SEP] 账号的激活需要时间。 [SEP] a_________ [SEP] activation
4716,cn,0.504055008,危险地 [SEP] 最好不要坐他的车。他车开得很危险。 [SEP] d__________ [SEP] dangerously
4717,cn,0.416099197,场景 [SEP] 这部电影的开头场景令人难忘。 [SEP] s____ [SEP] scene
4718,cn,0.024617958,改革 [SEP] 我们的改革很成功。 [SEP] r_____ [SEP] reform
4719,cn,2.402248386,湿的 [SEP] 他进来时我头发还是湿的。 [SEP] w__ [SEP] wet
4720,cn,-0.172511811,之后 [SEP] 不久之后她就接到了导演的电话。 [SEP] a________ [SEP] afterward
4721,cn,-1.513659557,部落的 [SEP] 这位伟大的航海家最终在一次部落纠纷中被杀害了。 [SEP] t_____ [SEP] tribal
4722,cn,1.277341083,安排 [SEP] 一切都安排妥当了。 [SEP] a______ [SEP] arrange
4723,cn,-1.602120282,传记性的 [SEP] 这部历史小说也包括了很多关于凯撒大帝的传记性事实。 [SEP] b_________ [SEP] biographic
4724,cn,-4.050698119,通常水准 [SEP] 适龄儿童的在许多省份还远低于普遍标准。 [SEP] p__ [SEP] par
4725,cn,1.496012354,重连 [SEP] 我们正在尝试网络重连。 [SEP] r________ [SEP] reconnect
4726,cn,1.592155163,在水下的 [SEP] 我们开展了水下的测量工作。 [SEP] u_________ [SEP] underwater
4727,cn,-0.131634934,…的尖 [SEP] 我的手指尖被锅烫到了。 [SEP] t__ [SEP] tip
4728,cn,-1.701407845,象征地 [SEP] 会议象征性地选择在二战结束纪念日举办。 [SEP] s___________ [SEP] symbolically
4729,cn,2.013553025,设计（不是devise） [SEP] 我不喜欢这辆车的设计。 [SEP] d_____ [SEP] design
4730,cn,-0.896044845,公共服务 [SEP] 房租每月350英镑，含水电煤气费。 [SEP] u______ [SEP] utility
4731,cn,0.815089629,手球 [SEP] 我们观看了奥运会手球项目。 [SEP] h_______ [SEP] handball
4732,cn,-1.701668651,被告 [SEP] 被告坚称自己无罪。 [SEP] d________ [SEP] defendant
4733,cn,1.001634215,卷 [SEP] 袋子里共有9卷厕纸。 [SEP] r___ [SEP] roll
4734,cn,0.870052708,烤箱 [SEP] 他把蛋糕坯放进烤箱。 [SEP] o___ [SEP] oven
4735,cn,-2.792366616,转变 [SEP] 1)皈依后他写了大量宗教诗。2)国家开始了向更环保的能源结构的转变。 [SEP] c_________ [SEP] conversion
4736,cn,-1.270587309,超级大国 [SEP] 冷战就是美国和苏联两个超级大国的角逐。 [SEP] s_________ [SEP] superpower
4737,cn,-0.436026309,没有标志的 [SEP] 这是一辆没有标志的救护车。 [SEP] u_______ [SEP] unmarked
4738,cn,-2.565819158,上相的 [SEP] 我不太上相，因此不喜欢别人拍摄我。 [SEP] p_________ [SEP] photogenic
4739,cn,-0.395989843,扭动 [SEP] 他用力一拧，瓶盖就开了。 [SEP] t____ [SEP] twist
4740,cn,0.99275438,联系 [SEP] 许多人将嘻哈音乐与堕落文化相联系。 [SEP] l___ [SEP] link
4741,cn,-1.631621908,天文学家 [SEP] 他的志向是成为天文学家。 [SEP] a_________ [SEP] astronomer
4742,cn,-0.266537264,槭树（俗称枫树） [SEP] 她在枫树下拍了照片。 [SEP] m____ [SEP] maple
4743,cn,-3.079403728,监管的 [SEP] 监管部门将打击金融犯罪。 [SEP] r_________ [SEP] regulatory
4744,cn,-1.409643878,术语 [SEP] 这篇文章含很多医学术语。 [SEP] t__________ [SEP] terminology
4745,cn,0.228872383,使…困住 [SEP] 1)我被困在传销组织了。2)她和孩子被困在燃烧的房子里。 [SEP] t___ [SEP] trap
4746,cn,1.098828221,反馈 [SEP] 学生的反馈很积极。 [SEP] f_______ [SEP] feedback
4747,cn,-3.04932875,复制 [SEP] 许多学校的教学并不是为了改变社会，而只是在照着原样复制这个社会。 [SEP] r________ [SEP] reproduce
4748,cn,0.985460283,麦克风 [SEP] 他接过麦克风，演唱了一首歌。 [SEP] m_________ [SEP] microphone
4749,cn,-0.359027016,否定地 [SEP] 1)她否定地给出了回答。2)媒体对这件事作了负面报道。 [SEP] n_________ [SEP] negatively
4750,cn,0.569562174,失败 [SEP] 许多人无法接受意大利在决赛中的落败。 [SEP] d_____ [SEP] defeat
4751,cn,1.463824957,除了…外 [SEP] 除了父母之外，他谁也没告诉。 [SEP] e_____ [SEP] except
4752,cn,-0.306710561,建筑学 [SEP] 建筑对于城市至关重要。 [SEP] a___________ [SEP] architecture
4753,cn,-0.812951538,食欲 [SEP] 这种病的症状包括高烧和食欲减退。 [SEP] a_______ [SEP] appetite
4754,cn,-0.831547508,访问的 [SEP] 她是牛津大学的访问学者。 [SEP] v_______ [SEP] visiting
4755,cn,2.430649365,深的 [SEP] 大海很深。 [SEP] d___ [SEP] deep
4756,cn,1.531979241,近的 [SEP] 超市很近，我们可以走着去。 [SEP] c____ [SEP] close
4757,cn,1.607747562,事件 [SEP] 英国脱欧是2016年的重要历史事件。 [SEP] e____ [SEP] event
4758,cn,0.744549599,修理 [SEP] 汽车在修理后又能正常运转了。 [SEP] r_____ [SEP] repair
4759,cn,-0.850920776,伤 [SEP] 胳膊上的伤还没好。 [SEP] i_____ [SEP] injury
4760,cn,0.124793947,吸 [SEP] 婴儿吮吸着乳汁。 [SEP] s___ [SEP] suck
4761,cn,-0.742221293,为人父母 [SEP] 他通过养孩子学习为人父母的技巧。 [SEP] p________ [SEP] parenting
4762,cn,-0.767877539,令人印象深刻地 [SEP] 两位女孩都肌肉发达得令人印象深刻。 [SEP] i___________ [SEP] impressively
4763,cn,0.17411017,认出 [SEP] 1）警察请证人指认凶手。2）他失忆后无法认出自己的妻子。 [SEP] i_______ [SEP] identify
4764,cn,0.670856831,工业的 [SEP] 我们来到了一片工业园区。 [SEP] i_________ [SEP] industrial
4765,cn,-1.286737362,简单 [SEP] 这个软件的成功秘诀是其设计的简单。 [SEP] s_________ [SEP] simplicity
4766,cn,-0.441539465,圣徒 [SEP] 托马斯·贝克特被亨利二世杀害后，被追封为圣徒。 [SEP] s____ [SEP] saint
4767,cn,2.950561422,干燥的 [SEP] 这是一条干毛巾。 [SEP] d__ [SEP] dry
4768,cn,-1.289615525,逗留 [SEP] 下课后，仍有许多同学在教室逗留，希望问老师问题。 [SEP] l_____ [SEP] linger
4769,cn,0.662728663,名誉 [SEP] 投资时最好选择声誉较好的公司。 [SEP] r_________ [SEP] reputation
4770,cn,0.827740872,资格 [SEP] 如果没有行医资格，你将无法开诊所。 [SEP] q____________ [SEP] qualification
4771,cn,2.97549645,感觉 [SEP] 1)我喜欢圣诞季的感觉。2)这件衣服的手感很粗糙。 [SEP] f___ [SEP] feel
4772,cn,1.746687517,充满希望的 [SEP] 虽然饱受挫折，但他对未来仍充满希望。 [SEP] h______ [SEP] hopeful
4773,cn,-2.361033954,心电感应 [SEP] 她相信自己与双胞胎妹妹常有心电感应。 [SEP] t________ [SEP] telepathy
4774,cn,1.006405429,胸部 [SEP] 乳腺癌的发病率正不断攀升。 [SEP] b_____ [SEP] breast
4775,cn,-0.17399381,地标 [SEP] 外滩是上海著名的地标。 [SEP] l_______ [SEP] landmark
4776,cn,-1.696555488,献身 [SEP] 戍边战士对国防事业的献身令人钦佩。 [SEP] d_________ [SEP] dedication
4777,cn,0.740770719,野餐 [SEP] 我们周日去公园里野餐。 [SEP] p_____ [SEP] picnic
4778,cn,-2.450125657,投币 [SEP] 请将硬币放入投币口。 [SEP] s___ [SEP] slot
4779,cn,-2.128512461,认知的 [SEP] 认知科学是关于人类如何理解和认识世界的科学。 [SEP] c________ [SEP] cognitive
4780,cn,0.836773502,门铃 [SEP] 门铃响了，她急忙去开门。 [SEP] d_______ [SEP] doorbell
4781,cn,-1.22745005,代数 [SEP] 代数和几何共同构成数学。 [SEP] a______ [SEP] algebra
4782,cn,-0.971736019,然而 [SEP] 北京的一月均温是零下五度，然而上海的却是零上五度。 [SEP] w______ [SEP] whereas
4783,cn,2.719510435,笔记本 [SEP] 他在笔记本上做了听课笔记。 [SEP] n_______ [SEP] notebook
4784,cn,0.414509212,星系 [SEP] 科学家用天文望远镜观测地外星系。 [SEP] g_____ [SEP] galaxy
4785,cn,3.465400073,墙 [SEP] 我能听见墙那边的动静。 [SEP] w___ [SEP] wall
4786,cn,1.750906948,制服 [SEP] 按照规定，学生们必须穿校服。 [SEP] u______ [SEP] uniform
4787,cn,1.764874277,完美地 [SEP] 她完美地完成了这项工作。 [SEP] p________ [SEP] perfectly
4788,cn,3.134815709,最… [SEP] 这辆车是三辆里最贵的。 [SEP] m___ [SEP] most
4789,cn,0.119874739,立刻 [SEP] 政府必须采取立刻行动。 [SEP] i________ [SEP] immediate
4790,cn,-2.52652544,反复 [SEP] 1)你需要删除文章里的一些重复的部分。2)这个乐段需要反复。 [SEP] r_________ [SEP] repetition
4791,cn,1.239880828,高兴地 [SEP] 孩子们正高兴地玩耍。 [SEP] h______ [SEP] happily
4792,cn,-1.916789998,掩盖 [SEP] 她的花言巧语掩盖了她的真实意图。 [SEP] c______ [SEP] conceal
4793,cn,0.538240036,惭愧的 [SEP] 他为自己的贪欲感到羞耻。 [SEP] a______ [SEP] ashamed
4794,cn,-1.81806382,阻塞物 [SEP] 管道工人清理了水管中的堵塞物。 [SEP] o__________ [SEP] obstruction
4795,cn,1.138698036,蒸汽 [SEP] 小心被蒸汽烫到！ [SEP] s____ [SEP] steam
4796,cn,-0.591037168,混凝土 [SEP] 这座桥是混凝土造的。 [SEP] c_______ [SEP] concrete
4797,cn,-1.461002343,经过思考（或考虑）的 [SEP] 这并非他逞一时之快，而是经过深思熟虑后的看法。 [SEP] c_________ [SEP] considered
4798,cn,0.891643442,但愿 [SEP] 1)我下周希望能完成这项工作。2)他们救下了一个孩子——希望是她。 [SEP] h________ [SEP] hopefully
4799,cn,-2.313009627,自传的 [SEP] 他的第一部小说带有浓烈的自传性质。 [SEP] a_______________ [SEP] autobiographical
4800,cn,-0.736313899,排放 [SEP] 我们承诺减少二氧化碳的排放。 [SEP] e_______ [SEP] emission
4801,cn,-0.745628761,网络摄像机 [SEP] 只用一台网络摄像机和一张伶牙俐齿的嘴，她就轻松地成为了网络红人。 [SEP] w_____ [SEP] webcam
4802,cn,-0.679762789,中等的 [SEP] 他是一个中等身材的男人。 [SEP] m_____ [SEP] medium
4803,cn,0.34558113,私下地 [SEP] 他私下找我谈话，想让我放弃这个职位。 [SEP] p________ [SEP] privately
4804,cn,-1.249844258,因袭传统的 [SEP] 她的父母都十分传统，拒绝接受新生事物和自由思想。 [SEP] c___________ [SEP] conventional
4805,cn,3.987414962,名字 [SEP] “我的名字是莉莉”，她说。 [SEP] n___ [SEP] name
4806,cn,-0.521160033,近似（某数值） [SEP] 总开支估算接近8万英镑。 [SEP] a__________ [SEP] approximate
4807,cn,0.610522865,宗教 [SEP] 人在痛苦中往往需要宗教。 [SEP] r_______ [SEP] religion
4808,cn,-0.856933677,回弹 [SEP] 我接住了回弹中的球。 [SEP] r______ [SEP] rebound
4809,cn,1.003376382,退休的 [SEP] 讲座人是一位南京大学的退休教授。 [SEP] r______ [SEP] retired
4810,cn,-0.956790771,丝带 [SEP] 他为蛋糕盒系上丝带。 [SEP] r_____ [SEP] ribbon
4811,cn,-1.44665262,法律责任 [SEP] 对因气象原因导致的演出取消，我们拒绝承担责任，并将不退还票款。 [SEP] l________ [SEP] liability
4812,cn,0.041765849,拳 [SEP] 我气极了，打了他好几拳。 [SEP] p____ [SEP] punch
4813,cn,-1.392384903,特质 [SEP] 他拥有一名优秀运动员应当具有的一切特质。 [SEP] a________ [SEP] attribute
4814,cn,-1.998578945,报道 [SEP] 准确性和客观性对于新闻报道都直观重要。 [SEP] r________ [SEP] reporting
4815,cn,-1.438879825,谢天谢地 [SEP] 谢天谢地他没有染上疟疾。 [SEP] t_________ [SEP] thankfully
4816,cn,1.525130771,工作场所 [SEP] 请不要在工作场所抽烟。 [SEP] w________ [SEP] workplace
4817,cn,-1.132056326,动力学 [SEP] 我们正在学习流体动力学。 [SEP] d_______ [SEP] dynamics
4818,cn,-2.103457632,重建的 [SEP] 火灾后重建的政府大楼今天正式开放。 [SEP] r______ [SEP] rebuilt
4819,cn,-2.266852826,法令 [SEP] 这条法令规定了工人的工资标准和劳动时间。 [SEP] s______ [SEP] statute
4820,cn,2.218853763,鸟 [SEP] 树上有两只鸟。 [SEP] b___ [SEP] bird
4821,cn,-1.769605524,评论 [SEP] 特朗普当选后一周，他在报纸上发表了一篇评论文章。 [SEP] c_________ [SEP] commentary
4822,cn,-2.728328881,范式 [SEP] 我们要改变经济发展耗竭资源的这个范式。 [SEP] p_______ [SEP] paradigm
4823,cn,1.622885809,自信 [SEP] 要取得成功，首先要有自信。 [SEP] c_________ [SEP] confidence
4824,cn,-0.502984137,小心的 [SEP] 她放弃了更大胆的实验方法，转而采用更谨慎的办法。 [SEP] c_______ [SEP] cautious
4825,cn,-0.099674335,令人作呕的 [SEP] 楼道里有种令人反胃的气味。 [SEP] d_________ [SEP] disgusting
4826,cn,0.60602346,鼓励 [SEP] 你的鼓励让我坚持了下来。 [SEP] e____________ [SEP] encouragement
4827,cn,0.329881211,摄影棚 [SEP] 她花了三个月的时间在录音棚录制专辑。 [SEP] s_____ [SEP] studio
4828,cn,-2.614954065,握紧 [SEP] 婴儿牢牢握住我的手指。 [SEP] g___ [SEP] grip
4829,cn,2.369951863,枪 [SEP] 罪犯掏出了枪。 [SEP] g__ [SEP] gun
4830,cn,-2.395025774,监督 [SEP] 他监督项目的进展。 [SEP] o______ [SEP] oversee
4831,cn,-0.460766788,官员 [SEP] 他们要求政府官员作出回应。 [SEP] o_______ [SEP] official
4832,cn,-1.283571045,呼啸的 [SEP] 他们听着窗外呼啸的海风。 [SEP] s________ [SEP] screaming
4833,cn,4.232546118,吻 [SEP] 她给了他一个吻。 [SEP] k___ [SEP] kiss
4834,cn,0.619307293,足球 [SEP] 他和一群朋友踢足球。 [SEP] s_____ [SEP] soccer
4835,cn,0.782120304,假定 [SEP] 我假定在座各位都有电子邮箱。 [SEP] a_____ [SEP] assume
4836,cn,0.530645401,狗叫 [SEP] 他们听到窗外狗叫。 [SEP] b___ [SEP] bark
4837,cn,2.222162429,公寓 [SEP] 她在曼哈顿租了一间公寓。 [SEP] a________ [SEP] apartment
4838,cn,1.000313656,烤（肉或蔬菜） [SEP] 他们在花园里烤肉。 [SEP] r____ [SEP] roast
4839,cn,0.15155462,刷的动作或状态 [SEP] 刷地板是我最不喜欢的家务。 [SEP] b_______ [SEP] brushing
4840,cn,3.075101635,驾驶（车辆） [SEP] 你会开车吗？ [SEP] d____ [SEP] drive
4841,cn,0.855474655,免费高速公路 [SEP] 他把车开上了免费高速公路。 [SEP] f______ [SEP] freeway
4842,cn,-2.515923104,食人的行为 [SEP] 在饥荒的年代常有人吃人的惨剧发生。 [SEP] c__________ [SEP] cannibalism
4843,cn,1.715221244,小说 [SEP] 《红楼梦》是她最喜欢的小说。 [SEP] n____ [SEP] novel
4844,cn,1.67815996,毛衣 [SEP] 他穿了毛衣和羽绒服，但仍然觉得冷。 [SEP] s______ [SEP] sweater
4845,cn,-0.62936981,被允许的 [SEP] 在海关检查区域使用手机是不被允许的。 [SEP] p________ [SEP] permitted
4846,cn,-0.236412553,驴 [SEP] 我分不清驴子和马。 [SEP] d_____ [SEP] donkey
4847,cn,-0.460111063,拥有 [SEP] 他们对所有拥有枪支的人展开调查。 [SEP] p______ [SEP] possess
4848,cn,2.224418796,价钱 [SEP] 顾客们最关心的是服务的价钱和质量。 [SEP] c___ [SEP] cost
4849,cn,1.37032149,基础的 [SEP] 公正是法律的基本原则。 [SEP] b____ [SEP] basic
4850,cn,-2.184657666,相符的 [SEP] 年均亩产值比去年同期增长百分之五。 [SEP] c____________ [SEP] corresponding
4851,cn,2.090188601,主人 [SEP] 离席前，客人再次感谢了主人的招待。 [SEP] h___ [SEP] host
4852,cn,0.190713887,纳税人 [SEP] 所有这些最终都是由纳税人支付的。 [SEP] t_______ [SEP] taxpayer
4853,cn,-1.40813387,苏维埃的 [SEP] 他喜欢苏联文学和音乐。 [SEP] s_____ [SEP] soviet
4854,cn,0.283408514,事务 [SEP] 他担任公共事务顾问。 [SEP] a_____ [SEP] affair
4855,cn,-0.089164742,三倍 [SEP] 由于物资短缺，食盐价格已三倍于正常水平。 [SEP] t_____ [SEP] triple
4856,cn,1.539503427,此外 [SEP] 我不喜欢她的为人。此外，她也并不像传说中那么聪明。 [SEP] b______ [SEP] besides
4857,cn,3.03477478,历史 [SEP] 导游向我们讲述了这条街的历史。 [SEP] h______ [SEP] history
4858,cn,-1.674666369,改编 [SEP] 这部基于舞台剧改编的电影获得了成功。 [SEP] a_________ [SEP] adaptation
4859,cn,0.243745219,情绪上 [SEP] 她情绪上还是很不稳定，容易失控。 [SEP] e__________ [SEP] emotionally
4860,cn,3.113917036,种类 [SEP] 世界上有不同种类的人。 [SEP] k___ [SEP] kind
4861,cn,3.307281704,教 [SEP] 她在小学教英语。 [SEP] t____ [SEP] teach
4862,cn,0.400501976,已出售的 [SEP] 抱歉，您上次选中的那件产品已经售出了。 [SEP] s___ [SEP] sold
4863,cn,-3.890485068,可得到表现的 [SEP] 这些关于文化多样性的论述仍使用了一些有对应形象的族群和种族，如黑人孩子、亚马逊流域女性，而一些鲜为人知且迅速被同化的族群则鲜有论及。 [SEP] r____________ [SEP] representable
4864,cn,-1.327049467,青少年的 [SEP] 青少年犯罪一直是一个棘手问题。 [SEP] j_______ [SEP] juvenile
4865,cn,0.783557567,数字的 [SEP] 这是一台数码相机，与传统的胶片相机不同。 [SEP] d______ [SEP] digital
4866,cn,-0.038814121,臀部 [SEP] 我的臀部很宽。 [SEP] h__ [SEP] hip
4867,cn,2.234914063,箱子 [SEP] 猫咪喜欢钻纸箱子。 [SEP] b__ [SEP] box
4868,cn,-1.942437427,气道 [SEP] 请让病人侧躺，保持气道畅通。 [SEP] a_____ [SEP] airway
4869,cn,-0.004165998,对手 [SEP] 我们面对强大的竞争对手，不能放松警惕。 [SEP] c_________ [SEP] competitor
4870,cn,-2.699159809,占星学的 [SEP] 占星学研究与天文学不同，并不是一门严格的科学。 [SEP] a___________ [SEP] astrological
4871,cn,0.582229455,进展 [SEP] 这项实验正进展顺利。 [SEP] p_______ [SEP] progress
4872,cn,-1.17032523,友爱 [SEP] 牧师教他们相信和平和友爱。 [SEP] b__________ [SEP] brotherhood
4873,cn,1.450635887,承受痛苦 [SEP] 1)她每年冬天都受哮喘折磨。2)他不忍心看孩子遭罪。 [SEP] s_____ [SEP] suffer
4874,cn,2.420828788,总的 [SEP] 总的伤亡人数还没有公布。 [SEP] t____ [SEP] total
4875,cn,0.196657241,行动 [SEP] 1)媒体详细报道了这次军事行动。2)这台机器在运行中。 [SEP] o________ [SEP] operation
4876,cn,0.67326231,使受伤 [SEP] 1)车祸造成两人受伤。2)士兵的腿在突袭中受伤了。 [SEP] w____ [SEP] wound
4877,cn,1.217063133,胡萝卜 [SEP] 兔子喜欢吃胡萝卜。 [SEP] c_____ [SEP] carrot
4878,cn,0.916214138,甜品 [SEP] 西方人有饭后吃甜品的习惯。 [SEP] d______ [SEP] dessert
4879,cn,1.198709354,围绕 [SEP] 1)我身边围绕着优秀的人。2)她发现自己被几个歹徒围住了。 [SEP] s_______ [SEP] surround
4880,cn,2.047183577,收音机 [SEP] 他有每天早上收听广播的习惯。 [SEP] r____ [SEP] radio
4881,cn,0.533700226,神奇地 [SEP] 这种药神奇地见效了——我多年的咳嗽好了。 [SEP] m________ [SEP] magically
4882,cn,0.925953101,就我个人而言 [SEP] 就我个人来说，我比较喜欢素色的服饰。 [SEP] p_________ [SEP] personally
4883,cn,-1.488094799,机会主义者 [SEP] 同行们都知道他是一个善于偷懒和钻营的学术机会主义者。 [SEP] o__________ [SEP] opportunist
4884,cn,-0.975087215,横幅 [SEP] 学校里挂满了女生节的横幅。 [SEP] b_____ [SEP] banner
4885,cn,-0.088981512,瘾 [SEP] 她的海洛因瘾犯起来十分可怕。 [SEP] a________ [SEP] addiction
4886,cn,-0.577517114,民意调查 [SEP] 民意调查显示民主党暂时占据优势。 [SEP] p___ [SEP] poll
4887,cn,-0.154059699,敏感的 [SEP] 1)这些手稿对光很敏感，应避光保存。2)他对批评很敏感（听不得批评）。 [SEP] s________ [SEP] sensitive
4888,cn,2.197427128,大小 [SEP] 1)医生告知了他肿瘤的大小。2)政府不得不考虑控制城市的大小。 [SEP] s___ [SEP] size
4889,cn,1.173302315,接着的 [SEP] 请将下述材料混合在一起：鸡蛋，面粉，糖，牛奶。 [SEP] f________ [SEP] following
4890,cn,-0.596325531,繁殖 [SEP] 动物园的熊猫近日繁育了幼崽。 [SEP] b____ [SEP] breed
4891,cn,-3.178813948,令人难忘地 [SEP] “我想要的东西，我总会想方设法得到”，她令人难忘地说。 [SEP] m________ [SEP] memorably
4892,cn,0.158479107,周年纪念 [SEP] 今年是我父母结婚三十周年纪念。 [SEP] a__________ [SEP] anniversary
4893,cn,-0.71871303,丑闻 [SEP] 这起丑闻使总统的支持率急速下跌。 [SEP] s______ [SEP] scandal
4894,cn,-1.171367349,[美式口语]美元 [SEP] 这件衣服花了我四美元。 [SEP] b___ [SEP] buck
4895,cn,-1.01619804,愚蠢的 [SEP] 他一想到每天要面对一群愚蠢的同事，就想赶快辞职。 [SEP] b________ [SEP] brainless
4896,cn,0.521952479,涂漆的 [SEP] 两家之间隔着一道涂漆的篱笆。 [SEP] p______ [SEP] painted
4897,cn,-3.741258649,完全地 [SEP] 这些濒危动物可能不久就会完全消失。 [SEP] a_________ [SEP] altogether
4898,cn,2.18889813,触摸 [SEP] 他对我手的触摸让我非常不自在。 [SEP] t____ [SEP] touch
4899,cn,1.180701945,逮捕的行为 [SEP] 警察的搜查使三名嫌疑犯遭到逮捕。 [SEP] a_____ [SEP] arrest
4900,cn,1.610671476,为…起题目 [SEP] 小说的第二部题为《列王的纷争》。 [SEP] t____ [SEP] title
4901,cn,0.209006736,温室 [SEP] 这些都是温室蔬菜。 [SEP] g_________ [SEP] greenhouse
4902,cn,3.302747082,谢 [SEP] “感谢您的理解。” [SEP] t____ [SEP] thank
4903,cn,3.638085749,派对 [SEP] 她要我参加她的告别聚会。 [SEP] p____ [SEP] party
4904,cn,-0.100714519,剧本 [SEP] 导演要求演员先熟悉剧本。 [SEP] s_____ [SEP] script
4905,cn,1.274483083,意大利语 [SEP] 意大利语是一门富有旋律性的语言。 [SEP] i______ [SEP] italian
4906,cn,0.544587595,一帮 [SEP] 他在1992年加入了那个歹徒团伙。 [SEP] g___ [SEP] gang
4907,cn,0.505524792,清单 [SEP] 他正在列一张需采购物品的清单。 [SEP] c________ [SEP] checklist
4908,cn,-1.601138816,国会议员 [SEP] 他的理想就是成为国会议员。 [SEP] c__________ [SEP] congressman
4909,cn,-0.294572041,教母 [SEP] 我是我侄女的教母。 [SEP] g________ [SEP] godmother
4910,cn,-0.753417385,水平的 [SEP] 她在纸上画下一条横线。 [SEP] h_________ [SEP] horizontal
4911,cn,-3.487963776,未说明的 [SEP] 检方从他家中缴获了数量不详的一批毒品。 [SEP] u__________ [SEP] unspecified
4912,cn,-0.65014153,犹太人的 [SEP] 大量犹太平民被关进集中营。 [SEP] j_____ [SEP] jewish
4913,cn,1.552998804,朝 [SEP] 他朝河边走去。 [SEP] t_____ [SEP] toward
4914,cn,1.413701776,影响 [SEP] 媒体的报道会不会影响大选结果？ [SEP] a_____ [SEP] affect
4915,cn,2.28039375,两个都不 [SEP] 两条裙子我都不喜欢。 [SEP] n______ [SEP] neither
4916,cn,0.361998153,主要地 [SEP] 在这座楼里工作的主要是工程师。 [SEP] m_____ [SEP] mainly
4917,cn,-1.162494073,生面团 [SEP] 包饺子之前要先做一个面团。 [SEP] d____ [SEP] dough
4918,cn,-0.201544442,革新 [SEP] 我们革新了玉米的种植方法。 [SEP] i_______ [SEP] innovate
4919,cn,2.84913937,用户 [SEP] 软件公司邀请用户撰写评价。 [SEP] u___ [SEP] user
4920,cn,1.042263473,凉的 [SEP] 树荫底下很凉快。 [SEP] c___ [SEP] cool
4921,cn,-1.112191496,帝国的 [SEP] 学生学习了英国的帝国往事。 [SEP] i_______ [SEP] imperial
4922,cn,-1.272576045,正当的理由 [SEP] 他为早退找的理由是妻子病了。 [SEP] j____________ [SEP] justification
4923,cn,-1.021481105,安装程序 [SEP] 请将安装光盘插入光驱，然后启动安装程序。 [SEP] i________ [SEP] installer
4924,cn,-0.750003223,抽象 [SEP] 哲学是对日常经验的抽象。 [SEP] a__________ [SEP] abstraction
4925,cn,0.98555762,昆虫 [SEP] 他喜欢研究昆虫。 [SEP] i_____ [SEP] insect
4926,cn,2.442962989,借 [SEP] 我需要从图书馆借几本书。 [SEP] b_____ [SEP] borrow
4927,cn,-1.369720784,过渡 [SEP] 我们处于学校管理改革的过渡期，各院系的学生管理处被取消，集中到学校统一管理。 [SEP] t_________ [SEP] transition
4928,cn,1.193368017,毕业生 [SEP] 我们调查毕业生的就业情况。 [SEP] g_______ [SEP] graduate
4929,cn,-1.150878889,大自然 [SEP] 他们是一群大自然的爱好者。 [SEP] o_______ [SEP] outdoors
4930,cn,0.759233208,法律的 [SEP] 我们决定采取法律行动 [SEP] l____ [SEP] legal
4931,cn,2.876288935,虎 [SEP] 野生老虎已经是濒危物种。 [SEP] t____ [SEP] tiger
4932,cn,0.079084512,部分的 [SEP] 1)医生对他的胃部做了部分切除。2)您只能获得部分退款。 [SEP] p______ [SEP] partial
4933,cn,-0.824094076,电报 [SEP] 他接到一封加急电报：“母病速归”。 [SEP] t_______ [SEP] telegram
4934,cn,-1.112385687,证明 [SEP] 这个实验就是对婴儿学习能力的有力证明。 [SEP] d____________ [SEP] demonstration
4935,cn,2.222563846,决赛 [SEP] 她和队友都进入了决赛。 [SEP] f____ [SEP] final
4936,cn,-0.109730473,水池 [SEP] 她跳进泳池。 [SEP] p___ [SEP] pool
4937,cn,0.406944806,检查 [SEP] 1)在提交之前，她检查了一遍实验报告。2)督学审查了她的年度教学工作。 [SEP] r_____ [SEP] review
4938,cn,3.224831225,玩具 [SEP] 他让孩子和妹妹分享玩具。 [SEP] t__ [SEP] toy
4939,cn,-0.011506295,小偷 [SEP] 小偷偷走了我的手机。 [SEP] t____ [SEP] thief
4940,cn,-2.952928177,平局后的附加赛 [SEP] 比赛进入了加赛环节。 [SEP] p______ [SEP] playoff
4941,cn,1.235503034,小提琴 [SEP] 她会演奏小提琴。 [SEP] v_____ [SEP] violin
4942,cn,0.800072441,自信地 [SEP] 他自信地走上讲台。 [SEP] c__________ [SEP] confidently
4943,cn,-1.767609812,捅 [SEP] 他捅捅我的胳膊，想和我说话。 [SEP] p___ [SEP] poke
4944,cn,0.173842613,潜在的 [SEP] 他是一位潜在的竞争对手。 [SEP] p________ [SEP] potential
4945,cn,-1.4308575,医生（尤指非外科医生） [SEP] 医生向病人询问了最近的症状。 [SEP] p________ [SEP] physician
4946,cn,2.664387679,永远 [SEP] 没有人会永远活着。 [SEP] f______ [SEP] forever
4947,cn,-2.457360612,然而 [SEP] 她对他的缺点了如指掌，然而，她还是嫁给了他。 [SEP] n__________ [SEP] nonetheless
4948,cn,1.536327155,烤 [SEP] 你是怎么学会烤蛋糕的？ [SEP] b___ [SEP] bake
4949,cn,-2.687457302,多动症 [SEP] 他的多动症让母亲十分忧虑。 [SEP] h____________ [SEP] hyperactivity
4950,cn,0.024421313,奇迹 [SEP] 这个团队合作创造了技术奇迹。 [SEP] m______ [SEP] miracle
4951,cn,0.831908188,产量 [SEP] 钢的年产量增加了5%。 [SEP] o_____ [SEP] output
4952,cn,-0.578774552,高超的 [SEP] 1)她在问答环节中展示了高超的智力。2)拜仁队明显是实力占优的球队。 [SEP] s_______ [SEP] superior
4953,cn,-0.756095588,不相关的 [SEP] 警察从一系列看似不相关的事件中摸出了线索。 [SEP] u________ [SEP] unrelated
4954,cn,-1.206957285,令人安慰的 [SEP] 父亲去世后，唯一让她感到安慰的想法是母亲还健在。 [SEP] c_________ [SEP] comforting
4955,cn,1.033812034,荣耀 [SEP] 运动员希望在赛场上获得荣耀。 [SEP] g____ [SEP] glory
4956,cn,-0.145836775,组织 [SEP] 过分运动会损伤你的肌肉组织。 [SEP] t_____ [SEP] tissue
4957,cn,0.145553466,图 [SEP] 图表说明失业人数在去年有所减少。 [SEP] g____ [SEP] graph
4958,cn,-0.96010589,重生 [SEP] 这些老歌的旋律在她优美的演绎中重生了。 [SEP] r_____ [SEP] reborn
4959,cn,-0.68920106,强烈的 [SEP] 她腹部的疼痛益发强烈起来。 [SEP] i______ [SEP] intense
4960,cn,-3.869254652,难以置信地 [SEP] 在经济十分发达的今天，一些山区仍是贫穷得不可思议。 [SEP] i_________ [SEP] incredibly
4961,cn,3.217760748,一半 [SEP] 这些水太多了，一半就够了。 [SEP] h___ [SEP] half
4962,cn,0.031413064,游荡 [SEP] 1)他被赶出家门后，就在街上无目的地游荡。2)我想逛遍世界。 [SEP] w_____ [SEP] wander
4963,cn,0.109757213,革命的 [SEP] 这是一项物理学的革命性发现。 [SEP] r____________ [SEP] revolutionary
4964,cn,-3.016521642,嘲讽 [SEP] “你来得真早”，他语含嘲讽地说。 [SEP] s______ [SEP] sarcasm
4965,cn,1.677292471,网球 [SEP] 她周末打网球。 [SEP] t_____ [SEP] tennis
4966,cn,-2.620634048,时段 [SEP] 在三位教授的发言都结束后，还会有集中的提问环节。 [SEP] s______ [SEP] session
4967,cn,-1.490623185,大部分 [SEP] 1)尽管他是个大块头，但他动作还很敏捷。2)这里的大部分工人都来自山东。 [SEP] b___ [SEP] bulk
4968,cn,-1.864292956,未上市的 [SEP] 虽然这家公司没有上市，但有很强的发展潜力。 [SEP] u_______ [SEP] unlisted
4969,cn,2.237273161,银行家 [SEP] 他曾经学习金融学，现在当上了银行家。 [SEP] b_____ [SEP] banker
4970,cn,-1.395200297,清空 [SEP] 1)他清了清喉咙。2)请在离开时清空桌子。 [SEP] c____ [SEP] clear
4971,cn,-1.454272673,共和制的 [SEP] 他们支持共和政体。 [SEP] r_________ [SEP] republican
4972,cn,0.871267009,有创造力的 [SEP] 作曲家在森林中感到了强烈的创作冲动。 [SEP] c_______ [SEP] creative
4973,cn,0.666016336,灌木 [SEP] 每到五月，路边的灌木丛都开出白色的小花。 [SEP] b___ [SEP] bush
4974,cn,-1.261655048,相对论 [SEP] 爱因斯坦的相对论理论极大发展了物理学。 [SEP] r_________ [SEP] relativity
4975,cn,-1.911161007,足够的 [SEP] 这座学校有足够的生源。 [SEP] a_______ [SEP] adequate
4976,cn,-0.956710563,门户 [SEP] 广州是南中国的门户。 [SEP] g______ [SEP] gateway
4977,cn,-1.238263818,方案 [SEP] 1)公司为员工制定了培训计划。2)政府计划在当地推行塑料包装回收的方案。 [SEP] s_____ [SEP] scheme
4978,cn,-1.297830737,现代化 [SEP] 现代化往往意味着工业化和城市化。 [SEP] m____________ [SEP] modernization
4979,cn,0.449416079,控制者 [SEP] 他毕业后成了交通管控员。 [SEP] c_________ [SEP] controller
4980,cn,-1.460456202,年表 [SEP] 这是一份欧洲地区近十年来恐怖袭击事件的年表。 [SEP] t_______ [SEP] timeline
4981,cn,0.326613505,黎明 [SEP] 为了赶火车，我必须黎明之前起床。 [SEP] d___ [SEP] dawn
4982,cn,-2.489172323,持续 [SEP] 1)这本书是她之前作品的延续。2)财政缩紧后，这项拨款的持续就成了问题。 [SEP] c___________ [SEP] continuation
4983,cn,-2.414673865,敞篷小货车 [SEP] 他开了辆敞篷小货车搬运家具。 [SEP] p_____ [SEP] pickup
4984,cn,1.163865524,无害的 [SEP] 这种药物很温和，对人体无害。 [SEP] h_______ [SEP] harmless
4985,cn,1.377287993,棒球 [SEP] 棒球运动在美国和日本都很流行。 [SEP] b_______ [SEP] baseball
4986,cn,-0.135344877,国会 [SEP] 总统否决了国会的决议。 [SEP] c_______ [SEP] congress
4987,cn,-1.125126688,流行病 [SEP] 他们研究禽流感等流行病的传播。 [SEP] e_______ [SEP] epidemic
4988,cn,2.227445713,谢谢 [SEP] “这是您的咖啡。”“谢谢。” [SEP] t_____ [SEP] thanks
4989,cn,-1.412054071,糖尿病 [SEP] 长期的高糖饮食让他患上了糖尿病。 [SEP] d_______ [SEP] diabetes
4990,cn,-1.772077046,大致 [SEP] 1)你的判断大致准确。2)我们主要依靠政府拨款。 [SEP] l______ [SEP] largely
4991,cn,-1.842856374,意识形态的 [SEP] 他们就意识形态的不同争执不休。 [SEP] i__________ [SEP] ideological
4992,cn,-0.4136789,爆炸 [SEP] 汽车着火三分钟后爆炸了。 [SEP] e______ [SEP] explode
4993,cn,0.583020068,鬼 [SEP] 她喜欢听鬼故事。 [SEP] g____ [SEP] ghost
4994,cn,1.610755971,大学 [SEP] 他在杜克大学学习。 [SEP] u_________ [SEP] university
4995,cn,0.942764461,面部的 [SEP] 他的面部表情十分古怪。 [SEP] f_____ [SEP] facial
4996,cn,0.490851134,进口 [SEP] 我们仍然进口大量粮食。 [SEP] i_____ [SEP] import
4997,cn,-1.575220249,杆 [SEP] 她为卧室安装了窗帘杆。 [SEP] r__ [SEP] rod
4998,cn,-1.741869146,总统职位 [SEP] 他批评奥巴马任期内的医疗政策。 [SEP] p_________ [SEP] presidency
4999,cn,-1.921753291,仙人掌 [SEP] 仙人掌是典型的沙漠植物。 [SEP] c_____ [SEP] cactus
5000,cn,-1.246300803,强调 [SEP] 他强调了校车安全的重要性。 [SEP] u________ [SEP] underline
5001,cn,0.239174429,祝贺 [SEP] 朋友们纷纷祝贺她找到新工作。 [SEP] c___________ [SEP] congratulate
5002,cn,0.355001278,不再 [SEP] 父母离婚后，父亲不再与我们同住了。 [SEP] a______ [SEP] anymore
5003,cn,0.730279794,汗 [SEP] 这件衣服的材料很吸汗。 [SEP] s____ [SEP] sweat
5004,cn,-1.136558494,霓虹灯 [SEP] 高楼上有一排霓虹灯广告。 [SEP] n___ [SEP] neon
5005,cn,-0.651035827,超自然的 [SEP] 她发觉自己与双胞胎妹妹有超自然的心电感应。 [SEP] s___________ [SEP] supernatural
5006,cn,-1.826322947,美学的 [SEP] 她年轻时着迷美学理论。 [SEP] a________ [SEP] aesthetic
5007,cn,1.576213919,运气不好的 [SEP] 我每年年会都能抽中礼物，但今年不走运。 [SEP] u______ [SEP] unlucky
5008,cn,1.544487459,火球 [SEP] 他被一团火球击中。 [SEP] f_______ [SEP] fireball
5009,cn,1.971356558,瑜伽 [SEP] 她每晚睡前做瑜伽。 [SEP] y___ [SEP] yoga
5010,cn,2.262085977,任何人 [SEP] 我不会借钱给任何人。 [SEP] a_____ [SEP] anyone
5011,cn,2.557913081,月光 [SEP] 他们在月光下散步。 [SEP] m________ [SEP] moonlight
5012,cn,-0.016612367,海马 [SEP] 一般是雄性海马负责生产幼仔。 [SEP] s_______ [SEP] seahorse
5013,cn,1.324444809,困难 [SEP] 这次谈判充满困难。 [SEP] d_________ [SEP] difficulty
5014,cn,-2.260494103,放映 [SEP] 这部影片每天有四次放映。 [SEP] s______ [SEP] showing
5015,cn,0.075552637,情况 [SEP] 1)在这种情况下，那你的缺席可以原谅。2)我希望情况并非如此。 [SEP] c___ [SEP] case
5016,cn,0.847053448,清洁工作 [SEP] 你们家谁负责清洁和做饭？ [SEP] c_______ [SEP] cleaning
5017,cn,0.211563936,乐观的 [SEP] 他对公司发展的前景很乐观。 [SEP] o_________ [SEP] optimistic
5018,cn,-0.52974348,有代表性的 [SEP] 这些教师的行为并不真的具有代表性。 [SEP] r_____________ [SEP] representative
5019,cn,-0.315484773,部分地 [SEP] 作为经理，他对这起事故要部分负责。 [SEP] p________ [SEP] partially
5020,cn,-0.633935827,预计 [SEP] 参会人数之多，是组织方没有预计到的。 [SEP] a_________ [SEP] anticipate
5021,cn,-2.001044324,想象 [SEP] 1)我很难想象一个没有他的人生。2)这个楼盘在最初构想时不包括配套的商铺和学校。 [SEP] c_______ [SEP] conceive
5022,cn,-2.118419086,动机 [SEP] 变瘦是许多女性健身的主要动机。 [SEP] i________ [SEP] incentive
5023,cn,-1.145947937,肿胀 [SEP] 我的胳膊在受伤后立刻肿了起来。 [SEP] s____ [SEP] swell
5024,cn,1.26844098,角 [SEP] 直角是呈90度的角。 [SEP] a____ [SEP] angle
5025,cn,2.072137372,记录 [SEP] 她遵循医生的建议，记录了每天的饮食内容。 [SEP] r_____ [SEP] record
5026,cn,2.088727581,拼 [SEP] “你的姓怎么拼？”“H-u-m-b-e-r-t。” [SEP] s____ [SEP] spell
5027,cn,-1.342915265,氢气 [SEP] 空气中也有一定量的氢气。 [SEP] h_______ [SEP] hydrogen
5028,cn,-0.651955282,祖先 [SEP] 他的祖先随着商船去了南洋。 [SEP] a_______ [SEP] ancestor
5029,cn,0.148828845,已计划的 [SEP] 我们计划的旅行遭到了取消。 [SEP] p______ [SEP] planned
5030,cn,2.367481305,空的 [SEP] 这个箱子是空的。 [SEP] e____ [SEP] empty
5031,cn,3.83427059,在乎 [SEP] 我根本不在乎他们怎么想。 [SEP] c___ [SEP] care
5032,cn,0.363934695,滑倒 [SEP] 她在湿地板上滑倒了。 [SEP] s___ [SEP] slip
5033,cn,-0.858765259,与洗浴或游泳有关的 [SEP] 她喜欢戴浴帽洗澡。 [SEP] b______ [SEP] bathing
5034,cn,-0.623114833,摇摆 [SEP] 他喜欢看她的耳环来回摇摆。 [SEP] s____ [SEP] swing
5035,cn,-0.587146409,明显地 [SEP] 显然，她辞职是因为有了更好的选择。 [SEP] a_________ [SEP] apparently
5036,cn,2.192756721,滑稽的 [SEP] 她戴着顶大帽子，显得有点滑稽。 [SEP] f____ [SEP] funny
5037,cn,-1.409278483,连续不断地 [SEP] 1)雨不停地下。2)公司的业绩已经连续下滑长达半年。 [SEP] c___________ [SEP] continuously
5038,cn,-2.398015512,陈酿 [SEP] 这瓶1927年的陈酿威士忌被一知名作家拍得。 [SEP] v______ [SEP] vintage
5039,cn,-1.105973339,统计的 [SEP] 对老龄化人口的研究需要用到统计学方法。 [SEP] s__________ [SEP] statistical
5040,cn,-2.033237325,配置 [SEP] 我们正为电脑尝试不同的配置，以找出最佳方案。 [SEP] c____________ [SEP] configuration
5041,cn,-0.187136821,套房 [SEP] 组委会为她预定了宾馆的顶层豪华套房。 [SEP] s____ [SEP] suite
5042,cn,-2.17914116,分离 [SEP] 我感到与世界的隔绝。 [SEP] d____________ [SEP] disconnection
5043,cn,-0.414182874,话题 [SEP] 他会意一笑，换了个话题。 [SEP] s______ [SEP] subject
5044,cn,-1.625799166,抓住 [SEP] 她一把抓住我的胳膊，要我说清楚。 [SEP] s____ [SEP] seize
5045,cn,-0.165273879,打 [SEP] 我做梦也不会想到他会打我耳光。 [SEP] s___ [SEP] slap
5046,cn,-0.515926577,小屋 [SEP] 您愿意去我位于远郊的小屋里借宿吗？ [SEP] c______ [SEP] cottage
5047,cn,1.478505097,使疲倦 [SEP] 一整天的工作让我疲倦。 [SEP] t___ [SEP] tire
5048,cn,-0.48894078,保龄球运动 [SEP] 我业余喜欢打保龄球。 [SEP] b______ [SEP] bowling
5049,cn,-0.982652468,合法性 [SEP] 他们质疑这类套取隐私行为的合法性。 [SEP] l_______ [SEP] legality
5050,cn,1.797728098,射击 [SEP] 歹徒朝他射了两枪。 [SEP] s___ [SEP] shot
5051,cn,-0.177403691,酒精 [SEP] 酒精的滥用是很大的社会问题。 [SEP] a______ [SEP] alcohol
5052,cn,-2.911796439,吸引力 [SEP] 她的眼睛散发着不可抵挡的吸引力。 [SEP] m________ [SEP] magnetism
5053,cn,1.0275096,科技 [SEP] 科技的进步改变了人的日常生活。 [SEP] t_________ [SEP] technology
5054,cn,-1.186682224,大的 [SEP] 1)她吃下了大量安眠药。2)他从书架上取下一本又厚又重的书。 [SEP] m______ [SEP] massive
5055,cn,2.594492637,香蕉 [SEP] 猴子喜欢吃香蕉。 [SEP] b_____ [SEP] banana
5056,cn,1.162774354,不眠的 [SEP] 她度过了一个又一个不眠的夜晚。 [SEP] s________ [SEP] sleepless
5057,cn,0.380893696,未准备好的 [SEP] 这个刚从战争中走出的国家还没准备好应对大规模的饥荒。 [SEP] u_________ [SEP] unprepared
5058,cn,2.159773031,健康的 [SEP] 这是一个健康的孩子。 [SEP] h______ [SEP] healthy
5059,cn,-1.597277443,统治 [SEP] 1)英国结束了对澳大利亚的统治。2)她们反对政治界男性的统治地位。 [SEP] d_________ [SEP] domination
5060,cn,-0.721286784,分裂的 [SEP] 这个政党内部是分裂的。 [SEP] d______ [SEP] divided
5061,cn,-0.233782967,聊天 [SEP] 网上聊天正成为人们主要的交流方式。 [SEP] c_______ [SEP] chatting
5062,cn,-0.266744014,名册 [SEP] 你确定是在这个班吗？我无法在名册上找到你的名字。 [SEP] r_______ [SEP] register
5063,cn,0.362143678,未出版的 [SEP] 他引用了一篇未出版的博士论文。 [SEP] u__________ [SEP] unpublished
5064,cn,2.562483421,探望 [SEP] 我每周都会去探望祖母。 [SEP] v____ [SEP] visit
5065,cn,-1.021316377,实体 [SEP] 父母要明白孩子也是独立的实体。 [SEP] e_____ [SEP] entity
5066,cn,1.121357501,独特的 [SEP] 总统的签名与众不同，很难模仿。 [SEP] u_____ [SEP] unique
5067,cn,1.126228891,爱好 [SEP] 我的爱好是钓鱼和养花。 [SEP] h____ [SEP] hobby
5068,cn,1.42940358,自然的 [SEP] 地震是一种自然灾害。 [SEP] n______ [SEP] natural
5069,cn,-1.783580824,短吻鳄 [SEP] 短吻鳄是一种两栖动物，在美国叫美洲鳄，中国叫扬子鳄）。 [SEP] a________ [SEP] alligator
5070,cn,0.860769643,摧毁 [SEP] 抑郁症正在慢慢摧毁她的健康和她的事业。 [SEP] r___ [SEP] ruin
5071,cn,-0.384459763,牙齿的 [SEP] 牙齿护理对健康十分重要。 [SEP] d_____ [SEP] dental
5072,cn,0.82406397,博物馆 [SEP] 她们去博物馆看青铜器。 [SEP] m_____ [SEP] museum
5073,cn,1.392191977,选举 [SEP] 特朗普赢得了选举。 [SEP] e_______ [SEP] election
5074,cn,2.935461728,窗户 [SEP] 我打开了窗。 [SEP] w_____ [SEP] window
5075,cn,1.030285543,轮 [SEP] 希望下一轮的首脑磋商能促进和平进程。 [SEP] r____ [SEP] round
5076,cn,-0.218481011,展出 [SEP] 博物馆展出了三百多件青铜器。 [SEP] e______ [SEP] exhibit
5077,cn,3.04751752,请 [SEP] 请开门，谢谢。 [SEP] p_____ [SEP] please
5078,cn,1.641732126,缺乏 [SEP] 实验因资金缺乏而中止。 [SEP] l___ [SEP] lack
5079,cn,-1.618485575,悲惨地 [SEP] 他悲惨地年纪轻轻就死于车祸。 [SEP] t_________ [SEP] tragically
5080,cn,-3.276724747,机构 [SEP] 附近新开了几家教育机构。 [SEP] e____________ [SEP] establishment
5081,cn,0.550797082,财政的 [SEP] 他们正经历金融危机。 [SEP] f________ [SEP] financial
5082,cn,0.018822656,看一眼 [SEP] 他匆匆看一眼手表。 [SEP] g_____ [SEP] glance
5083,cn,-0.261218805,假 [SEP] 经理准了我的假。 [SEP] l____ [SEP] leave
5084,cn,-5.316085429,提倡 [SEP] 她以对动物权益的提倡而闻名。 [SEP] a_______ [SEP] advocacy
5085,cn,-4.277286794,证明 [SEP] 他在反恐行动中的表现是其忠诚的最好证明。 [SEP] t________ [SEP] testament
5086,cn,-0.308915354,神秘的 [SEP] 1)她从不说自己的事情，显得十分神秘。2)海底住着很多神秘的生物。 [SEP] m_________ [SEP] mysterious
5087,cn,0.961320543,靴子 [SEP] 我看中了一双皮靴。 [SEP] b___ [SEP] boot
5088,cn,0.225577558,澳洲的 [SEP] 考拉是一种澳洲的动物。 [SEP] a_________ [SEP] australian
5089,cn,-0.59058594,同性恋的 [SEP] 她承认了自己的同性恋倾向。 [SEP] h_________ [SEP] homosexual
5090,cn,-0.283916499,起源 [SEP] 网球起源于中世纪法国的一种游戏。 [SEP] o________ [SEP] originate
5091,cn,-0.418362577,从…上卸货 [SEP] 工人们从货车上卸货。 [SEP] u_____ [SEP] unload
5092,cn,-1.433767416,制裁（请写出这个词的单数形式） [SEP] 因持续进行化学武器实验，联合国对该国实施了制裁。 [SEP] s_______ [SEP] sanction
5093,cn,-1.987254373,提醒…有危险 [SEP] 我已经提醒了你们投资的风险。 [SEP] a____ [SEP] alert
5094,cn,-1.297482962,健壮的 [SEP] 那位个子很高，看起来很健壮的人就是她的丈夫。 [SEP] a_______ [SEP] athletic
5095,cn,-1.055746348,抻 [SEP] 我不停抻这件毛衣，想让它恢复原来的大小。 [SEP] s______ [SEP] stretch
5096,cn,-0.404983671,伟大 [SEP] 他的伟大无人能及。 [SEP] g________ [SEP] greatness
5097,cn,-1.574117513,四轮运货马车 [SEP] 带篷的四轮马车曾是北美大陆主要的运货工具。 [SEP] w____ [SEP] wagon
5098,cn,2.088284891,字典 [SEP] 做翻译必须要随时查阅字典。 [SEP] d_________ [SEP] dictionary
5099,cn,-1.186976983,共产主义 [SEP] 我们信仰共产主义。 [SEP] c________ [SEP] communism
5100,cn,0.995958085,负担 [SEP] 他感到自己是父母的负担。 [SEP] b_____ [SEP] burden
5101,cn,1.362908982,不清楚的 [SEP] 请把文件中措辞不清楚的地方标出，我随后解释。 [SEP] u______ [SEP] unclear
5102,cn,-1.45072077,青少年的 [SEP] 青少年的心理健康是值得关注的问题。 [SEP] a_________ [SEP] adolescent
5103,cn,-2.07298667,对…负有责任 [SEP] 伊斯兰国恐怖组织对这起袭击负责。 [SEP] a__________ [SEP] accountable
5104,cn,3.16559082,月亮 [SEP] 今晚的月亮很大。 [SEP] m___ [SEP] moon
5105,cn,-2.261370214,沉思的 [SEP] 他自幼是一个安静而善思的孩子。 [SEP] r_________ [SEP] reflective
5106,cn,-1.328425026,治疗师 [SEP] 一位心理治疗师将帮助你平复灾难后的创伤。 [SEP] t________ [SEP] therapist
5107,cn,0.253682391,绳子 [SEP] 他用绳子捆住她的胳膊。 [SEP] r___ [SEP] rope
5108,cn,2.014279087,科技 [SEP] 他是一家科技公司的股东。 [SEP] t___ [SEP] tech
5109,cn,0.712107991,有资格的 [SEP] 他是一名有（行医）资格的医生。 [SEP] q________ [SEP] qualified
5110,cn,-3.934747756,小声咕哝 [SEP] “谁说我们有时间了”，他小声咕哝道。 [SEP] m_____ [SEP] mutter
5111,cn,1.272973966,机器人 [SEP] 这是一款能自主学习人类需求的机器人。 [SEP] r____ [SEP] robot
5112,cn,1.332542238,玉米 [SEP] 美洲盛产玉米。 [SEP] c___ [SEP] corn
5113,cn,1.378922887,顺序 [SEP] 请将档案以学号顺序排列。 [SEP] o____ [SEP] order
5114,cn,-1.184409017,实际上（用以强调某事为真） [SEP] 要消灭病毒实际上是不可能的。 [SEP] v________ [SEP] virtually
5115,cn,-0.900857127,有提手的桶 [SEP] 孩子站在沙滩上，手里提着一小桶沙子。 [SEP] b_____ [SEP] bucket
5116,cn,-0.578679699,拒绝 [SEP] 我的申请遭到了立刻拒绝。 [SEP] r________ [SEP] rejection
5117,cn,-3.384904689,挑衅的 [SEP] 他故意挑衅的用词激怒了她。 [SEP] p__________ [SEP] provocative
5118,cn,-0.912890101,暂时地 [SEP] 由于资金问题，实验暂时停止。 [SEP] t__________ [SEP] temporarily
5119,cn,1.170669014,胜利 [SEP] 这场对德国的胜利鼓舞了球队的士气。 [SEP] v______ [SEP] victory
5120,cn,0.842814467,厚的 [SEP] 地上有厚厚一层雪。 [SEP] t____ [SEP] thick
5121,cn,-1.181360388,要求高的 [SEP] 这份工作的要求很高。 [SEP] d________ [SEP] demanding
5122,cn,1.339727883,打印机 [SEP] 这台彩色打印机坏了。 [SEP] p______ [SEP] printer
5123,cn,1.52197287,测量 [SEP] 他测量了柜子的宽度。 [SEP] m______ [SEP] measure
5124,cn,-0.232349811,钻头 [SEP] 他教我使用电钻。 [SEP] d____ [SEP] drill
5125,cn,1.356928045,举办 [SEP] 1)我做东举办了一场酒席。2)北京举办了奥运会。 [SEP] h___ [SEP] host
5126,cn,1.192244196,会员身份 [SEP] 如果您购买会员身份，就能每次参观都享受九折优惠。 [SEP] m_________ [SEP] membership
5127,cn,-0.518613073,坦白 [SEP] 在几个小时的审讯后，嫌犯终于坦白了罪行。 [SEP] c______ [SEP] confess
5128,cn,1.363274191,汉堡 [SEP] 许多人用绞好的肉馅自制汉堡。 [SEP] b_____ [SEP] burger
5129,cn,-0.945265954,冷漠的 [SEP] 她对他人的事往往十分漠然。 [SEP] i__________ [SEP] indifferent
5130,cn,-3.137318208,仔细察看 [SEP] 她仔细观察警察的面孔，看是否还有能找到孩子的希望。 [SEP] s___ [SEP] scan
5131,cn,1.035948919,已归还的 [SEP] 1)返乡的士兵发现一切都变了。2)这本已归还的书上做了很多笔记。 [SEP] r_______ [SEP] returned
5132,cn,-1.501143762,激素 [SEP] 这种药物帮助平衡人体激素水平。 [SEP] h______ [SEP] hormone
5133,cn,0.734517369,好处 [SEP] 这样做的好处是节省人工。 [SEP] b______ [SEP] benefit
5134,cn,2.36619813,女儿 [SEP] 我的女儿今年上大学。 [SEP] d_______ [SEP] daughter
5135,cn,-0.317830025,精力充沛的 [SEP] 她总是看起来精神饱满。 [SEP] e________ [SEP] energetic
5136,cn,0.042513108,手工制作的 [SEP] 这顶帽子是手工做的。 [SEP] h_______ [SEP] handmade
5137,cn,-0.214517813,喷洒 [SEP] 她在门上喷洒杀虫剂。 [SEP] s____ [SEP] spray
5138,cn,-1.756034179,声称 [SEP] 他们仍旧声称医疗改革是成功的。 [SEP] p_______ [SEP] proclaim
5139,cn,-0.040377585,年长的人 [SEP] 他比我年长十岁。 [SEP] s_____ [SEP] senior
5140,cn,-2.000886856,海军的 [SEP] 这个国家拥有强大的海军部队。 [SEP] n____ [SEP] naval
5141,cn,2.330943861,穿衣 [SEP] 她给孩子穿衣服。 [SEP] d____ [SEP] dress
5142,cn,-0.197088389,化石 [SEP] 他们在山里发现了植物化石。 [SEP] f_____ [SEP] fossil
5143,cn,-0.5414512,潜水艇 [SEP] 一辆核潜艇被击沉。 [SEP] s________ [SEP] submarine
5144,cn,-0.267876687,可调节的 [SEP] 飞行员坐在高度可调节的椅子上。 [SEP] a_________ [SEP] adjustable
5145,cn,-1.804593194,空手道 [SEP] 他是一位空手道运动员。 [SEP] k_____ [SEP] karate
5146,cn,-1.263818462,可更换的 [SEP] 这款棉衣有一个可更换的里子。 [SEP] r__________ [SEP] replaceable
5147,cn,1.841353993,指 [SEP] 她为我指了银行的方向。 [SEP] p____ [SEP] point
5148,cn,0.160255584,可以理解的 [SEP] 他为了妻子冲动打架，这也可以理解。 [SEP] u_____________ [SEP] understandable
5149,cn,0.428249818,可信的 [SEP] 他指控同事犯罪，却拿不出可信的证据。 [SEP] b_________ [SEP] believable
5150,cn,1.133500011,樱桃 [SEP] 樱桃好吃但不易保存。 [SEP] c_____ [SEP] cherry
5151,cn,2.163157509,种植 [SEP] 我去年种了一棵桃树。 [SEP] p____ [SEP] plant
5152,cn,-1.061086247,庄园 [SEP] 企业主在郊外有一处100亩的庄园。 [SEP] e_____ [SEP] estate
5153,cn,-0.356300201,订阅者 [SEP] 她是《经济学人》的订阅者。 [SEP] s_________ [SEP] subscriber
5154,cn,-2.114218865,无暇做…的 [SEP] 直到项目结项之前我都无暇参加聚餐和娱乐活动。 [SEP] u__________ [SEP] unavailable
5155,cn,-0.53921924,经受 [SEP] 她因腹部肿瘤必须经受手术。 [SEP] u______ [SEP] undergo
5156,cn,0.760779137,魅力 [SEP] 1)他是个有迷人魅力的话剧演员。2)这个村子破败中自有魅力。 [SEP] c____ [SEP] charm
5157,cn,2.478110308,喂 [SEP] 她在喂猫。 [SEP] f___ [SEP] feed
5158,cn,-1.080267708,承认 [SEP] 他对罪行的招认解开了警方多年的疑团。 [SEP] c_________ [SEP] confession
5159,cn,0.976914491,燃料 [SEP] 煤炭和石油都是常见的燃料。 [SEP] f___ [SEP] fuel
5160,cn,2.164806593,午餐时间 [SEP] 1)我要回家了：已经到午餐时间了。2)她举办了一场午场音乐会。 [SEP] l________ [SEP] lunchtime
5161,cn,0.540779111,孙辈 [SEP] 他一直期盼有一个孙辈。 [SEP] g_________ [SEP] grandchild
5162,cn,-0.091514195,检查 [SEP] 警察仔细地检查了手提包的内容物。 [SEP] e______ [SEP] examine
5163,cn,0.813197803,病毒 [SEP] 这类疫苗目前还无法应付这种病毒。 [SEP] v____ [SEP] virus
5164,cn,0.257646865,潜力 [SEP] 好的老师激发学生的潜力。 [SEP] p________ [SEP] potential
5165,cn,-1.299639702,水平方向地 [SEP] 她横着画了一条线。 [SEP] h___________ [SEP] horizontally
5166,cn,-1.024212962,集中的 [SEP] 1)我国的许多制造业都是劳动密集产业。2)公司开展了对产品质量的集中检查。 [SEP] i________ [SEP] intensive
5167,cn,-0.373413006,傲慢的 [SEP] 他是个粗鲁而傲慢的年轻人。 [SEP] a_______ [SEP] arrogant
5168,cn,1.588096837,没有力量的 [SEP] 这些穷人在保险公司面前毫无力量。 [SEP] p________ [SEP] powerless
5169,cn,0.353293018,助理…（多用于职务与头衔之前） [SEP] 工作三年后，他仍是一名助理教授。 [SEP] a________ [SEP] assistant
5170,cn,0.726119991,抱负 [SEP] 当他从剑桥大学获得了博士学位时，他的抱负实现了。 [SEP] a_______ [SEP] ambition
5171,cn,-0.625878924,女同性恋者 [SEP] 她的室友是一位女同性恋者。 [SEP] l______ [SEP] lesbian
5172,cn,3.438361395,流行音乐 [SEP] “你听什么音乐？”“我听流行。” [SEP] p__ [SEP] pop
5173,cn,2.073733799,单独的 [SEP] 孤身女性走夜路容易受到跟踪。 [SEP] l___ [SEP] lone
5174,cn,-0.642768064,主演 [SEP] 海莉·阿特维尔将在BBC的新剧《霍华德庄园》中担任主演。 [SEP] s___ [SEP] star
5175,cn,3.756732011,害羞的 [SEP] 害羞的男孩躲到了母亲的身后。 [SEP] s__ [SEP] shy
5176,cn,4.240949992,亲 [SEP] 她亲了他的脸颊。 [SEP] k___ [SEP] kiss
5177,cn,-0.140072043,受伤的 [SEP] 车祸导致一人死亡两人受伤。 [SEP] i______ [SEP] injured
5178,cn,2.106043182,甜的 [SEP] 我不喜欢太甜的蛋糕。 [SEP] s____ [SEP] sweet
5179,cn,0.720850627,国际象棋 [SEP] 我喜欢下国际象棋。 [SEP] c____ [SEP] chess
5180,cn,-0.165000309,火花 [SEP] 她看着鞭炮四溅的火花发呆。 [SEP] s____ [SEP] spark
5181,cn,1.60891307,服务 [SEP] 政府正努力改善国家的医疗服务。 [SEP] s______ [SEP] service
5182,cn,-0.429732868,职员 [SEP] 他是一个保险公司的小职员。 [SEP] c____ [SEP] clerk
5183,cn,0.815272215,叉 [SEP] 我不习惯使用刀叉吃饭。 [SEP] f___ [SEP] fork
5184,cn,-2.607231585,左轮手枪 [SEP] 他用左轮手枪向师生们疯狂射击。 [SEP] r_______ [SEP] revolver
5185,cn,-0.744927984,暴露 [SEP] 皮肤在紫外线环境中的长时间暴露可引起晒伤。 [SEP] e_______ [SEP] exposure
5186,cn,1.675187726,明智的 [SEP] 你及时换工作是明智的。 [SEP] w___ [SEP] wise
5187,cn,0.425444891,问候 [SEP] 他们互致了问候，然后开始谈判。 [SEP] g_______ [SEP] greeting
5188,cn,-1.191560665,轴 [SEP] 地球围绕一个想象的轴自转。 [SEP] a___ [SEP] axis
5189,cn,-0.875105096,武士 [SEP] 他的曾祖父是一位日本武士。 [SEP] w______ [SEP] warrior
5190,cn,-0.546759743,混凝土的 [SEP] 1)这座桥是混凝土的。2)请给我实在的证据，而不是抽象的玄想。 [SEP] c_______ [SEP] concrete
5191,cn,1.197615477,名气 [SEP] 他想要名气和金钱。 [SEP] f___ [SEP] fame
5192,cn,1.053527807,外国的 [SEP] 她会说好几门外语。 [SEP] f______ [SEP] foreign
5193,cn,3.437869283,太阳 [SEP] 他告诉孩子不要直视太阳。 [SEP] s__ [SEP] sun
5194,cn,3.462251751,夜 [SEP] 他整夜未眠。 [SEP] n____ [SEP] night
5195,cn,1.371603837,信用 [SEP] 1)政府允许他们赊购那辆车。2)请使用信用卡支付。 [SEP] c_____ [SEP] credit
5196,cn,0.624318469,辛辣的 [SEP] 她不喜欢吃辛辣的食物。 [SEP] s____ [SEP] spicy
5197,cn,-1.026336371,类比 [SEP] 为帮助理解，老师在国家和家庭之间做出类比。 [SEP] a______ [SEP] analogy
5198,cn,0.819760544,欧洲的 [SEP] 西班牙是一个欧洲国家。 [SEP] e_______ [SEP] european
5199,cn,-1.084078854,造成的 [SEP] 北海道发生了一起强震，造成的伤亡人数还在统计之中。 [SEP] r________ [SEP] resulting
5200,cn,0.993708978,在全世界 [SEP] 1)这台音乐会向全世界转播。2)我们在全世界范围内招募优秀学生。 [SEP] w________ [SEP] worldwide
5201,cn,1.243419673,在里面 [SEP] 书在屋子里面。 [SEP] i_____ [SEP] inside
5202,cn,-0.746776621,下巴 [SEP] 她用手捧着下巴，专注地听着。 [SEP] c___ [SEP] chin
5203,cn,-1.916460882,工业化 [SEP] 西方的工业化进程从17世纪就开始了。 [SEP] i________________ [SEP] industrialization
5204,cn,0.041787406,对准…目标的 [SEP] 产品对准的是年轻母亲这群用户。 [SEP] t_______ [SEP] targeted
5205,cn,0.103198206,延期的 [SEP] 这是一封迟来的回信。 [SEP] d______ [SEP] delayed
5206,cn,-1.309238883,过时的 [SEP] 他讲的都是些过时的观念。 [SEP] o_______ [SEP] outdated
5207,cn,3.211429171,生病的 [SEP] 我的母亲病了。 [SEP] i__ [SEP] ill
5208,cn,0.563554538,支持者 [SEP] 他曾是英国脱欧的坚定支持者。 [SEP] s________ [SEP] supporter
5209,cn,-1.912839168,辅导课 [SEP] 她每周为学生提供一次小班辅导课，供学生讨论和提问。 [SEP] t_______ [SEP] tutorial
5210,cn,-2.496713003,宽慰 [SEP] 我们宽慰她很快就能找到孩子。 [SEP] r_______ [SEP] reassure
5211,cn,0.136072931,不真实的 [SEP] 大雾让整座城市显得如梦似幻。 [SEP] u_____ [SEP] unreal
5212,cn,1.888724423,与…赛跑 [SEP] 我们与时间赛跑。 [SEP] r___ [SEP] race
5213,cn,-0.088738615,车辆 [SEP] 这里是步行街，禁止车辆通行。 [SEP] v______ [SEP] vehicle
5214,cn,1.28686396,滑雪 [SEP] 他们去奥地利滑雪。 [SEP] s__ [SEP] ski
5215,cn,0.769682151,未经训练的 [SEP] 一些未经训练的民兵也要被送上战场。 [SEP] u________ [SEP] untrained
5216,cn,0.205987162,液体 [SEP] 感冒了要多补充液体。 [SEP] f____ [SEP] fluid
5217,cn,-0.819763012,使人信服的 [SEP] 检方的证据并不令人信服。 [SEP] c_________ [SEP] convincing
5218,cn,0.396230608,罪 [SEP] “请上帝宽恕我的罪”，她祈祷着。 [SEP] s__ [SEP] sin
5219,cn,-1.555221236,金属质感的 [SEP] 这条裙子是带有金属质感的绿色。 [SEP] m_______ [SEP] metallic
5220,cn,-3.104308479,常去的地方 [SEP] 那家小酒馆是我和朋友常出没的地方。 [SEP] h______ [SEP] hangout
5221,cn,-1.427056573,青少年 [SEP] 青少年有点叛逆是正常的。 [SEP] a_________ [SEP] adolescent
5222,cn,-1.529480568,原始的 [SEP] 原始人已经学会制作和使用工具。 [SEP] p________ [SEP] primitive
5223,cn,-0.707130227,机密的 [SEP] 这是一份严格机密的文件。 [SEP] c___________ [SEP] confidential
5224,cn,-0.114731025,所有权 [SEP] 他们在确定这座房屋的所有权。 [SEP] o________ [SEP] ownership
5225,cn,-0.318744068,消费者 [SEP] 社会需要对环境负责的消费者。 [SEP] c_______ [SEP] consumer
5226,cn,2.540019376,柠檬 [SEP] 他切了一个柠檬。 [SEP] l____ [SEP] lemon
5227,cn,-0.818873113,拷打… [SEP] 许多犯人被折磨至死。 [SEP] t______ [SEP] torture
5228,cn,-1.377626586,难免的 [SEP] 老师如果不用心互动，学生走神就是难免的。 [SEP] i_________ [SEP] inevitable
5229,cn,0.867248335,乘客 [SEP] 一位乘客突发疾病，要求停车。 [SEP] p________ [SEP] passenger
5230,cn,3.205945709,王 [SEP] 他的父亲是沙特阿拉伯的国王。 [SEP] k___ [SEP] king
5231,cn,-0.434867912,衣袖 [SEP] 孩子拽了拽我的衣袖，表示想回家了。 [SEP] s_____ [SEP] sleeve
5232,cn,1.542572724,公众 [SEP] 修缮期间，博物馆暂不对公众开放。 [SEP] p_____ [SEP] public
5233,cn,-0.125920924,图标 [SEP] 请点击“我的电脑”图标。 [SEP] i___ [SEP] icon
5234,cn,1.305285745,后院 [SEP] 我们的后院有一棵梨树。 [SEP] b_______ [SEP] backyard
5235,cn,1.340690528,优势 [SEP] 主场作战的球队总是占据一些优势。 [SEP] a________ [SEP] advantage
5236,cn,1.610567308,警察 [SEP] 一位警察来到这里调查情况。 [SEP] p________ [SEP] policeman
5237,cn,-0.898646755,阿拉伯语 [SEP] 伊朗人不说阿拉伯语。 [SEP] a_____ [SEP] arabic
5238,cn,3.28499,死亡 [SEP] 他的外祖母昨天去世了。 [SEP] d__ [SEP] die
5239,cn,-0.756088142,订阅 [SEP] 全年订阅仅需12镑。 [SEP] s___________ [SEP] subscription
5240,cn,-1.70764068,同类 [SEP] 我决心远离这位伪君子和他的同类。 [SEP] l___ [SEP] like
5241,cn,1.125790578,使镇定 [SEP] 她给了我一杯茶，让我平静了下来。 [SEP] c___ [SEP] calm
5242,cn,3.104717991,靠近的 [SEP] 我去了最近的一家医院。 [SEP] n___ [SEP] near
5243,cn,1.576419914,头痛 [SEP] 压力使我头痛。 [SEP] h_______ [SEP] headache
5244,cn,0.577432001,无助的 [SEP] 我感到孤独无助。 [SEP] h_______ [SEP] helpless
5245,cn,-2.132891655,网络 [SEP] 任何现代人都无力冲破资本主义的复杂网络。 [SEP] m_____ [SEP] matrix
5246,cn,-0.035592121,有选择性的 [SEP] 选择育种可以培育出更符合人类需要的农作物。 [SEP] s________ [SEP] selective
5247,cn,0.237632127,整理 [SEP] 老师请她帮忙整理学生考卷。 [SEP] s___ [SEP] sort
5248,cn,0.043502268,愤怒 [SEP] 病人们对药品涨价十分愤怒。 [SEP] a____ [SEP] angry
5249,cn,2.682852366,蓝色的 [SEP] 我买了一件蓝色的毛衣。 [SEP] b___ [SEP] blue
5250,cn,-1.076261297,记录 [SEP] 她的文字记录了当时铜币的流通情况。 [SEP] d_______ [SEP] document
5251,cn,2.217301331,咖啡 [SEP] 你想来杯咖啡吗？ [SEP] c_____ [SEP] coffee
5252,cn,-1.655476,琐碎的 [SEP] 要放眼大局，不要总在意这些琐碎的事情。 [SEP] t______ [SEP] trivial
5253,cn,-0.540746746,情人节礼物 [SEP] 我已经买好了花和巧克力——可我的情人节对象还没出生！ [SEP] v________ [SEP] valentine
5254,cn,-0.22023575,减少的 [SEP] 1)工人减少的工时意味着这个行业的不景气。2)这些将要过期的商品在减价销售。 [SEP] r______ [SEP] reduced
5255,cn,-1.882936704,不理智的 [SEP] 狂怒之下，他变得失去理智。 [SEP] i_________ [SEP] irrational
5256,cn,2.68010581,国家 [SEP] 共有八国参加了这个区域贸易协定。 [SEP] n_____ [SEP] nation
5257,cn,-1.910886952,惊慌 [SEP] 新一轮的罢工行动让政客们感到惊慌。 [SEP] a______ [SEP] alarmed
5258,cn,-0.393502493,观念 [SEP] 你对财富的观念已经过时了。 [SEP] n_____ [SEP] notion
5259,cn,2.257996265,声音 [SEP] 1)他进屋时没发出一点声音。2)外面有像是猫叫的声音。 [SEP] s____ [SEP] sound
5260,cn,-2.363223798,无穷 [SEP] 他想到宇宙的无穷，感到自己的渺小。 [SEP] i_______ [SEP] infinity
5261,cn,0.511756703,选拔 [SEP] 1)各州的议员都有严格的选拔程序。2)进化和自然选择相伴随。 [SEP] s________ [SEP] selection
5262,cn,-0.824033133,妥协 [SEP] 谈判双方都退一步，达成妥协，是最接近双赢的局面了。 [SEP] c_________ [SEP] compromise
5263,cn,-0.096091175,感染 [SEP] 多洗手可以显著降低感染的风险。 [SEP] i________ [SEP] infection
5264,cn,1.436346791,删除 [SEP] 请删去文章里的这一句。 [SEP] d_____ [SEP] delete
5265,cn,-0.669692229,豪华的 [SEP] 我们住进了一家豪华酒店。 [SEP] l________ [SEP] luxurious
5266,cn,-2.474592703,裁员 [SEP] 经济危机中，许多企业纷纷裁员。 [SEP] d_______ [SEP] downsize
5267,cn,2.450856788,肉 [SEP] 素食者拒绝吃肉。 [SEP] m___ [SEP] meat
5268,cn,0.005229602,婚约 [SEP] 他解除了与她的婚约。 [SEP] e_________ [SEP] engagement
5269,cn,0.182355438,签字 [SEP] 总统的签字很难模仿。 [SEP] s________ [SEP] signature
5270,cn,2.220416273,骨头 [SEP] 他从自行车上摔了下来，摔断了骨头。 [SEP] b___ [SEP] bone
5271,cn,-0.882390753,关于 [SEP] 如果你关于这门课有任何问题，请给我发邮件。 [SEP] r________ [SEP] regarding
5272,cn,2.371046397,湖 [SEP] 你去过西湖吗？ [SEP] l___ [SEP] lake
5273,cn,-0.954477096,真正的 [SEP] 在这里你能吃到真正的意大利美食。 [SEP] a________ [SEP] authentic
5274,cn,-2.548704081,释放 [SEP] 1)医生写下了出院后的注意事项。2)狱警给予他提前释放。 [SEP] d________ [SEP] discharge
5275,cn,-0.79755558,肿块 [SEP] 车子在驶过路面隆起处时颠簸了一下。 [SEP] b___ [SEP] bump
5276,cn,-0.085773443,象征 [SEP] 在中国，红色是吉祥的象征。 [SEP] s_____ [SEP] symbol
5277,cn,-0.046663593,独立地 [SEP] 老师要求学生独立完成作业。 [SEP] i____________ [SEP] independently
5278,cn,0.327235884,使变得复杂 [SEP] 她的出现使整件事情更复杂了。 [SEP] c_________ [SEP] complicate
5279,cn,1.098354428,药 [SEP] 请在饭后服药。 [SEP] m_______ [SEP] medicine
5280,cn,-1.229224205,猛增 [SEP] 房价在一个月内猛增30%。 [SEP] s___ [SEP] soar
5281,cn,0.780543548,紧急情况 [SEP] 紧急情况时请拨这个电话。 [SEP] e________ [SEP] emergency
5282,cn,3.913984995,页 [SEP] 请翻到书的76页。 [SEP] p___ [SEP] page
5283,cn,0.715913159,走路的路程 [SEP] 从这里到车站只有十分钟的走路路程。 [SEP] w___ [SEP] walk
5284,cn,-0.301100445,外部的 [SEP] 我们只能依靠外部力量解决问题了。 [SEP] e_______ [SEP] external
5285,cn,-1.075012211,令人发指地 [SEP] 英国人令人发指地对待他们的饮食。 [SEP] c_________ [SEP] criminally
5286,cn,3.536880681,门 [SEP] 请把门关上。 [SEP] d___ [SEP] door
5287,cn,1.329622459,观察 [SEP] 他们在不同海洋生物身上都观察到类似行为。 [SEP] o______ [SEP] observe
5288,cn,-0.847602221,住宿 [SEP] 学校的住宿条件很好。 [SEP] a____________ [SEP] accommodation
5289,cn,-4.418874192,轮流担任的 [SEP] 哨兵采用轮流值班制度。 [SEP] r_______ [SEP] rotating
5290,cn,-0.612598696,疫苗 [SEP] 科学家正在研制艾滋疫苗。 [SEP] v______ [SEP] vaccine
5291,cn,3.161420353,农民 [SEP] 我的叔叔是一个农民。 [SEP] f_____ [SEP] farmer
5292,cn,-1.691183312,不插电的（指音乐不用电子扩音设备的） [SEP] 传言他将在演唱会上献上这首热门单曲的不插电版。 [SEP] u________ [SEP] unplugged
5293,cn,-2.04798527,不兼容性 [SEP] 这个硬盘与苹果电脑的不兼容性给她造成了麻烦。 [SEP] i______________ [SEP] incompatibility
5294,cn,1.057504421,担心的 [SEP] 1)我担心她可能是病了。2)他看起来很愁闷。 [SEP] w______ [SEP] worried
5295,cn,-0.976709727,满足的 [SEP] 女儿在事业上获得了成功，这让老两口都心满意足。 [SEP] c______ [SEP] content
5296,cn,-1.289965364,快速转动 [SEP] 她快速转动地球仪。 [SEP] s___ [SEP] spin
5297,cn,-1.44158427,紧迫的 [SEP] 打击恐怖主义是一个紧迫的任务。 [SEP] p_______ [SEP] pressing
5298,cn,1.109539113,取消 [SEP] 您需要取消预订吗？ [SEP] c_____ [SEP] cancel
5299,cn,-0.307580463,优雅 [SEP] 他被她的优雅打动了。 [SEP] g____ [SEP] grace
5300,cn,-1.014483079,海洛因 [SEP] 一旦沾上海洛因，就永无戒除的可能。 [SEP] h_____ [SEP] heroin
5301,cn,-2.960840484,毁灭性的（不以ive结尾） [SEP] 1)吸毒对人的影响是毁灭性的。2)父亲的死对她造成了毁灭性打击。 [SEP] d__________ [SEP] devastating
5302,cn,0.922595608,共和国 [SEP] 爱尔兰的全名是爱尔兰共和国。 [SEP] r_______ [SEP] republic
5303,cn,2.462233853,真的很 [SEP] 1)我真的累了。2)他真的很喜欢教学工作。 [SEP] r_____ [SEP] really
5304,cn,1.336351553,人（单数） [SEP] 1)经理，有一个人找您。2)入场券每人10元。 [SEP] p_____ [SEP] person
5305,cn,1.014374251,耐心地 [SEP] 他耐心地给学生讲解这个公式。 [SEP] p________ [SEP] patiently
5306,cn,0.740210153,兜 [SEP] 我把钱包放在衣兜里。 [SEP] p_____ [SEP] pocket
5307,cn,1.29086963,个人的 [SEP] 1)选择穿什么完全是个人喜好。2)我的建议基于个人经验。 [SEP] p_______ [SEP] personal
5308,cn,1.430691557,巢 [SEP] 鸟儿回到巢中。 [SEP] n___ [SEP] nest
5309,cn,0.580268114,建筑工人 [SEP] 建筑工人很多都来自农村。 [SEP] b______ [SEP] builder
5310,cn,1.952961772,系统 [SEP] 这种疾病会损伤身体的免疫系统。 [SEP] s_____ [SEP] system
5311,cn,3.73775506,购物 [SEP] 购物是她解压的方式。 [SEP] s_______ [SEP] shopping
5312,cn,1.700332924,踢 [SEP] 这一踢锁定了足球赛的胜负。 [SEP] k___ [SEP] kick
5313,cn,1.091118651,伤疤 [SEP] 这个男孩的额头上有一道伤疤。 [SEP] s___ [SEP] scar
5314,cn,2.891022952,报纸 [SEP] 他在地铁上读报纸。 [SEP] n________ [SEP] newspaper
5315,cn,-3.193439511,发作的一阵或一场 [SEP] 他刚从一场肠胃炎中恢复过来。 [SEP] b___ [SEP] bout
5316,cn,0.599493297,化学的 [SEP] 这些化学反应导致水藻大量繁殖。 [SEP] c_______ [SEP] chemical
5317,cn,-2.003885585,轰炸 [SEP] 巴格达最近的几次轰炸导致近百个平民丧生。 [SEP] b______ [SEP] bombing
5318,cn,0.459795402,捐款 [SEP] 他向维基百科捐了五美元。 [SEP] c_________ [SEP] contribute
5319,cn,-0.099126762,特征 [SEP] 高额头是他们的家族特征。 [SEP] c_____________ [SEP] characteristic
5320,cn,-0.761142176,管理者 [SEP] 更改这个文件需要管理者账户。 [SEP] a____________ [SEP] administrator
5321,cn,0.813928218,圣经 [SEP] 基督教徒必须熟悉《圣经》。 [SEP] b____ [SEP] bible
5322,cn,-0.328406526,在…前 [SEP] 这件事发生在我进入公司之前。 [SEP] p____ [SEP] prior
5323,cn,-0.585101389,指导 [SEP] 在老师的指引之下，我完成了这个项目。 [SEP] g_______ [SEP] guidance
5324,cn,0.171238221,医疗保健 [SEP] 英国拥有全民免费的医疗保健制度。 [SEP] h_________ [SEP] healthcare
5325,cn,0.872832765,等级 [SEP] 政府发出了最高等级的警报。 [SEP] g____ [SEP] grade
5326,cn,-0.276329316,系主任 [SEP] 这份文件需要系主任签字。 [SEP] d___ [SEP] dean
5327,cn,1.625381008,祖母 [SEP] 我的祖母是个和善的人。 [SEP] g__________ [SEP] grandmother
5328,cn,2.801280706,任何地方 [SEP] 我会跟着你去任何地方。 [SEP] a_______ [SEP] anywhere
5329,cn,1.929143621,发展 [SEP] 这个国家的高速发展令人瞩目。 [SEP] d__________ [SEP] development
5330,cn,0.699625554,继母 [SEP] 他的女儿和继母争吵不休，让他十分为难。 [SEP] s_________ [SEP] stepmother
5331,cn,-0.839174237,公认的 [SEP] 善有善报是一条被人们普遍接受的道理。 [SEP] a_______ [SEP] accepted
5332,cn,-0.049282482,过滤 [SEP] 灾区群众必须过滤饮用水，以防止疾病感染。 [SEP] f_____ [SEP] filter
5333,cn,-0.559411592,赞助商 [SEP] 瑞士银行是这次音乐节的赞助商。 [SEP] s______ [SEP] sponsor
5334,cn,-0.036767712,方便 [SEP] 火车上的哺乳室为年轻母亲们提供了方便。 [SEP] c__________ [SEP] convenience
5335,cn,-1.066736157,极大的 [SEP] 公司的改制获得了巨大的成功。 [SEP] t_________ [SEP] tremendous
5336,cn,-1.398907703,凑巧地 [SEP] 巧的是，他恰好也选择了今天来到这里。 [SEP] c_____________ [SEP] coincidentally
5337,cn,-0.579921593,救生艇 [SEP] 船员将乘客们疏散至救生艇。 [SEP] l_______ [SEP] lifeboat
5338,cn,0.099376492,药片 [SEP] 她每天都要服用两片抗抑郁的药片。 [SEP] t_____ [SEP] tablet
5339,cn,2.038029894,过夜地 [SEP] 如果你无处可去，你可以呆在我家过夜。 [SEP] o________ [SEP] overnight
5340,cn,-0.191442208,伸 [SEP] 1)这条路一直延伸到山的另一边。2)我们将营业时间延至晚十点。 [SEP] e_____ [SEP] extend
5341,cn,-2.201482976,坚称 [SEP] 律师坚称被告是清白的。 [SEP] a_____ [SEP] assert
5342,cn,0.417201736,变化 [SEP] 气候随地区不同而变化。 [SEP] v___ [SEP] vary
5343,cn,-1.364488328,有意地 [SEP] 他故意漏交了我的报告。 [SEP] i____________ [SEP] intentionally
5344,cn,-0.231097471,喷泉 [SEP] 罗马有许多喷泉。 [SEP] f_______ [SEP] fountain
5345,cn,1.970755233,咬 [SEP] 我咬了一口面包。 [SEP] b___ [SEP] bite
5346,cn,-0.698363008,经历 [SEP] 1)那是我不想重温的一段人生经历。2)我期待这部剧的下一集。 [SEP] e______ [SEP] episode
5347,cn,-2.391893168,人口统计数据（复数） [SEP] 这一地区的人口统计数据显示空巢现象严重。 [SEP] d___________ [SEP] demographics
5348,cn,-0.394457844,不确定性 [SEP] 未来的不确定性让我焦虑。 [SEP] u__________ [SEP] uncertainty
5349,cn,1.710263356,档案 [SEP] 公司保存着每个员工的个人档案。 [SEP] f___ [SEP] file
5350,cn,-2.330807383,无能 [SEP] 他在增加销售额方面的无能为力使他被辞退了。 [SEP] i________ [SEP] inability
5351,cn,1.257934557,成功的 [SEP] 我们的实验非常成功。 [SEP] s_________ [SEP] successful
5352,cn,-1.038038102,答复 [SEP] 妻子对他这席话的答复是一声愤怒的尖叫。 [SEP] r_______ [SEP] response
5353,cn,3.620704596,慢地 [SEP] 他在雪天把车开得很慢。 [SEP] s___ [SEP] slow
5354,cn,1.805659165,空间 [SEP] 1)我们挪走了桌椅以留出跳舞的空间。2)这张床占去许多空间。 [SEP] s____ [SEP] space
5355,cn,-1.073890025,非常美 [SEP] 你穿这条裙子看起来美极了。 [SEP] g_______ [SEP] gorgeous
5356,cn,1.574664003,明显的 [SEP] 很明显他根本没有做准备。 [SEP] o______ [SEP] obvious
5357,cn,-0.772364521,后面的 [SEP] 1)他把前后车灯都打开了。2)请从后门下车。 [SEP] r___ [SEP] rear
5358,cn,-1.772654308,病理 [SEP] 科学家们研究阿尔茨海默症的病理。 [SEP] p________ [SEP] pathology
5359,cn,-0.857718222,争端 [SEP] 两国领土问题的争端尚未解决。 [SEP] d______ [SEP] dispute
5360,cn,1.157061845,薄的 [SEP] 这本书很薄，我一下午就能翻完。 [SEP] t___ [SEP] thin
5361,cn,-2.212243345,滑雪板 [SEP] 他踩着滑雪板滑下雪坡。 [SEP] s________ [SEP] snowboard
5362,cn,-2.992353002,不了解情况的 [SEP] 我以上的评论都是一些不了解情况的猜想，还请大家指正。 [SEP] u_________ [SEP] uninformed
5363,cn,-1.050633159,郊区的 [SEP] 许多人从伦敦郊区乘地铁去市内上班。 [SEP] s_______ [SEP] suburban
5364,cn,0.175823108,画廊 [SEP] 我们在国家肖像画廊里看到丘吉尔的画像。 [SEP] g______ [SEP] gallery
5365,cn,-1.006231741,手动地 [SEP] 除自动生成歌库外，您也可以手动添加自己喜欢的歌曲。 [SEP] m_______ [SEP] manually
5366,cn,3.089391073,读者 [SEP] 这本书为读者提供了基因的基本知识。 [SEP] r_____ [SEP] reader
5367,cn,1.290052987,重要性 [SEP] 许多父母意识到了早教的重要性。 [SEP] i_________ [SEP] importance
5368,cn,-2.426333872,手写的 [SEP] 这里的签名必须是手写。 [SEP] h__________ [SEP] handwritten
5369,cn,-0.165429136,可靠性 [SEP] 他们质疑了数据的可靠性。 [SEP] r__________ [SEP] reliability
5370,cn,-1.858899762,例行手续 [SEP] 1)下飞机后，还有各种海关检查的例行手续。2)我们都这么熟了，就没必要拘礼了。 [SEP] f________ [SEP] formality
5371,cn,3.580275874,红的 [SEP] 她戴了一顶红色贝雷帽。 [SEP] r__ [SEP] red
5372,cn,1.187284618,翻译 [SEP] 他对我的翻译提出了一些问题。 [SEP] t__________ [SEP] translation
5373,cn,1.357217603,公路 [SEP] 这条公路通向纽约。 [SEP] h______ [SEP] highway
5374,cn,-1.389866612,指定的 [SEP] 他是指定的继承人。 [SEP] a_______ [SEP] assigned
5375,cn,1.609340992,算出…的平均数 [SEP] 这里的年降雨量平均600毫米。 [SEP] a______ [SEP] average
5376,cn,0.186427894,惊奇 [SEP] 他睁大的眼中充满惊奇。 [SEP] w_____ [SEP] wonder
5377,cn,0.594271864,吸收 [SEP] 海绵能吸收大量水分。 [SEP] a_____ [SEP] absorb
5378,cn,-3.396939723,十分认真地 [SEP] 她十分认真地核对数据。 [SEP] r__________ [SEP] religiously
5379,cn,-0.093901551,大堂 [SEP] 我在酒店大堂等你。 [SEP] l____ [SEP] lobby
5380,cn,1.583634222,轻轻地 [SEP] 她轻轻地碰了我一下。 [SEP] l______ [SEP] lightly
5381,cn,-1.16591664,承包商 [SEP] 承包商从大学处接过了学生宿舍的建设任务，但并未提供相应的良好服务。 [SEP] c_________ [SEP] contractor
5382,cn,0.469012503,出色地 [SEP] 她演奏得好极了。 [SEP] w__________ [SEP] wonderfully
5383,cn,0.437463015,引用 [SEP] 他在文章里引用了一句亚里士多德的名言。 [SEP] q____ [SEP] quote
5384,cn,-0.071229824,使…生气 [SEP] 1)你的话让她生气了。2)想到那么多人无家可归让我很难过。 [SEP] u____ [SEP] upset
5385,cn,-1.853959639,服务人员 [SEP] 她如愿以偿成为了飞机上的乘务员。 [SEP] a________ [SEP] attendant
5386,cn,0.534125773,使…摆脱 [SEP] 这个组织的目的是使世界摆脱贫困。 [SEP] r__ [SEP] rid
5387,cn,1.565681735,存在 [SEP] 毫无烦恼的生活并不存在。 [SEP] e____ [SEP] exist
5388,cn,-1.08291519,举起 [SEP] 我们应当提升劳动人民的社会地位。 [SEP] e______ [SEP] elevate
5389,cn,1.381175687,功能 [SEP] 饮酒会影响肝功能。 [SEP] f_______ [SEP] function
5390,cn,-0.417075794,洗碗池 [SEP] 他把脏的碗筷都堆进洗碗池。 [SEP] s___ [SEP] sink
5391,cn,1.256575092,教堂 [SEP] 他们每周日都去教堂。 [SEP] c_____ [SEP] church
5392,cn,-2.759826195,精神变态的 [SEP] 调查发现许多连环杀手都具有心理变态的特征。 [SEP] p___________ [SEP] psychopathic
5393,cn,0.889583562,继父 [SEP] 她的儿子和继父争吵不休，让她十分为难。 [SEP] s_________ [SEP] stepfather
5394,cn,0.002341018,设法做成 [SEP] 我能设法在七点前做好晚餐。 [SEP] m_____ [SEP] manage
5395,cn,3.527631742,蛋 [SEP] 先有鸡还是先有蛋？ [SEP] e__ [SEP] egg
5396,cn,2.241452508,清楚的 [SEP] 他的解释并不清楚。 [SEP] c____ [SEP] clear
5397,cn,1.249434681,鹰 [SEP] 鹰是美国的象征。 [SEP] e____ [SEP] eagle
5398,cn,0.048937353,机构 [SEP] 他供职于一家高等教育机构。 [SEP] i__________ [SEP] institution
5399,cn,-0.046269715,奥林匹克运动会 [SEP] 他参加了北京奥运会。 [SEP] o_______ [SEP] olympics
5400,cn,1.074218149,决定 [SEP] 我不会改变我的决定。 [SEP] d_______ [SEP] decision
5401,cn,1.992713988,支持 [SEP] 54%的受访者支持这项政策。 [SEP] s______ [SEP] support
5402,cn,-1.421769251,具体要求 [SEP] 1)这份工作的具体要求是什么？2)我们严格按照客户指定的规格制作了书柜。 [SEP] s____________ [SEP] specification
5403,cn,3.940679152,北 [SEP] 北京在上海的北面。 [SEP] n____ [SEP] north
5404,cn,0.883472529,楼梯（复数） [SEP] 她缓缓地走下楼梯。 [SEP] s_____ [SEP] stairs
5405,cn,-1.339969025,冰柜 [SEP] 他把肉从冰柜里取出来解冻。 [SEP] f______ [SEP] freezer
5406,cn,0.62888248,落下的 [SEP] 倒下的大树堵住了道路。 [SEP] f_____ [SEP] fallen
5407,cn,-2.180353167,游说者 [SEP] 游说者试图使政府加大对污染企业的处罚力度。 [SEP] l_______ [SEP] lobbyist
5408,cn,1.823902644,经常 [SEP] 1)他经常来我家。2)我不常喝可乐。 [SEP] o____ [SEP] often
5409,cn,-0.200456458,程序员 [SEP] 这家软件公司持续招收程序员。 [SEP] p_________ [SEP] programmer
5410,cn,-0.267797208,显得 [SEP] 他虽然受到惊吓，但仍显得镇定。 [SEP] a_____ [SEP] appear
5411,cn,-2.153248538,乳胶 [SEP] 我购买了一些乳胶手套。 [SEP] l____ [SEP] latex
5412,cn,-1.464486112,前提 [SEP] 许多经济学理论的前提都是人是理性的。 [SEP] p______ [SEP] premise
5413,cn,0.167256015,多米诺骨牌 [SEP] 她小心翼翼地搭着多米诺骨牌。 [SEP] d_____ [SEP] domino
5414,cn,-0.133312017,合作 [SEP] 多国合作共同打击恐怖主义。 [SEP] c________ [SEP] cooperate
5415,cn,-1.392570585,关于 [SEP] 我需要写信咨询一下关于退款的事。 [SEP] c_________ [SEP] concerning
5416,cn,-0.267427562,不会破裂的 [SEP] 两国之间有着牢不可破的友好关系。 [SEP] u__________ [SEP] unbreakable
5417,cn,1.074623699,出口 [SEP] 我们出口了大量电子设备。 [SEP] e_____ [SEP] export
5418,cn,1.49612453,鼓励 [SEP] 老师鼓励她继续试验。 [SEP] e________ [SEP] encourage
5419,cn,0.067183004,封好 [SEP] 1)放入泡菜后请封好坛子，防止空气进入。2)他仔细地封上信封，贴好邮票。 [SEP] s___ [SEP] seal
5420,cn,-0.286005332,应用的 [SEP] 应用语言学和应用数学都是当下的热门学科。 [SEP] a______ [SEP] applied
5421,cn,-2.27847792,纳入 [SEP] 我把旧的方案纳入了新方案当中。 [SEP] i__________ [SEP] incorporate
5422,cn,-0.685303018,促动 [SEP] 教师要学会调动学生的积极性。 [SEP] m_______ [SEP] motivate
5423,cn,0.625140422,地区的 [SEP] 即使同在中国，婚俗也有着地区差异。 [SEP] r_______ [SEP] regional
5424,cn,2.582194675,笑话 [SEP] 他讲了一个笑话，但是没有人笑。 [SEP] j___ [SEP] joke
5425,cn,0.488498852,起草 [SEP] 政府起草新的环境税法。 [SEP] d____ [SEP] draft
5426,cn,-1.412609963,创作（音乐、作品等） [SEP] 就在这期间他创作了第九交响曲。 [SEP] c______ [SEP] compose
5427,cn,-1.024247479,有前途的 [SEP] 他是一个有前途的音乐家。 [SEP] p________ [SEP] promising
5428,cn,-0.311556284,互相的 [SEP] 1)我们希望达到互相理解。2)他们的感情是相互的。 [SEP] m_____ [SEP] mutual
5429,cn,0.693732111,杰出的 [SEP] 1)黄山地区以杰出的天然美景著称。2)他是个出类拔萃的学生。 [SEP] o__________ [SEP] outstanding
5430,cn,1.297822236,态度 [SEP] 经理对我的态度终于有所转变。 [SEP] a_______ [SEP] attitude
5431,cn,-1.933664066,巡洋舰 [SEP] 他曾在一艘巡洋舰上服役。 [SEP] c______ [SEP] cruiser
5432,cn,0.153074184,短裤 [SEP] 他穿了短裤来上班。 [SEP] s_____ [SEP] shorts
5433,cn,-1.236060555,物流 [SEP] 我们没有考虑到将大量桶装水运进山区的物流安排。 [SEP] l________ [SEP] logistics
5434,cn,2.533306605,测试 [SEP] 我们的目的是测试您的可用词汇量水平。 [SEP] t___ [SEP] test
5435,cn,1.820612844,能力 [SEP] 身体的疲劳会影响驾车能力。 [SEP] a______ [SEP] ability
5436,cn,-1.924633151,实力 [SEP] 这件事充分证明了他的实力。 [SEP] c_________ [SEP] competence
5437,cn,0.833011627,过度加热 [SEP] 请及时关闭电暖器，以免其过度加热。 [SEP] o_______ [SEP] overheat
5438,cn,0.035868216,简化的 [SEP] 1)我们决定采用这个经过简化的方案。2)我们使用简体字。 [SEP] s_________ [SEP] simplified
5439,cn,-0.723397323,基督教的 [SEP] 他忠于基督教信仰。 [SEP] c________ [SEP] christian
5440,cn,-1.95909153,供给 [SEP] 应急援助的供给仍然很不够。 [SEP] p________ [SEP] provision
5441,cn,1.654231709,秘密的 [SEP] 他只告诉了几位好友他求婚的秘密计划。 [SEP] s_____ [SEP] secret
5442,cn,2.626764153,围绕着 [SEP] 地球围绕太阳旋转。 [SEP] a_____ [SEP] around
5443,cn,-1.042548443,赞美 [SEP] 1)他把她的话当作是一种赞美。2)他们无话可聊却又不得不对坐聊天，只好相互交换些无味的恭维话。 [SEP] c_________ [SEP] compliment
5444,cn,-0.606705594,暗指 [SEP] 他的回答暗示公司将上市。 [SEP] i____ [SEP] imply
5445,cn,0.656722093,金属 [SEP] 金是一种贵金属。 [SEP] m____ [SEP] metal
5446,cn,0.846180693,对面的 [SEP] 1)银行就在路的对面。2)我走过去，坐到他对面的椅子上。 [SEP] o_______ [SEP] opposite
5447,cn,0.977650534,欧元 [SEP] 欧元是欧盟的统一货币。 [SEP] e___ [SEP] euro
5448,cn,-1.491211648,无疑地 [SEP] 他毫无疑问就是凶手。 [SEP] u__________ [SEP] undoubtedly
5449,cn,1.959244417,信息 [SEP] 他竭尽全力获取一切信息。 [SEP] i__________ [SEP] information
5450,cn,0.650311595,预算 [SEP] 我们今年的预算有一半用于购买设备。 [SEP] b_____ [SEP] budget
5451,cn,1.951688368,出口 [SEP] 我找不到商场的出口。 [SEP] e___ [SEP] exit
5452,cn,0.392312268,微笑的 [SEP] 孩子们快乐的笑脸带走了我全部的烦恼。 [SEP] s______ [SEP] smiling
5453,cn,3.200146114,抱歉的 [SEP] “我很抱歉“，他低着头说。 [SEP] s____ [SEP] sorry
5454,cn,1.578496769,精力 [SEP] 她似乎有无穷的精力。 [SEP] e_____ [SEP] energy
5455,cn,0.225474869,照明 [SEP] 我们要尽量多地利用自然光照。 [SEP] l_______ [SEP] lighting
5456,cn,-1.441864748,骚乱 [SEP] 政府平息了这一地区的骚乱。 [SEP] r___ [SEP] riot
5457,cn,0.701028404,尝试 [SEP] 我所有的尝试都失败了。 [SEP] a______ [SEP] attempt
5458,cn,-2.452312816,被给予主要地位的 [SEP] 这期的主题人物是章子怡。 [SEP] f_______ [SEP] featured
5459,cn,-1.083168541,穆斯林的 [SEP] 他对穆斯林的文化很感兴趣。 [SEP] m_____ [SEP] muslim
5460,cn,-1.447599993,去除 [SEP] 对贫困的消灭绝非一日之功。 [SEP] e__________ [SEP] elimination
5461,cn,2.060793568,科学 [SEP] 国家全力发展科学和技术。 [SEP] s______ [SEP] science
5462,cn,4.453766746,男孩 [SEP] 你喜欢男孩还是女孩？ [SEP] b__ [SEP] boy
5463,cn,-3.432918076,市政的 [SEP] APEC在这里的召开使他们感到了市民自豪感。 [SEP] c____ [SEP] civic
5464,cn,0.583397987,堵塞的 [SEP] 您的帐户被暂时封锁，需要提供密码才能启用。 [SEP] b______ [SEP] blocked
5465,cn,-0.792564259,永久的 [SEP] 她遭受了永久的视力损伤。 [SEP] p________ [SEP] permanent
5466,cn,-0.72504413,作证 [SEP] 两位邻居作证称夜里听见汽车发动的声音。 [SEP] t______ [SEP] testify
5467,cn,0.755973197,眼眉 [SEP] 他的眼眉颜色很淡。 [SEP] e______ [SEP] eyebrow
5468,cn,1.77762093,快乐 [SEP] 对我来说，快乐是最重要的。 [SEP] h________ [SEP] happiness
5469,cn,-1.285645703,石柱 [SEP] 神庙由十六根大理石柱支撑着。 [SEP] c_____ [SEP] column
5470,cn,3.165340768,海 [SEP] 我们住在海边。 [SEP] s__ [SEP] sea
5471,cn,-0.611790219,倾向 [SEP] 她总有夸大事实的倾向。 [SEP] t_______ [SEP] tendency
5472,cn,-0.746557892,布料 [SEP] 我不喜欢这件衣服的布料。 [SEP] f_____ [SEP] fabric
5473,cn,1.879898759,浴室 [SEP] 洗手间里放有各种盥洗用品。 [SEP] b_______ [SEP] bathroom
5474,cn,-0.189777671,汉堡包 [SEP] 他的午饭是汉堡加可乐。 [SEP] h________ [SEP] hamburger
5475,cn,2.814541906,对的事 [SEP] 他们教孩子区分正误。 [SEP] r____ [SEP] right
5476,cn,0.053468302,景象 [SEP] 我脑中出现与已故的祖母重聚的景象。 [SEP] v_____ [SEP] vision
5477,cn,-1.198246656,比喻 [SEP] 这位演说家成功的秘诀是善于运用比喻。 [SEP] m_______ [SEP] metaphor
5478,cn,-4.477141193,极为重大的 [SEP] 我们面临着一个极重大的任务。 [SEP] m_________ [SEP] monumental
5479,cn,-0.771489354,健谈的人 [SEP] 她真是个健谈的人——她跟我整整说了一小时，我一句话也插不上！ [SEP] t_____ [SEP] talker
5480,cn,-0.244680289,呼吁 [SEP] 志愿者发起呼吁，请求社会援助在地震中失去家园的人们。 [SEP] a_____ [SEP] appeal
5481,cn,-1.155390379,盖 [SEP] 他掀开了锅盖。 [SEP] l__ [SEP] lid
5482,cn,-0.627988599,讽刺的是 [SEP] 讽刺的是，他倾家荡产买下的这幅画，其实是一份赝品。 [SEP] i_________ [SEP] ironically
5483,cn,-1.430858991,进化论的 [SEP] 从猿猴到智人经历了漫长的演化过程。 [SEP] e___________ [SEP] evolutionary
5484,cn,-1.326429565,只不过 [SEP] 1)这不过是因为低温把水管损坏了。2)这仅仅是个时间问题。 [SEP] s_____ [SEP] simply
5485,cn,2.51981532,捕鱼 [SEP] 政府禁止在休渔期捕鱼。 [SEP] f___ [SEP] fish
5486,cn,2.07689702,奖 [SEP] 他获得了今年的格莱美奖。 [SEP] a____ [SEP] award
5487,cn,0.827930286,书写 [SEP] 听，说，读，写是语言学习的四个主要部分。 [SEP] w______ [SEP] writing
5488,cn,0.592462454,讨论 [SEP] 他们进行了友好的讨论。 [SEP] d_________ [SEP] discussion
5489,cn,1.584707298,激情 [SEP] 他的心被激情占据了。 [SEP] p______ [SEP] passion
5490,cn,2.033064418,面具 [SEP] 化装舞会上，大家都戴着面具。 [SEP] m___ [SEP] mask
5491,cn,0.835588875,定义 [SEP] 你如何定义“正直”？ [SEP] d_____ [SEP] define
5492,cn,-1.914311624,分开 [SEP] 这将导致孩子与母亲的暂时分开。 [SEP] s_________ [SEP] separation
5493,cn,-0.194726245,牵涉在内的 [SEP] 所有被牵涉的人员都将被提审。 [SEP] i_______ [SEP] involved
5494,cn,0.215910971,主观的 [SEP] 对学生作文的判分往往是主观的。 [SEP] s_________ [SEP] subjective
5495,cn,-0.800144994,码头 [SEP] 工人们在码头上装卸货物。 [SEP] d___ [SEP] dock
5496,cn,2.29904614,收集 [SEP] 我收集旧钱币。 [SEP] c______ [SEP] collect
5497,cn,-0.214167228,接触或获得（信息，机会） [SEP] 1)所有人都能访问这个网站。2)每个学生都可获得这些信息。 [SEP] a_____ [SEP] access
5498,cn,-2.5671652,横扫的 [SEP] 这项新政将使国家的农业发展发生深远的变化。 [SEP] s_______ [SEP] sweeping
5499,cn,0.46876037,侮辱 [SEP] 你无权这样侮辱我。 [SEP] i_____ [SEP] insult
5500,cn,0.051863921,全体船员 [SEP] 全部机组人员在这次空难中都丧生了。 [SEP] c___ [SEP] crew
5501,cn,-2.434048118,拼贴画 [SEP] 这幅艺术品其实是由书籍封面加工的拼贴作品。 [SEP] c______ [SEP] collage
5502,cn,1.077862247,过程 [SEP] 1)我学习驾车的过程十分漫长。2)衰老的过程常常伴随着疾病。 [SEP] p______ [SEP] process
5503,cn,-2.211072706,使震惊 [SEP] 我们都被她突然的死讯震惊了。 [SEP] s___ [SEP] stun
5504,cn,-0.041162618,不适合的 [SEP] 她对钱不感兴趣，不适合做生意。 [SEP] u_________ [SEP] unsuitable
5505,cn,-1.494341849,刻板印象 [SEP] 女生不擅长理工学科是一种广泛的性别刻板印象。 [SEP] s_________ [SEP] stereotype
5506,cn,0.221431508,节约的 [SEP] 我们应该采用更节约的生活方式。 [SEP] e_________ [SEP] economical
5507,cn,-0.184132545,招聘 [SEP] 公司正在招聘销售经理。 [SEP] r______ [SEP] recruit
5508,cn,-0.190043409,此外 [SEP] 我不会和他结婚：他太自私了，此外，我也不喜欢他的父母。 [SEP] m_______ [SEP] moreover
5509,cn,-1.169556793,烈酒 [SEP] 俄罗斯人因善饮烈酒著称。 [SEP] l_____ [SEP] liquor
5510,cn,-2.128440592,厅 [SEP] 委员们纷纷走进会议厅。 [SEP] c______ [SEP] chamber
5511,cn,0.839395385,道歉 [SEP] 我想对您说一声道歉。 [SEP] a______ [SEP] apology
5512,cn,1.615036981,会议 [SEP] 她在与客户的会议上介绍了项目的前景。 [SEP] m______ [SEP] meeting
5513,cn,-1.325436951,故意的 [SEP] 我漏交了你的报告——但这不是故意的。 [SEP] i__________ [SEP] intentional
5514,cn,1.587920641,钢琴 [SEP] 她会弹钢琴。 [SEP] p____ [SEP] piano
5515,cn,1.100037801,频繁的 [SEP] 他对这栋房子的频繁造访引起警察的注意。 [SEP] f_______ [SEP] frequent
5516,cn,-1.051276629,造反者 [SEP] 叛乱者围攻了政府大楼。 [SEP] r____ [SEP] rebel
5517,cn,2.217438245,白天 [SEP] 他把白天的时间用来睡觉，而晚上写作。 [SEP] d______ [SEP] daytime
5518,cn,-1.520088498,召唤 [SEP] 所有警官都被紧急召唤至警察厅接受任务。 [SEP] s_____ [SEP] summon
5519,cn,-1.695418397,一体的 [SEP] 我们必须针对环境污染采取综合措施：生产、运输和销售环节都必须从严控制。 [SEP] i_________ [SEP] integrated
5520,cn,-1.381542146,猛烈地 [SEP] 树枝在风暴中猛烈地摇动。 [SEP] v________ [SEP] violently
5521,cn,-1.273247294,条约 [SEP] 他们共同签署了国际环境条约。 [SEP] t_____ [SEP] treaty
5522,cn,-2.322217182,界线 [SEP] 爱情和友情的界线往往是很模糊的。 [SEP] b_________ [SEP] borderline
5523,cn,2.490987138,顶 [SEP] 蛋糕的顶部有新婚夫妇形状的蜡烛。 [SEP] t__ [SEP] top
5524,cn,-2.187521804,创伤性的 [SEP] 孩子的早夭是我不愿触碰的一段痛苦往事。 [SEP] t________ [SEP] traumatic
5525,cn,-1.271431586,肢体 [SEP] 医生为她安装了假肢。 [SEP] l___ [SEP] limb
5526,cn,2.374066207,在公众场合 [SEP] 我觉得夫妇当众吵架很没有修养。 [SEP] p_____ [SEP] public
5527,cn,0.367643713,戏剧性地 [SEP] 售货员的态度戏剧性地发生了转变。 [SEP] d___________ [SEP] dramatically
5528,cn,1.600878369,日出 [SEP] 她一直想看海上的日出。 [SEP] s______ [SEP] sunrise
5529,cn,-3.431710626,监视 [SEP] 这位官员目前正受到监视。 [SEP] s___________ [SEP] surveillance
5530,cn,-1.343160688,暗杀 [SEP] 肯尼迪总统死于暗杀。 [SEP] a____________ [SEP] assassination
5531,cn,-2.978836421,精神病治疗的 [SEP] 我带母亲去了医院的精神病治疗中心。 [SEP] p__________ [SEP] psychiatric
5532,cn,2.211166091,许多 [SEP] 我有许多书。 [SEP] m___ [SEP] many
5533,cn,1.577964163,夹克 [SEP] 外面起风了，请穿上夹克。 [SEP] j_____ [SEP] jacket
5534,cn,-2.795784348,选民 [SEP] 1)科学家们研究着火星大气的成分。2)他赢得了本选区选民的支持。 [SEP] c__________ [SEP] constituent
5535,cn,2.261211574,在…期间 [SEP] 在一战期间他在上中学。 [SEP] d_____ [SEP] during
5536,cn,-2.283326183,击倒对手的一拳 [SEP] 他给了对手致命一拳。 [SEP] k_______ [SEP] knockout
5537,cn,-1.490236987,不必要的 [SEP] 1)大量的塑料袋造成不必要的浪费。2)不必说，我对孩子撒谎十分生气。 [SEP] n_______ [SEP] needless
5538,cn,-2.87704406,加勒比海地区的 [SEP] 加勒比海地区的食物偏辣。 [SEP] c________ [SEP] caribbean
5539,cn,1.589806509,常见的 [SEP] 琼斯是个常见的英国姓氏。 [SEP] c_____ [SEP] common
5540,cn,0.973377549,自然地 [SEP] 1)“你批评他了吗？”“那是自然。”2)他在95岁时自然死亡了。 [SEP] n________ [SEP] naturally
5541,cn,2.629653049,占据…首位 [SEP] 这首单曲已经连续三周占据排行榜首位。 [SEP] t__ [SEP] top
5542,cn,0.02296835,发现 [SEP] 1)他们做出了重大的发现。2)他们将研究成果刊登在《科学》杂志上。 [SEP] f______ [SEP] finding
5543,cn,1.853636058,铁 [SEP] 考古学家挖出了一只铁手杖。 [SEP] i___ [SEP] iron
5544,cn,0.740407115,虐待 [SEP] 对儿童的虐待屡见不鲜。 [SEP] a____ [SEP] abuse
5545,cn,-2.211729476,桶（一般没有提手，区别于bucket） [SEP] 葡萄酒封存在橡木桶里。 [SEP] b_____ [SEP] barrel
5546,cn,-2.458064102,壮观的景象 [SEP] 青海湖上聚集的鸟群真是个壮观的景象。 [SEP] s________ [SEP] spectacle
5547,cn,-3.086652245,不同 [SEP] 调查显示不同省份的新生儿男女比例有明显差异。 [SEP] v_______ [SEP] variance
5548,cn,-0.419415571,歧视 [SEP] 对同性恋者的歧视仍然很普遍。 [SEP] d_____________ [SEP] discrimination
5549,cn,0.170964211,谜 [SEP] 他突然转变的态度对她是个谜。 [SEP] p_____ [SEP] puzzle
5550,cn,-0.835343396,欢迎的 [SEP] 他觉得中国人都很友好，很热情好客。 [SEP] w________ [SEP] welcoming
5551,cn,-0.354744731,装上货的 [SEP] 小心：这些银行警卫的枪都是实弹的。 [SEP] l_____ [SEP] loaded
5552,cn,3.114248578,世界 [SEP] 我希望世界上没有贫困。 [SEP] w____ [SEP] world
5553,cn,0.78878169,长凳 [SEP] 我们坐在公园的长凳上，悠闲地度过了下午。 [SEP] b____ [SEP] bench
5554,cn,-0.35618119,难民 [SEP] 该国决定无条件接受难民。 [SEP] r______ [SEP] refugee
5555,cn,-0.653872904,解放 [SEP] 妇女的解放是二十世纪的一大进步。 [SEP] l_________ [SEP] liberation
5556,cn,1.342059016,宫 [SEP] 1)颐和园又称“夏宫”。2)他们来到白金汉宫脚下参观。 [SEP] p_____ [SEP] palace
5557,cn,0.987380143,保持 [SEP] 我们希望保持目前的物价水平。 [SEP] m_______ [SEP] maintain
5558,cn,1.252498884,首都 [SEP] 芬兰的首都是赫尔辛基。 [SEP] c______ [SEP] capital
5559,cn,-3.916371576,命令 [SEP] 1)规则规定带泥的鞋子不能穿进体育馆。2)美国无法对俄罗斯在外交方面的举动发号施令。 [SEP] d______ [SEP] dictate
5560,cn,-0.772131882,宝石 [SEP] 这只戒指上镶有珍贵的宝石。 [SEP] j____ [SEP] jewel
5561,cn,1.876556482,访客 [SEP] 1)我今天专心研究，不接待访客。2)校园的这个区域不对参观者开放。 [SEP] v______ [SEP] visitor
5562,cn,-0.358394304,被打断的 [SEP] 被打断的思绪很难再次集中。 [SEP] i__________ [SEP] interrupted
5563,cn,3.004131551,一 [SEP] 1)他只有一个孩子。2)我买了一公斤面粉。 [SEP] o__ [SEP] one
5564,cn,0.353083401,不诚实的 [SEP] 他背信弃义的做法让人失望。 [SEP] d________ [SEP] dishonest
5565,cn,1.692884995,上升 [SEP] 他们观测到出生率的上升。 [SEP] r___ [SEP] rise
5566,cn,-2.655108528,仔细看 [SEP] 她贴近地看着药瓶上的小字。 [SEP] p___ [SEP] peer
5567,cn,0.824864751,航站楼 [SEP] 飞机从二号航站楼起飞。 [SEP] t_______ [SEP] terminal
5568,cn,2.541114614,年轻的 [SEP] 1)她是个聪明的年轻姑娘。2)你太年轻，许多事还不懂。 [SEP] y____ [SEP] young
5569,cn,0.817313019,尖叫 [SEP] 我们听到街上一声凌厉的尖叫，不知发生了什么事。 [SEP] s_____ [SEP] scream
5570,cn,-0.782154584,僵尸 [SEP] 儿子死后，她成了个每天坐在窗前魂不守舍的人。 [SEP] z_____ [SEP] zombie
5571,cn,1.745875611,女演员 [SEP] 这位女演员以精湛的演技征服了观众。 [SEP] a______ [SEP] actress
5572,cn,1.336127306,超级棒 [SEP] “我们晚上去喝一杯吧？”“真是个超级棒的主意！” [SEP] s____ [SEP] super
5573,cn,0.300986476,情节 [SEP] 这本小说有引人入胜的情节。 [SEP] p___ [SEP] plot
5574,cn,0.740920009,肌肉 [SEP] 她锻炼自己的腿部肌肉。 [SEP] m_____ [SEP] muscle
5575,cn,-1.803730509,鞋底 [SEP] 这个鞋子的鞋底是塑胶的。 [SEP] s___ [SEP] sole
5576,cn,0.28273993,凌乱 [SEP] 我的屋子一片狼藉。 [SEP] m___ [SEP] mess
5577,cn,-0.833896491,搅动 [SEP] 她若有所思地搅着咖啡。 [SEP] s___ [SEP] stir
5578,cn,0.969875093,发牢骚 [SEP] 她喜欢发牢骚，却不去考虑事情的解决办法。 [SEP] c_______ [SEP] complain
5579,cn,-0.931897065,禾秆 [SEP] 她挎着一个草编包。 [SEP] s____ [SEP] straw
5580,cn,-1.198088509,杂交种 [SEP] 这种水稻是不同品种的杂交种。 [SEP] h_____ [SEP] hybrid
5581,cn,0.426051473,抛弃 [SEP] 这只狗被主人抛弃了。 [SEP] a______ [SEP] abandon
5582,cn,-0.752119845,互动的 [SEP] 老师设计了一些互动性的课堂活动。 [SEP] i__________ [SEP] interactive
5583,cn,2.454762094,友好的 [SEP] 我的新同事都很友好。 [SEP] f_______ [SEP] friendly
5584,cn,-0.285959899,羊肉 [SEP] 我不吃羊肉。 [SEP] l___ [SEP] lamb
5585,cn,0.21088513,拇指 [SEP] 门夹伤了我的大拇指。 [SEP] t____ [SEP] thumb
5586,cn,-1.989751784,解决 [SEP] 这起医患纠纷的解决也带来启示。 [SEP] s_________ [SEP] settlement
5587,cn,1.812992275,每天的 [SEP] 学习，做饭，锻炼——这就是我的每日生活。 [SEP] e_______ [SEP] everyday
5588,cn,-1.069816384,大使 [SEP] 大使拒绝了所有记者的采访。 [SEP] a_________ [SEP] ambassador
5589,cn,-1.635275061,连续的 [SEP] 1)我们经历了持久的斗争才赢得这个结果。2)这个故事未完待续。 [SEP] c________ [SEP] continued
5590,cn,-0.500847839,回应 [SEP] 客服部门迅速地回应了我的投诉。 [SEP] r______ [SEP] respond
5591,cn,-1.293935668,优美 [SEP] 她以语言的优美典雅闻名。 [SEP] e_______ [SEP] elegance
5592,cn,-0.347085653,进行中的 [SEP] 这是一个仍在进行中的项目，将持续到明年3月。 [SEP] o______ [SEP] ongoing
5593,cn,-0.957504942,水银 [SEP] 体温计打碎了，水银流了出来。 [SEP] m______ [SEP] mercury
5594,cn,-0.500634707,不愉快的 [SEP] 1)让我们忘记之前不快的经历，一同面对未来吧。2)屋里有种难闻的气味。 [SEP] u_________ [SEP] unpleasant
5595,cn,0.039644065,咨询 [SEP] 我们就水坝的安全问题咨询了专家。 [SEP] c______ [SEP] consult
5596,cn,-3.745696848,尤其是 [SEP] 文中仍然有一些错误，尤其是对红楼梦成书年代的论述。 [SEP] n______ [SEP] notably
5597,cn,1.574465617,提供 [SEP] 她为我提供了辩护所需的所有材料。 [SEP] p______ [SEP] provide
5598,cn,1.44975779,底座 [SEP] 这个雕像有一个十分结实的底座。 [SEP] b___ [SEP] base
5599,cn,1.480534476,软件 [SEP] 浏览器是我最常使用的软件。 [SEP] s_______ [SEP] software
5600,cn,-3.472990399,对抗 [SEP] 甘地以非暴力不合作的策略对抗殖民者。 [SEP] c______ [SEP] counter
5601,cn,-0.517606886,渴望 [SEP] 我渴望离开家。 [SEP] l___ [SEP] long
5602,cn,3.284312789,付款 [SEP] 1)“我们在哪付款？”2)我们付现金。 [SEP] p__ [SEP] pay
5603,cn,1.055843486,正面 [SEP] 柜子的正面雕有精美的花纹。 [SEP] f____ [SEP] front
5604,cn,-0.424801584,仙境 [SEP] 下了雪的北国如同白色的仙境。 [SEP] w_________ [SEP] wonderland
5605,cn,-2.371114262,一连串的 [SEP] 警方破获了一起连环杀人案。 [SEP] s_____ [SEP] serial
5606,cn,-0.582782279,刀片 [SEP] 她用刀片割开了脉管。 [SEP] b____ [SEP] blade
5607,cn,0.461692307,使…坐下 [SEP] 他安排我在教授边上就坐。 [SEP] s___ [SEP] seat
5608,cn,-0.732788488,埃及的 [SEP] 埃及文字非常古老。 [SEP] e_______ [SEP] egyptian
5609,cn,0.355861836,学术的 [SEP] 她的学术成就令人瞩目。 [SEP] a_______ [SEP] academic
5610,cn,0.892210565,娱乐 [SEP] 他打开报纸的娱乐版。 [SEP] e____________ [SEP] entertainment
5611,cn,-1.450709239,忍者 [SEP] 他喜欢玩水果忍者的游戏。 [SEP] n____ [SEP] ninja
5612,cn,1.139637169,问题 [SEP] 1)在大家对计划纷纷同意之时，她忽然提出了计划的安全问题。2)钱不是问题。 [SEP] i____ [SEP] issue
5613,cn,-3.419950508,诉讼 [SEP] 我为争取孩子的抚养权提出诉讼。 [SEP] p__________ [SEP] proceedings
5614,cn,0.572896993,同事 [SEP] 我今天要和一位同事共进午餐。 [SEP] c________ [SEP] colleague
5615,cn,-2.229508488,健美运动者 [SEP] 健美运动者除了锻炼还需要补充各种蛋白质。 [SEP] b__________ [SEP] bodybuilder
5616,cn,2.939582781,词 [SEP] 这页的第一个词是什么？ [SEP] w___ [SEP] word
5617,cn,-2.351751141,天窗 [SEP] 阳光从楼顶的天窗射进来。 [SEP] s_______ [SEP] skylight
5618,cn,0.425124848,灾难 [SEP] 1)随着地面的震动，灾难发生了。2)这个项目以失败告终。 [SEP] d_______ [SEP] disaster
5619,cn,-1.364976709,说 [SEP] “蛋糕太甜了”，他说。 [SEP] r_____ [SEP] remark
5620,cn,-0.094739693,该死的 [SEP] 那块该死的石头把我绊倒了。 [SEP] d___ [SEP] damn
5621,cn,-0.854490157,深坑 [SEP] 战士们躲进深坑射击。 [SEP] p__ [SEP] pit
5622,cn,0.846900605,污染 [SEP] 空气污染仍然十分严重。 [SEP] p________ [SEP] pollution
5623,cn,-1.328349208,停住 [SEP] 经理让大家先停下，等待后续通知。 [SEP] h___ [SEP] halt
5624,cn,1.430640843,铁路 [SEP] 1)这栋房子就在铁路附近，所以噪音很大。2)我早上八点去火车站。 [SEP] r______ [SEP] railway
5625,cn,2.8930615,听上去 [SEP] 这个点子听上去不错。 [SEP] s____ [SEP] sound
5626,cn,2.267690338,中间的 [SEP] 照片的三人中，他是中间的那个人。 [SEP] m_____ [SEP] middle
5627,cn,1.133563982,沉默的 [SEP] 我问出这个问题后，他沉默了一会。 [SEP] s_____ [SEP] silent
5628,cn,0.544388276,仁慈 [SEP] 她跪下来岂求宽恕。 [SEP] m____ [SEP] mercy
5629,cn,0.986777202,珍珠 [SEP] 她戴了一对珍珠耳环。 [SEP] p____ [SEP] pearl
5630,cn,-1.631700062,生理学 [SEP] 这个团队研究两栖动物生理学。 [SEP] p_________ [SEP] physiology
5631,cn,0.146911092,烦人的 [SEP] 抖腿是个有点烦人的习惯。 [SEP] a_______ [SEP] annoying
5632,cn,-0.903873988,尤其 [SEP] 在所有的花里，他尤其喜欢水仙。 [SEP] p___________ [SEP] particularly
5633,cn,1.938187131,点头 [SEP] 他点点头：“你说得没错”。 [SEP] n__ [SEP] nod
5634,cn,1.029214095,家具 [SEP] 我们为新家购买了家具。 [SEP] f________ [SEP] furniture
5635,cn,0.791127437,道德的 [SEP] 父母教给孩子道德规范。 [SEP] m____ [SEP] moral
5636,cn,1.90540769,抓住或捉住的动作 [SEP] 他对球的稳稳一接让观众直呼漂亮。 [SEP] c____ [SEP] catch
5637,cn,-0.98564699,民主党人 [SEP] 他的父亲是一位民主党人。 [SEP] d_______ [SEP] democrat
5638,cn,1.402159388,合适的 [SEP] 这是一类适合老人的膳食。 [SEP] f__ [SEP] fit
5639,cn,-2.332094941,联合政府 [SEP] 三个政党共同组成一个联合政府。 [SEP] c________ [SEP] coalition
5640,cn,1.479450623,逃跑 [SEP] 他的父亲在二战中逃离了波兰。 [SEP] e_____ [SEP] escape
5641,cn,1.958910627,鸡肉 [SEP] 相比牛肉我更喜欢吃鸡肉。 [SEP] c______ [SEP] chicken
5642,cn,0.737074337,经典 [SEP] 1)阿加莎·克里斯蒂的作品堪称现代侦探小说的经典之作。2)文学经典经得起重读。 [SEP] c______ [SEP] classic
5643,cn,2.199395031,可爱的 [SEP] “他真是个可爱的帅小伙”，她说。 [SEP] c___ [SEP] cute
5644,cn,0.736589665,可饮用的 [SEP] 饮用水的供应是这里的大问题。 [SEP] d________ [SEP] drinkable
5645,cn,0.338895165,使害怕 [SEP] 1)草地上的蛇吓到了孩子们。2)你为什么进来不敲门？你吓死我了！ [SEP] s____ [SEP] scare
5646,cn,-0.067982129,场合 [SEP] 1)我在不同的场合下帮过他。2)有一次，电梯坏了，他们只能爬上10楼。 [SEP] o_______ [SEP] occasion
5647,cn,1.669075691,草 [SEP] 她坐在草地上看着天。 [SEP] g____ [SEP] grass
5648,cn,-1.129112117,抗拒 [SEP] 1)这种病毒已发展出一定的抗药性。2)对新市场趋势的抗拒导致了这家企业的破产。 [SEP] r_________ [SEP] resistance
5649,cn,-0.763301904,度假胜地 [SEP] 这个奥地利小镇是个著名的滑雪胜地。 [SEP] r_____ [SEP] resort
5650,cn,0.553031221,生计 [SEP] 他们卖花为生。 [SEP] l_____ [SEP] living
5651,cn,1.520123701,睡觉的时间 [SEP] 睡觉的时间到了，快上床！ [SEP] b______ [SEP] bedtime
5652,cn,-0.531602415,获得 [SEP] 我设法获得了研究需要的所有书籍。 [SEP] a______ [SEP] acquire
5653,cn,-1.256695674,有指导的 [SEP] 这是一次有指导的演习行动。 [SEP] d_______ [SEP] directed
5654,cn,0.950391217,拒绝（不以t结尾） [SEP] 我拒绝答应你的条件。 [SEP] r_____ [SEP] refuse
5655,cn,0.122212684,感激的 [SEP] 我很感激你帮了我。 [SEP] g_______ [SEP] grateful
5656,cn,2.5863769,好意 [SEP] 我始终感激他们一家人的好意。 [SEP] k_______ [SEP] kindness
5657,cn,-1.356293082,传统主义者 [SEP] 他是个抵触新变化的文化传统主义者。 [SEP] t_____________ [SEP] traditionalist
5658,cn,0.626829411,退休 [SEP] 退休让我有了很多时间做想做的事。 [SEP] r_________ [SEP] retirement
5659,cn,-1.460005146,之前的 [SEP] 他们不经事先通知就降低了我的工资。 [SEP] p____ [SEP] prior
5660,cn,1.120232685,连接 [SEP] 1)工程师检查了网络连接。2)太阳黑子运动与降雨之间的联系并不紧密。 [SEP] c_________ [SEP] connection
5661,cn,1.795060338,丈夫 [SEP] 她很爱她的丈夫。 [SEP] h______ [SEP] husband
5662,cn,0.221815828,事件 [SEP] 这起枪击事件导致3人死亡，8人受伤。 [SEP] i_______ [SEP] incident
5663,cn,-0.13671099,格式 [SEP] 他向老师询问了论文的格式。 [SEP] f_____ [SEP] format
5664,cn,-0.815711442,肖像 [SEP] 书中有一副作家伍尔夫的肖像。 [SEP] p_______ [SEP] portrait
5665,cn,0.932795943,袭击 [SEP] 法国将这起事件定位为恐怖袭击。 [SEP] a_____ [SEP] attack
5666,cn,1.296292496,制造商 [SEP] 我们是全球最大的牛奶巧克力制造商。 [SEP] m____ [SEP] maker
5667,cn,1.392537423,装饰 [SEP] 我们正在装饰圣诞树。 [SEP] d_______ [SEP] decorate
5668,cn,-0.807840819,审判 [SEP] 他因贪污接受审判。 [SEP] t____ [SEP] trial
5669,cn,-0.425204309,现实主义者 [SEP] 你知道，我是个现实主义者，所以我不去梦想未来的成功，只先做好眼前的事。 [SEP] r______ [SEP] realist
5670,cn,-0.869587236,哑的 [SEP] 1)他生来就既聋又哑。2)我吃惊得说不出话。 [SEP] d___ [SEP] dumb
5671,cn,1.84198895,伤害 [SEP] 1)我不想伤害你。2)我的膝盖疼。 [SEP] h___ [SEP] hurt
5672,cn,2.909684342,最终的 [SEP] 最终的结果出来了吗？ [SEP] f____ [SEP] final
5673,cn,-0.41540794,被反射的 [SEP] 镜子反射的光线使屋子更亮了。 [SEP] r________ [SEP] reflected
5674,cn,-2.488370751,繁殖的 [SEP] 无脊椎动物的繁殖行为与哺乳动物不同。 [SEP] r___________ [SEP] reproductive
5675,cn,-1.887400237,入场 [SEP] 演员的入场让观众们安静了下来。 [SEP] e____ [SEP] entry
5676,cn,-0.256817852,可持续的 [SEP] 可持续发展意味着节约不可再生能源。 [SEP] s__________ [SEP] sustainable
5677,cn,1.253253762,寄 [SEP] 我寄给朋友一个包裹。 [SEP] p___ [SEP] post
5678,cn,0.182176779,遗产 [SEP] 祖先留下了丰富的文化遗产。 [SEP] h_______ [SEP] heritage
5679,cn,-0.897261893,偶尔的 [SEP] 对他来说，生病只是偶发事件。 [SEP] o_________ [SEP] occasional
5680,cn,-1.891481037,企业家 [SEP] 他父亲是当地著名的企业家。 [SEP] e___________ [SEP] entrepreneur
5681,cn,-0.452648151,相应地 [SEP] 不管我作出什么决定，我都希望你能相应地采取行动。 [SEP] a__________ [SEP] accordingly
5682,cn,-2.444228694,火车头 [SEP] 整列火车是由火车头驱动的。 [SEP] l_________ [SEP] locomotive
5683,cn,-1.372119745,公司 [SEP] 我的同学们大多进入了跨国公司。 [SEP] c__________ [SEP] corporation
5684,cn,3.431819849,热 [SEP] 今天很热。 [SEP] h__ [SEP] hot
5685,cn,-0.201621137,夹子 [SEP] 他把夹子从文件上取下来。 [SEP] c___ [SEP] clip
5686,cn,0.569857987,打招呼 [SEP] “你好”，他跟我打招呼 。 [SEP] g____ [SEP] greet
5687,cn,-1.139579777,不受控制的 [SEP] 抗生素在饲料中不受控制的使用终将影响人类健康。 [SEP] u___________ [SEP] uncontrolled
5688,cn,1.604623169,轻易地 [SEP] 他轻而易举地打败了对手。 [SEP] e_____ [SEP] easily
5689,cn,2.474204182,鞋 [SEP] 她买了一双红鞋子。 [SEP] s___ [SEP] shoe
5690,cn,-1.157115611,无知的 [SEP] 他是一个浅薄无知的人。 [SEP] i_______ [SEP] ignorant
5691,cn,-0.080786449,附件 [SEP] 详情请见邮件附件。 [SEP] a_________ [SEP] attachment
5692,cn,0.797594344,裸体的 [SEP] 画中是一个裸体的罗马女人。 [SEP] n____ [SEP] naked
5693,cn,0.633300293,发明者 [SEP] 他是因特网的发明者。 [SEP] i_______ [SEP] inventor
5694,cn,-1.239168894,企业 [SEP] 他在一家合资企业工作。 [SEP] v______ [SEP] venture
5695,cn,1.847445544,说话 [SEP] 他讲了半个小时，然后开始回答问题。 [SEP] t___ [SEP] talk
5696,cn,-0.456346067,观念 [SEP] 左派和右派对于社会何为平等、如何平等持有不同的观念。 [SEP] c_________ [SEP] conception
5697,cn,3.336980379,结束 [SEP] 1)队伍在这里终止。2)作者以悬念结束了这章。 [SEP] e__ [SEP] end
5698,cn,0.355842257,系统的 [SEP] 我们采用了更系统的改革方案。 [SEP] s_________ [SEP] systematic
5699,cn,-2.529242742,铬 [SEP] 镜架的表面镀有铬合金。 [SEP] c_____ [SEP] chrome
5700,cn,1.817696447,灰 [SEP] 大火燃尽后，只剩下一地灰烬。 [SEP] a__ [SEP] ash
5701,cn,0.670971601,典礼 [SEP] 1)我们在观看奥运会开幕式。2)欢迎参加我们的结婚典礼。 [SEP] c_______ [SEP] ceremony
5702,cn,-1.641093034,老手的 [SEP] 他的父亲是名老司机，已经驾驶三十多年。 [SEP] v______ [SEP] veteran
5703,cn,-3.664617257,以一定间隔排列的 [SEP] 她的两只眼睛间隔很远。 [SEP] s_____ [SEP] spaced
5704,cn,-1.287617701,痴迷的 [SEP] 他越来越痴迷于金钱和地位。 [SEP] o_______ [SEP] obsessed
5705,cn,0.316224653,严格地 [SEP] 我们必须严格遵守规定。 [SEP] s_______ [SEP] strictly
5706,cn,1.425629933,发明 [SEP] 贝尔发明了电话。 [SEP] i_____ [SEP] invent
5707,cn,-0.478723417,出价 [SEP] 拍卖会上他对这幅画的出价是6万美元。 [SEP] b__ [SEP] bid
5708,cn,1.691161791,书店 [SEP] 传统书店正在受到网络的冲击。 [SEP] b________ [SEP] bookstore
5709,cn,0.262985408,基因的 [SEP] 这种疾病是由遗传缺陷导致的。 [SEP] g______ [SEP] genetic
5710,cn,-0.784738918,有同情心的 [SEP] 她对他的童年遭遇非常同情。 [SEP] s__________ [SEP] sympathetic
5711,cn,0.460767019,氧气 [SEP] 大多生物都需要氧气。 [SEP] o_____ [SEP] oxygen
5712,cn,-4.43692926,确定无疑的 [SEP] 她相比对手有着确定无疑的优势。 [SEP] d______ [SEP] decided
5713,cn,0.975308811,交流 [SEP] 1)双方交流受阻。2)身体语言也是有效的交流方式。 [SEP] c____________ [SEP] communication
5714,cn,2.398327005,岁数 [SEP] 您有多大岁数？ [SEP] a__ [SEP] age
5715,cn,-1.317811975,意识形态 [SEP] 马克思主义意识形态影响了整个二十世纪。 [SEP] i_______ [SEP] ideology
5716,cn,-2.129522751,获取 [SEP] 1) 知识的获取需要时间。2)科学家研究儿童的语言习得过程。 [SEP] a__________ [SEP] acquisition
5717,cn,0.10374892,没有资格的 [SEP] 我感到不够格做这份工作，你们还是另请高明吧！ [SEP] u__________ [SEP] unqualified
5718,cn,2.153551519,刚刚过去的 [SEP] 病人的状况在过去24小时里有所好转。 [SEP] p___ [SEP] past
5719,cn,-0.033078176,骑马 [SEP] 他们在周末去骑马。 [SEP] r_____ [SEP] riding
5720,cn,3.009085203,善良的 [SEP] 她是一个善良的人。 [SEP] k___ [SEP] kind
5721,cn,0.771281764,顶峰 [SEP] 该国人口在1990年达到顶峰。 [SEP] p___ [SEP] peak
5722,cn,-0.102446067,野生动物 [SEP] 这个基金会旨在保护和拯救野生动物。 [SEP] w_______ [SEP] wildlife
5723,cn,1.050641749,警告 [SEP] 交通部门接到了暴雪警报。 [SEP] w______ [SEP] warning
5724,cn,0.904396031,武装 [SEP] 他们已经武装到牙齿，只静候一声令下。 [SEP] a__ [SEP] arm
5725,cn,-0.973290547,破冰船 [SEP] 他们驾着破冰船航入北极圈。 [SEP] i_________ [SEP] icebreaker
5726,cn,2.557688228,忙碌的 [SEP] 我很忙，请您找别人吧。 [SEP] b___ [SEP] busy
5727,cn,-1.528597069,良心 [SEP] 教师是一份凭良心的工作。 [SEP] c_________ [SEP] conscience
5728,cn,3.053330177,混合 [SEP] 将面粉与鸡蛋混合。 [SEP] m__ [SEP] mix
5729,cn,0.900126288,不能接受的 [SEP] 这种请假原因是不能接受的。 [SEP] u___________ [SEP] unacceptable
5730,cn,-0.549054717,对……过敏 [SEP] 我对花生过敏。 [SEP] a_______ [SEP] allergic
5731,cn,1.277456561,小包 [SEP] 1)我们买了一大袋十包装的薯片。2)比起整棵蔬菜，他喜欢买洗净切好的袋装蔬菜。 [SEP] p___ [SEP] pack
5732,cn,-1.521862595,边沿 [SEP] 水快溢到杯沿了。 [SEP] r__ [SEP] rim
5733,cn,-0.760760067,愤怒 [SEP] 有些人以暴力发泄自己的愤怒。 [SEP] a____ [SEP] anger
5734,cn,2.519548596,人 [SEP] 人类的感情表达与动物相似。 [SEP] h____ [SEP] human
5735,cn,-0.362927936,多媒体 [SEP] 教师借助多媒体设备向学生展示图片和讲义。 [SEP] m_________ [SEP] multimedia
5736,cn,-3.418861088,减少 [SEP] 1)疾病削弱了他的体力。2)随着期末的到来，来上课的学生人数也逐渐减少。 [SEP] d_______ [SEP] diminish
5737,cn,0.409629829,理论 [SEP] 我学习社会学理论。 [SEP] t_____ [SEP] theory
5738,cn,-1.692123118,观众 [SEP] 8万名现场观众观看了欧冠赛决赛。 [SEP] s________ [SEP] spectator
5739,cn,0.87894182,改进 [SEP] 我们对运算方法做出了一些改进。 [SEP] i__________ [SEP] improvement
5740,cn,-1.806806516,不足的 [SEP] 这个地区的住房供给不足。 [SEP] i_________ [SEP] inadequate
5741,cn,2.169626367,快 [SEP] 1)他虽然胖，但动作很快。2)“你已经完工了？真快！”。 [SEP] q____ [SEP] quick
5742,cn,-0.168087261,积累 [SEP] 知识的积累本身就是一种回报。 [SEP] a___________ [SEP] accumulation
5743,cn,2.661335832,晚餐 [SEP] 她邀请我们共进晚餐。 [SEP] d_____ [SEP] dinner
5744,cn,-2.550610079,抗氧化剂 [SEP] 西兰花含花青素这种抗氧化剂。 [SEP] a__________ [SEP] antioxidant
5745,cn,1.08125239,理解 [SEP] 这门课能加深你对数学的理解。 [SEP] u____________ [SEP] understanding
5746,cn,-2.125556942,不太多的 [SEP] 1)用教师这点不多的薪水永远买不起房子。2)他们住在一座简朴的房子里。 [SEP] m_____ [SEP] modest
5747,cn,-0.087178637,种植 [SEP] 国家鼓励树木的种植。 [SEP] p_______ [SEP] planting
5748,cn,-2.762536446,毛毡 [SEP] 这顶帽子是毛毡的。 [SEP] f___ [SEP] felt
5749,cn,-0.316821475,分类 [SEP] 1)图书管理员负责把新书分类。2)政府把人按收入水平归类，并据此规定征税数额。 [SEP] c_______ [SEP] classify
5750,cn,2.070254572,恶 [SEP] 他相信正义终能战胜邪恶。 [SEP] e___ [SEP] evil
5751,cn,0.064634629,父母的 [SEP] 他的正直品格得益于父母的影响。 [SEP] p_______ [SEP] parental
5752,cn,-1.582691078,声望 [SEP] 参加比赛的世界级顶尖选手为这项大赛赢得了声望。 [SEP] p_______ [SEP] prestige
5753,cn,-2.061831917,官僚体制 [SEP] 许多人都痛恨官僚体制的繁琐。 [SEP] b__________ [SEP] bureaucracy
5754,cn,0.375370316,内部 [SEP] 我们参观了房间的内部。 [SEP] i_____ [SEP] inside
5755,cn,-3.02382986,疾行 [SEP] 他驾摩托车沿街狂飙。 [SEP] z___ [SEP] zoom
5756,cn,0.220413093,正 [SEP] 我们目前正经历危机。 [SEP] c________ [SEP] currently
5757,cn,2.089973665,时刻 [SEP] 她偷看同桌的答案，就在这一刻老师进来了。 [SEP] m_____ [SEP] moment
5758,cn,0.203626572,暴露 [SEP] 这里紫外线太强，不要在阳光下暴露皮肤。 [SEP] e_____ [SEP] expose
5759,cn,1.002169995,百分比 [SEP] 满意用户的百分比较去年有所降低。 [SEP] p_________ [SEP] percentage
5760,cn,-0.977195166,纺织品 [SEP] 我母亲在一家纺织品厂工作。 [SEP] t______ [SEP] textile
5761,cn,0.236963541,密度 [SEP] 请测量这个地区的人口密度。 [SEP] d______ [SEP] density
5762,cn,-3.214248292,痴迷的 [SEP] 1)她对所谓的有机蔬菜着了迷。2)我妈妈过分执迷于房间的清洁。 [SEP] o________ [SEP] obsessive
5763,cn,-1.396866048,社论 [SEP] 这篇社论深入地讨论了教育公平问题。 [SEP] e________ [SEP] editorial
5764,cn,0.952905734,独唱部分 [SEP] 合奏渐弱之后，就出现了首席小提琴的独奏段落。 [SEP] s___ [SEP] solo
5765,cn,1.749502435,提高 [SEP] 我想提高我的口语水平。 [SEP] i______ [SEP] improve
5766,cn,1.176818883,导致 [SEP] 电器的短路导致了这场大火。 [SEP] c____ [SEP] cause
5767,cn,-2.135489302,猛地一动 [SEP] 1)火车猛地开动。2)她猛地转回头。 [SEP] j___ [SEP] jerk
5768,cn,1.170787936,猪肉 [SEP] 他们避免食用猪肉。 [SEP] p___ [SEP] pork
5769,cn,-1.003874515,模拟 [SEP] 这是对三车相撞现场的电脑模拟。 [SEP] s_________ [SEP] simulation
5770,cn,0.118670045,军事的 [SEP] 他们决定采取军事行动。 [SEP] m_______ [SEP] military
5771,cn,0.201893348,站台 [SEP] 他在站台上等着妻子下火车。 [SEP] p_______ [SEP] platform
5772,cn,3.14645848,看 [SEP] 他看着那棵树。 [SEP] l___ [SEP] look
5773,cn,2.532500193,合身 [SEP] 这件衣服不合身。 [SEP] f__ [SEP] fit
5774,cn,3.136028086,慢地 [SEP] 她说的很慢，方便孩子们听懂。 [SEP] s_____ [SEP] slowly
5775,cn,-0.22001326,炉 [SEP] 她把锅放在电炉上。 [SEP] s____ [SEP] stove
5776,cn,2.942360696,零 [SEP] 温度降到了零度以下。 [SEP] z___ [SEP] zero
5777,cn,0.354883461,十二 [SEP] 一打啤酒有十二瓶。 [SEP] t_____ [SEP] twelve
5778,cn,2.100961688,玩 [SEP] 我喜欢打乒乓球，他喜欢踢足球。 [SEP] p___ [SEP] play
5779,cn,0.954790774,武器 [SEP] 火车上不允许携带武器。 [SEP] w_____ [SEP] weapon
5780,cn,-0.864860218,基本的 [SEP] 两者之间有根本性的不同。 [SEP] f__________ [SEP] fundamental
5781,cn,-1.295346047,不常见的 [SEP] 1)“庹”是个很不常见的姓氏。2)假公济私的行为并不少见。 [SEP] u_______ [SEP] uncommon
5782,cn,2.219181793,速度 [SEP] 这台仪器可以测出行车速度。 [SEP] s____ [SEP] speed
5783,cn,0.458565392,贡献 [SEP] 他为公共安全事业做出了贡献。 [SEP] c___________ [SEP] contribution
5784,cn,2.282217848,动物 [SEP] 喜欢动物的人心地都很善良。 [SEP] a_____ [SEP] animal
5785,cn,2.031448469,重复 [SEP] 1)他重复了一遍指令。2)我没有记下你说的话，能重复一遍吗？ [SEP] r_____ [SEP] repeat
5786,cn,1.204166926,国籍 [SEP] 请填写姓名，性别，国籍等信息。 [SEP] n__________ [SEP] nationality
5787,cn,0.43694383,也许 [SEP] 她或许是病了。 [SEP] p______ [SEP] perhaps
5788,cn,-0.235310427,从法律上说 [SEP] 1)从法律上讲，他并不是我的孩子。2)他这样做从法律上说可以接受。 [SEP] l______ [SEP] legally
5789,cn,-1.583213034,政权（尤指不合法政权） [SEP] 军队推翻了土耳其的政权，建立了新政府。 [SEP] r_____ [SEP] regime
5790,cn,-0.131680098,混乱 [SEP] 经理突然携公款出逃，这让公司陷入一片混乱。 [SEP] c____ [SEP] chaos
5791,cn,1.38640289,知识 [SEP] 我对互联网的知识还很不足。 [SEP] k________ [SEP] knowledge
5792,cn,-0.218362728,比基尼泳衣 [SEP] 海滩上满是穿着比基尼的年轻女孩。 [SEP] b_____ [SEP] bikini
5793,cn,-2.205945223,领域 [SEP] 我的兴趣主要在医学领域。 [SEP] r____ [SEP] realm
5794,cn,-0.529939386,服装 [SEP] 人们流行穿着民国时的服装拍照。 [SEP] c______ [SEP] costume
5795,cn,1.048621712,附近的 [SEP] 我去了附近的一家银行。 [SEP] n_____ [SEP] nearby
5796,cn,1.457648548,网络 [SEP] 她习惯从网络而不是书中寻找问题的答案。 [SEP] w__ [SEP] web
5797,cn,-0.455712389,新成员 [SEP] 我是这个团队的新成员。 [SEP] n_______ [SEP] newcomer
5798,cn,0.024254492,里面的 [SEP] 外墙之后还有一道内墙。 [SEP] i_____ [SEP] inside
5799,cn,-1.79371871,地位显赫的 [SEP] 1)中国在全球经济发展中扮演重要角色。2)他的父亲在石油业是个地位显赫的人物。 [SEP] p________ [SEP] prominent
5800,cn,0.109568502,手肘 [SEP] 我摔下自行车，撞伤了肘部。 [SEP] e____ [SEP] elbow
5801,cn,-0.77835182,闭幕的 [SEP] 我们在闭幕式现场。 [SEP] c______ [SEP] closing
5802,cn,1.535308836,否认 [SEP] 1)他否认了杀人的指控。2)父亲很难拒绝孩子的要求。 [SEP] d___ [SEP] deny
5803,cn,-1.00743631,垄断 [SEP] 几年时间里，这家公司就实现了对制鞋行业的垄断。 [SEP] m_______ [SEP] monopoly
5804,cn,-1.746354985,神圣的 [SEP] 这尊佛像对他来说是神圣的。 [SEP] s_____ [SEP] sacred
5805,cn,-0.269066739,洗脑 [SEP] 他努力对抗着传销组织的洗脑，时刻想着逃出去。 [SEP] b___________ [SEP] brainwashing
5806,cn,2.302849704,报告 [SEP] 我正在撰写年度工作报告。 [SEP] r_____ [SEP] report
5807,cn,3.36291861,天 [SEP] 我等了他一天。 [SEP] d__ [SEP] day
5808,cn,2.429469387,赚得 [SEP] 我今天挣了10美元。 [SEP] e___ [SEP] earn
5809,cn,0.960138515,王冠 [SEP] 女王戴上了王冠。 [SEP] c____ [SEP] crown
5810,cn,1.202263856,土生土长的 [SEP] 她是一个土生土长的加拿大人。 [SEP] n_____ [SEP] native
5811,cn,-0.355211573,最终 [SEP] 所有的后果最终都要由我承担。 [SEP] u_________ [SEP] ultimately
5812,cn,1.189231155,草莓 [SEP] 她做了草莓蛋糕。 [SEP] s_________ [SEP] strawberry
5813,cn,-1.277866825,与某人交谈 [SEP] 书籍给了我们与古人交谈的机会。 [SEP] c_______ [SEP] converse
5814,cn,1.906063153,青少年 [SEP] 我们都曾是十来岁的孩子，也都知道叛逆是怎么回事。 [SEP] t___ [SEP] teen
5815,cn,-0.313992866,结合 [SEP] 技巧、速度和经验的完美结合让我们大获全胜。 [SEP] c__________ [SEP] combination
5816,cn,-4.632550726,有损名声的（尤指与性丑闻相关的） [SEP] 她为了防止媒体拿到这些有损名声的照片，几乎动用了一切手段， [SEP] c___________ [SEP] compromising
5817,cn,-2.637660618,微观的 [SEP] 这种昆虫长着许多微细的钩状足，方便他们附着在物体或皮肤表面。 [SEP] m__________ [SEP] microscopic
5818,cn,1.605018345,预计的 [SEP] 1)这笔货款应该到了。2)孩子的预产期是明天。3)交论文的约定日期是下周。 [SEP] d__ [SEP] due
5819,cn,1.187772322,鹿 [SEP] 林子中有几头鹿。 [SEP] d___ [SEP] deer
5820,cn,2.657871653,早的 [SEP] 现在还是早春时候。 [SEP] e____ [SEP] early
5821,cn,1.489313495,注意力 [SEP] 我的话成功地吸引了她的注意。 [SEP] a________ [SEP] attention
5822,cn,-1.727741242,常用于否定句：费心（去做） [SEP] 1)他反正都不会来，干嘛还要费劲求他？2)他知道不会有什么结果，所以干脆也不费劲讨好她了。 [SEP] b_____ [SEP] bother
5823,cn,1.090916734,折叠 [SEP] 请在折叠处把纸裁开。 [SEP] f___ [SEP] fold
5824,cn,0.479035844,纯粹地 [SEP] 我这样做纯粹是为了你。 [SEP] p_____ [SEP] purely
5825,cn,-0.204031408,货物 [SEP] 这艘船和船上的货物都沉了。 [SEP] c____ [SEP] cargo
5826,cn,0.55909315,诚实 [SEP] 谢谢你的诚实。 [SEP] h______ [SEP] honesty
5827,cn,-0.367849745,无效的 [SEP] 对不起，您的证件无效，我们不能让您入场。 [SEP] i______ [SEP] invalid
5828,cn,-3.491696625,很大地 [SEP] 在国外居住一段时间后，你的英语水平会有很大提高。 [SEP] c___________ [SEP] considerably
5829,cn,1.301390749,笔记本电脑 [SEP] 我需要买一台轻便的笔记本电脑。 [SEP] l_____ [SEP] laptop
5830,cn,-0.224138395,尊严 [SEP] 1)她面对死亡的态度充满尊严。2)请尊重法庭的庄严。 [SEP] d______ [SEP] dignity
5831,cn,-2.554805592,数字的 [SEP] 她熟练地敲击着数字键盘。 [SEP] n______ [SEP] numeric
5832,cn,-0.485316905,锚 [SEP] 水手把绳子盘缠在锚上。 [SEP] a_____ [SEP] anchor
5833,cn,2.176748895,不管是谁 [SEP] 1)不管是谁泄的密，都该受到惩罚。2)不管谁打来电话都不会改变我的决定。 [SEP] w______ [SEP] whoever
5834,cn,-2.424227547,恋旧的 [SEP] 这些童年相册让他有些怀旧起来。 [SEP] n________ [SEP] nostalgic
5835,cn,2.911076096,一些 [SEP] 1)你能买些苹果回来吗？2)一些孩子在画画，另一些在写字。 [SEP] s___ [SEP] some
5836,cn,0.890279903,绝对地 [SEP] 我说的绝对没错。 [SEP] a_________ [SEP] absolutely
5837,cn,3.641536583,五 [SEP] 我有五个孩子。 [SEP] f___ [SEP] five
5838,cn,0.388731682,集中（注意力，精力等） [SEP] 做瑜伽时需要全身放松，把注意力集中在动作本身上。 [SEP] c__________ [SEP] concentrate
5839,cn,-2.114503095,运输车 [SEP] 我们必须为这批军用器械找一个运输车。 [SEP] t__________ [SEP] transporter
5840,cn,-0.250262673,集思广益 [SEP] 学生们你一言我一语，就如何萃取化合物开展了讨论。 [SEP] b_________ [SEP] brainstorm
5841,cn,0.661770581,鹅 [SEP] 我的祖母养了一只鹅。 [SEP] g____ [SEP] goose
5842,cn,-0.816398012,反对 [SEP] 她对这一提案的反对应受到严肃对待。 [SEP] o________ [SEP] objection
5843,cn,2.178746059,狐狸 [SEP] 他在草丛上发现一只白狐狸。 [SEP] f__ [SEP] fox
5844,cn,-0.528148636,提神的 [SEP] 在闷热的天气里，一杯冰橙汁十分清爽。 [SEP] r_________ [SEP] refreshing
5845,cn,-0.71511792,课堂练习 [SEP] 学生们埋头完成课堂练习时，老师巡视着课堂。 [SEP] c________ [SEP] classwork
5846,cn,-0.687953408,场馆 [SEP] 比赛的场馆在鸟巢。 [SEP] v____ [SEP] venue
5847,cn,-2.237594668,天文学的 [SEP] 观测宇宙必须借助天文学望远镜。 [SEP] a___________ [SEP] astronomical
5848,cn,-0.316411415,郊区 [SEP] 她在伦敦的郊区长大。 [SEP] s_____ [SEP] suburb
5849,cn,-0.853030012,日历 [SEP] 她在日历上圈出婚礼的日期。 [SEP] c_______ [SEP] calendar
5850,cn,-1.399077858,幻灯片演示 [SEP] 他以幻灯片演示的方式播放了这一系列照片。 [SEP] s________ [SEP] slideshow
5851,cn,-0.378788196,僧侣 [SEP] 这些经书都是由中世纪的僧侣们抄写绘制而成。 [SEP] m___ [SEP] monk
5852,cn,1.020419394,进步 [SEP] 1)我随时跟进项目的进展。2)孩子的数学取得了很大进步。 [SEP] p_______ [SEP] progress
5853,cn,-1.900448588,放射线 [SEP] 即使实验残余的放射线仍会损害人的健康。 [SEP] r____________ [SEP] radioactivity
5854,cn,-0.533518997,动机 [SEP] 凶手杀人的动机还不明朗。 [SEP] m_____ [SEP] motive
5855,cn,0.740579761,捐赠 [SEP] 政府鼓励人献血。 [SEP] d_____ [SEP] donate
5856,cn,-2.853735662,全凭 [SEP] 1)我能选上全凭运气！2)工作量之大让我们震惊了。 [SEP] s____ [SEP] sheer
5857,cn,-0.201755141,进步的 [SEP] 这个政党主张推行更多的进步政策。 [SEP] p__________ [SEP] progressive
5858,cn,1.14885947,祖国 [SEP] 他在多年侨居加拿大后回到祖国。 [SEP] h_______ [SEP] homeland
5859,cn,1.179955842,美丽地 [SEP] 他把这首曲子弹得优美极了。 [SEP] b__________ [SEP] beautifully
5860,cn,-1.364795762,受到古典或传统技能 (训练)地 [SEP] 她是一位经过古典式训练的钢琴家。 [SEP] c__________ [SEP] classically
5861,cn,-0.358700521,显微镜 [SEP] 他借助显微镜观察细胞。 [SEP] m_________ [SEP] microscope
5862,cn,-1.919915253,前菜 [SEP] 我选了煎蘑菇做前菜。 [SEP] s______ [SEP] starter
5863,cn,-2.248295102,特色菜 [SEP] 这家饭店的特色菜是烤猪皮。 [SEP] s_________ [SEP] speciality
5864,cn,3.122489516,作业 [SEP] 母亲帮助他完成作业。 [SEP] h_______ [SEP] homework
5865,cn,0.627724693,雇员 [SEP] 这家公司的雇员都经常加班。 [SEP] e_______ [SEP] employee
5866,cn,2.922813736,友谊 [SEP] 他们的友谊长达半个世纪。 [SEP] f_________ [SEP] friendship
5867,cn,-3.29470472,注入 [SEP] 新资本的注入盘活了企业。 [SEP] i_______ [SEP] infusion
5868,cn,3.687685094,常与a连用 [SEP] 汤有点咸。 [SEP] b__ [SEP] bit
5869,cn,2.868050728,对付 [SEP] 他善于应付棘手的局面。 [SEP] d___ [SEP] deal
5870,cn,-1.414101052,哥特的 [SEP] 她喜欢看哥特小说。 [SEP] g_____ [SEP] gothic
5871,cn,-1.237364963,部分 [SEP] 大量外来投资刺激了制造业的持续增长。 [SEP] s_____ [SEP] sector
5872,cn,0.306574147,复杂的 [SEP] 面对当前的复杂问题，我们要有冷静的头脑。 [SEP] c______ [SEP] complex
5873,cn,-2.740908203,显著的 [SEP] 两个案件之间有显著的相似性。 [SEP] s_______ [SEP] striking
5874,cn,0.307911623,轻微的 [SEP] 1）我有一点轻微的发烧。2）她性情温和。 [SEP] m___ [SEP] mild
5875,cn,-1.146791839,赤字 [SEP] 财政赤字使总统十分焦虑。 [SEP] d______ [SEP] deficit
5876,cn,2.088260957,醒来 [SEP] 1)我今天6点就醒了。2)母亲叫醒我，让我吃早饭。 [SEP] w___ [SEP] wake
5877,cn,-0.176317886,地下室 [SEP] 他们租了一间地下室。 [SEP] b_______ [SEP] basement
5878,cn,0.731491868,赌 [SEP] 我赌巴西队出线。 [SEP] b__ [SEP] bet
5879,cn,-5.587277946,下降 [SEP] 飞机在下降中遭遇了事故。 [SEP] d______ [SEP] descent
5880,cn,-0.439536073,偏见 [SEP] 她对众生未婚的女性有偏见。 [SEP] p________ [SEP] prejudice
5881,cn,0.16281866,热 [SEP] 柏油路在40度的高温下融化了。 [SEP] h___ [SEP] heat
5882,cn,-2.667228228,罗马角斗士 [SEP] 馆中藏有一尊罗马角斗士雕像。 [SEP] g________ [SEP] gladiator
5883,cn,-2.858592716,尖厉的 [SEP] 那声尖厉的叫喊让他们担心出了什么事。 [SEP] p_______ [SEP] piercing
5884,cn,-0.878786284,分歧 [SEP] 我们之间意见的分歧越来越大。 [SEP] d___________ [SEP] disagreement
5885,cn,-1.856734762,刮 [SEP] 1)他从玻璃上刮去污渍。2)请刮掉靴子上的污泥再进来。 [SEP] s_____ [SEP] scrape
5886,cn,1.089234889,配备 [SEP] 我们为教室配备了一个新投影仪。 [SEP] e____ [SEP] equip
5887,cn,-2.19568615,红利 [SEP] 股东们很快就能收到红利。 [SEP] d_______ [SEP] dividend
5888,cn,-1.841428506,朝向…的 [SEP] 这是一件朝南的屋子。 [SEP] f_____ [SEP] facing
5889,cn,-3.169707179,拉环 [SEP] 她拉开拉环打开了可乐。 [SEP] t__ [SEP] tab
5890,cn,-0.123919452,价签 [SEP] 抱歉，取下价签的衣品不予退换。 [SEP] t__ [SEP] tag
5891,cn,0.305129739,破烂 [SEP] 请把这些破烂儿都处理掉。 [SEP] j___ [SEP] junk
5892,cn,1.362001643,投资 [SEP] 他向这家互联网公司投资五十万。 [SEP] i_____ [SEP] invest
5893,cn,-0.93010098,调控 [SEP] 1)他们负责调控高峰期间的车流量。2)政府允许多种新型融资手段的发展，只要它们受到法律的监管。 [SEP] r_______ [SEP] regulate
5894,cn,-1.513142602,负面情绪 [SEP] 我不能忍受他一贯的消极。 [SEP] n_________ [SEP] negativity
5895,cn,0.924428828,青少年 [SEP] 我们都曾是十来岁的孩子，也都知道叛逆是怎么回事。 [SEP] t_______ [SEP] teenager
5896,cn,1.703903494,角落 [SEP] 孩子害羞地躲在角落里。 [SEP] c_____ [SEP] corner
5897,cn,0.123916291,适应 [SEP] 大多学生都能很快适应大学生活。 [SEP] a____ [SEP] adapt
5898,cn,-0.84000085,轮班 [SEP] 医院采取八小时轮班制。 [SEP] s____ [SEP] shift
5899,cn,3.019322689,谈话 [SEP] 他与校长的谈话很成功，双方都同意进行教材改革。 [SEP] t___ [SEP] talk
5900,cn,-3.719078772,据称 [SEP] 第二起事件据称发生于1992年。 [SEP] a________ [SEP] allegedly
5901,cn,1.020258617,短裙 [SEP] 她穿了一条漂亮的印花短裙。 [SEP] s____ [SEP] skirt
5902,cn,0.065533742,首要的 [SEP] 1)我是教师，教好学生就是我首要的考虑。2)这门课的主要目的是教授分子力学的原理。 [SEP] p______ [SEP] primary
5903,cn,2.228359502,工厂 [SEP] 他在一家工厂工作。 [SEP] f______ [SEP] factory
5904,cn,-2.083820725,在哲学上 [SEP] 这个问题在哲学上是无效的。 [SEP] p______________ [SEP] philosophically
5905,cn,0.545485774,飞的 [SEP] 他被爆炸中飞来的玻璃击中了。 [SEP] f_____ [SEP] flying
5906,cn,-2.815445891,克制 [SEP] 这项对肉类出口的限制激发了国际社会的不满。 [SEP] r________ [SEP] restraint
5907,cn,0.249382314,可接受的 [SEP] 这是一个双方都能接受的方案。 [SEP] a_________ [SEP] acceptable
5908,cn,-1.000882363,显著地 [SEP] 互联网已经大大改变了人们的生活。 [SEP] s____________ [SEP] significantly
5909,cn,0.633221452,几乎不 [SEP] 她几乎什么也没穿。 [SEP] b_____ [SEP] barely
5910,cn,1.697538134,在…旁边 [SEP] 母亲示意我，让我坐在她旁边。 [SEP] b_____ [SEP] beside
5911,cn,0.844391052,代表 [SEP] 他们代表患者与医院沟通。 [SEP] r________ [SEP] represent
5912,cn,0.822648928,物理学 [SEP] 比起化学，他更喜欢物理。 [SEP] p______ [SEP] physics
5913,cn,-1.094018688,不忠的 [SEP] 他承认曾对妻子不忠。 [SEP] u_________ [SEP] unfaithful
5914,cn,-0.401044604,编程 [SEP] 编程是一门非常实用的技能。 [SEP] p__________ [SEP] programming
5915,cn,-2.705873861,附属国 [SEP] 罗马帝国曾有许多依靠它的附属国。 [SEP] d_________ [SEP] dependency
5916,cn,-0.758167386,长筒袜 [SEP] 她用吊袜带固定住长筒袜。 [SEP] s_______ [SEP] stocking
5917,cn,0.353216334,经改正的 [SEP] 老师发下了批改过的试卷。 [SEP] c________ [SEP] corrected
5918,cn,3.269896835,司机 [SEP] 我的父亲是一名司机。 [SEP] d_____ [SEP] driver
5919,cn,-1.272191008,穆斯林 [SEP] 她嫁给了一位穆斯林。 [SEP] m_____ [SEP] muslim
5920,cn,-0.519136345,从功能上说 [SEP] 两台电脑在功能上很相似。 [SEP] f___________ [SEP] functionally
5921,cn,-2.763895251,发出嘭的一声 [SEP] 气球砰地一声碎了。 [SEP] p__ [SEP] pop
5922,cn,0.408524154,参加 [SEP] 他参加了这次竞赛。 [SEP] p__________ [SEP] participate
5923,cn,-2.566014186,壮丽地 [SEP] 太阳壮丽地落山了。 [SEP] g_________ [SEP] gloriously
5924,cn,-1.662168457,渗透 [SEP] 1)这层膜是为了防止水向木地板内的渗透。2)公司对亚洲市场的渗透很成功。 [SEP] p__________ [SEP] penetration
5925,cn,-1.045757446,持续终生的 [SEP] 他们持续终生的友谊却在最后阶段破裂了。 [SEP] l_______ [SEP] lifelong
5926,cn,2.265070678,测试 [SEP] 您正在参加一个词汇量测试。 [SEP] t___ [SEP] test
5927,cn,-2.96560175,格子图案的（常由两种颜色构成） [SEP] 她穿着格子图案的衬衣。 [SEP] c______ [SEP] checked
5928,cn,-3.158355724,性别歧视的 [SEP] 他们指责总统的行为和言论都含有性别歧视。 [SEP] s_____ [SEP] sexist
5929,cn,-1.12855943,修女 [SEP] 故事的主人公是一位修道院的修女。 [SEP] n__ [SEP] nun
5930,cn,1.309326945,醉酒的 [SEP] 你喝醉了，需要人送你回家。 [SEP] d____ [SEP] drunk
5931,cn,0.208984658,消费 [SEP] 造纸业耗费大量水资源与电力。 [SEP] c______ [SEP] consume
5932,cn,0.104070994,在别处 [SEP] 英国的物价比欧洲别处要高。 [SEP] e________ [SEP] elsewhere
5933,cn,-1.775796729,准许 [SEP] 孩子总是期待来自大人们的准许。 [SEP] a_______ [SEP] approval
5934,cn,-0.416416387,运动员 [SEP] 孙杨是一名出色的游泳运动员。 [SEP] a______ [SEP] athlete
5935,cn,-1.510437627,侵犯 [SEP] 1)拷打犯人是对他们人权的侵犯。2)这中大规模的排放是对环境法规的违反。 [SEP] v________ [SEP] violation
5936,cn,-0.634146365,处方 [SEP] 他把医生的处方送到药房。 [SEP] p___________ [SEP] prescription
5937,cn,-0.029955821,不同的 [SEP] 1)在饭店可以遇见形形色色的人。2)我们听到了各种不同的意见。 [SEP] d______ [SEP] diverse
5938,cn,-0.917785969,程度 [SEP] 在一定程度上说你的看法是对的。 [SEP] e_____ [SEP] extent
5939,cn,1.42150102,预订好了的 [SEP] 秘书告诉经理他的机票已经预订好了。 [SEP] b_____ [SEP] booked
5940,cn,-2.448163824,滑板滑雪的 [SEP] 她热爱滑板滑雪运动。 [SEP] s___________ [SEP] snowboarding
5941,cn,-0.979497483,图像 [SEP] 电脑图像的清晰程度与文件大小有关。 [SEP] g______ [SEP] graphic
5942,cn,-1.530716592,特别的 [SEP] 1)土家族人有着特别的语言和文化。2)我们的方言与普通话不同。 [SEP] d_______ [SEP] distinct
5943,cn,1.015862069,保证 [SEP] 我向你保证不会有任何问题。 [SEP] a_____ [SEP] assure
5944,cn,1.690774875,跳舞 [SEP] 我喜欢跳舞。 [SEP] d______ [SEP] dancing
5945,cn,0.965726532,布 [SEP] 她用一块布做成了围巾。 [SEP] c____ [SEP] cloth
5946,cn,-3.724074384,科学无法解释的 [SEP] 他似乎拥有用意志操控别人的超常能力。 [SEP] p_________ [SEP] paranormal
5947,cn,-0.51806491,传感器 [SEP] 这个传感器可以探测室内的烟雾浓度并及时报警。 [SEP] s_____ [SEP] sensor
5948,cn,-1.802709741,成比例的 [SEP] 我的工资与我的付出不成比例。 [SEP] p___________ [SEP] proportional
5949,cn,-0.255820945,探戈舞 [SEP] 他带着那个漂亮女人在舞会上跳了一曲探戈。 [SEP] t____ [SEP] tango
5950,cn,0.179505549,反射 [SEP] 镜子能反射光线。 [SEP] r______ [SEP] reflect
5951,cn,-1.304908118,调控者 [SEP] 他们是利率的调控者。 [SEP] r________ [SEP] regulator
5952,cn,1.19077626,陌生人 [SEP] 不能接受陌生人的食物。 [SEP] s_______ [SEP] stranger
5953,cn,-1.461258538,管理的 [SEP] 他担任公司的常务董事。 [SEP] m_______ [SEP] managing
5954,cn,1.029886388,违法的 [SEP] 酒后驾车是违法的。 [SEP] i______ [SEP] illegal
5955,cn,2.833300006,国际的 [SEP] 1)我的专业是国际关系。2)公司将开展国际合作。 [SEP] i____________ [SEP] international
5956,cn,2.77042072,国家 [SEP] 我们的国家还有大量贫困人口。 [SEP] c______ [SEP] country
5957,cn,-2.846732917,困难的 [SEP] 很难既完成工作又不得罪她。 [SEP] t_____ [SEP] tricky
5958,cn,-0.105718722,有效地 [SEP] 这种疗法能有效地治愈病人。 [SEP] e__________ [SEP] effectively
5959,cn,1.233802524,取代 [SEP] 珍妮离开乐队后，我们需要一个人接替她。 [SEP] r______ [SEP] replace
5960,cn,-1.239513733,接受 [SEP] 这些原则受到了广泛接受。 [SEP] a_________ [SEP] acceptance
5961,cn,-0.116629369,辐射 [SEP] 辐射导致附近居民疾病频发， [SEP] r________ [SEP] radiation
5962,cn,0.791630392,积极的 [SEP] 他对未来抱着积极态度。 [SEP] p_______ [SEP] positive
5963,cn,-2.552194439,经验主义的 [SEP] 我们采用的是实证方法，数据来自大量的实验和观测。 [SEP] e________ [SEP] empirical
5964,cn,1.774115238,狩猎者 [SEP] 远古时期的男性大多担任狩猎者。 [SEP] h_____ [SEP] hunter
5965,cn,-1.634852282,杂技的 [SEP] 她表演了许多高难度杂技动作。 [SEP] a________ [SEP] acrobatic
5966,cn,1.358280123,悬挂 [SEP] 我把画挂在墙上。 [SEP] h___ [SEP] hang
5967,cn,-0.861983342,哲学 [SEP] 他喜欢研究印度哲学。 [SEP] p_________ [SEP] philosophy
5968,cn,-0.702221968,守卫者 [SEP] 他们自认为是信仰的守卫者。 [SEP] g_______ [SEP] guardian
5969,cn,0.228772884,图画 [SEP] 1)这是一幅猫的素描。2)我不擅长画画。 [SEP] d______ [SEP] drawing
5970,cn,0.098639456,灵感 [SEP] 草原的美景给了作家许多灵感。 [SEP] i__________ [SEP] inspiration
5971,cn,-0.186784572,扩大 [SEP] 1)宇宙一直在扩张。2)公司扩大了业务范围。 [SEP] e_____ [SEP] expand
5972,cn,-2.845257535,批准 [SEP] 这项活动是由议会批准的。 [SEP] e______ [SEP] endorse
5973,cn,-1.411487065,一眼 [SEP] 我们在人群中只看见女王一眼。 [SEP] g______ [SEP] glimpse
5974,cn,-1.778373263,制造 [SEP] 两家公司形成了牢固的合作关系。 [SEP] f____ [SEP] forge
5975,cn,0.47192744,武装的 [SEP] 美国扬言打击当地的武装力量。 [SEP] a____ [SEP] armed
5976,cn,2.819323857,对 [SEP] 他们是一对恩爱的夫妻。 [SEP] c_____ [SEP] couple
5977,cn,-0.902957547,根据地区地 [SEP] 中国美食在地区上差异也很大。 [SEP] r_________ [SEP] regionally
5978,cn,-0.716732369,有差别的对待（或歧视） [SEP] 我们不应歧视其他肤色的人。 [SEP] d___________ [SEP] discriminate
5979,cn,-1.147076156,代替品 [SEP] 如果你没有黄油，也可以用普通油当替代品。 [SEP] s_________ [SEP] substitute
5980,cn,1.976599297,保佑 [SEP] 愿上帝保佑你。 [SEP] b____ [SEP] bless
5981,cn,-0.006038995,净的 [SEP] 这一季度的净利润是20万元。 [SEP] n__ [SEP] net
5982,cn,2.354762647,卧室 [SEP] 他们的新家有两间卧室。 [SEP] b______ [SEP] bedroom
5983,cn,2.192681406,同性恋的 [SEP] 他们支持同性恋婚姻。 [SEP] g__ [SEP] gay
5984,cn,0.999281508,援助 [SEP] 联合国向难民提供了经济援助。 [SEP] a__ [SEP] aid
5985,cn,-2.515946707,复制的 [SEP] 实验的结果被另一个团队复制出来。 [SEP] r_________ [SEP] replicated
5986,cn,2.642484587,帮助 [SEP] 我需要一些帮助。 [SEP] h___ [SEP] help
5987,cn,-0.915080985,飞机跑道 [SEP] 当飞机在跑道上滑行时，请不要打开手机。 [SEP] r_____ [SEP] runway
5988,cn,1.112161286,加拿大的 [SEP] 我有一位加拿大朋友。 [SEP] c_______ [SEP] canadian
5989,cn,-1.96600064,模拟装置 [SEP] 宇航员在模拟装置中练习适应失重状态。 [SEP] s________ [SEP] simulator
5990,cn,0.376618866,橡胶的 [SEP] 他给儿子一个橡皮球。 [SEP] r_____ [SEP] rubber
5991,cn,-0.731648603,暴怒的 [SEP] 她的出走让父亲大发雷霆。 [SEP] f______ [SEP] furious
5992,cn,0.216083468,吞下 [SEP] 她迅速吞下两片药片。 [SEP] s______ [SEP] swallow
5993,cn,0.805329506,主页 [SEP] 这个按钮能将你带回主页。 [SEP] h_______ [SEP] homepage
5994,cn,-0.543903732,户 [SEP] 我们希望这项便利能惠及各家各户。 [SEP] h________ [SEP] household
5995,cn,-0.704679223,保护或保藏（尤指资源，使其免遭破坏、变化或浪费） [SEP] 政府号召民众保护自然资源。 [SEP] c_______ [SEP] conserve
5996,cn,-1.095134175,不必要地 [SEP] 实验流程显得不必要地繁琐。 [SEP] u____________ [SEP] unnecessarily
5997,cn,1.558085402,信任 [SEP] 婚姻中最重要的就是信任。 [SEP] t____ [SEP] trust
5998,cn,1.79207826,麻烦 [SEP] 公司最近碰上许多麻烦。 [SEP] t______ [SEP] trouble
5999,cn,-0.478346863,雕刻（木，石等） [SEP] 她把树根雕成了一尊佛像。 [SEP] c____ [SEP] carve
6000,cn,2.462686985,互联网 [SEP] 电脑已连上互联网。 [SEP] i_______ [SEP] internet
6001,cn,1.273914767,未上锁的 [SEP] “进来吧——门没上锁！” [SEP] u_______ [SEP] unlocked
6002,cn,0.676483306,清空 [SEP] 我需要清空这个箱子。 [SEP] e____ [SEP] empty
6003,cn,1.513046459,天堂 [SEP] 你相信死后会进天堂吗? [SEP] h_____ [SEP] heaven
6004,cn,-3.2139981,击碎 [SEP] 飞来的足球击碎了窗玻璃。 [SEP] s______ [SEP] shatter
6005,cn,-0.840238385,巡逻 [SEP] 警车开始对这一地区的巡逻。 [SEP] p_____ [SEP] patrol
6006,cn,1.026214887,保险 [SEP] 他们状告了保险公司。 [SEP] i________ [SEP] insurance
6007,cn,0.77719507,定期的 [SEP] 他安排对牙医的定期拜访。 [SEP] r______ [SEP] regular
6008,cn,-3.410418892,意见 [SEP] 财务顾问的职责是利用专业知识提供劝告/意见。 [SEP] c______ [SEP] counsel
6009,cn,-1.328223313,侦查 [SEP] 如今，案件的侦查要依赖大量科技手段。 [SEP] d________ [SEP] detection
6010,cn,0.972513855,金属丝 [SEP] 我来向你家借一段铜丝。 [SEP] w___ [SEP] wire
6011,cn,0.661970846,治疗 [SEP] 医生将观察治疗的效果。 [SEP] t________ [SEP] treatment
6012,cn,0.201269541,相反的 [SEP] 相反，我们认为猫往往比狗更活泼。 [SEP] c_______ [SEP] contrary
6013,cn,0.092712146,俘获 [SEP] 我们俘获对方的首领。 [SEP] c______ [SEP] capture
6014,cn,0.998019554,手提箱 [SEP] 他把笔记本电脑装进手提箱。 [SEP] s_______ [SEP] suitcase
6015,cn,0.192618431,马达 [SEP] 她听见窗外的马达声。 [SEP] m____ [SEP] motor
6016,cn,1.199421739,停顿 [SEP] 台下的手机铃声导致了主讲人的停顿。 [SEP] p____ [SEP] pause
6017,cn,-0.809957901,阳光（不以ine结尾） [SEP] 强烈的阳光能够加速皮肤老化。 [SEP] s_______ [SEP] sunlight
6018,cn,0.668825879,嚼 [SEP] 他正嚼着嘴里的肉。 [SEP] c___ [SEP] chew
6019,cn,-1.266433032,为…调音 [SEP] 这台钢琴很久没弹，需要调音了。 [SEP] t___ [SEP] tune
6020,cn,-1.823850188,发展的 [SEP] 我们经历了三个发展阶段。 [SEP] d____________ [SEP] developmental
6021,cn,-1.120689719,玛芬蛋糕（一种常装在小纸杯里的蛋糕） [SEP] 他喜欢吃焦糖味的玛芬蛋糕， [SEP] m_____ [SEP] muffin
6022,cn,-0.162866634,无时间性的 [SEP] 好的诗有超越时间的力量。 [SEP] t_______ [SEP] timeless
6023,cn,1.111810257,毕业 [SEP] 毕业之后，他去了海军工作。 [SEP] g_________ [SEP] graduation
6024,cn,1.145676927,误解 [SEP] 他误解了我的话，以为我在批评他。 [SEP] m____________ [SEP] misunderstand
6025,cn,-1.319336146,家族 [SEP] 这两个家族已经敌对上百年。 [SEP] c___ [SEP] clan
6026,cn,0.992947417,渔民 [SEP] 我的祖父是渔民。 [SEP] f________ [SEP] fisherman
6027,cn,-2.172263467,派系 [SEP] 政党内的不同派系争执不休。 [SEP] f______ [SEP] faction
6028,cn,-1.348212363,种族主义 [SEP] 总统的这番言论被指含有种族主义。 [SEP] r_____ [SEP] racism
6029,cn,-2.135001124,关闭 [SEP] 这家商场的关闭让当地居民吃了一惊。 [SEP] c______ [SEP] closure
6030,cn,-0.005121264,防水的 [SEP] 见下了雨，他就又披上防水的外套。 [SEP] w_________ [SEP] waterproof
6031,cn,-1.051638355,污垢 [SEP] 洗衣粉能洗去衣服上的污垢。 [SEP] d___ [SEP] dirt
6032,cn,2.197774075,尝 [SEP] 他邀请我品尝他做的披萨。 [SEP] t____ [SEP] taste
6033,cn,2.062794032,绝妙的 [SEP] 1)山顶上的景色好极了。2)我有一个绝好的消息。 [SEP] w________ [SEP] wonderful
6034,cn,-1.626114503,跟踪 [SEP] 我跟踪他直到拐角，然后他就消失了。 [SEP] t____ [SEP] track
6035,cn,0.036843045,冰冻的 [SEP] 我买了些冷冻鸡腿。 [SEP] f_____ [SEP] frozen
6036,cn,-1.642842166,受到（法律或规定）监管的 [SEP] 投资都有风险，尽量选择规模大、受到较好监管的公司。 [SEP] r________ [SEP] regulated
6037,cn,2.144121633,踢 [SEP] 她在桌子下踢了我一脚。 [SEP] k___ [SEP] kick
6038,cn,-2.720955378,未解决的 [SEP] 边境的纠纷仍然没有解决。 [SEP] u_________ [SEP] unresolved
6039,cn,1.522067189,黑暗 [SEP] 我害怕黑暗。 [SEP] d_______ [SEP] darkness
6040,cn,-0.92677695,排水 [SEP] 我们要先排出洞中的水才能建地铁。 [SEP] d____ [SEP] drain
6041,cn,-1.447832337,匿名的 [SEP] 这位目击者提供了线索，但希望保持匿名。 [SEP] a________ [SEP] anonymous
6042,cn,-0.161506489,好地 [SEP] “你最近怎么样？”“我都还可以。 [SEP] o___ [SEP] okay
6043,cn,-1.11851071,磨 [SEP] 她每天早上都要磨咖啡豆。 [SEP] g____ [SEP] grind
6044,cn,-0.598701566,笑的 [SEP] 1)如果这个项目成功，我做梦都会笑着。2)她的眼角有了笑纹。 [SEP] l_______ [SEP] laughing
6045,cn,0.42650509,传统上 [SEP] 抚养孩子传统上被认为是女性的责任。 [SEP] t____________ [SEP] traditionally
6046,cn,-0.169478082,冒险者 [SEP] 商人有时也需要是冒险者。 [SEP] a_________ [SEP] adventurer
6047,cn,-1.200001248,高档的 [SEP] 1)我们去了一家高档餐厅。2)这个华丽的皮包不适合我。 [SEP] f____ [SEP] fancy
6048,cn,-1.131106887,人们 [SEP] 他不想和那些人走得太近。 [SEP] f___ [SEP] folk
6049,cn,-1.250238937,首次亮相 [SEP] 这位钢琴家的首次演出在2000年。 [SEP] d____ [SEP] debut
6050,cn,0.326375465,布置 [SEP] 老师给孩子们布置了作业。 [SEP] a_____ [SEP] assign
6051,cn,-2.166779282,提议 [SEP] 我们正在考虑对方公司关于合作的提议。 [SEP] p__________ [SEP] proposition
6052,cn,1.543657924,意见 [SEP] 他询问了我的意见。 [SEP] o______ [SEP] opinion
6053,cn,-0.959899077,非凡的 [SEP] 她有非同一般的记忆力。 [SEP] e____________ [SEP] extraordinary
6054,cn,1.994141142,南方的 [SEP] 南方的省份最近也将迎来降雪。 [SEP] s_______ [SEP] southern
6055,cn,0.878302328,法官 [SEP] 法官宣判他无罪。 [SEP] j____ [SEP] judge
6056,cn,-1.010245693,失败的 [SEP] 1)失败的球队将无缘决赛。2)你在打一场打不赢的仗。 [SEP] l_____ [SEP] losing
6057,cn,-0.177692159,宁静 [SEP] 他最爱乡村的宁静。 [SEP] c___ [SEP] calm
6058,cn,4.834752954,车 [SEP] 我们没有车，只能步行。 [SEP] c__ [SEP] car
6059,cn,1.231129326,管理 [SEP] 酒店因管理不善已经停业。 [SEP] m_________ [SEP] management
6060,cn,-0.013823296,简化 [SEP] 我们决定简化操作流程。 [SEP] s_______ [SEP] simplify
6061,cn,1.243909758,登（船，飞机） [SEP] 听到广播的旅客请尽快登机。 [SEP] b____ [SEP] board
6062,cn,-0.969231268,准确性 [SEP] 我对报告的准确性有所怀疑。 [SEP] a_______ [SEP] accuracy
6063,cn,1.347467805,好奇的 [SEP] 我很好奇你为什么要这样做。 [SEP] c______ [SEP] curious
6064,cn,-1.8812935,解剖学 [SEP] 许多人物画家都具有解剖学知识。 [SEP] a______ [SEP] anatomy
6065,cn,-2.993506294,拍案的浪花 [SEP] 他在起风的海边听着惊涛。 [SEP] s___ [SEP] surf
6066,cn,-0.287943492,开裂 [SEP] 湖面结冰了，但我一踩上去冰就裂了。 [SEP] c____ [SEP] crack
6067,cn,1.435815461,设备 [SEP] 他们花大笔钱购置了潜水设备。 [SEP] e________ [SEP] equipment
6068,cn,-1.397626713,从数学上说 [SEP] 这个统计结果从数学上说似乎是不合理的。 [SEP] m_____________ [SEP] mathematically
6069,cn,-1.182141267,精神创伤 [SEP] 她一直没有从地震的精神创伤中恢复过来。 [SEP] t_____ [SEP] trauma
6070,cn,1.134629432,避免 [SEP] 飞行员们不得不采取紧急措施以避免灾难的发生。 [SEP] a____ [SEP] avoid
6071,cn,2.18252362,可爱的 [SEP] 她有一个可爱的女儿。 [SEP] l_____ [SEP] lovely
6072,cn,0.130291194,完成 [SEP] 我完成了指定的目标。 [SEP] a______ [SEP] achieve
6073,cn,0.288339222,包括在内的 [SEP] 商品价格为80英镑（增值税包含在内）。 [SEP] i_______ [SEP] included
6074,cn,0.341797538,时代 [SEP] 1)这标志着一个时代的结束。2)德国在战后时期很萧条。 [SEP] e__ [SEP] era
6075,cn,0.664014366,预报 [SEP] 天气预报说明天有雾。 [SEP] f_______ [SEP] forecast
6076,cn,-1.602772422,犯罪者的地下世界 [SEP] 器官交易在黑市上十分普遍。 [SEP] u_________ [SEP] underworld
6077,cn,2.033856026,无论什么 [SEP] 1)我无论做什么都行，只要能救回他的命。2)他无论说什么我都赞同。 [SEP] w_______ [SEP] whatever
6078,cn,-0.71373673,生命 [SEP] 1)地球上除了人还有其他生灵。2)人是社会动物。 [SEP] b____ [SEP] being
6079,cn,1.854944645,老年人 [SEP] 老师是年长我十岁的人。 [SEP] e____ [SEP] elder
6080,cn,0.437948703,马上 [SEP] 我马上就赶到。 [SEP] i__________ [SEP] immediately
6081,cn,0.801328433,困的 [SEP] 该回家了——我困了。 [SEP] s_____ [SEP] sleepy
6082,cn,0.879139785,宇宙飞船 [SEP] 俄国将一艘宇宙飞船送往太空。 [SEP] s________ [SEP] spaceship
6083,cn,0.807787635,即将到来的 [SEP] 接下来几个月我将很忙。 [SEP] c_____ [SEP] coming
6084,cn,0.829444059,邀请 [SEP] 我收到了两位朋友的婚礼邀请。 [SEP] i_________ [SEP] invitation
6085,cn,2.946071959,响地 [SEP] 不要把音乐放得太大声。 [SEP] l___ [SEP] loud
6086,cn,-0.232414387,多文化的 [SEP] 云南是一个多民族、多文化的社群。 [SEP] m____________ [SEP] multicultural
6087,cn,1.236893892,等待 [SEP] 1)请您到等候室稍作休息。2)您的名字在等待名单上，如果前面的人退出，您将自动被录取。 [SEP] w______ [SEP] waiting
6088,cn,3.734373425,球 [SEP] 小狗欢快地追逐着球。 [SEP] b___ [SEP] ball
6089,cn,-2.2551663,维护 [SEP] 空调需要定期维护。 [SEP] m__________ [SEP] maintenance
6090,cn,0.666438035,经过设计的 [SEP] 1)这个项目就是为你设计的。2)这条裤子专为超重人士设计。 [SEP] d_______ [SEP] designed
6091,cn,-1.595319161,阴谋 [SEP] 这份情报的流出泄露了他们的阴谋。 [SEP] c_________ [SEP] conspiracy
